Frame_ID,Time,FPS,Pure_Lat_ms,E2E_Lat_ms,Power_mW,Temp_C
0,1774584374.7388647,4.215645156264759,123.22832000018025,237.21161599996776,0,0.0
1,1774584374.7590406,49.766138960577,11.787679999997636,20.093983999686316,0,0.0
2,1774584374.775936,59.232161642156534,12.194496000120125,16.88272000001234,0,0.0
3,1774584374.794574,53.69000678627062,14.782975999878545,18.62544000005073,0,0.0
4,1774584374.8089736,69.50174477149078,10.855871999865485,14.388128000064171,0,0.0
5,1774584374.8233347,69.68602265638957,10.839328000201931,14.35007999998561,0,0.0
6,1774584374.8376913,69.70358689068502,10.888448000059725,14.346464000027481,0,0.0
7,1774584374.8520565,69.6560440285295,10.870752000300854,14.356255999700807,0,0.0
8,1774584374.866465,69.45432239322315,10.82419199974538,14.39795199985383,0,0.0
9,1774584374.8807962,69.82397654961164,10.83513599996877,14.321727999686118,0,0.0
10,1774584374.8951037,69.94118226460283,10.814751999987493,14.297727999746712,0,0.0
11,1774584374.9094143,69.92960047178082,10.799328000302921,14.300096000170015,0,0.0
12,1774584374.9237225,69.94368694021821,10.839839999789547,14.297215999704349,0,0.0
13,1774584374.9380403,69.89487810518443,10.847296000065398,14.307199999620934,0,0.0
14,1774584374.9523177,70.08879408986313,10.812384000018938,14.267616000324779,0,0.0
15,1774584374.9667838,69.17849157764549,10.897343999658915,14.455359999828943,0,0.0
16,1774584374.9814541,68.22354618312133,10.95398400002523,14.657696000085707,0,0.0
17,1774584374.9957786,69.87034300338446,10.816384000008838,14.312223999695561,0,0.0
18,1774584375.0111432,65.12587529216952,10.82105599971328,15.35487999990437,0,0.0
19,1774584375.025529,69.56734675776946,10.84889599997041,14.374559999851044,0,0.0
20,1774584375.039881,69.72147108815702,10.87065599995185,14.34278400029143,10765,0.0
21,1774584375.0552154,65.24594065875232,10.799839999890537,15.326623999953881,10765,0.0
22,1774584375.0695186,69.96357416505757,10.827936000168847,14.293151999936526,10765,0.0
23,1774584375.0839124,69.52602164322298,10.843967999790038,14.383103999989544,10765,0.0
24,1774584375.099302,65.02397043613848,10.796863999985362,15.378944000076444,10765,0.0
25,1774584375.117302,55.586585221650445,10.855135999918275,17.989952000334597,10765,0.0
26,1774584375.1316614,69.69472594776764,10.839135999958671,14.348288000292087,10765,0.0
27,1774584375.145991,69.84395184776858,10.882463999678293,14.317632000256708,10765,0.0
28,1774584375.1603534,69.67266111670364,10.832671999651211,14.352831999985938,10765,0.0
29,1774584375.1746936,69.78733287456204,10.788255999614194,14.329247999739891,10765,0.0
30,1774584375.1889658,70.1204051516701,10.814559999744233,14.261183999678906,10765,0.0
31,1774584375.2032485,70.06600778504139,10.803839999880438,14.272255999912886,10765,0.0
32,1774584375.217634,69.56486896256347,10.903679999955784,14.375071999893407,10765,0.0
33,1774584375.2320027,69.64797129467563,10.887391999858664,14.357919999838487,10765,0.0
34,1774584375.2463856,69.58531605094517,10.896991999743477,14.37084799999866,10765,0.0
35,1774584375.2607043,69.89222060330536,10.85056000010809,14.30774400023438,10765,0.0
36,1774584375.2756162,67.10703195836727,10.82364800004143,14.901567999913823,10765,0.0
37,1774584375.2902758,68.26482821223492,10.924704000444763,14.648832000148104,10765,0.0
38,1774584375.304576,69.98284580618538,10.811423999712133,14.289215999724547,10765,0.0
39,1774584375.3188446,70.12843040174923,10.807712000314496,14.259552000112308,10765,0.0
40,1774584375.3347101,63.064808424979,10.807168000155798,15.85670399981609,10765,0.0
41,1774584375.348923,70.4042895912463,10.778687999845715,14.203680000264285,10765,0.0
42,1774584375.363153,70.31810786741947,10.801471999911882,14.221088000340387,10765,0.0
43,1774584375.3773854,70.3056100503084,10.800896000091598,14.22361599998112,10765,0.0
44,1774584375.3916342,70.22961150100566,10.809440000230097,14.239008000004105,10765,0.0
45,1774584375.4059176,70.06113815217937,10.838431999673048,14.273247999881278,10765,0.0
46,1774584375.4205773,68.26005661865537,10.80281600025046,14.649855999778083,10765,0.0
47,1774584375.4359484,65.10253910359162,10.842720000255213,15.360383999905025,10765,0.0
48,1774584375.451512,64.29035788623725,10.798303999763448,15.554432000044471,10765,0.0
49,1774584375.4658856,69.62298873147137,10.837503999937326,14.363071999923704,10765,0.0
50,1774584375.4801853,69.97783102406584,10.810208000293642,14.290239999809273,10765,0.0
51,1774584375.4945157,69.83193408922745,10.808384000029037,14.320095999664773,10765,0.0
52,1774584375.5088608,69.7555542170991,10.819295999681344,14.335775999825273,10765,0.0
53,1774584375.5232153,69.72224887081543,10.856608000267443,14.342624000164506,10765,0.0
54,1774584375.5376987,69.09772740404041,10.86777600039568,14.472255999862682,10765,0.0
55,1774584375.5520222,69.87003056429654,10.813888000029692,14.31228799992823,12821,0.0
56,1774584375.5663466,69.85347535019584,10.860192000109237,14.315679999981512,12821,0.0
57,1774584375.5806618,69.90035006048063,10.821536000094056,14.3060800000967,12821,0.0
58,1774584375.5951886,68.88691963984766,10.79347199993208,14.516544000343856,12821,0.0
59,1774584375.6095474,69.69503682099324,10.834048000106122,14.348224000059417,12821,0.0
60,1774584375.6238444,69.99021256784879,10.783071999867389,14.28771200016854,12821,0.0
61,1774584375.6381972,69.72100442777557,10.86905600004684,14.342880000185687,12821,0.0
62,1774584375.6525536,69.71260560237272,10.832639999989624,14.344607999646541,12821,0.0
63,1774584375.6669786,69.38169255769006,10.857504000341578,14.413024000077712,12821,0.0
64,1774584375.6812859,69.94994941193633,10.837119999905553,14.295936000053189,12821,0.0
65,1774584375.6955245,70.28568601260183,10.809183999754168,14.227647999632609,12821,0.0
66,1774584375.709797,70.11065143417379,10.818239999935031,14.263168000070436,12821,0.0
67,1774584375.72415,69.71913784871724,10.825087999819516,14.343263999762712,12821,0.0
68,1774584375.7384107,70.16874179080253,10.818751999977394,14.251359999889246,12821,0.0
69,1774584375.752669,70.18213668108896,10.789567999836436,14.248640000005253,12821,0.0
70,1774584375.7669737,69.95652621774478,10.788800000227639,14.294591999714612,12821,0.0
71,1774584375.7812693,70.0005600033963,10.834847999831254,14.285600000221166,12821,0.0
72,1774584375.795571,69.97046686622659,10.828064000179438,14.291743999820028,12821,0.0
73,1774584375.8098986,69.84363964688043,10.863584000162518,14.31769600003463,12821,0.0
74,1774584375.8242126,69.90941976216816,10.808607999933884,14.304224000170507,12821,0.0
75,1774584375.8396206,64.93978782959698,10.785056000258919,15.39887999979328,12821,0.0
76,1774584375.8556218,62.533643099362216,11.036928000066837,15.991392000159976,12821,0.0
77,1774584375.869953,69.82912533742854,10.83366400007435,14.320671999939805,12821,0.0
78,1774584375.884131,70.58222999119826,10.754752000138978,14.167872000143689,12821,0.0
79,1774584375.8983796,70.2351359975746,10.746912000286102,14.237888000025123,12821,0.0
80,1774584375.9126308,70.20862633725905,10.791296000206785,14.243264000015188,12821,0.0
81,1774584375.926901,70.12780090600012,10.79334399992149,14.259679999668151,12821,0.0
82,1774584375.9411085,70.43316962781643,10.776608000014676,14.197856000009779,12821,0.0
83,1774584375.9553807,70.11269634397665,10.767583999950148,14.26275199992233,12821,0.0
84,1774584375.9695919,70.41523582923375,10.802367999986018,14.201471999967907,12821,0.0
85,1774584375.983885,70.00918520417144,10.809568000240688,14.28384000018923,12821,0.0
86,1774584375.998097,70.42047219013998,10.756608000065171,14.200415999766847,12821,0.0
87,1774584376.012315,70.37987113169075,10.77644799988775,14.208607999989908,12821,0.0
88,1774584376.0265741,70.18229429904984,10.763040000256296,14.248607999888918,12821,0.0
89,1774584376.0408115,70.28094385650782,10.790368000016315,14.228607999939413,12821,0.0
90,1774584376.0550888,70.0895800917841,10.788351999963197,14.267455999743106,12821,0.0
91,1774584376.0695677,69.11713640687616,10.81791999968118,14.468191999640112,13563,0.0
92,1774584376.0838308,70.16511817009057,10.795680000228458,14.252095999836456,13563,0.0
93,1774584376.0989952,65.98074840047695,10.768736000045465,15.155936000155634,13563,0.0
94,1774584376.1131167,70.8562151685729,10.75334400002248,14.113087999703566,13563,0.0
95,1774584376.127408,70.01624376876806,10.796767999636359,14.282399999956397,13563,0.0
96,1774584376.1416302,70.36386562231857,10.798048000197014,14.211839999916265,13563,0.0
97,1774584376.155821,70.51581472281333,10.745760000190785,14.181215999997221,13563,0.0
98,1774584376.1700578,70.29248421468893,10.817312000199308,14.226272000087192,13563,0.0
99,1774584376.184244,70.53555104794343,10.741888000211475,14.177247999668907,13563,0.0
100,1774584376.198471,70.33171814030018,10.745888000201376,14.21833600034006,13563,0.0
101,1774584376.2126565,70.53937225571933,10.745984000095632,14.17648000006011,13563,0.0
102,1774584376.2269053,70.21982738310301,10.757312000350794,14.240991999940888,13563,0.0
103,1774584376.2422926,65.0258646887332,10.798367999996117,15.378495999812003,13563,0.0
104,1774584376.2565596,70.14180990447146,10.780448000332399,14.256832000228314,13563,0.0
105,1774584376.270927,69.64610861960888,10.801983999954246,14.358304000325006,13563,0.0
106,1774584376.2851977,70.11773047497378,10.777120000057039,14.261727999837603,13563,0.0
107,1774584376.300535,65.2406283144646,10.77142400026787,15.327871999943454,13563,0.0
108,1774584376.3147964,70.1698447057901,10.769888000140782,14.251135999984399,13563,0.0
109,1774584376.3301241,65.28356045186082,10.803615999975591,15.317791999677866,13563,0.0
110,1774584376.345742,64.06274664175567,11.010688000169466,15.609695999955875,13563,0.0
111,1774584376.3636136,55.9882326172153,11.427712000113388,17.860896000001958,13563,0.0
112,1774584376.3815565,55.766128457035705,11.684864000017114,17.932031999862375,13563,0.0
113,1774584376.4029486,46.77359484640037,17.762496000159445,21.379583999987517,13563,0.0
114,1774584376.426105,43.20995336087155,19.62963200003287,23.142816000017774,13563,0.0
115,1774584376.446235,49.7031331265243,15.444768000179465,20.11945599997489,13563,0.0
116,1774584376.4669743,48.24682613085219,17.159968000214576,20.726751999973203,13563,0.0
117,1774584376.4888797,45.6765834793518,18.218847999833088,21.893055999953503,13563,0.0
118,1774584376.5106742,45.9083537041247,17.71145600014279,21.782528000130696,13563,0.0
119,1774584376.5297563,52.43895685977408,15.54016000000047,19.06979199975467,13563,0.0
120,1774584376.5520332,44.911621115508254,18.628992000230937,22.265951999997924,13563,0.0
121,1774584376.5716124,51.103926580297696,14.934943999833195,19.567968000046676,13282,0.0
122,1774584376.59368,45.335913732572095,17.49593599970467,22.057568000036554,13282,0.0
123,1774584376.6091704,64.60763010857588,10.862015999919095,15.47804800020458,13282,0.0
124,1774584376.628697,51.2430329967112,14.857856000162428,19.51484800019898,13282,0.0
125,1774584376.6473134,53.75308327635102,13.874047999706818,18.603584000175033,13282,0.0
126,1774584376.6675103,49.54647141975336,15.387232000193762,20.183071999781532,13282,0.0
127,1774584376.6889036,46.77212471135359,16.640063999602717,21.380256000156805,13282,0.0
128,1774584376.7066324,56.44502886307101,12.998912000057317,17.716352000206825,13282,0.0
129,1774584376.7263083,50.85675320792819,15.015200000107143,19.663071999730164,13282,0.0
130,1774584376.7464259,49.73881155325906,15.411104000122577,20.10502399980396,13282,0.0
131,1774584376.7700906,42.27794944454317,18.923392000033346,23.652992000279482,13282,0.0
132,1774584376.792027,45.60958487250555,17.165792000014335,21.925215999999637,13282,0.0
133,1774584376.8127875,48.19912640055496,15.995360000033543,20.74726399996507,13282,0.0
134,1774584376.8339713,47.23226485113541,16.477152000334172,21.17196800008969,13282,0.0
135,1774584376.8578877,41.83439469942312,17.63721599991186,23.903776000224752,13282,0.0
136,1774584376.8780787,49.55534975812783,15.8164479998959,20.179455999823404,13282,0.0
137,1774584376.8964996,54.32033527341479,14.341248000164342,18.40931200013074,13282,0.0
138,1774584376.9132202,59.850307199573344,12.882111999715562,16.708352000023297,13282,0.0
139,1774584376.9297836,60.4133237973783,12.362687999939226,16.55263999964518,13282,0.0
140,1774584376.9464648,59.98633271369659,12.033343999974022,16.67046400007166,13282,0.0
141,1774584376.9631581,59.94352840186963,13.126943999850482,16.68236799969236,13282,0.0
142,1774584376.9873555,41.34538545831238,17.308863999915047,24.18649599985656,13282,0.0
143,1774584377.0080297,48.39364084303727,17.065631999685138,20.66387200011377,13282,0.0
144,1774584377.0278134,50.576982213148845,16.22844800021994,19.771839999975782,13282,0.0
145,1774584377.0463111,54.09260307468444,14.417343999866716,18.486815999949613,13282,0.0
146,1774584377.063514,58.16464036700232,13.031328000124631,17.192575999615656,13282,0.0
147,1774584377.083836,49.23275671965087,16.6568639997422,20.31167999984973,13442,0.0
148,1774584377.1040423,49.51593224632115,15.565023999897676,20.195520000015676,13442,0.0
149,1774584377.1240816,49.93057652609204,16.564608000408043,20.027808000122604,13442,0.0
150,1774584377.1449316,47.98619226117355,17.38262400021995,20.839327999965462,13442,0.0
151,1774584377.163048,55.23055442662514,13.611360000140849,18.10591999992539,13442,0.0
152,1774584377.182903,50.39330970350673,16.263936000086687,19.84390400002667,13442,0.0
153,1774584377.2020447,52.27159820674088,13.899648000005982,19.130847999804246,13442,0.0
154,1774584377.2240613,45.44529114102203,16.698815999916405,22.004479999850446,13442,0.0
155,1774584377.2453997,46.89220944123197,17.524095999760902,21.325503999833018,13442,0.0
156,1774584377.2633996,55.59479312580261,13.733759999922768,17.987295999773778,13442,0.0
157,1774584377.2835176,49.73429947829664,16.426591999788798,20.106848000068567,13442,0.0
158,1774584377.3016493,55.18861260265232,14.2275520001931,18.11967999992703,13442,0.0
159,1774584377.326679,39.97211545180772,17.11443199974383,25.017440000283386,13442,0.0
160,1774584377.3446968,55.536993857830325,14.109823999660875,18.006016000072123,13442,0.0
161,1774584377.3663478,46.212839330739065,17.02060800016625,21.63900800042029,13442,0.0
162,1774584377.3847632,54.33591943320366,15.20764799988683,18.40403200003493,13442,0.0
163,1774584377.4048066,49.92004805099821,15.573312000014994,20.032032000017352,13442,0.0
164,1774584377.4260027,47.205937222297514,17.598592000013014,21.183776000270882,13442,0.0
165,1774584377.4405098,68.98805016669397,10.887423999974999,14.495263999833696,13442,0.0
166,1774584377.4550438,68.85550039833166,10.871488000248064,14.523167999868747,13442,0.0
167,1774584377.4706213,64.24132536533848,10.849856000277214,15.566304000003583,13442,0.0
168,1774584377.486311,63.785533644627264,10.927903999800037,15.677536000112013,13442,0.0
169,1774584377.5007532,69.29399947227957,10.88348799976302,14.43126399999528,13442,0.0
170,1774584377.5151925,69.30906074596454,10.86310400023649,14.42812799996318,13442,0.0
171,1774584377.5295298,69.80370082343323,10.83187199992608,14.325888000257692,13442,0.0
172,1774584377.5439303,69.494325926353,10.848928000086744,14.38966400019126,13442,0.0
173,1774584377.5585139,68.62174595849262,10.82345599979817,14.572639999641979,13442,0.0
174,1774584377.5728993,69.56734675776946,10.854304000076809,14.374559999851044,13442,0.0
175,1774584377.5872843,69.56688215827347,10.828544000105467,14.3746559997453,13442,0.0
176,1774584377.601579,70.00808733378777,10.836960000233375,14.284064000094077,13242,0.0
177,1774584377.6159801,69.48644514134277,10.824800000136747,14.391295999757858,13242,0.0
178,1774584377.6303656,69.56858572156511,10.878240000238293,14.374303999829863,13242,0.0
179,1774584377.6448429,69.12585107611662,10.83254399964062,14.466368000285001,13242,0.0
180,1774584377.6592953,69.25008254576079,10.89036799976384,14.4404160000704,13242,0.0
181,1774584377.673784,69.06901596924718,10.932735999631404,14.478272000360448,13242,0.0
182,1774584377.6881444,69.6881982748924,10.821471999861387,14.349632000175916,13242,0.0
183,1774584377.7025049,69.68648884860316,10.823743999935687,14.349984000091354,13242,0.0
184,1774584377.7168405,69.80042662034279,10.828288000084285,14.326559999972233,13242,0.0
185,1774584377.7314107,68.6784507899166,10.809343999881094,14.560608000010689,13242,0.0
186,1774584377.7468982,64.61604628306617,10.859456000162027,15.476032000151463,13242,0.0
187,1774584377.7612922,69.52911545646204,10.845408000022871,14.38246399993659,13242,0.0
188,1774584377.7756593,69.65728615368602,10.833216000264656,14.355999999679625,13242,0.0
189,1774584377.7907133,66.4738040020356,11.53766400011591,15.0435200002903,13242,0.0
190,1774584377.8061626,64.77731115020187,11.867520000123477,15.437504000146873,13242,0.0
191,1774584377.8206887,68.89466501607318,10.803391999615997,14.51491200032251,13242,0.0
192,1774584377.8350585,69.64067639555033,10.804128000017954,14.359423999849241,13242,0.0
193,1774584377.8494809,69.38631413348539,10.838495999905717,14.412063999770908,13242,0.0
194,1774584377.8638062,69.8605025497377,10.826943999745708,14.314239999748679,13242,0.0
195,1774584377.878193,69.55836559094388,10.891807999996672,14.376415999777237,13242,0.0
196,1774584377.892527,69.81617680112791,10.814816000220162,14.323327999591129,13242,0.0
197,1774584377.9080226,64.57772368220255,10.823007999988477,15.485215999888169,13242,0.0
198,1774584377.9232125,65.87712493070669,10.82198399990375,15.179776000422862,13242,0.0
199,1774584377.9375432,69.8286572326172,10.833887999979197,14.320768000288808,13242,0.0
200,1774584377.951999,69.22630466704828,10.81577600007222,14.445375999912358,13242,0.0
201,1774584377.966726,67.94763357623768,10.996031999638944,14.717215999553446,13242,0.0
202,1774584377.9810562,69.83864479448333,10.818239999935031,14.318720000119356,13242,0.0
203,1774584377.9953933,69.80167390021995,10.796288000165077,14.326303999951051,13242,0.0
204,1774584378.009773,69.59182446545513,10.881088000132877,14.369503999660083,13242,0.0
205,1774584378.0240858,69.92193355982131,10.830048000116221,14.301663999958691,13242,0.0
206,1774584378.0383976,69.92850509602337,10.84943999967436,14.300320000074862,13242,0.0
207,1774584378.052712,69.91426832661801,10.805184000219015,14.303232000202115,13242,0.0
208,1774584378.0670676,69.71400526497774,10.824127999967459,14.344319999963773,13242,0.0
209,1774584378.0824502,65.05591686205734,10.819007999998576,15.371391999906336,13242,0.0
210,1774584378.097825,65.08667462339663,10.81664000003002,15.364127999873745,13242,0.0
211,1774584378.1121254,69.97986819095101,10.795231999964017,14.289824000115914,13643,0.0
212,1774584378.1264207,70.00369619433478,10.81724799996664,14.284960000168212,13643,0.0
213,1774584378.140716,70.00934204847428,10.769728000013856,14.283807999618148,13643,0.0
214,1774584378.155042,69.85004034629867,10.80454400016606,14.316383999812388,13643,0.0
215,1774584378.1693516,69.93632996436892,10.794047999752365,14.298720000169851,13643,0.0
216,1774584378.1842027,67.38442762174034,10.792320000291511,14.840223999726732,13643,0.0
217,1774584378.198969,67.77183554279024,10.796767999636359,14.755392000097345,13643,0.0
218,1774584378.2132425,70.11033684222126,10.791072000301938,14.263232000303105,13643,0.0
219,1774584378.2276263,69.57214798776226,10.804384000039136,14.373567999882653,13643,0.0
220,1774584378.2424526,67.49285115552453,10.832288000074186,14.816384000368998,13643,0.0
221,1774584378.2572644,67.54974903908787,10.823680000157765,14.80390400001852,13643,0.0
222,1774584378.2715812,69.89737946320427,10.799648000102025,14.306688000033319,13643,0.0
223,1774584378.2859492,69.64967882956826,10.848224000255868,14.357568000377796,13643,0.0
224,1774584378.300278,69.83880087336136,10.8088960000714,14.318688000003021,13643,0.0
225,1774584378.3146727,69.52230943075058,10.821216000294953,14.383872000053088,13643,0.0
226,1774584378.3289855,69.91989976230958,10.803871999996773,14.302080000106798,13643,0.0
227,1774584378.3436785,68.10504522158367,10.915519999798562,14.683200000035868,13643,0.0
228,1774584378.3583598,69.00998823009847,10.875552000015887,14.490655999907176,13643,0.0
229,1774584378.3730197,68.26303878567434,10.838591999799974,14.649216000179877,13643,0.0
230,1774584378.387946,67.04354075786938,10.86230400005661,14.9156799998309,13643,0.0
231,1774584378.4023163,69.640055623585,10.87452799993116,14.359551999859832,13643,0.0
232,1774584378.4166176,69.9714068841365,10.788127999603603,14.291552000031515,13643,0.0
233,1774584378.4309645,69.74963785913462,10.771072000352433,14.33699200015326,13643,0.0
234,1774584378.4452906,69.85800382812063,10.774175999813451,14.314751999791042,13643,0.0
235,1774584378.4596736,69.57090889708196,10.841056000117533,14.373823999903834,13643,0.0
236,1774584378.4740639,69.54412435592069,10.902080000050773,14.379360000020824,13643,0.0
237,1774584378.4883974,69.81555289422174,10.82278400008363,14.323456000056467,13643,0.0
238,1774584378.5027277,69.83240223353836,10.81123199992362,14.320000000225264,13643,0.0
239,1774584378.5179322,65.81510693582935,10.85222400024577,15.194080000128452,13643,0.0
240,1774584378.533695,63.480906975149,10.829503999957524,15.752767999856587,13643,0.0
241,1774584378.5479288,70.3022885940861,10.767168000256788,14.224287999695662,13643,0.0
242,1774584378.56225,69.87331130298936,10.828383999978541,14.311615999758942,13643,0.0
243,1774584378.5766058,69.70514167540624,10.865023999940604,14.34614399977363,13643,0.0
244,1774584378.590907,69.97266028212395,10.791199999857781,14.291296000010334,13643,0.0
245,1774584378.6053026,69.51333988807798,10.788672000217048,14.38572799997928,13643,0.0
246,1774584378.619768,69.18568996484943,10.789376000047923,14.453855999818188,13763,0.0
247,1774584378.6340823,69.90206999735472,10.836960000233375,14.305727999726514,13763,0.0
248,1774584378.648347,70.14999753027408,10.778368000046612,14.255168000090634,13763,0.0
249,1774584378.6626832,69.79699683161715,10.784415999751218,14.327263999803108,13763,0.0
250,1774584378.6770198,69.79668504814735,10.801535999689804,14.327328000035777,13763,0.0
251,1774584378.6921692,66.04963973891245,10.787359999994806,15.140127999984543,13763,0.0
252,1774584378.706574,69.46621052378522,10.78112000004694,14.395487999991019,13763,0.0
253,1774584378.7208579,70.05454166287892,10.795552000217867,14.274592000219855,13763,0.0
254,1774584378.7351491,70.02267614474577,10.803199999827484,14.281087999734154,13763,0.0
255,1774584378.7495265,69.60329463168378,10.850143999959982,14.367135999691527,13763,0.0
256,1774584378.7639842,69.22231771943481,10.913311999956932,14.446207999753824,13763,0.0
257,1774584378.7803116,61.28977215911692,10.820223999871814,16.3159359999554,13763,0.0
258,1774584378.7957928,64.6421102485954,10.837759999958507,15.469792000203597,13763,0.0
259,1774584378.8111582,65.13239070358264,10.813952000262361,15.35334399977728,13763,0.0
260,1774584378.8263314,65.95206287492105,10.853119999865157,15.162528000018938,13763,0.0
261,1774584378.8409414,68.9959706345972,10.87107199964521,14.493600000150764,13763,0.0
262,1774584378.8552673,69.85737917342583,10.833503999947425,14.31488000025638,13763,0.0
263,1774584378.8698297,68.72149432390921,10.841088000233867,14.551488000051904,13763,0.0
264,1774584378.8841212,70.02487283520134,10.803711999869847,14.28063999992446,13763,0.0
265,1774584378.8990273,67.13716391065311,10.834495999915816,14.894880000156263,13763,0.0
266,1774584378.9145412,64.50480947918338,10.914336000041658,15.502719999858527,13763,0.0
267,1774584378.9289703,69.35936362448435,10.872351999751118,14.417664000120567,13763,0.0
268,1774584378.9440162,66.51412760124758,10.856416000024183,15.034399999876769,13763,0.0
269,1774584378.959905,62.986634740134186,10.84575999993831,15.876383999966492,13763,0.0
270,1774584378.9750123,66.24467922815172,11.2426239998058,15.0955519998206,13763,0.0
271,1774584378.9939358,52.879701640298016,12.656607999815606,18.910847999904945,13763,0.0
272,1774584379.008286,69.74496776106024,10.750144000212458,14.337952000005316,13763,0.0
273,1774584379.0227973,68.96627824811846,10.881663999953162,14.49984000009863,13763,0.0
274,1774584379.037183,69.56316558129328,10.845311999673868,14.375423999808845,13763,0.0
275,1774584379.0515316,69.7412321319614,10.819999999966967,14.33872000006886,13763,0.0
276,1774584379.0670567,64.45598120457953,10.806528000102844,15.514464000261796,13763,0.0
277,1774584379.0824866,64.85568831048428,10.819712000284198,15.418848000081198,13763,0.0
278,1774584379.0974844,66.72702348515762,10.797120000006544,14.986431999659544,13763,0.0
279,1774584379.1117468,70.16527570938008,10.779264000120747,14.252064000174869,13763,0.0
280,1774584379.1260662,69.88221771522312,10.86678399997254,14.309791999949084,13844,0.0
281,1774584379.140291,70.34881757680638,10.771327999918867,14.214880000054109,13844,0.0
282,1774584379.1546102,69.88487445424447,10.797152000122878,14.309247999790387,13844,0.0
283,1774584379.1689203,69.93194782174133,10.777504000088811,14.299616000243986,13844,0.0
284,1774584379.183215,70.00510757249806,10.783008000089467,14.284672000030696,13844,0.0
285,1774584379.1975281,69.91505041677362,10.814079999818205,14.30307200007519,13844,0.0
286,1774584379.2118375,69.93523437778174,10.789183999804663,14.298944000074698,13844,0.0
287,1774584379.2264552,68.45878999798481,10.764063999886275,14.60732800023834,13844,0.0
288,1774584379.2408185,69.67141844316039,10.755647999758366,14.35308800000712,13844,0.0
289,1774584379.2553058,69.07267993232139,10.766367999622162,14.477503999842156,13844,0.0
290,1774584379.2702842,66.80590799427792,10.81651200001943,14.968735999900673,13844,0.0
291,1774584379.2846088,69.85550528524222,10.780256000089139,14.315263999833405,13844,0.0
292,1774584379.2989154,69.9450958974187,10.78319999987798,14.29692800002158,13844,0.0
293,1774584379.3131716,70.19380228016313,10.774176000268199,14.246272000036697,13844,0.0
294,1774584379.3285177,65.20373821009589,10.76630399984424,15.336543999637797,13844,0.0
295,1774584379.3438997,65.05293747759008,10.799136000059661,15.37209600019196,13844,0.0
296,1774584379.3582642,69.66427393154922,10.861503999876732,14.35455999990154,13844,0.0
297,1774584379.372639,69.61430334425648,10.805408000123862,14.364864000071975,13844,0.0
298,1774584379.3870187,69.5966290726422,10.79628799971033,14.368512000146438,13844,0.0
299,1774584379.401971,66.92379681724394,10.818335999829287,14.942367999992712,13844,0.0
300,1774584379.416391,69.40095318002842,10.834240000349382,14.409024000087811,13844,0.0
301,1774584379.4308038,69.43672925265103,10.83199999993667,14.401599999928294,13844,0.0
302,1774584379.4463127,64.52665312173522,10.867264000353316,15.497471999879053,13844,0.0
303,1774584379.4607954,69.09589404609613,10.83280000011655,14.472639999894454,13844,0.0
304,1774584379.4752154,69.39925781656156,10.786047999772563,14.409376000003249,13844,0.0
305,1774584379.490033,67.53266960430595,10.831296000105795,14.807647999987239,13844,0.0
306,1774584379.5047226,68.12152444049289,10.819743999945786,14.67964799985566,13844,0.0
307,1774584379.5190246,69.96874356194438,10.776703999908932,14.292096000190213,13844,0.0
308,1774584379.5344024,65.07393440175295,10.802912000144715,15.367135999895254,13844,0.0
309,1774584379.548697,70.00165763770286,10.77871999996205,14.285376000316319,13844,0.0
310,1774584379.5630233,69.85144553534083,10.790272000122059,14.316095999674872,13844,0.0
311,1774584379.57735,69.85082099792558,10.789760000079696,14.31622400014021,13844,0.0
312,1774584379.5927362,65.03750322665675,10.790591999921162,15.375743999811675,13844,0.0
313,1774584379.6080534,65.33146572547422,10.757824000393157,15.306559999771707,13844,0.0
314,1774584379.6223395,70.04998767142015,10.835904000032315,14.275519999955577,13844,0.0
315,1774584379.636629,70.03067903905205,10.785823999867716,14.279456000167556,13884,0.0
316,1774584379.65096,69.82085643843723,10.792352000407845,14.32236800019382,13884,0.0
317,1774584379.6652718,69.92772270704822,10.791487999995297,14.30047999974704,13884,0.0
318,1774584379.6812606,62.586745229095435,10.777664000215736,15.97782399994685,13884,0.0
319,1774584379.696631,65.10484484128149,10.780575999888242,15.359840000201075,13884,0.0
320,1774584379.7119915,65.14528963034637,10.793920000196522,15.350304000094184,13884,0.0
321,1774584379.7262619,70.12323738300036,10.827999999946769,14.260607999858621,13884,0.0
322,1774584379.7407138,69.2462462982805,10.884576000080415,14.441216000250279,13884,0.0
323,1774584379.7552583,68.8142587541899,10.86732799967649,14.531872000134172,13884,0.0
324,1774584379.771837,60.36337787549786,10.831648000021232,16.566336000323645,13884,0.0
325,1774584379.78998,55.15169805488296,13.366848000259779,18.131807999907323,13884,0.0
326,1774584379.8123238,44.78187287040106,14.725951999935205,22.33046400033345,13884,0.0
327,1774584379.8302653,55.77339403855111,13.760000000274886,17.929696000010154,13884,0.0
328,1774584379.8464837,61.70718607407325,10.95104000023639,16.20556799980477,13884,0.0
329,1774584379.8629334,60.83565806735119,10.863200000130746,16.4377279998007,13884,0.0
330,1774584379.8773463,69.44228401644308,10.868223999750626,14.400448000287724,13884,0.0
331,1774584379.8920023,68.2851149384939,10.816288000114582,14.644479999788018,13884,0.0
332,1774584379.906359,69.71105048466913,10.86959999975079,14.344927999900392,13884,0.0
333,1774584379.9207184,69.69084028189108,10.821535999639309,14.349088000017218,13884,0.0
334,1774584379.9350812,69.67499124853026,10.818591999850469,14.35235200005991,13884,0.0
335,1774584379.94942,69.79341150095532,10.827487999904406,14.328000000205066,13884,0.0
336,1774584379.9647622,65.2274193097374,10.815008000008675,15.330976000313967,13884,0.0
337,1774584379.9791627,69.49169880013423,10.808063999775186,14.39020799989521,13884,0.0
338,1774584379.9934373,70.10703381057267,10.773056000289216,14.263904000017646,13884,0.0
339,1774584380.0078259,69.5470650021743,10.844160000033298,14.378752000084205,13884,0.0
340,1774584380.0222023,69.6124424717748,10.904736000156845,14.365248000103747,13884,0.0
341,1774584380.036478,70.10263025023596,10.791231999974116,14.264800000091782,13884,0.0
342,1774584380.0514941,66.63709756537962,10.807615999965492,15.006655999968643,13884,0.0
343,1774584380.0669434,64.77153783305077,10.77737600007822,15.43887999969229,13884,0.0
344,1774584380.0812368,70.01640064024106,10.79980800022895,14.28236800029481,13884,0.0
345,1774584380.0974216,61.824627767203076,10.79260799997428,16.1747839997588,13884,0.0
346,1774584380.1117058,70.05956744819461,10.782175999793253,14.273567999680381,13884,0.0
347,1774584380.126087,69.58082285632898,10.89756800001851,14.37177600018913,13884,0.0
348,1774584380.1403716,70.05674035536727,10.787455999889062,14.274143999955413,13884,0.0
349,1774584380.1555493,65.9284091306144,10.937728000044444,15.167968000241672,13804,0.0
350,1774584380.1698666,69.89159534098863,10.824160000083793,14.307871999790223,13804,0.0
351,1774584380.184183,69.89440911840373,10.825408000073367,14.307295999969938,13804,0.0
352,1774584380.1984882,69.95308106946393,10.800288000154978,14.295296000000235,13804,0.0
353,1774584380.2127767,70.03884073937395,10.76691199978086,14.277792000029876,13804,0.0
354,1774584380.2270782,69.96905688449135,10.788575999868044,14.292031999957544,13804,0.0
355,1774584380.2446418,56.96816345600445,10.770207999939885,17.553663999933633,13804,0.0
356,1774584380.2589235,70.06852140909143,10.75260800007527,14.271743999870523,13804,0.0
357,1774584380.2731464,70.3519850516045,10.760736000065663,14.214240000001155,13804,0.0
358,1774584380.2876124,69.17405076591288,10.786047999772563,14.456288000019413,13804,0.0
359,1774584380.3021405,68.87750604000571,10.854784000002837,14.518527999825892,13804,0.0
360,1774584380.3164406,69.97532390250575,10.784607999994478,14.290751999851636,13804,0.0
361,1774584380.3308,69.68913072377752,10.81571199983955,14.349440000387403,13804,0.0
362,1774584380.3450594,70.17740848936207,10.784703999888734,14.24959999985731,13804,0.0
363,1774584380.3593445,70.0471613516641,10.770591999971657,14.27609600023061,13804,0.0
364,1774584380.3735774,70.30355387213098,10.818080000262853,14.224032000129228,13804,0.0
365,1774584380.3878229,70.23639886181375,10.752959999990708,14.237632000003941,13804,0.0
366,1774584380.4021492,69.84457626235492,10.8302079997884,14.31750399979137,13804,0.0
367,1774584380.4164674,69.88846918388009,10.790431999794237,14.308512000297924,13804,0.0
368,1774584380.4308636,69.50854677116376,10.800191999805975,14.386719999947672,13804,0.0
369,1774584380.4451947,69.82631681156549,10.797695999826828,14.321248000214837,13804,0.0
370,1774584380.4595428,69.74372250910767,10.797184000239213,14.33820799957175,13804,0.0
371,1774584380.4738545,69.91943044190802,10.826527999597602,14.302176000001054,13804,0.0
372,1774584380.48817,69.89878655757447,10.796576000302593,14.306399999895802,13804,0.0
373,1774584380.5023987,70.32032313557333,10.74633600001107,14.220640000075946,13804,0.0
374,1774584380.5166953,69.99162340235921,10.784896000131994,14.287424000031024,13804,0.0
375,1774584380.5310955,69.48505459908165,10.7790400002159,14.391583999895374,13804,0.0
376,1774584380.5453963,69.97720422683345,10.790496000026906,14.290367999819864,13804,0.0
377,1774584380.5596838,70.04103844416568,10.82124799995654,14.277344000220182,13804,0.0
378,1774584380.5740566,69.62717710273894,10.875680000026478,14.362207999965904,13804,0.0
379,1774584380.5883434,70.04920255947323,10.77539199968669,14.275680000082502,13804,0.0
380,1774584380.6028433,69.00709282577277,10.886239999763347,14.491263999843795,13804,0.0
381,1774584380.617301,69.21725802221948,10.83641599961993,14.447263999954885,13804,0.0
382,1774584380.6316903,69.5487675972215,10.812672000156454,14.37839999971402,13804,0.0
383,1774584380.6461482,69.21955779210117,10.86544000008871,14.446784000028856,13804,0.0
384,1774584380.660917,67.75758180231317,11.07724799976495,14.75849600001311,13763,0.0
385,1774584380.675219,69.96514056769051,10.804927999743086,14.292832000137423,13763,0.0
386,1774584380.6895964,69.72396005419091,10.845503999917128,14.34227199979432,13763,0.0
387,1774584380.7039204,69.86003402415423,10.79929599973184,14.314336000097683,13763,0.0
388,1774584380.718285,69.6616339384099,10.856063999653998,14.355104000060237,13763,0.0
389,1774584380.7352734,58.89758793217404,11.054655999942042,16.97862399987571,13763,0.0
390,1774584380.7507339,64.72632673333472,10.79615999969974,15.449664000243502,13763,0.0
391,1774584380.7652426,68.96962688072564,10.76809599999251,14.499135999813006,13763,0.0
392,1774584380.779671,69.35951756846801,10.824640000009822,14.417632000004232,13763,0.0
393,1774584380.794112,69.29538237596296,10.903359999701934,14.430976000312512,13763,0.0
394,1774584380.8085942,69.10231122349137,10.864320000109728,14.471296000010625,13763,0.0
395,1774584380.8239877,65.00814422011706,10.82259199984037,15.382688000045164,13763,0.0
396,1774584380.8383205,69.81461705698679,10.870015999898897,14.323648000299727,13763,0.0
397,1774584380.8533344,66.65059942756254,10.78393599982519,15.003616000285547,13763,0.0
398,1774584380.8686347,65.40078648409462,10.812543999691115,15.290335999907256,13763,0.0
399,1774584380.8838794,65.6337489788929,10.753823999948509,15.236063999964244,13763,0.0
400,1774584380.8982139,69.80650753025208,10.861535999993066,14.32531199998266,13763,0.0
401,1774584380.9124804,70.14259709368977,10.801760000049399,14.25667200010139,13763,0.0
402,1774584380.9271603,68.16699496018022,10.806272000081663,14.669855999727588,13763,0.0
403,1774584380.9414215,70.17094765544954,10.787840000375581,14.250912000079552,13763,0.0
404,1774584380.9566936,65.51884636603081,10.760991999632097,15.262783999787644,13763,0.0
405,1774584380.971962,65.53396022169228,10.756703999959427,15.259264000178518,13763,0.0
406,1774584380.9872758,65.34061802746123,10.752031999800238,15.304416000162746,13763,0.0
407,1774584381.0015252,70.22582377891227,10.81123199992362,14.239775999612903,13763,0.0
408,1774584381.015894,69.64424604858208,10.816288000114582,14.358687999902031,13763,0.0
409,1774584381.0302317,69.79419088952321,10.861631999887322,14.32784000007814,13763,0.0
410,1774584381.0446086,69.60531004990196,10.825280000062776,14.366719999998168,13763,0.0
411,1774584381.0588946,70.04669032128831,10.79347199993208,14.276192000124865,13763,0.0
412,1774584381.0731773,70.05925331450969,10.815679999723216,14.27363199991305,13763,0.0
413,1774584381.0876791,69.00160746173732,10.79760000038732,14.492415999939112,13763,0.0
414,1774584381.1019838,69.9569960362763,10.82419199974538,14.294495999820356,13763,0.0
415,1774584381.1162457,70.16385786780937,10.78319999987798,14.252351999857638,13763,0.0
416,1774584381.1304803,70.30133966263047,10.785183999814763,14.224479999938922,13763,0.0
417,1774584381.144767,70.04449226180556,10.811743999965984,14.27663999993456,13763,0.0
418,1774584381.1590867,69.87690484534534,10.765951999928802,14.310879999811732,13763,0.0
419,1774584381.1740205,67.00429685263536,11.063871999795083,14.924415999757912,13844,0.0
420,1774584381.1893294,65.361254265367,10.776736000025267,15.299584000331379,13844,0.0
421,1774584381.20375,69.3913985751929,10.87980800002697,14.411008000024594,13844,0.0
422,1774584381.2180943,69.75788989686913,10.86217600004602,14.335295999899245,13844,0.0
423,1774584381.2323477,70.20263288009339,10.829183999703673,14.244479999888426,13844,0.0
424,1774584381.246587,70.27952133423376,10.763936000330432,14.22889600007693,13844,0.0
425,1774584381.2608798,70.01640064247037,10.765728000023955,14.282367999840062,13844,0.0
426,1774584381.2751849,70.21099245721483,10.803327999838075,14.24278400008916,13844,0.0
427,1774584381.2893834,70.47494474823003,10.769056000299315,14.18943999988187,13844,0.0
428,1774584381.3036406,70.18733842747133,10.78031999986706,14.24758400025894,13844,0.0
429,1774584381.3178322,70.51088236771204,10.78412800006845,14.182207999965613,13844,0.0
430,1774584381.3320339,70.4587371069864,10.770784000214917,14.192704000379308,13844,0.0
431,1774584381.346303,70.12528302482961,10.825183999713772,14.260192000165262,13844,0.0
432,1774584381.360582,70.07920632144032,10.756799999853683,14.269568000145227,13844,0.0
433,1774584381.3748305,70.22976933228077,10.751007999715512,14.23897599988777,13844,0.0
434,1774584381.3893332,68.99581830017289,10.780575999888242,14.493632000267098,13844,0.0
435,1774584381.4068155,57.237157812863124,10.823904000062612,17.471168000156467,13844,0.0
436,1774584381.4223368,64.47300283300638,10.87107199964521,15.510367999922892,13844,0.0
437,1774584381.4366786,69.77829481884777,10.813599999892176,14.331104000120831,13844,0.0
438,1774584381.4519875,65.36316822045538,10.770112000045629,15.299136000066937,13844,0.0
439,1774584381.4672997,65.3441703596178,10.767264000151044,15.303583999866532,13844,0.0
440,1774584381.4815319,70.31525987540402,10.832544000095368,14.221663999705925,13844,0.0
441,1774584381.4992113,56.59724674691598,10.868224000205373,17.66870400024345,13844,0.0
442,1774584381.5134199,70.43031230575099,10.758015999726922,14.198431999830063,13844,0.0
443,1774584381.5276644,70.24950375800947,10.780639999666164,14.23497599989787,13844,0.0
444,1774584381.5429688,65.3812195858645,10.80115200011278,15.294911999717442,13844,0.0
445,1774584381.5572526,70.05611214374937,10.802207999859093,14.274271999966004,13844,0.0
446,1774584381.5715566,69.96294762319775,10.814400000072055,14.293279999947117,13844,0.0
447,1774584381.586621,66.42067989305261,10.769312000320497,15.05555199992159,13844,0.0
448,1774584381.6008725,70.20862633725905,10.801311999784957,14.243264000015188,13844,0.0
449,1774584381.6151624,70.01953825076806,10.77097600000343,14.281728000241856,13844,0.0
450,1774584381.6296606,69.02248697446959,10.789791999741283,14.488031999917439,13844,0.0
451,1774584381.643889,70.33266789203934,10.77264000014111,14.2181440000968,13844,0.0
452,1774584381.6581686,70.07197793554091,10.819615999935195,14.271040000039648,13844,0.0
453,1774584381.6726754,68.97647736561666,10.791808000249148,14.49769600003492,13844,0.0
454,1774584381.687167,69.053143300388,10.907743999723607,14.481599999726313,13763,0.0
455,1774584381.7014322,70.14606093258799,10.795392000090942,14.255968000270514,13763,0.0
456,1774584381.7167292,65.4154351112517,10.767071999907785,15.286912000192387,13763,0.0
457,1774584381.7321084,65.06065735236997,10.77311999961239,15.370271999927354,13763,0.0
458,1774584381.7463737,70.14984005958398,10.794368000006216,14.255199999752222,13763,0.0
459,1774584381.761149,67.72028596378988,10.762720000002446,14.766624000003503,13763,0.0
460,1774584381.7754514,69.9587187596999,10.786175999783154,14.294143999904918,13763,0.0
461,1774584381.7897344,70.05501280108577,10.776480000004085,14.274495999870851,13763,0.0
462,1774584381.8039558,70.36164761221289,10.747327999979461,14.212287999725959,13763,0.0
463,1774584381.8192918,65.244850876475,10.7696320001196,15.326879999975063,13763,0.0
464,1774584381.8336976,69.46435756016841,10.888640000302985,14.395872000022791,13763,0.0
465,1774584381.8514297,56.4300457051828,11.345952000283432,17.721055999572854,13763,0.0
466,1774584381.8685799,58.345780432473035,11.716991999946913,17.139200000201527,13763,0.0
467,1774584381.894473,38.63801312807178,16.940447999786556,25.881248000132473,13763,0.0
468,1774584381.9185581,41.54016302349958,16.894431999844528,24.073088000022835,13763,0.0
469,1774584381.9400487,46.55985959077701,17.527936000078626,21.47772799980885,13763,0.0
470,1774584381.959776,50.724096623528396,15.59584000005998,19.71449600023334,13763,0.0
471,1774584381.9901638,32.920241365975,17.412288000286935,30.37644799996997,13763,0.0
472,1774584382.0117648,46.31955900780929,16.975519999959943,21.58915200016054,13763,0.0
473,1774584382.0297558,55.614383214455785,13.364800000090327,17.980959999931656,13763,0.0
474,1774584382.0509636,47.17443975668828,16.608320000159438,21.197919999849546,13763,0.0
475,1774584382.0717342,48.16643854990199,17.27318400025979,20.76134400022056,13763,0.0
476,1774584382.0911233,51.600694834223674,15.556543999991845,19.37958400003481,13763,0.0
477,1774584382.1118407,48.296187768773834,16.757503999997425,20.705568000266794,13763,0.0
478,1774584382.1295767,56.41588526959509,13.174912000067707,17.725503999827197,13763,0.0
479,1774584382.1469843,57.48067269917223,12.817024000014499,17.397151999830385,13763,0.0
480,1774584382.1708765,41.87340964754923,17.889951999677578,23.881504000200948,13763,0.0
481,1774584382.1900234,52.261283002257336,14.942239999982121,19.1346239998893,13282,0.0
482,1774584382.2082918,54.77343952685055,14.691584000047442,18.25702399992224,13282,0.0
483,1774584382.228819,48.7470829740253,16.88499200008664,20.51404800022283,13282,0.0
484,1774584382.2511604,44.786365454034765,17.473983999934717,22.328223999920738,13282,0.0
485,1774584382.2722073,47.53849477061932,17.43203199976051,21.035584000401286,13282,0.0
486,1774584382.2910361,53.14345672320805,15.221216000099957,18.816991999756283,13282,0.0
487,1774584382.3123178,47.014185495843776,16.152288000284898,21.270176000143692,13282,0.0
488,1774584382.330702,54.43046573385119,13.522815999749582,18.37206399977731,13282,0.0
489,1774584382.3515375,48.021587432192355,16.43987199986441,20.823968000058812,13282,0.0
490,1774584382.3731256,46.347450149181626,17.39011199970264,21.576159999767697,13282,0.0
491,1774584382.3914573,54.586297005057375,14.766624000003503,18.319616000098904,13282,0.0
492,1774584382.4122496,48.12015718725625,16.00934399994003,20.78131200005373,13282,0.0
493,1774584382.4301248,55.97950702169764,13.62176000020554,17.86368000011862,13282,0.0
494,1774584382.4509706,47.99945933421994,16.56508800033407,20.833567999943625,13282,0.0
495,1774584382.471805,48.02453938714645,17.22179199987295,20.822687999952905,13282,0.0
496,1774584382.4904177,53.760758602812324,14.899135999712598,18.60092800006896,13282,0.0
497,1774584382.512381,45.553404624859404,14.169567999942956,21.952256000076886,13282,0.0
498,1774584382.539775,36.52032049058362,19.572256000174093,27.38201600004686,13282,0.0
499,1774584382.5606663,47.89528940237103,17.341407999992953,20.878880000054778,13282,0.0
500,1774584382.5796804,52.62067815848901,15.379680000023654,19.003935999990063,13282,0.0
501,1774584382.6026974,43.46707282331205,17.99574400001802,23.00591999983226,13282,0.0
502,1774584382.621252,53.92784540646555,13.51113600003373,18.543295999734255,13282,0.0
503,1774584382.6417196,48.88464787411909,14.74774400003298,20.456319999993866,13282,0.0
504,1774584382.6602507,53.995960239021734,14.758975999939139,18.51990399973147,13282,0.0
505,1774584382.6775515,57.840379063177274,13.645728000028612,17.2889599998598,13282,0.0
506,1774584382.6952589,56.51280715755436,11.939519999941695,17.695104000267747,13282,0.0
507,1774584382.7171216,45.765283408231966,16.766463999829284,21.85062399985327,13041,0.0
508,1774584382.7349725,56.05652650435817,13.516768000044976,17.839136000020517,13041,0.0
509,1774584382.7494822,68.97251914184156,10.872255999856861,14.498527999876387,13041,0.0
510,1774584382.7638645,69.58082285632898,10.865792000004149,14.37177600018913,13041,0.0
511,1774584382.778374,68.97038797923737,10.926175999884435,14.498975999686081,13041,0.0
512,1774584382.7927935,69.40033667443933,10.877023999910307,14.409152000098402,13041,0.0
513,1774584382.808212,64.90485467581081,10.824319999755971,15.407167999910598,13041,0.0
514,1774584382.8226385,69.37121926730946,10.843967999790038,14.415200000257755,13041,0.0
515,1774584382.838632,62.56519293123962,11.151744000017061,15.983327999947505,13041,0.0
516,1774584382.853023,69.54226723343213,10.86678399997254,14.379744000052597,13041,0.0
517,1774584382.8673742,69.7295608703699,10.817760000009002,14.34112000015375,13041,0.0
518,1774584382.8817458,69.6219029401007,10.85328000044683,14.363295999828551,13041,0.0
519,1774584382.89717,64.87817435844178,10.831904000042414,15.413504000207467,13041,0.0
520,1774584382.91159,69.39386402808293,10.847936000118352,14.410495999982231,13041,0.0
521,1774584382.925951,69.68244871961853,10.870335999698,14.35081599993282,13041,0.0
522,1774584382.9404202,69.15246735978829,10.832160000063595,14.460800000051677,13041,0.0
523,1774584382.9548454,69.3775336673586,10.847519999970245,14.413888000035513,13041,0.0
524,1774584382.9693718,68.8960320286116,10.84889599997041,14.514624000184995,13041,0.0
525,1774584382.9836898,69.89112640048204,10.856992000299215,14.307967999684479,13041,0.0
526,1774584382.9979854,70.0013440253435,10.84435199982181,14.28544000009424,13041,0.0
527,1774584383.013471,64.61858492446586,10.828832000242983,15.475424000214844,13041,0.0
528,1774584383.027829,69.70327594338951,10.823168000115402,14.346527999805403,13041,0.0
529,1774584383.0429153,66.33298521792882,11.564448000171978,15.075455999976839,13041,0.0
530,1774584383.0572386,69.87299883735426,10.828704000232392,14.311679999991611,13041,0.0
531,1774584383.0716436,69.47238778319596,10.831455999777972,14.394207999885111,13041,0.0
532,1774584383.0857282,71.05147082161808,10.632192000230134,14.074304000132543,13041,0.0
533,1774584383.1006153,67.21803379167916,10.59123200002432,14.876960000037798,13041,0.0
534,1774584383.1147254,70.92423929695704,10.578752000128588,14.099551999606774,13041,0.0
535,1774584383.1288517,70.84448897881167,10.606560000269383,14.115424000010535,13041,0.0
536,1774584383.1441195,65.55279359717798,10.634239999944839,15.254880000156845,13041,0.0
537,1774584383.1629443,53.154123143714706,12.265888000001723,18.813216000125976,13041,0.0
538,1774584383.1783006,65.17219014098632,10.752159999810829,15.343967999797314,13041,0.0
539,1774584383.192441,70.77661766983584,10.58729599981234,14.128960000107327,13041,0.0
540,1774584383.2066338,70.51167786058187,10.616448000291712,14.182048000293435,13041,0.0
541,1774584383.2206912,71.19505165826038,10.566624000148295,14.045920000171463,13563,0.0
542,1774584383.235834,66.079248579036,10.577984000065044,15.13334399987798,13563,0.0
543,1774584383.2511091,65.51033071634382,10.592736000035075,15.264768000179174,13563,0.0
544,1774584383.2675855,60.73315116566751,10.651135999978578,16.465472000163572,13563,0.0
545,1774584383.2866483,52.49118987899414,15.106559999821911,19.050815999889892,13563,0.0
546,1774584383.3007965,70.73496457649897,10.586943999896903,14.137279999886232,13563,0.0
547,1774584383.3149586,70.66394714261646,10.630911999669479,14.151487999697565,13563,0.0
548,1774584383.3291006,70.76668055558628,10.586144000171771,14.13094400004411,13563,0.0
549,1774584383.3439689,67.30779585923263,10.547200000019075,14.85711999976047,13563,0.0
550,1774584383.3591292,66.00471854662534,10.627648000081535,15.150431999700231,13563,0.0
551,1774584383.374381,65.61473129606999,10.60627199967712,15.240479999647505,13563,0.0
552,1774584383.3885272,70.73384382524509,10.571840000011434,14.137503999791079,13563,0.0
553,1774584383.4026759,70.73336351220091,10.615008000058879,14.137600000140083,13563,0.0
554,1774584383.4167027,71.34116830489229,10.55664000023171,14.017152000178612,13563,0.0
555,1774584383.4307828,71.0732862246257,10.575263999726303,14.069983999888791,13563,0.0
556,1774584383.4448361,71.21143758107746,10.578047999842966,14.042688000245107,13563,0.0
557,1774584383.458948,70.91377792126266,10.592672000257153,14.101632000347308,13563,0.0
558,1774584383.4735162,68.69143368359244,10.750687999916408,14.55785600001036,13563,0.0
559,1774584383.4888275,65.35934042624888,10.562752000168985,15.300031999686325,13563,0.0
560,1774584383.5035834,67.81639876539263,10.600160000194592,14.745695999863528,13563,0.0
561,1774584383.5189204,65.2482565655205,10.569632000169804,15.326080000249931,13563,0.0
562,1774584383.5330298,70.92761978310644,10.610911999719974,14.098879999892233,13563,0.0
563,1774584383.5471728,70.76171304477428,10.597120000056748,14.131936000012502,13563,0.0
564,1774584383.5614018,70.3317181425496,10.661311999683676,14.218335999885312,13563,0.0
565,1774584383.5755932,70.52313497287047,10.621760000049107,14.1797440001028,13563,0.0
566,1774584383.590011,69.41482745102802,10.64723200033768,14.406144000076893,13563,0.0
567,1774584383.6040916,71.07862091711577,10.59103999978106,14.06892799968773,13563,0.0
568,1774584383.61953,64.81573663832334,10.608096000396472,15.428352000071754,13563,0.0
569,1774584383.6337278,70.4884568103233,10.653503999947134,14.186719999997877,13563,0.0
570,1774584383.6482217,69.04627757727803,10.624191999795585,14.483039999959146,13563,0.0
571,1774584383.662489,70.14842283952221,10.631455999828177,14.255487999889738,13563,0.0
572,1774584383.6800349,57.0334571945011,13.653599999997823,17.533568000089872,13563,0.0
573,1774584383.6947377,68.07240725950143,10.766015999706724,14.690239999708865,13563,0.0
574,1774584383.7103517,64.09178353708143,10.619935999784502,15.602623999711795,13563,0.0
575,1774584383.7245746,70.36735135220653,10.650912000073731,14.211135999630642,13563,0.0
576,1774584383.7389681,69.51921622315919,10.71801600028266,14.384512000106042,13844,0.0
577,1774584383.753237,70.13567043982908,10.707456000091042,14.258080000217888,13844,0.0
578,1774584383.7675045,70.14480131481794,10.611776000132522,14.256224000291695,13844,0.0
579,1774584383.7817564,70.22298325265201,10.756384000160324,14.240351999887935,13844,0.0
580,1774584383.7959285,70.6141282507388,10.601151999708236,14.16147199961415,13844,0.0
581,1774584383.8102105,70.07182081492792,10.63708800029417,14.271071999701235,13844,0.0
582,1774584383.8243093,70.98465368528771,10.574912000265613,14.087552000091819,13844,0.0
583,1774584383.8384604,70.71079623664508,10.60659199993097,14.142112000172347,13844,0.0
584,1774584383.8526392,70.57298488913557,10.589215999971202,14.169727999615134,13844,0.0
585,1774584383.8668044,70.64094507372874,10.583872000097472,14.156096000078833,13844,0.0
586,1774584383.88093,70.84079522836088,10.59958399991956,14.116160000412492,13844,0.0
587,1774584383.8950827,70.70999624466236,10.615839999900345,14.142271999844525,13844,0.0
588,1774584383.9096088,68.8920830319197,10.616352000397455,14.515456000026461,13844,0.0
589,1774584383.9238386,70.33029356415885,10.582207999959792,14.218624000022828,13844,0.0
590,1774584383.9390275,65.88393043422371,10.602463999930478,15.178208000179438,13844,0.0
591,1774584383.9553244,61.4047842684998,10.58716799980175,16.285375999814278,13844,0.0
592,1774584383.970071,67.85807348361185,10.621599999922182,14.736639999682666,13844,0.0
593,1774584383.984178,70.9413060010255,10.602815999845916,14.09616000000824,13844,0.0
594,1774584383.9982917,70.90573281460259,10.570848000043043,14.103231999797572,13844,0.0
595,1774584384.015173,59.27373083027971,10.707839999668067,16.870880000169564,13844,0.0
596,1774584384.037163,45.50325876084204,15.951295999911963,21.976448000259552,13844,0.0
597,1774584384.0557535,53.82529944111206,14.735679999830609,18.578623999928823,13844,0.0
598,1774584384.0728264,58.61796654709707,12.215071999889915,17.059616000096867,13844,0.0
599,1774584384.094908,45.31290555086117,16.68377599980886,22.068767999826377,13844,0.0
600,1774584384.1202407,39.49521949821619,17.557440000018687,25.319520000266493,13844,0.0
601,1774584384.1421654,45.63756036884031,17.480223999882583,21.911776000251848,13844,0.0
602,1774584384.1626627,48.81630230184318,14.743424000243976,20.484959999976127,13844,0.0
603,1774584384.195359,30.595710726506425,18.797056000039447,32.684319999589206,13844,0.0
604,1774584384.2178085,44.5689999435035,17.23417600032917,22.4371199997222,13844,0.0
605,1774584384.2410557,43.03773410857316,17.389664000347693,23.235423999722116,13483,0.0
606,1774584384.2623258,47.03973314551156,16.088031999970553,21.258623999983683,13483,0.0
607,1774584384.283385,47.50944107538852,17.319680000127846,21.04844800032879,13483,0.0
608,1774584384.301743,54.50755692663514,14.332352000110404,18.34608000035587,13483,0.0
609,1774584384.31968,55.7886280462268,14.303775999906065,17.924799999946117,13483,0.0
610,1774584384.3418393,45.15015134368504,17.587584000011702,22.148319999814703,13483,0.0
611,1774584384.362153,49.255726272669826,14.513503999751265,20.302208000430255,13483,0.0
612,1774584384.3846128,44.54835099866238,15.843103999941377,22.44751999978689,13483,0.0
613,1774584384.404576,50.12093178514578,16.119007999805035,19.95174399962707,13483,0.0
614,1774584384.4289308,41.079665631700465,15.405791999910434,24.34294399972714,13483,0.0
615,1774584384.4502292,46.976798723187635,17.05190400025458,21.28710399983902,13483,0.0
616,1774584384.4699779,50.664064019614436,15.957887999775267,19.73785600011979,13483,0.0
617,1774584384.492104,45.21933911785067,17.369504000271263,22.114431999852968,13483,0.0
618,1774584384.5130641,47.73688954068162,15.819039999769302,20.948159999989002,13483,0.0
619,1774584384.5346105,46.43601711271822,17.291807999754383,21.53500799977337,13483,0.0
620,1774584384.556567,45.56941351751531,18.2196800001293,21.9445440002346,13483,0.0
621,1774584384.5783992,45.82743076045593,17.15680000006614,21.820991999902617,13483,0.0
622,1774584384.5965884,55.01305349718177,14.379679999819928,18.17750400005025,13483,0.0
623,1774584384.611704,66.20902985116247,10.701503999825945,15.10368000026574,13483,0.0
624,1774584384.6258922,70.54096454989691,10.669855999822175,14.17615999980626,13483,0.0
625,1774584384.6399992,70.93889040258267,10.624063999784994,14.096639999934268,13483,0.0
626,1774584384.6541407,70.76411659393487,10.674368000309187,14.131455999631726,13483,0.0
627,1774584384.6681256,71.55467120334684,10.568736000095669,13.975328000014997,13483,0.0
628,1774584384.6821826,71.19083472101447,10.604256000078749,14.04675200001293,13483,0.0
629,1774584384.6963518,70.630726740354,10.596959999929823,14.158143999793538,13483,0.0
630,1774584384.7108595,68.98195873472783,10.566752000158885,14.496543999939604,13483,0.0
631,1774584384.7250588,70.48177961251699,10.661887999958708,14.188064000336453,13483,0.0
632,1774584384.7391865,70.83597787517995,10.609216000375454,14.11712000026455,13483,0.0
633,1774584384.7537372,68.77700185043764,10.635968000315188,14.539744000103383,13282,0.0
634,1774584384.7677295,71.51389772544981,10.582591999991564,13.983295999878464,13282,0.0
635,1774584384.7817523,71.36022871934314,10.616351999942708,14.013407999755145,13282,0.0
636,1774584384.796611,67.34275198078669,11.39852799997243,14.849407999918185,13282,0.0
637,1774584384.8110652,69.23673424082256,10.687967999729153,14.443200000187062,13282,0.0
638,1774584384.8251855,70.86907024342332,10.629119999975956,14.110527999946498,13282,0.0
639,1774584384.8393087,70.86103527480209,10.568415999841818,14.11212799985151,13282,0.0
640,1774584384.853397,71.03273643111861,10.63603200009311,14.078015999984927,13282,0.0
641,1774584384.8683429,66.95849858879383,10.59616000020469,14.934623999579344,13282,0.0
642,1774584384.8837094,65.12139670243053,10.704608000196458,15.35593600010543,13282,0.0
643,1774584384.9001632,60.81896384009472,10.615936000249349,16.442239999832964,13282,0.0
644,1774584384.9142635,70.97804336886108,10.628447999806667,14.088863999859313,13282,0.0
645,1774584384.9291093,67.405939057359,10.592223999992711,14.83548799978962,13282,0.0
646,1774584384.944372,65.5614578346204,10.575744000107079,15.252864000103727,13282,0.0
647,1774584384.9595363,65.9852066442432,10.560096000062913,15.154912000070908,13282,0.0
648,1774584384.9736307,70.99755541048468,10.618687999794929,14.08499200033475,13282,0.0
649,1774584384.9877625,70.81254277093133,10.600256000088848,14.121791999968991,13282,0.0
650,1774584385.00182,71.19294312834491,10.616896000101406,14.046335999864823,13282,0.0
651,1774584385.0159056,71.04500956998014,10.608351999962906,14.07558400023845,13282,0.0
652,1774584385.030038,70.81158001488815,10.63376000001881,14.121984000212251,13282,0.0
653,1774584385.0450797,66.52942090642934,10.586048000277515,15.030944000045565,13282,0.0
654,1774584385.0591407,71.17218886832093,10.590976000003138,14.050432000203728,13282,0.0
655,1774584385.0733202,70.57665075901957,10.582815999896411,14.168992000122671,13282,0.0
656,1774584385.0873852,71.15679314037507,10.573152000233677,14.053471999886824,13282,0.0
657,1774584385.10143,71.24926755768558,10.635999999976775,14.035231999969255,13282,0.0
658,1774584385.1155126,71.06051854858022,10.569023999778437,14.072511999984272,13282,0.0
659,1774584385.129559,71.23724853282827,10.614368000005925,14.037599999937811,13282,0.0
660,1774584385.1435897,71.321304185679,10.568831999989925,14.021056000274257,13282,0.0
661,1774584385.1576178,71.3330259351214,10.616768000090815,14.018752000083623,13282,0.0
662,1774584385.171651,71.31088808874178,10.586848000002647,14.023103999988962,13282,0.0
663,1774584385.1862218,68.68041300619099,10.809119999976247,14.560191999862582,13282,0.0
664,1774584385.2004535,70.30972276750839,10.78124800005753,14.222783999684907,13282,0.0
665,1774584385.2147014,70.23529385368178,10.779520000141929,14.237855999908788,13282,0.0
666,1774584385.2289948,70.0013440253435,10.774591999961558,14.28544000009424,13282,0.0
667,1774584385.2432072,70.40159321637256,10.775839999951131,14.204223999968235,13282,0.0
668,1774584385.257487,70.07087809488279,10.794816000270657,14.271263999944495,13763,0.0
669,1774584385.2717478,70.16180997260301,10.835263999979361,14.252768000005744,13763,0.0
670,1774584385.285999,70.21288546845831,10.853855999812367,14.242400000057387,13763,0.0
671,1774584385.3002918,70.01106734875484,10.79593600024964,14.283456000157457,13763,0.0
672,1774584385.3147402,69.2551470409738,10.78019199985647,14.439360000324086,13763,0.0
673,1774584385.3290672,69.84176649350768,10.792095999931917,14.318080000066402,13763,0.0
674,1774584385.3444772,64.93317597170841,10.787455999889062,15.400447999581957,13763,0.0
675,1774584385.3586974,70.3651331200929,10.756383999705577,14.211583999895083,13763,0.0
676,1774584385.3729763,70.0781062560939,10.856864000288624,14.269791999595327,13763,0.0
677,1774584385.3872356,70.24287175445157,10.775744000056875,14.2363199997817,13763,0.0
678,1774584385.40148,70.2562949645337,10.790559999804827,14.233599999897706,13763,0.0
679,1774584385.4156768,70.48511805328403,10.754496000117797,14.187392000167165,13763,0.0
680,1774584385.4299033,70.33805029561185,10.79907200028174,14.217056000234152,13763,0.0
681,1774584385.444764,67.33099919091126,10.742655999820272,14.852000000246335,13763,0.0
682,1774584385.4596088,67.40186827256447,10.755807999885292,14.836383999863756,13763,0.0
683,1774584385.4738338,70.34216680690862,10.80255999977453,14.216224000392685,13763,0.0
684,1774584385.4880831,70.22519252900199,10.776320000331907,14.23990400007824,13763,0.0
685,1774584385.5038862,63.314733998519806,10.86291199999323,15.794111999639426,13763,0.0
686,1774584385.521618,56.43738340088518,12.5987520000308,17.718751999836968,13763,0.0
687,1774584385.5415301,50.24939781190659,10.922431999915716,19.90073599972675,13763,0.0
688,1774584385.5560431,68.95501705639357,10.809920000156126,14.502208000067185,13763,0.0
689,1774584385.5714793,64.83025882403916,10.767808000309742,15.424895999785804,13763,0.0
690,1774584385.58579,69.9214642121167,10.798463999890373,14.301759999852948,13763,0.0
691,1774584385.600025,70.30292122629177,10.780128000078548,14.224160000139818,13763,0.0
692,1774584385.6145651,68.81925970112813,10.748640000201704,14.530816000387858,13763,0.0
693,1774584385.6293905,67.4935800116382,10.799999999562715,14.816223999787326,13763,0.0
694,1774584385.6447158,65.29761083888916,10.76662400009809,15.314495999973587,13763,0.0
695,1774584385.6601405,64.86942045315969,10.763744000087172,15.41558399958376,13763,0.0
696,1774584385.6744137,70.11442674441305,10.763327999939065,14.262400000006892,13763,0.0
697,1774584385.6893184,67.13038546934044,10.785632000079204,14.89638399971227,13763,0.0
698,1774584385.7040331,68.0061891078632,10.77651200012042,14.704543999869202,13763,0.0
699,1774584385.718291,70.18907251428838,10.813536000114254,14.247232000343502,13763,0.0
700,1774584385.7326493,69.6920836483608,10.800095999911719,14.348831999996037,13763,0.0
701,1774584385.7469294,70.07700622081705,10.792191999826173,14.270015999954921,13763,0.0
702,1774584385.7614758,68.79259637593914,10.867680000046676,14.536447999944357,13763,0.0
703,1774584385.7759702,69.0403283891856,10.937119999653078,14.48428799994872,13723,0.0
704,1774584385.790296,69.8537876390215,10.867871999835188,14.31561600020359,13723,0.0
705,1774584385.8045585,70.1605497891613,10.799136000059661,14.253024000026926,13723,0.0
706,1774584385.8188558,69.99130987990137,10.781568000311381,14.287487999808945,13723,0.0
707,1774584385.8330848,70.32238029478822,10.771008000119764,14.220223999927839,13723,0.0
708,1774584385.84835,65.54481902253256,10.761664000256133,15.256736000083038,13723,0.0
709,1774584385.8636017,65.60150810037251,10.772959999940213,15.243551999901683,13723,0.0
710,1774584385.8778815,70.07260643173778,10.838656000032643,14.270912000029057,13723,0.0
711,1774584385.8921063,70.3542024548075,10.788319999846863,14.213791999736713,13723,0.0
712,1774584385.9067812,68.18826507271817,10.748896000222885,14.665279999917402,13723,0.0
713,1774584385.9210138,70.30703362666064,10.781280000173865,14.223328000298352,13723,0.0
714,1774584385.9352963,70.06208060793013,10.787967999931425,14.273056000092765,13723,0.0
715,1774584385.9495401,70.25092506311968,10.81577600007222,14.234688000215101,13723,0.0
716,1774584385.96378,70.2703553543608,10.758272000202851,14.230752000003122,13723,0.0
717,1774584385.9780126,70.30418652935646,10.806880000018282,14.223904000118637,13723,0.0
718,1774584385.9923062,70.00902836280021,10.788191999836272,14.283872000305564,13723,0.0
719,1774584386.0066462,69.78187859653133,10.76809599999251,14.330367999718874,13723,0.0
720,1774584386.0209286,70.06412268535306,10.811359999934211,14.272639999944658,13723,0.0
721,1774584386.0351365,70.43459837466298,10.77110400001402,14.19756800032701,13723,0.0
722,1774584386.0493448,70.42634418532634,10.75347200003307,14.199232000009943,13723,0.0
723,1774584386.0635784,70.30292122629177,10.762303999854339,14.224160000139818,13723,0.0
724,1774584386.0778015,70.35562799969695,10.81123199992362,14.213504000053945,13723,0.0
725,1774584386.0920427,70.26024394271506,10.797855999953754,14.232800000172574,13723,0.0
726,1774584386.1075904,64.36132965362486,10.79753600015465,15.53727999998955,13723,0.0
727,1774584386.1225166,67.03936980837516,10.807487999954901,14.91660800002137,13723,0.0
728,1774584386.1370516,68.85094926313118,10.789215999920998,14.524127999720804,13723,0.0
729,1774584386.151356,69.9610680649466,10.788800000227639,14.29366399997889,13723,0.0
730,1774584386.1656199,70.15724202467472,10.812512000029528,14.253695999741467,13723,0.0
731,1774584386.1798594,70.27414788409081,10.779392000131338,14.229983999939577,13723,0.0
732,1774584386.1941166,70.18749607103793,10.8097600000292,14.247551999687857,13723,0.0
733,1774584386.2083733,70.19112200355534,10.773760000120092,14.246815999740647,13723,0.0
734,1774584386.222669,69.99664016153538,10.76643199985483,14.286399999946298,13723,0.0
735,1774584386.2369149,70.23955622110644,10.77110400001402,14.236991999950988,13723,0.0
736,1774584386.2511415,70.33219301408818,10.76723200003471,14.218239999991056,13723,0.0
737,1774584386.2654355,70.00934204624542,10.81583999985014,14.283808000072895,13723,0.0
738,1774584386.280118,68.15614190419842,10.900479999691015,14.672192000034556,13804,0.0
739,1774584386.294386,70.1271714170793,10.806591999880766,14.25980800013349,13804,0.0
740,1774584386.3087122,69.84847909095372,10.816160000103991,14.316704000066238,13804,0.0
741,1774584386.3229775,70.14653330259318,10.775423999803024,14.25587199992151,13804,0.0
742,1774584386.3372586,70.06365142683829,10.795904000133305,14.272735999838915,13804,0.0
743,1774584386.3515568,69.98143532551256,10.808543999701214,14.289503999862063,13804,0.0
744,1774584386.3658996,69.76801298433244,10.830559999703837,14.333216000068205,13804,0.0
745,1774584386.3801448,70.25045128835939,10.749951999969198,14.234784000109357,13804,0.0
746,1774584386.3944426,69.99005581370226,10.829823999756627,14.287743999830127,13804,0.0
747,1774584386.408708,70.14716313692563,10.818623999966803,14.25574399991092,13804,0.0
748,1774584386.4229984,70.02487283520134,10.78518400026951,14.28063999992446,13804,0.0
749,1774584386.4372582,70.17835407584455,10.826175999682164,14.249408000068797,13804,0.0
750,1774584386.4516063,69.74699139226168,10.838015999979689,14.337536000311957,13804,0.0
751,1774584386.4659412,69.80058252844363,10.85996800020439,14.326527999855898,13804,0.0
752,1774584386.4812555,65.34102789163168,10.827967999830435,15.30432000026849,13804,0.0
753,1774584386.4956143,69.6867996483498,10.8066239999971,14.349919999858685,13804,0.0
754,1774584386.5114503,63.18658543684448,10.773983999570191,15.826144000129716,13804,0.0
755,1774584386.5269039,64.75113806560543,10.770527999738988,15.443744000094739,13804,0.0
756,1774584386.5422103,65.3720559030822,10.802912000144715,15.297056000235898,13804,0.0
757,1774584386.5576015,65.01044327808795,10.828416000094876,15.382143999886466,13804,0.0
758,1774584386.5718913,70.02895276982632,10.785024000142585,14.279808000082994,13804,0.0
759,1774584386.5861964,69.95746586111834,10.86518400006753,14.2943999999261,13804,0.0
760,1774584386.6014888,65.4322822990288,10.781823999877815,15.282975999980408,13804,0.0
761,1774584386.6167798,65.43981840210701,10.765023999738332,15.281215999948472,13804,0.0
762,1774584386.6320584,65.49014923371307,10.757951999949,15.26947199999995,13804,0.0
763,1774584386.6463554,69.99287752473487,10.810880000008183,14.287168000009842,13804,0.0
764,1774584386.6605556,70.47017702014772,10.763104000034218,14.190400000188674,13804,0.0
765,1774584386.674849,70.01153790238504,10.798271999647113,14.283359999808454,13804,0.0
766,1774584386.6892064,69.69970023452186,10.796384000059334,14.34726400020736,13804,0.0
767,1774584386.7035131,69.9443131349274,10.810207999838894,14.297088000148506,13804,0.0
768,1774584386.717827,69.91004534567024,10.828704000232392,14.304096000159916,13804,0.0
769,1774584386.733939,62.1062463976188,10.84067200008576,16.101440000056755,13804,0.0
770,1774584386.7502444,61.36921091949417,10.851552000076481,16.294816000026913,13804,0.0
771,1774584386.764617,69.62950419317393,10.839295999630849,14.361728000039875,13804,0.0
772,1774584386.7803392,63.6478248730036,10.786943999846699,15.711456000190083,13804,0.0
773,1774584386.7962377,62.94096439652204,10.770303999834141,15.887904000010167,13763,0.0
774,1774584386.8104515,70.40064160223909,10.795487999985198,14.204416000211495,13763,0.0
775,1774584386.824662,70.42063087819227,10.771551999823714,14.20038400010526,13763,0.0
776,1774584386.8399105,65.62148268717758,10.762528000213933,15.238912000313576,13763,0.0
777,1774584386.8551993,65.44831572681369,10.797503999583569,15.279232000011689,13763,0.0
778,1774584386.8695269,69.85066486531676,10.871775999930833,14.316256000256544,13763,0.0
779,1774584386.8838005,70.11316826249134,10.80588800004989,14.262656000028073,13763,0.0
780,1774584386.8993187,64.48670645336705,11.987935999968613,15.507071999763866,13763,0.0
781,1774584386.9156466,61.29181572912624,10.871424000015395,16.315391999796702,13763,0.0
782,1774584386.9307969,66.06136836781334,10.82531200017911,15.137440000216884,13763,0.0
783,1774584386.945059,70.1671662561859,10.80041600016557,14.251680000143097,13763,0.0
784,1774584386.9594398,69.58810522080495,10.78406399983578,14.370272000178375,13763,0.0
785,1774584386.9747517,65.3514128449773,10.748992000117141,15.301888000067265,13763,0.0
786,1774584386.9901214,65.1067438088777,10.823423999681836,15.359391999936634,13763,0.0
787,1774584387.0046778,68.73736607372139,10.790080000333546,14.54812799966021,13763,0.0
788,1774584387.0199075,65.70274605939207,10.76502400019308,15.22006400000464,13763,0.0
789,1774584387.035181,65.51733536407285,10.768031999759842,15.263135999703081,13763,0.0
790,1774584387.0505176,65.24675801838355,10.775552000268362,15.326432000165369,13763,0.0
791,1774584387.065366,67.39576301616822,10.790560000259575,14.837728000202333,13763,0.0
792,1774584387.079633,70.14275453410119,10.784416000205965,14.256639999985055,13763,0.0
793,1774584387.093944,69.92928750473007,10.83760000028633,14.300159999947937,13763,0.0
794,1774584387.1081977,70.21241220663816,10.787488000005396,14.242495999951643,13763,0.0
795,1774584387.1224627,70.15298964128652,10.793280000143568,14.254559999699268,13763,0.0
796,1774584387.1368275,69.66396333269687,10.785759999635047,14.354624000134208,13763,0.0
797,1774584387.1511288,69.97610735702497,10.769120000077237,14.290592000179458,13763,0.0
798,1774584387.165354,70.34438359122842,10.764480000034382,14.215776000128244,13763,0.0
799,1774584387.1795824,70.32633670574451,10.770591999971657,14.219424000202707,13763,0.0
800,1774584387.1938763,70.00589169631672,10.822847999861551,14.28451199990377,13763,0.0
801,1774584387.2081673,70.02408828611854,10.816448000241508,14.280800000051386,13763,0.0
802,1774584387.2224262,70.18087576736787,10.842592000244622,14.248896000026434,13763,0.0
803,1774584387.236692,70.1446438674556,10.817727999892668,14.256255999953282,13763,0.0
804,1774584387.2509427,70.21540964224302,10.789376000047923,14.241888000015024,13763,0.0
805,1774584387.2651763,70.30181412627988,10.801471999911882,14.224383999589918,13763,0.0
806,1774584387.2804337,65.580444646055,10.751935999905982,15.24844799996572,13763,0.0
807,1774584387.2947354,69.96686369226813,10.80588800004989,14.292480000221985,13763,0.0
808,1774584387.3089378,70.45873710924397,10.788384000079532,14.19270399992456,13763,0.0
809,1774584387.3231554,70.38161474531137,10.783008000089467,14.20825600007447,13763,0.0
810,1774584387.3373578,70.45778394967283,10.767136000140454,14.19289600016782,13763,0.0
811,1774584387.3516045,70.23560956578159,10.779744000046776,14.237792000130867,13763,0.0
812,1774584387.365818,70.40175181935103,10.81257599980745,14.204192000306648,13763,0.0
813,1774584387.3800118,70.50245122813266,10.773023999718134,14.183904000219627,13763,0.0
814,1774584387.3942788,70.14118016850293,10.834591999810073,14.256959999784158,13763,0.0
815,1774584387.4084687,70.52011120719852,10.773343999971985,14.18035200003942,13763,0.0
816,1774584387.4227083,70.27335773941056,10.745695999958116,14.230144000066502,13763,0.0
817,1774584387.4380195,65.34895295341643,10.802528000112943,15.30246399988755,13763,0.0
818,1774584387.4522376,70.37638416361133,10.788799999772891,14.209311999820784,13763,0.0
819,1774584387.466461,70.35768722508614,10.77558399992995,14.213087999905838,13763,0.0
820,1774584387.4806077,70.73208271385657,10.757856000054744,14.137856000161264,13763,0.0
821,1774584387.4948967,70.02832505646009,10.771583999940049,14.279936000093585,13763,0.0
822,1774584387.5090847,70.5323670224802,10.757632000149897,14.177887999721861,13763,0.0
823,1774584387.5233178,70.30608456935364,10.761119999642688,14.223520000086864,13763,0.0
824,1774584387.5375774,70.1744142972833,10.80495999985942,14.250207999793929,13763,0.0
825,1774584387.5517695,70.50563255314493,10.753152000233968,14.183264000166673,13763,0.0
826,1774584387.566006,70.29485599034986,10.824288000094384,14.225792000161164,13763,0.0
827,1774584387.5810893,66.34298367262457,10.785791999751382,15.07318399990254,13763,0.0
828,1774584387.5953383,70.23008499695919,10.76521600043634,14.238911999655102,13763,0.0
829,1774584387.6098232,69.08382686824052,11.023968000245077,14.475167999989935,13763,0.0
830,1774584387.6275225,56.53356103448691,10.798624000017298,17.6886080002987,13763,0.0
831,1774584387.6424313,67.11928331626699,10.823231999893324,14.89884800002983,13763,0.0
832,1774584387.656728,69.99146663966532,10.759583999970346,14.287456000147358,13763,0.0
833,1774584387.670949,70.3684605195849,10.784127999613702,14.210911999725795,13763,0.0
834,1774584387.685219,70.11914645289278,10.788992000016151,14.261440000154835,13763,0.0
835,1774584387.7000556,67.44434492656603,10.754943999927491,14.827040000000125,13763,0.0
836,1774584387.714631,68.65189643988387,10.771360000035202,14.566240000021935,13763,0.0
837,1774584387.7289567,69.8517578037988,10.746559999915917,14.316032000351697,13763,0.0
838,1774584387.743247,70.01985202840207,10.765823999918211,14.281664000009187,13763,0.0
839,1774584387.7585773,65.27483315623941,10.801024000102188,15.319840000302065,13763,0.0
840,1774584387.7739205,65.22061263647916,10.835807999683311,15.33257599976423,13763,0.0
841,1774584387.788152,70.31525987315565,10.802304000208096,14.221664000160672,13763,0.0
842,1774584387.8024626,69.92834861593826,10.784736000005068,14.300352000191197,13763,0.0
843,1774584387.8171544,68.11558506401079,10.939232000055199,14.680927999961568,13804,0.0
844,1774584387.8315346,69.58934492411568,10.82038399999874,14.370016000157193,13804,0.0
845,1774584387.8459384,69.4777937859146,10.927808000360528,14.393087999906129,13804,0.0
846,1774584387.8611746,65.67388764298632,10.782015999666328,15.2267519997622,13804,0.0
847,1774584387.8754723,69.98692084480533,10.761440000351286,14.28838399988308,13804,0.0
848,1774584387.890811,65.23490829611032,10.752639999736857,15.329215999827284,13804,0.0
849,1774584387.906081,65.52557804044368,10.783967999941524,15.261215999998967,13804,0.0
850,1774584387.920365,70.05469870824375,10.796448000292003,14.27456000010352,13804,0.0
851,1774584387.9357052,65.2285085117049,10.808384000029037,15.330719999838038,13804,0.0
852,1774584387.9509974,65.43310433409539,10.776959999930114,15.282784000191896,13804,0.0
853,1774584387.9652648,70.13614266990312,10.780864000025758,14.257983999868884,13804,0.0
854,1774584387.9796078,69.76629964019713,10.79500800005917,14.333567999983643,13804,0.0
855,1774584387.9938128,70.44523643770601,10.786431999804336,14.195423999808554,13804,0.0
856,1774584388.0080054,70.50181499758102,10.751232000075106,14.184032000230218,13804,0.0
857,1774584388.022566,68.72527264750609,10.770143999707216,14.550687999872025,13804,0.0
858,1774584388.036874,69.93711254818652,10.7516799998848,14.298560000042926,13804,0.0
859,1774584388.0510342,70.67097853845837,10.750495999673149,14.150080000035814,13804,0.0
860,1774584388.0653112,70.085807456734,10.802111999964836,14.26822399980665,13804,0.0
861,1774584388.0795577,70.24334542698305,10.78124800005753,14.236223999887443,13804,0.0
862,1774584388.0937924,70.30007446203605,10.811168000145699,14.224735999960103,13804,0.0
863,1774584388.1080055,70.40777932748055,10.770687999865913,14.202975999978662,13804,0.0
864,1774584388.1232915,65.46613986545418,10.763807999865094,15.275071999894863,13804,0.0
865,1774584388.1375613,70.12370944342663,10.799359999964508,14.260511999964365,13804,0.0
866,1774584388.1520102,69.25345879359728,10.733087999597046,14.439712000239524,13804,0.0
867,1774584388.1663089,69.97610735925171,10.792416000185767,14.290591999724711,13804,0.0
868,1774584388.180474,70.6404660237655,10.734175999914441,14.156191999973089,13804,0.0
869,1774584388.1957467,65.51582442985509,10.753120000117633,15.263488000073266,13804,0.0
870,1774584388.2099562,70.41967875158589,10.795904000133305,14.200575999893772,13804,0.0
871,1774584388.2242043,70.22598159092038,10.780160000194883,14.239743999951315,13804,0.0
872,1774584388.2383857,70.56007767055182,10.784511999645474,14.172320000398031,13804,0.0
873,1774584388.2525697,70.5478122286505,10.753439999916736,14.174783999806095,13804,0.0
874,1774584388.266789,70.36750980094,10.744575999979133,14.211103999969055,13804,0.0
875,1774584388.2812366,69.2599052750879,10.758304000319185,14.438367999900947,13804,0.0
876,1774584388.2954948,70.1785116768156,10.763872000097763,14.249375999952463,13804,0.0
877,1774584388.3097508,70.19632508201722,10.834304000127304,14.245759999994334,13804,0.0
878,1774584388.3241277,69.59972917308099,10.873279999941587,14.367872000093485,13844,0.0
879,1774584388.3383934,70.1392910217296,10.831808000148158,14.25734399981593,13844,0.0
880,1774584388.3525949,70.4554011692093,10.7633600000554,14.193375999639102,13844,0.0
881,1774584388.3668416,70.2362410029828,10.771936000310234,14.237663999665529,13844,0.0
882,1774584388.3810024,70.66458630053828,10.74812800015934,14.151360000141722,13844,0.0
883,1774584388.39519,70.52584066829878,10.76128000022436,14.179199999944103,13844,0.0
884,1774584388.4106987,64.51426436280553,10.727520000273216,15.500447999784228,13844,0.0
885,1774584388.424945,70.2360831426181,10.763071999917884,14.237695999781863,13844,0.0
886,1774584388.4391482,70.45111256597033,10.799648000102025,14.194239999596903,13844,0.0
887,1774584388.4533386,70.51995207048589,10.76576000014029,14.180383999701007,13844,0.0
888,1774584388.4675367,70.47462688082516,10.755520000202523,14.189503999659792,13844,0.0
889,1774584388.4817376,70.46588661796993,10.81091199966977,14.191264000146475,13844,0.0
890,1774584388.4959161,70.57872294306748,10.760000000118453,14.168575999974564,13844,0.0
891,1774584388.5101368,70.36339032073708,10.811008000018774,14.211936000265268,13844,0.0
892,1774584388.5247211,68.61044635126486,10.785055999804172,14.575040000181616,13844,0.0
893,1774584388.5391262,69.46713704156778,10.743360000105895,14.395296000202507,13844,0.0
894,1774584388.553353,70.33266789203934,10.751775999779056,14.2181440000968,13844,0.0
895,1774584388.567536,70.54908635991916,10.745759999736038,14.174528000239661,13844,0.0
896,1774584388.5817814,70.23924047128143,10.824287999639637,14.237056000183657,13844,0.0
897,1774584388.5959868,70.44063150871919,10.766144000172062,14.196351999999024,13844,0.0
898,1774584388.610229,70.27019734285624,10.802207999859093,14.230783999664709,13844,0.0
899,1774584388.6255033,65.51266543249487,10.77865599972938,15.264224000020477,13844,0.0
900,1774584388.6397085,70.44237813427107,10.751648000223213,14.196000000083586,13844,0.0
901,1774584388.6542108,69.00008390318332,10.810015999595635,14.492736000192963,13844,0.0
902,1774584388.669651,64.80565561482996,10.824544000115566,15.430752000156644,13844,0.0
903,1774584388.6841347,69.0859650471683,10.768736000045465,14.474720000180241,13844,0.0
904,1774584388.698371,70.28900590018279,10.791839999910735,14.226975999918068,13844,0.0
905,1774584388.712728,69.69705755572467,10.776575999898341,14.347808000366058,13844,0.0
906,1774584388.7269495,70.35990498550835,10.759392000181833,14.212640000096144,13844,0.0
907,1774584388.7411017,70.70327701340352,10.74479999988398,14.143615999728354,13844,0.0
908,1774584388.756336,65.68465480246654,10.773632000109501,15.224256000237801,13844,0.0
909,1774584388.770595,70.17283850792386,10.782975999973132,14.25052800004778,13844,0.0
910,1774584388.7847867,70.51247337592318,10.761119999642688,14.181887999711762,13844,0.0
911,1774584388.7991781,69.52973424995264,10.78319999987798,14.382336000380747,13844,0.0
912,1774584388.8138573,68.17145612106631,10.84735999984332,14.66889599987553,13844,0.0
913,1774584388.8281987,69.7779832046533,10.793087999900308,14.331167999898753,13844,0.0
914,1774584388.8426356,69.42562238624635,10.763807999865094,14.403904000118928,13884,0.0
915,1774584388.8568413,70.4369797527343,10.772544000246853,14.197087999946234,13884,0.0
916,1774584388.8710933,70.21162345186264,10.801055999763776,14.242655999623821,13884,0.0
917,1774584388.8853838,70.02032270012607,10.78719999986788,14.281567999660183,13884,0.0
918,1774584388.8995743,70.51645120606703,10.75500800016016,14.18108799998663,13884,0.0
919,1774584388.9138994,69.85331920572061,10.819967999850633,14.315712000097847,13884,0.0
920,1774584388.9287589,67.3370927166847,10.769183999855159,14.850656000362505,13884,0.0
921,1774584388.9430976,69.78811212515929,10.809407999659015,14.329088000067713,13884,0.0
922,1774584388.9575577,69.20453538813928,10.837824000191176,14.449920000060956,13884,0.0
923,1774584388.9718707,69.91661464735577,10.793120000016643,14.302752000276087,13884,0.0
924,1774584388.9861567,70.04700434232247,10.837055999672884,14.276127999892196,13884,0.0
925,1774584389.0002916,70.79281152710774,10.748127999704593,14.12572800018097,13884,0.0
926,1774584389.014437,70.73640559360915,10.750720000032743,14.136992000203463,13884,0.0
927,1774584389.0286012,70.64621505899206,10.75321600001189,14.155039999877772,13884,0.0
928,1774584389.0430741,69.1373210993114,10.770847999992839,14.463968000200111,13884,0.0
929,1774584389.0573146,70.27478000993356,10.770880000109173,14.229856000383734,13884,0.0
930,1774584389.0716486,69.80385674837692,10.820447999776661,14.32585599968661,13884,0.0
931,1774584389.0869718,65.3008855829344,10.773280000194063,15.31372800036479,13884,0.0
932,1774584389.1023102,65.23572537935036,10.83052800004225,15.329024000038771,13884,0.0
933,1774584389.116601,70.0250297475735,10.77884799997264,14.280607999808126,13884,0.0
934,1774584389.1308312,70.32269679029332,10.743967999587767,14.220160000149917,13884,0.0
935,1774584389.1450875,70.19711349534646,10.776351999993494,14.245599999867409,13884,0.0
936,1774584389.1593368,70.22819105593803,10.768544000256952,14.239296000141621,13884,0.0
937,1774584389.17359,70.20673355566657,10.82204800013642,14.24364800004696,13884,0.0
938,1774584389.187769,70.57505685565543,10.777856000004249,14.169311999921774,13884,0.0
939,1774584389.2022119,69.28201660563649,10.803487999965,14.433759999974427,13884,0.0
940,1774584389.2165885,69.59910913089897,10.782943999856798,14.368000000104075,13884,0.0
941,1774584389.2319193,65.26706237603796,10.765023999738332,15.321664000111923,13884,0.0
942,1774584389.2482395,61.311416871049836,10.781151999708527,16.31017600038831,13884,0.0
943,1774584389.263653,64.91887737045816,10.822495999946113,15.403840000089986,13884,0.0
944,1774584389.2790673,64.91928196267189,10.797184000239213,15.403743999740982,13884,0.0
945,1774584389.2955508,60.70530826685795,10.824735999904078,16.473023999878933,13884,0.0
946,1774584389.3098123,70.16354279819392,10.818848000326398,14.252416000090307,13884,0.0
947,1774584389.3251157,65.38340830575318,10.777215999951295,15.294400000129826,13884,0.0
948,1774584389.339733,68.45998979022855,10.799424000197178,14.607072000217158,13884,0.0
949,1774584389.354252,68.92201556718264,10.878816000058578,14.509151999845926,13844,0.0
950,1774584389.3693354,66.34509640748988,10.800640000070416,15.072703999976511,13844,0.0
951,1774584389.3837,69.66862258865352,10.835040000074514,14.353664000282151,13844,0.0
952,1774584389.3979964,69.99805125519,10.83974399989529,14.286111999808782,13844,0.0
953,1774584389.41233,69.81633277516364,10.789183999804663,14.323296000384289,13844,0.0
954,1774584389.4273171,66.77207751887686,10.801951999837911,14.976320000187116,13844,0.0
955,1774584389.4430919,63.43451730939747,10.847103999822139,15.764287999900262,13844,0.0
956,1774584389.457478,69.55929456644195,10.812415999680525,14.376224000443472,13844,0.0
957,1774584389.4718807,69.4822736837109,10.85369600014019,14.392159999715659,13844,0.0
958,1774584389.4873195,64.81909767521978,10.888767999858828,15.427552000346623,13844,0.0
959,1774584389.5023718,66.48129907633461,10.878176000005624,15.041824000036286,13844,0.0
960,1774584389.5168574,69.08550685513745,10.827103999872634,14.474816000074497,13844,0.0
961,1774584389.5315704,68.01640229131783,10.876480000206357,14.702336000027572,13844,0.0
962,1774584389.5486858,58.4635589630519,10.938400000213733,17.10467199973209,13844,0.0
963,1774584389.5643191,64.01156919371475,10.819487999924604,15.622176000306354,13844,0.0
964,1774584389.5804632,61.985151331982756,10.849503999907029,16.132896000272012,13844,0.0
965,1774584389.603761,42.94387476022713,18.680608000067878,23.286208000172337,13844,0.0
966,1774584389.621801,55.46838390837106,14.605568000206404,18.028288000095927,13844,0.0
967,1774584389.644019,45.03426927735382,17.74649600019984,22.205312000096455,13844,0.0
968,1774584389.6672978,42.97854373547631,17.69884799978172,23.26742400009607,13844,0.0
969,1774584389.689627,44.81006269159308,18.78988799990111,22.316415999739547,13844,0.0
970,1774584389.7083182,53.53612532195846,15.099040000222885,18.678975999591785,13844,0.0
971,1774584389.7291374,48.06021291023693,16.320511999765586,20.807232000152,13844,0.0
972,1774584389.7516909,44.361856469208774,18.861919999835663,22.541887999977916,13844,0.0
973,1774584389.7722762,48.60749255391349,16.999200000100245,20.572959999753948,13844,0.0
974,1774584389.7923174,49.92690700809764,15.853408000111813,20.029280000017025,13844,0.0
975,1774584389.8122866,50.10751067501568,16.304544000377064,19.957087999955547,13844,0.0
976,1774584389.8349686,44.111191256237085,17.04102400026386,22.66998400000375,13844,0.0
977,1774584389.8561504,47.24183283202421,17.44959999996354,21.167679999962274,13362,0.0
978,1774584389.8746378,54.11817678020535,14.780416000121477,18.4780800000226,13362,0.0
979,1774584389.8927917,55.120957429485,14.554463999957079,18.1419199998345,13362,0.0
980,1774584389.912274,51.359759914679714,15.754527999888523,19.470496000394633,13362,0.0
981,1774584389.9307103,54.3205241194826,14.709279999806313,18.40924799989807,13362,0.0
982,1774584389.953325,44.24258812702138,17.58524800015948,22.602656000344723,13362,0.0
983,1774584389.974029,48.32748248569857,17.096831999879214,20.692160000180593,13362,0.0
984,1774584389.9924116,54.43387894909935,14.78921599982641,18.37091200013674,13362,0.0
985,1774584390.0125499,49.68558958937517,16.432351999810635,20.126559999880556,13362,0.0
986,1774584390.0331678,48.53094876854797,16.987840000183496,20.605407999937597,13362,0.0
987,1774584390.054754,46.35054359919765,17.981888000122126,21.57471999998961,13362,0.0
988,1774584390.0739257,52.19171813385823,15.623488000073849,19.160128000294208,13362,0.0
989,1774584390.095685,45.98178091463831,17.781535999802145,21.747744000094826,13362,0.0
990,1774584390.1172235,46.4551384589655,17.76319999999032,21.526143999835767,13362,0.0
991,1774584390.1384294,47.183913078274955,17.5804479999897,21.19366400029321,13362,0.0
992,1774584390.1619785,42.484579796971666,19.91920000000391,23.537951999969664,13362,0.0
993,1774584390.1842716,44.879822606111865,17.82028800016633,22.28172800005268,13362,0.0
994,1774584390.2055032,47.125424505893896,17.610719999993307,21.219967999968503,13362,0.0
995,1774584390.2249615,51.4222150553305,14.679776000320999,19.446847999915917,13362,0.0
996,1774584390.245983,47.59852132254586,16.58822399986093,21.0090560003664,13362,0.0
997,1774584390.267548,46.39947498057506,17.1264959999462,21.55196800003978,13362,0.0
998,1774584390.2886114,47.502147097499176,17.520063999654667,21.0516799998004,13362,0.0
999,1774584390.3073807,53.31227001070837,15.054208000037761,18.757408000055875,13362,0.0
1000,1774584390.3289144,46.462597980316765,16.866943999957584,21.522688000004564,13362,0.0
1001,1774584390.350386,46.75099299049163,16.621344000213867,21.389920000274287,13362,0.0
1002,1774584390.3755412,39.77213430617367,18.53078399972219,25.143232000118587,13022,0.0
1003,1774584390.3954396,50.286512433266466,15.872288000082335,19.886047999989387,13022,0.0
1004,1774584390.412467,58.77197601754065,12.017951999951038,17.014911999922333,13022,0.0
1005,1774584390.4349082,44.58591456023927,16.470399999889196,22.42860800015478,13022,0.0
1006,1774584390.4539669,52.50953573225709,15.077952000410733,19.04415999979392,13022,0.0
1007,1774584390.4810836,36.89448766833889,10.938592000002245,27.10432000003493,13022,0.0
1008,1774584390.4965653,64.6450521197696,10.921856000095431,15.469087999917974,13022,0.0
1009,1774584390.51249,62.84565108156201,10.944352000024082,15.911999999843829,13022,0.0
1010,1774584390.5298963,57.49251677405441,10.972703999868827,17.39356799998859,13022,0.0
1011,1774584390.5445864,68.1292471764673,10.864736000257835,14.677984000172728,13022,0.0
1012,1774584390.5594573,67.30228741796202,10.847647999980836,14.85833599963371,13022,0.0
1013,1774584390.5755546,62.16950690105993,11.826559999917663,16.08505600006538,13022,0.0
1014,1774584390.5908651,65.3638518031482,11.367488000360026,15.298975999940012,13022,0.0
1015,1774584390.6051946,69.84270305652562,10.800064000250131,14.31788800027789,13022,0.0
1016,1774584390.6196506,69.22216438170135,10.835231999863026,14.446240000324906,13022,0.0
1017,1774584390.6339955,69.76536512512388,10.874688000058086,14.333759999772155,13022,0.0
1018,1774584390.6483881,69.53468501420711,10.86144000009881,14.381311999841273,13022,0.0
1019,1774584390.6627595,69.63586570061986,10.839487999874109,14.36041600027238,13022,0.0
1020,1774584390.6782117,64.76375219579614,10.893504000250687,15.440735999618482,13022,0.0
1021,1774584390.6932724,66.44482953098849,10.780831999909424,15.050079999582522,13022,0.0
1022,1774584390.7076478,69.61554398118375,10.872191999624192,14.364608000050794,13022,0.0
1023,1774584390.7219212,70.11238173367255,10.843168000064907,14.262816000154999,13022,0.0
1024,1774584390.736314,69.52602164322298,10.882719999699475,14.383103999989544,13022,0.0
1025,1774584390.7507164,69.48922639064189,10.81945599980827,14.390719999937573,13022,0.0
1026,1774584390.7650044,70.03899771212049,10.821375999967131,14.27776000036829,13022,0.0
1027,1774584390.7792907,70.04512026504273,10.728031999860832,14.276511999923969,13022,0.0
1028,1774584390.7945812,65.44557441291192,10.768287999781023,15.279872000064643,13022,0.0
1029,1774584390.80886,70.07983494954485,10.798720000366302,14.26943999967989,13022,0.0
1030,1774584390.8240433,65.91200062487465,10.82899199991516,15.171743999871978,13022,0.0
1031,1774584390.838415,69.63198659501906,10.892320000039035,14.361215999997512,13022,0.0
1032,1774584390.8571172,53.50331121333216,14.58876800006692,18.690431999857537,13022,0.0
1033,1774584390.8780665,47.76060094212065,16.59062399994582,20.937760000379058,13022,0.0
1034,1774584390.895418,57.67374561905636,12.738976000036928,17.338912000013806,13402,0.0
1035,1774584390.9122455,59.47351192465175,12.148704000082944,16.81420800014166,13402,0.0
1036,1774584390.9294457,58.17817601617007,13.439647999803128,17.188576000080502,13402,0.0
1037,1774584390.9451628,63.672724236249834,12.167135999789025,15.705311999681726,13402,0.0
1038,1774584390.966729,46.39485959877617,17.348544000014954,21.55411199964874,13402,0.0
1039,1774584390.9853256,53.80898756470126,15.016992000255414,18.58425599994007,13402,0.0
1040,1774584391.0063133,47.67513173498017,16.335040000285517,20.975296000415256,13402,0.0
1041,1774584391.026985,48.40435995424555,17.115296000156377,20.659296000303584,13402,0.0
1042,1774584391.045365,54.43956859479302,14.820288000009896,18.36899199997788,13402,0.0
1043,1774584391.064955,51.076863733478355,14.906272000189347,19.578335999995033,13402,0.0
1044,1774584391.0840585,52.37743261805916,15.519263999976829,19.092191999789065,13402,0.0
1045,1774584391.103976,50.23776529531836,15.268256000126712,19.905344000108016,13402,0.0
1046,1774584391.1245298,48.68139622834135,16.947936000178743,20.541728000353032,13402,0.0
1047,1774584391.1456785,47.311495861070306,17.583264000222698,21.136511999884533,13402,0.0
1048,1774584391.1621535,60.74141456474106,12.588703999881545,16.463232000205608,13402,0.0
1049,1774584391.178552,61.02037787764262,12.836064000111946,16.387967999889952,13402,0.0
1050,1774584391.1961331,56.91182764254058,13.003104000290477,17.571040000348148,13402,0.0
1051,1774584391.2117124,64.23762783443519,11.293472000033944,15.567199999622972,13402,0.0
1052,1774584391.2296035,55.9281113486625,12.182431999917753,17.880095999771584,13402,0.0
1053,1774584391.2496367,49.94158831834133,14.353152000239788,20.023391999984597,13402,0.0
1054,1774584391.2670634,57.4149844845516,13.726143999974738,17.417055999885633,13402,0.0
1055,1774584391.2844098,57.686734266561686,13.795551999919553,17.33500799991816,13402,0.0
1056,1774584391.3060038,46.33425606400546,17.24982399991859,21.582304000276054,13402,0.0
1057,1774584391.3276057,46.316606985829935,16.994080000131362,21.590528000160703,13402,0.0
1058,1774584391.347157,51.18168268941692,14.911775999735255,19.538240000201768,13402,0.0
1059,1774584391.366552,51.5946460439274,15.500672000143823,19.38185600010911,13402,0.0
1060,1774584391.3855853,52.57818165201913,14.060831999813672,19.01929600035146,13402,0.0
1061,1774584391.4050436,51.423399703520325,15.853312000217556,19.446400000106223,13202,0.0
1062,1774584391.4265456,46.53275161228229,16.859872000168252,21.490239999820915,13202,0.0
1063,1774584391.4450405,54.10412230205439,14.150464000067586,18.482879999737634,13202,0.0
1064,1774584391.4623954,57.65906059040379,11.87391999974352,17.343328000151814,13202,0.0
1065,1774584391.4794087,58.817329373371344,13.211615999807691,17.001791999973648,13202,0.0
1066,1774584391.4955459,62.01221194031831,12.193919999845093,16.125856000144267,13202,0.0
1067,1774584391.5125086,58.99365322729208,13.106656000218209,16.95097599986184,13202,0.0
1068,1774584391.5298567,57.68162328070634,13.612256000214984,17.33654400004525,13202,0.0
1069,1774584391.5460606,61.74986266824843,11.92393599967545,16.194368000014947,13202,0.0
1070,1774584391.5617578,63.7429882696268,11.526432000209752,15.688000000409374,13202,0.0
1071,1774584391.5790713,57.7897857251831,13.756928000020707,17.3040959998616,13202,0.0
1072,1774584391.5999217,47.987444948200945,17.20790399986072,20.838784000261512,13202,0.0
1073,1774584391.617382,57.312107985649014,13.879167999675701,17.44831999985763,13202,0.0
1074,1774584391.6375244,49.673663898368766,15.754560000004858,20.131391999711923,13202,0.0
1075,1774584391.6568315,51.82438416004217,15.746976000173163,19.295936000162328,13202,0.0
1076,1774584391.6738021,58.966825735023356,13.39875200028473,16.958688000158872,13202,0.0
1077,1774584391.6881788,69.60841092377417,10.849408000012772,14.366079999945214,13202,0.0
1078,1774584391.7025094,69.83255828451524,10.832160000063595,14.31996800010893,13202,0.0
1079,1774584391.7172763,67.76448750530191,10.800095999911719,14.756992000002356,13202,0.0
1080,1774584391.7316847,69.45432239102949,10.831776000031823,14.397952000308578,13202,0.0
1081,1774584391.7461512,69.18354560868129,10.955167999782134,14.454303999627882,13202,0.0
1082,1774584391.7604828,69.82959344629849,10.818367999945622,14.320576000045548,13202,0.0
1083,1774584391.7750757,68.57927874487628,10.859679999612126,14.581663999706507,13202,0.0
1084,1774584391.7913537,61.470008537904086,11.526239999966492,16.268095999748766,13202,0.0
1085,1774584391.8077369,61.0777436599073,10.831008000423026,16.372576000321715,13202,0.0
1086,1774584391.8267896,52.51456543991436,13.34902400003557,19.04233599998406,13202,0.0
1087,1774584391.842768,62.628639225969685,10.833119999915652,15.967135999744642,13202,0.0
1088,1774584391.8581717,64.96368270231349,10.821888000009494,15.393216000120447,13202,0.0
1089,1774584391.873435,65.60274754904667,10.860351999781415,15.243263999764167,13202,0.0
1090,1774584391.8879,69.18844718985207,10.820703999797843,14.453279999997903,13202,0.0
1091,1774584391.902334,69.33258786983338,10.878943999614421,14.423231999899144,13483,0.0
1092,1774584391.9166298,69.9960130273092,10.803231999943819,14.286527999956888,13483,0.0
1093,1774584391.9315462,67.08585486614611,10.795040000175504,14.906272000189347,13483,0.0
1094,1774584391.9458866,69.77533458640471,10.843519999980344,14.33171200005745,13483,0.0
1095,1774584391.9601996,69.91943044190802,10.828896000020904,14.302176000001054,13483,0.0
1096,1774584391.974582,69.57787935468818,10.848511999938637,14.372384000125749,13483,0.0
1097,1774584391.9889174,69.8099382537661,10.835487999884208,14.324608000151784,13483,0.0
1098,1774584392.0046136,63.7524812461539,12.003871999695548,15.685664000102406,13483,0.0
1099,1774584392.020041,64.86645812587781,10.799776000112615,15.416287999869382,13483,0.0
1100,1774584392.034335,70.01483194153822,10.854816000119172,14.282688000093913,13483,0.0
1101,1774584392.048733,69.50437265735255,10.808704000282887,14.38758400036022,13483,0.0
1102,1774584392.063081,69.74154341799604,10.844287999589142,14.33865600029094,13483,0.0
1103,1774584392.077369,70.04056749613268,10.801055999763776,14.277440000114439,13483,0.0
1104,1774584392.0916462,70.09130934912966,10.788223999952606,14.267104000282416,13483,0.0
1105,1774584392.1059787,69.81976446673278,10.824768000020413,14.322592000098666,13483,0.0
1106,1774584392.1203377,69.69612489470498,10.817951999797515,14.34800000015457,13483,0.0
1107,1774584392.1347675,69.35135950732865,10.881791999963752,14.419328000258247,13483,0.0
1108,1774584392.149017,70.23655672359766,10.773439999866241,14.237599999887607,13483,0.0
1109,1774584392.1633556,69.79263212979401,10.78271999995195,14.32816000033199,13483,0.0
1110,1774584392.1776507,70.00432346624488,10.839872000360629,14.284832000157621,13483,0.0
1111,1774584392.191974,69.86737495374267,10.763423999833321,14.312832000086928,13483,0.0
1112,1774584392.2062914,69.89347116816612,10.852639999939129,14.30748799975845,13483,0.0
1113,1774584392.2207012,69.44243832873288,10.807168000155798,14.40041600017139,13483,0.0
1114,1774584392.2350628,69.67887514941656,10.791360000439454,14.35155199988003,13483,0.0
1115,1774584392.249397,69.81368124705664,10.793120000016643,14.32384000008824,13483,0.0
1116,1774584392.2637248,69.84801072662859,10.811871999976574,14.316800000415242,13483,0.0
1117,1774584392.2782927,68.6986820850338,10.878720000164321,14.556319999883272,13483,0.0
1118,1774584392.292584,70.03067904128226,10.813792000135436,14.279455999712809,13483,0.0
1119,1774584392.308646,62.29964434461935,10.83212799994726,16.051455999786413,13483,0.0
1120,1774584392.3240585,64.92211423787953,10.794912000164913,15.403072000026441,13483,0.0
1121,1774584392.339779,63.65482584946906,10.865023999940604,15.709728000274481,13483,0.0
1122,1774584392.3547168,66.99524709003867,11.378879999938363,14.92643199981103,13483,0.0
1123,1774584392.3690374,69.88503073760288,10.80047999994349,14.3092160001288,13483,0.0
1124,1774584392.3833685,69.82257246551842,10.801024000102188,14.322015999823634,13483,0.0
1125,1774584392.3977516,69.57478120256431,10.880704000101105,14.373023999723955,13483,0.0
1126,1774584392.4122636,68.95501705639357,10.896160000356758,14.502208000067185,13804,0.0
1127,1774584392.426751,69.07527547153914,10.8521600000131,14.476960000138206,13804,0.0
1128,1774584392.441155,69.47717591438814,10.833631999958016,14.39321599991672,13804,0.0
1129,1774584392.4554636,69.94086919165156,10.784383999634883,14.297791999979381,13804,0.0
1130,1774584392.4697745,69.92474978282212,10.83520000020144,14.30108799968366,13804,0.0
1131,1774584392.484077,69.9676469595803,10.802239999975427,14.29232000009506,13804,0.0
1132,1774584392.498467,69.5448981867822,10.874176000015723,14.379199999893899,13804,0.0
1133,1774584392.5133028,67.45395323312476,10.82979200009504,14.82492800005275,13804,0.0
1134,1774584392.5286808,65.07244384916567,10.818016000030184,15.367488000265439,13804,0.0
1135,1774584392.5430543,69.61942125716153,10.856511999918439,14.363807999870915,13804,0.0
1136,1774584392.5573928,69.79980299711971,10.839231999852927,14.326687999982823,13804,0.0
1137,1774584392.5717263,69.8246006048665,10.8310719997462,14.321599999675527,13804,0.0
1138,1774584392.5860317,69.95511679778664,10.862879999876895,14.294879999852128,13804,0.0
1139,1774584392.6003282,70.00040320289696,10.800991999985854,14.285631999882753,13804,0.0
1140,1774584392.6146588,69.8246006048665,10.810144000060973,14.321599999675527,13804,0.0
1141,1774584392.6289399,70.07449198797622,10.7875840003544,14.270527999997284,13804,0.0
1142,1774584392.6432781,69.79512617922526,10.804672000176652,14.32764799983488,13804,0.0
1143,1774584392.657614,69.81118587581686,10.815552000167372,14.324351999675855,13804,0.0
1144,1774584392.6721215,68.98241555427039,10.99631999977646,14.496448000045348,13804,0.0
1145,1774584392.6901426,55.522587476233944,11.322783999730746,18.010688000231312,13804,0.0
1146,1774584392.7083313,55.01624959856176,11.599072000080923,18.176448000303935,13804,0.0
1147,1774584392.7256205,57.88033865050453,11.538144000041939,17.277024000122765,13804,0.0
1148,1774584392.7436943,55.36323597679623,12.36185600009776,18.0625279999731,13804,0.0
1149,1774584392.766931,43.05819263137532,16.19875200003662,23.22438399960447,13804,0.0
1150,1774584392.7848144,55.954348413178515,14.04915200009782,17.871712000214757,13804,0.0
1151,1774584392.806193,46.80168515981028,16.039552000165713,21.366752000176348,13804,0.0
1152,1774584392.8278632,46.17262207340946,17.130751999957283,21.65785599981973,13804,0.0
1153,1774584392.8432195,65.16621032785265,10.82940799960852,15.34537600036856,13804,0.0
1154,1774584392.8585274,65.530936895096,10.797312000249804,15.259967999554647,13804,0.0
1155,1774584392.8738823,65.1675692804591,10.841792000064743,15.34505600011471,13804,0.0
1156,1774584392.8880496,70.63280209882011,10.78966400018544,14.157728000100178,13804,0.0
1157,1774584392.902471,69.39093632282655,10.905183999966539,14.41110399991885,13804,0.0
1158,1774584392.9172733,67.61156990855753,10.845920000065234,14.790367999921727,13804,0.0
1159,1774584392.9317882,68.94801870991688,10.90918399995644,14.503679999961605,13763,0.0
1160,1774584392.948294,60.628518880021495,10.893279999891092,16.49388799978624,13763,0.0
1161,1774584392.964476,61.840287808387025,10.859007999897585,16.170688000329392,13763,0.0
1162,1774584392.9797919,65.3415743858381,10.836320000180422,15.304192000257899,13763,0.0
1163,1774584392.9951377,65.20795599610005,10.8057600000393,15.335552000124153,13763,0.0
1164,1774584393.0105069,65.10782898240531,10.880224000175076,15.359135999915452,13763,0.0
1165,1774584393.02654,62.41848146459102,10.92848000007507,16.02089599964529,13763,0.0
1166,1774584393.0421538,64.09165208679022,10.892511999827548,15.602656000282877,13763,0.0
1167,1774584393.0566273,69.14558187254032,10.844160000033298,14.46224000028451,13763,0.0
1168,1774584393.0710194,69.53483973523258,10.847584000202914,14.381280000179686,13763,0.0
1169,1774584393.085409,69.54273150640495,10.847296000065398,14.379647999703593,13763,0.0
1170,1774584393.0996885,70.08486436254543,10.798624000017298,14.268415999595163,13763,0.0
1171,1774584393.1140592,69.62996962948644,10.879488000227866,14.361632000145619,13763,0.0
1172,1774584393.1284914,69.3421262849519,10.838047999641276,14.421247999962361,13763,0.0
1173,1774584393.1428757,69.57276754965416,10.814944000230753,14.373439999872062,13763,0.0
1174,1774584393.157134,70.1811909904306,10.783296000226983,14.248832000248512,13763,0.0
1175,1774584393.171569,69.32013034293527,10.861215999739215,14.425824000227294,13763,0.0
1176,1774584393.1870859,64.49682159655939,10.831040000084613,15.504640000017389,13763,0.0
1177,1774584393.207197,49.75512517608103,14.963136000005761,20.098431999940658,13763,0.0
1178,1774584393.224622,57.519607283002095,12.093567999727384,17.385376000220276,13763,0.0
1179,1774584393.2390184,69.51797901719065,10.836223999831418,14.384768000127224,13763,0.0
1180,1774584393.2534297,69.44197539830667,10.842367999885028,14.400511999610899,13763,0.0
1181,1774584393.2689884,64.3226465102773,10.907392000262917,15.54662400030793,13763,0.0
1182,1774584393.2911017,45.246182670256445,15.43385600007241,22.101311999904283,13763,0.0
1183,1774584393.30741,61.368246792468824,11.398367999845505,16.295072000048094,13763,0.0
1184,1774584393.3219783,68.69415165380778,10.930207999990671,14.557280000190076,13763,0.0
1185,1774584393.3379724,62.568950983610684,11.684607999995933,15.982368000095448,13763,0.0
1186,1774584393.3523324,69.6989229548594,10.834048000106122,14.347424000334286,13763,0.0
1187,1774584393.3667777,69.28048063916681,10.829568000190193,14.434080000228278,13763,0.0
1188,1774584393.381135,69.70358689068502,10.817024000061792,14.346464000027481,13763,0.0
1189,1774584393.395594,69.21480510219638,10.858271999950375,14.447775999997248,13763,0.0
1190,1774584393.4115455,62.73299032588147,10.833344000275247,15.940576000048168,13763,0.0
1191,1774584393.427289,63.56509676153782,10.85363199990752,15.731903999949282,13763,0.0
1192,1774584393.4425945,65.38723892159433,11.00224000037997,15.293504000055691,13924,0.0
1193,1774584393.4586287,62.41187443369241,11.216928000067128,16.022591999899305,13924,0.0
1194,1774584393.474671,62.38508667074191,12.216447999890079,16.029471999900125,13924,0.0
1195,1774584393.4966128,45.5988034879237,11.443039999903704,21.93039999974644,13924,0.0
1196,1774584393.5181015,46.84349774784677,17.259456000374485,21.347679999962565,13924,0.0
1197,1774584393.539613,46.51460484204904,17.63039999968896,21.49862399983249,13924,0.0
1198,1774584393.5562615,60.111644153905495,13.058239999736543,16.635712000152125,13924,0.0
1199,1774584393.5769498,48.36577838785072,14.244800000142277,20.67577599973447,13924,0.0
1200,1774584393.6022704,39.51404676935786,18.700512000123126,25.30745600006412,13924,0.0
1201,1774584393.6236918,46.70913585872424,16.626975999770366,21.40908799992758,13924,0.0
1202,1774584393.644989,46.98322586040272,17.72195199964699,21.284192000166513,13924,0.0
1203,1774584393.6711612,38.225691823804176,17.55836799975441,26.160416000038822,13924,0.0
1204,1774584393.6928525,46.12886559909054,17.51971199973923,21.678399999927933,13924,0.0
1205,1774584393.7087724,62.86309724907982,12.18745599999238,15.907584000160568,13924,0.0
1206,1774584393.7289295,49.6443873244056,14.614080000228569,20.143264000125782,13924,0.0
1207,1774584393.753269,41.10668401298395,18.516384000122343,24.326943999767536,13924,0.0
1208,1774584393.775792,44.42239514149987,17.261472000427602,22.511168000164616,13924,0.0
1209,1774584393.7933455,57.00827851401512,10.833727999852272,17.541312000048492,13924,0.0
1210,1774584393.8141637,48.06324353853981,13.649439999880997,20.805919999929756,13924,0.0
1211,1774584393.8359,46.03149585476384,12.978879999991477,21.724255999743036,13924,0.0
1212,1774584393.8557606,50.3826664273948,13.909792000049492,19.84809600025983,13924,0.0
1213,1774584393.8831594,36.514986334582495,17.56988800025283,27.38601600003676,13924,0.0
1214,1774584393.9048254,46.183744798832976,18.080575999647408,21.65264000041134,13924,0.0
1215,1774584393.925832,47.632475440612225,17.35478399996282,20.994080000036774,13924,0.0
1216,1774584393.9463987,48.6515351315414,16.597215999809123,20.554335999804607,13924,0.0
1217,1774584393.9682765,45.73433983041893,16.639455999666097,21.865407999939634,13723,0.0
1218,1774584393.988988,48.31044835217166,16.930431999753637,20.699455999874772,13723,0.0
1219,1774584394.0120115,43.45619268155738,17.722816000059538,23.011679999854096,13723,0.0
1220,1774584394.0339282,45.65182775233177,16.7368960001113,21.904928000367363,13723,0.0
1221,1774584394.0565014,44.32146321798036,17.829983999945398,22.56243200008612,13723,0.0
1222,1774584394.0749416,54.26769865011827,14.790816000186169,18.427168000016536,13723,0.0
1223,1774584394.095472,48.7367436054348,15.780160000304022,20.518400000128167,13723,0.0
1224,1774584394.1176794,45.056865368472806,16.500864000136062,22.194176000084553,13723,0.0
1225,1774584394.1387517,47.482154306690646,17.414624000139156,21.06054400019275,13723,0.0
1226,1774584394.15741,53.62919487568294,14.920927999810374,18.646559999979218,13723,0.0
1227,1774584394.1786406,47.12727228827852,16.884480000044277,21.219136000127037,13723,0.0
1228,1774584394.2013028,44.149829688150255,17.56080000041038,22.650143999726424,13723,0.0
1229,1774584394.2216113,49.274288282395794,16.629855999781284,20.294559999911144,13723,0.0
1230,1774584394.2403939,53.28036554474878,14.614303999678668,18.76864000041678,13723,0.0
1231,1774584394.2587123,54.62560918368271,14.70188799976313,18.306432000372297,13723,0.0
1232,1774584394.2789311,49.484098581938525,15.15183999981673,20.20851199995377,13723,0.0
1233,1774584394.2933493,69.41744877031701,10.756607999610424,14.405599999918195,13723,0.0
1234,1774584394.3170247,42.2587969289833,19.739167999887286,23.663712000143278,13723,0.0
1235,1774584394.33457,57.03907861297273,13.743743999839353,17.53184000017427,13723,0.0
1236,1774584394.3519118,57.70122031152543,13.796031999845582,17.330656000012823,13723,0.0
1237,1774584394.372754,48.0044732483321,17.319583999778843,20.83139200021833,13723,0.0
1238,1774584394.3955212,43.94760601515165,16.84112000020832,22.75436800027819,13723,0.0
1239,1774584394.4133565,56.10805783519655,14.300639999873965,17.82275200002914,13723,0.0
1240,1774584394.4289818,64.04882877745987,12.070943999788142,15.613088000009157,13723,0.0
1241,1774584394.4463725,57.53771712321713,13.71984000024895,17.379904000335955,13723,0.0
1242,1774584394.46266,61.44136527787331,12.761632000092504,16.27567999958046,13202,0.0
1243,1774584394.4799001,58.037496867112175,13.712095999835583,17.230239999662444,13202,0.0
1244,1774584394.496083,61.83845223872055,11.53993600019021,16.171167999800673,13202,0.0
1245,1774584394.5134962,57.464395060784796,12.832384000375896,17.402080000010756,13202,0.0
1246,1774584394.5350409,46.439053386095054,15.721952000149031,21.53360000011162,13202,0.0
1247,1774584394.5573552,44.83983211968545,17.672511999990093,22.301599999991595,13202,0.0
1248,1774584394.5786772,46.92734745610984,17.711007999878348,21.30953599998975,13202,0.0
1249,1774584394.6008575,45.11124071132402,17.963008000151603,22.167423999690072,13202,0.0
1250,1774584394.6216877,48.03731077075468,14.76537600001393,20.817152000290662,13202,0.0
1251,1774584394.6459498,41.236052317391476,12.263231999895652,24.250624000160315,13202,0.0
1252,1774584394.6678095,45.7730593687547,12.716415999875608,21.846912000000884,13202,0.0
1253,1774584394.6952076,36.51643707116001,16.116032000354608,27.384927999719366,13202,0.0
1254,1774584394.7195678,41.07291658499818,17.781184000341455,24.34694399971704,13202,0.0
1255,1774584394.7436326,41.57724786606723,16.92166399971029,24.051615999724163,13202,0.0
1256,1774584394.762552,52.894559561400186,15.27187200008484,18.90553600014755,13202,0.0
1257,1774584394.7845647,45.4560000463328,17.763776000265352,21.99929600010364,13202,0.0
1258,1774584394.804631,49.86707432649387,15.309215999877779,20.053312000072765,13202,0.0
1259,1774584394.8372202,30.696842890993285,23.80284799983201,32.57664000011573,13202,0.0
1260,1774584394.860482,43.00930239584214,14.08841600004962,23.250784000083513,13202,0.0
1261,1774584394.879427,52.81651458370813,13.677696000286232,18.933471999844187,13202,0.0
1262,1774584394.901709,44.90387696509452,17.492672000116727,22.2697919998609,13202,0.0
1263,1774584394.9231946,46.56894886797324,15.689088000272022,21.473536000030435,13202,0.0
1264,1774584394.9473705,41.38338361127348,16.283456000110164,24.164288000065426,13202,0.0
1265,1774584394.9734359,38.38326023076924,17.682495999906678,26.053024000248115,13202,0.0
1266,1774584394.9951787,46.01604156044499,15.97855999989406,21.731551999891963,13362,0.0
1267,1774584395.0194368,41.24367157139198,17.52102400041622,24.246143999789638,13362,0.0
1268,1774584395.0417347,44.87131624452745,14.946847999908641,22.28595199994743,13362,0.0
1269,1774584395.075839,29.332394696812116,19.152192000092327,34.091999999873224,13362,0.0
1270,1774584395.0963078,48.885259647277955,10.983648000092217,20.456063999972685,13362,0.0
1271,1774584395.1179738,46.183949562560464,13.37065600000642,21.652544000062335,13362,0.0
1272,1774584395.1421962,41.30412657976657,19.015679999938584,24.210655999922892,13362,0.0
1273,1774584395.1636782,46.576792088495544,16.32473600011508,21.469920000072307,13362,0.0
1274,1774584395.1838377,49.63153548061937,14.310463999663625,20.148479999988922,13362,0.0
1275,1774584395.2018638,55.51183690085606,12.18745599999238,18.014175999724102,13362,0.0
1276,1774584395.2275553,38.939839505184395,12.097216000256594,25.680640000246058,13362,0.0
1277,1774584395.2443852,59.458914365341954,10.760704000404075,16.818336000142153,13362,0.0
1278,1774584395.2617602,57.588825004541704,10.77411200003553,17.36447999974189,13362,0.0
1279,1774584395.2779493,61.81447744564979,11.22867200001565,16.177439999864873,13362,0.0
1280,1774584395.3021386,41.36262380652736,10.847168000054808,24.17641600004572,13362,0.0
1281,1774584395.3186789,60.50467676879222,10.744895999778237,16.52764800019213,13362,0.0
1282,1774584395.347496,34.716359014928834,11.595519999900716,28.804863999994268,13362,0.0
1283,1774584395.372569,39.9021407974789,16.58761599992431,25.061312000161706,13362,0.0
1284,1774584395.3932507,48.381353439115394,13.822367999637208,20.669120000093244,13362,0.0
1285,1774584395.4107335,57.237577155776094,10.650879999957397,17.471040000145877,13362,0.0
1286,1774584395.4295547,53.16651241259716,10.807136000039463,18.808832000104303,13362,0.0
1287,1774584395.4537628,41.32919997295114,16.070912000031967,24.195967999730783,13362,0.0
1288,1774584395.4693542,64.19065342958385,11.932960000194726,15.578592000110802,13362,0.0
1289,1774584395.484684,65.28560624842018,10.866719999739871,15.317311999751837,13362,0.0
1290,1774584395.5038283,52.2685381863257,10.796160000154487,19.131968000237976,13643,0.0
1291,1774584395.5244002,48.63926784281444,11.308064000331797,20.55952000000616,13643,0.0
1292,1774584395.5399833,64.22746181316563,11.741408000034426,15.56966399994053,13643,0.0
1293,1774584395.5606937,48.311419274188815,10.841792000064743,20.699039999726665,13643,0.0
1294,1774584395.5794842,53.25294552669749,15.002368000295974,18.778304000079515,13643,0.0
1295,1774584395.5962877,59.55001152947658,10.772608000024775,16.7926079998324,13643,0.0
1296,1774584395.6199281,42.321578994674496,13.57110399976591,23.628607999853557,13643,0.0
1297,1774584395.6403275,49.050153585646456,16.75913600001877,20.387296000080823,13643,0.0
1298,1774584395.6589358,53.778521976871275,10.738303999914933,18.594784000015352,13643,0.0
1299,1774584395.6737463,67.58042611492553,10.808576000272296,14.797183999689878,13643,0.0
1300,1774584395.706858,30.213116069647523,14.351039999837667,33.098207999955775,13643,0.0
1301,1774584395.7377284,32.40447420233587,11.938367999846378,30.859936000069865,13643,0.0
1302,1774584395.7690704,31.9174252801071,11.472224000044662,31.330847999925027,13643,0.0
1303,1774584395.7918866,43.85103277932332,16.570400000091468,22.804480000104377,13643,0.0
1304,1774584395.815459,42.44147829438272,11.336000000028434,23.561856000014814,13643,0.0
1305,1774584395.8359315,48.875549557299095,15.767200000027515,20.460127999740507,13643,0.0
1306,1774584395.8614469,39.20992933474775,15.89235200026451,25.503743999706785,13643,0.0
1307,1774584395.8774025,62.71888892098299,10.83385600031761,15.94416000034471,13643,0.0
1308,1774584395.894423,58.79298472664313,12.369791999844892,17.008832000101393,13643,0.0
1309,1774584395.9099371,64.50720622886313,10.808256000018446,15.502144000038243,13643,0.0
1310,1774584395.9260375,62.15936667218896,10.95564800016291,16.08767999960037,13643,0.0
1311,1774584395.9484804,44.581589300894386,15.526303999649826,22.430784000334825,13643,0.0
1312,1774584395.967842,51.67911651039082,12.283391999972082,19.350175999989006,13643,0.0
1313,1774584395.9950602,36.756532959549965,17.21763200021087,27.206047999698058,13643,0.0
1314,1774584396.0261364,32.19233400091854,11.648352000065643,31.06329599995661,13683,0.0
1315,1774584396.050198,41.58172905425586,17.977695999888965,24.049024000305508,13683,0.0
1316,1774584396.0819743,31.482878854881424,20.809791999909066,31.763296000008268,13683,0.0
1317,1774584396.1048033,43.8288920053257,17.670751999958156,22.81600000014805,13683,0.0
1318,1774584396.1209009,62.17556788745514,11.317311999846424,16.083487999821955,13683,0.0
1319,1774584396.143682,43.92172516120892,17.30883200025346,22.767775999909645,13683,0.0
1320,1774584396.1675303,41.95244673401297,17.88918400006878,23.8365119998889,13683,0.0
1321,1774584396.189429,45.68900481276369,16.80054400003428,21.887104000143154,13683,0.0
1322,1774584396.2113533,45.63609413525889,14.793599999848084,21.912479999627976,13683,0.0
1323,1774584396.2256372,70.06867851490838,10.740415999862307,14.271712000208936,13683,0.0
1324,1774584396.2430282,57.53252659032517,10.605279999708728,17.381471999669884,13683,0.0
1325,1774584396.2686002,39.12294495017569,18.439328000113164,25.56044799985102,13683,0.0
1326,1774584396.2899122,46.94751043004708,16.628576000130124,21.30038399991463,13683,0.0
1327,1774584396.309076,52.21491491942716,13.859327999853122,19.151615999817295,13683,0.0
1328,1774584396.3302486,47.25819305909082,13.995488000091427,21.160351999697014,13683,0.0
1329,1774584396.3523047,45.36151311532725,17.043488000126672,22.04511999980241,13683,0.0
1330,1774584396.3742735,45.54391088865385,17.332320000150503,21.956831999887072,13683,0.0
1331,1774584396.392326,55.427161614401726,13.36838399993212,18.041696000182128,13683,0.0
1332,1774584396.4095342,58.15197670185975,12.500480000198877,17.196320000039123,13683,0.0
1333,1774584396.4355142,38.50902898075923,18.29206399997929,25.9679360001428,13683,0.0
1334,1774584396.4595778,41.57852020422013,20.371871999941504,24.050879999776953,13683,0.0
1335,1774584396.4878745,35.3565181576381,18.16441599976315,28.283328000270558,13683,0.0
1336,1774584396.5157094,35.944164048036704,16.88879999983328,27.820927999982814,13322,0.0
1337,1774584396.540386,40.54839597019737,18.056032000004052,24.6618880000824,13322,0.0
1338,1774584396.561366,47.69659774398602,10.847808000107761,20.96585600020262,13322,0.0
1339,1774584396.5800405,53.58496260197658,12.15254399994592,18.661952000002202,13322,0.0
1340,1774584396.6129613,30.388722817537147,19.031359999644337,32.90694400038774,13322,0.0
1341,1774584396.630334,57.603899000389916,10.854271999960474,17.359936000048037,13322,0.0
1342,1774584396.6477733,57.38103763259511,10.754112000086025,17.42736000005607,13322,0.0
1343,1774584396.6641903,60.956460508502985,10.821759999998903,16.40515199960646,13322,0.0
1344,1774584396.6842806,49.80476532025633,10.791616000005888,20.07839999987482,13322,0.0
1345,1774584396.7016153,57.729467706241024,10.807520000071236,17.322176000106992,13322,0.0
1346,1774584396.7278938,38.07381812821414,10.982527999658487,26.264767999691685,13322,0.0
1347,1774584396.7456048,56.49860516367238,10.893535999912274,17.699551999612595,13322,0.0
1348,1774584396.763932,54.60041234183167,12.115839999751188,18.314880000161793,13322,0.0
1349,1774584396.7804894,60.44405588329143,10.932351999599632,16.54422399997202,13322,0.0
1350,1774584396.8005319,49.92363680454651,10.93014400021275,20.030592000239267,13322,0.0
1351,1774584396.8178272,57.8583701147416,11.006239999915124,17.28358400032448,13322,0.0
1352,1774584396.8382125,49.08783030210421,12.54927999980282,20.371648000036657,13322,0.0
1353,1774584396.8562872,55.3716723840599,13.92102399995565,18.05977599997277,13322,0.0
1354,1774584396.8795319,43.04484790991818,14.240800000152376,23.231584000313887,13322,0.0
1355,1774584396.9033546,41.999470471157714,11.400608000258217,23.809823999727087,13322,0.0
1356,1774584396.9247332,46.80385813517829,11.274975999640446,21.365760000207956,13322,0.0
1357,1774584396.9553595,32.66501582014179,16.784544000074675,30.61379200016745,13322,0.0
1358,1774584396.9758384,48.85889083260566,11.175808000189136,20.46710400009033,13322,0.0
1359,1774584396.9994354,42.401340560504586,16.462783999941166,23.584160000154952,13322,0.0
1360,1774584397.0240386,40.664582905104695,18.304063999948994,24.591423999936524,13563,0.0
1361,1774584397.0415018,57.29519032105901,10.902687999987393,17.45347199994285,13563,0.0
1362,1774584397.0560727,68.68826298837769,11.004287999639928,14.558528000179649,13563,0.0
1363,1774584397.0755577,51.35444261122342,10.890336000102252,19.472511999993003,13563,0.0
1364,1774584397.0923076,59.741153531436666,10.908736000146746,16.738879999593337,13563,0.0
1365,1774584397.1200726,36.0321510560892,19.067872000050556,27.75299199993242,13563,0.0
1366,1774584397.1458092,38.87313922070342,11.051455999677273,25.72470399991289,13563,0.0
1367,1774584397.1622036,61.04493297744788,12.61171199985256,16.38137600002665,13563,0.0
1368,1774584397.178612,60.99000934856099,10.969983999984834,16.39612799999668,13563,0.0
1369,1774584397.1967504,55.165523049331114,13.107264000154828,18.127263999758725,13563,0.0
1370,1774584397.2192893,44.390970095615224,16.282207999665843,22.52710399989155,13563,0.0
1371,1774584397.235545,61.56604312650511,12.198431999877357,16.242719999809196,13563,0.0
1372,1774584397.250387,67.43561247648377,10.97449599956235,14.828960000158986,13563,0.0
1373,1774584397.2691357,53.368718929362586,13.219519999893237,18.73756799977855,13563,0.0
1374,1774584397.291071,45.61337953598084,12.863487999766221,21.92339199973503,13563,0.0
1375,1774584397.3074765,60.99679498540119,11.31372800000463,16.394303999732074,13563,0.0
1376,1774584397.3219736,69.03194025046275,10.885600000165141,14.486047999980656,13563,0.0
1377,1774584397.3363545,69.59275433488331,10.84768000009717,14.369312000326318,13563,0.0
1378,1774584397.3507361,69.58702051719084,10.856192000119336,14.370496000083222,13563,0.0
1379,1774584397.365017,70.08187805984096,10.80473600040932,14.26902399998653,13563,0.0
1380,1774584397.3796377,68.43720093078967,10.820960000273772,14.611935999710113,13563,0.0
1381,1774584397.3942142,68.65461128427624,10.927584000000934,14.565663999746903,13563,0.0
1382,1774584397.40857,69.70825144852154,10.847488000308658,14.345504000175424,13563,0.0
1383,1774584397.422945,69.6183355770588,10.843168000064907,14.364031999775762,13563,0.0
1384,1774584397.4372854,69.78156694811304,10.82633599980909,14.330431999951543,13563,0.0
1385,1774584397.451748,69.20300285737014,10.891391999848565,14.45023999986006,13563,0.0
1386,1774584397.4662275,69.119735286135,10.940512000161107,14.46764800039091,13563,0.0
1387,1774584397.4891336,43.681184661585746,13.413856000170199,22.893152000051487,13563,0.0
1388,1774584397.5090332,50.27987791246442,15.213759999824106,19.888671999979124,13563,0.0
1389,1774584397.5248191,63.39256734793688,10.91145600003074,15.774720000081288,13563,0.0
1390,1774584397.539348,68.87917600710777,10.862080000151764,14.518175999910454,13643,0.0
1391,1774584397.5537047,69.69907841205597,10.880255999836663,14.347391999763204,13643,0.0
1392,1774584397.5679824,70.0897372920498,10.78124800005753,14.267424000081519,13643,0.0
1393,1774584397.5822911,69.9425911208949,10.84608000019216,14.297440000063943,13643,0.0
1394,1774584397.5966315,69.78733287456204,10.857440000108909,14.329247999739891,13643,0.0
1395,1774584397.6110213,69.5501606907398,10.851487999843812,14.378111999576504,13643,0.0
1396,1774584397.6253502,69.84426405366617,10.805536000134452,14.317568000024039,13643,0.0
1397,1774584397.6398253,69.14282806285817,10.873312000057922,14.462816000104795,13643,0.0
1398,1774584397.6544766,68.30839985740151,10.932864000096743,14.639487999829726,13643,0.0
1399,1774584397.668799,69.87315506982249,10.844735999853583,14.311647999875277,13643,0.0
1400,1774584397.6831663,69.65200742659009,10.848383999928046,14.35708799999702,13643,0.0
1401,1774584397.6974764,69.93319980645417,10.817215999850305,14.299360000222805,13643,0.0
1402,1774584397.7117326,70.19269861193258,10.793344000376237,14.246495999941544,13643,0.0
1403,1774584397.726181,69.25576097189813,10.895904000335577,14.439231999858748,13643,0.0
1404,1774584397.7405589,69.6085659752711,10.8669760002158,14.36604799982888,13643,0.0
1405,1774584397.75492,69.68804287064312,10.829600000306527,14.349663999837503,13643,0.0
1406,1774584397.7692308,69.92913102336708,10.84342399963134,14.300191999609524,13643,0.0
1407,1774584397.7853978,61.896386438470905,12.697792000381014,16.156032000253617,13643,0.0
1408,1774584397.7996569,70.18670787372736,10.787744000026578,14.247711999814783,13643,0.0
1409,1774584397.8140798,69.37799574336506,10.924031999820727,14.41379199968651,13643,0.0
1410,1774584397.8301578,62.23872184544678,10.96393599982548,16.067168000063248,13643,0.0
1411,1774584397.8445172,69.692549921673,10.82867199966131,14.34873600010178,13643,0.0
1412,1774584397.858827,69.92819213655346,10.804991999975755,14.300384000307531,13643,0.0
1413,1774584397.8731146,70.03946864127418,10.823072000221146,14.277664000019286,13643,0.0
1414,1774584397.8874407,69.85394378559093,10.79260799997428,14.315584000087256,13643,0.0
1415,1774584397.9017918,69.72987205443609,10.865215999729116,14.341055999921082,13643,0.0
1416,1774584397.916206,69.42654782382708,10.851072000150452,14.403711999875668,13643,0.0
1417,1774584397.9353287,52.325338021067786,14.760256000045047,19.111200000224926,13643,0.0
1418,1774584397.9509404,64.10519405873448,10.932767999747739,15.599360000123852,13643,0.0
1419,1774584397.9724205,46.580332814504175,15.24310400009199,21.46828800005096,13643,0.0
1420,1774584397.9958634,42.680062060168446,17.693471999791655,23.43014400003085,13643,0.0
1421,1774584398.0160942,49.459349954076416,16.310751999753847,20.218623999880947,13643,0.0
1422,1774584398.0356169,51.25311824002563,14.840832000118098,19.511007999881258,13643,0.0
1423,1774584398.050924,65.3739704908347,10.837920000085433,15.296607999971457,13603,0.0
1424,1774584398.0665877,63.88463559214861,10.888767999858828,15.653215999918757,13603,0.0
1425,1774584398.081231,68.34664543700043,10.886016000313248,14.631296000061411,13603,0.0
1426,1774584398.0957313,69.0229443331188,10.885439999583468,14.487935999568435,13603,0.0
1427,1774584398.1104355,68.05995374132901,10.92934400003287,14.692927999931271,13603,0.0
1428,1774584398.1269898,60.45107138544938,10.924159999831318,16.542304000267904,13603,0.0
1429,1774584398.1418307,67.43372074522603,11.179487999925186,14.829375999852346,13603,0.0
1430,1774584398.1564853,68.29033773758489,10.898943999563926,14.643359999809036,13603,0.0
1431,1774584398.1770337,48.69474704469148,15.622271999745863,20.53609599988704,13603,0.0
1432,1774584398.196073,52.55660556621622,14.642783999988751,19.027104000088002,13603,0.0
1433,1774584398.214896,53.16189967549421,13.238336000085837,18.8104639996709,13603,0.0
1434,1774584398.2353258,48.97735287155038,16.656511999826762,20.417600000200764,13603,0.0
1435,1774584398.2563593,47.570190768054445,17.44531199983612,21.021567999923718,13603,0.0
1436,1774584398.2769418,48.615886271428664,16.85916799988263,20.56940800002849,13603,0.0
1437,1774584398.2941947,58.00711677806184,13.218592000157514,17.239263999726973,13603,0.0
1438,1774584398.3135762,51.62763342203871,14.3767040003695,19.369472000107635,13603,0.0
1439,1774584398.3336973,49.72915512975095,11.0414400000991,20.108927999899606,13603,0.0
1440,1774584398.3484929,67.65079633049707,11.143103999984305,14.78179200012164,13603,0.0
1441,1774584398.373587,39.8688983040333,13.697215999854961,25.082208000185346,13603,0.0
1442,1774584398.3951993,46.29684499961498,14.322464000088075,21.599744000013743,13603,0.0
1443,1774584398.4141035,52.940887475544045,15.318719999868335,18.888992000029248,13603,0.0
1444,1774584398.4289138,67.57385010966038,11.166144000071654,14.798623999922711,13603,0.0
1445,1774584398.4448435,62.82404643077177,11.121823999928893,15.917472000182897,13603,0.0
1446,1774584398.4621732,57.749737585755014,12.500543999976799,17.316095999831305,13603,0.0
1447,1774584398.4792075,58.74711669247134,12.395424000260391,17.022111999722256,13603,0.0
1448,1774584398.5020034,43.889771366489875,18.745408000086172,22.784351999689534,13603,0.0
1449,1774584398.5229294,47.813434274636705,17.328575999727036,20.914623999942705,13603,0.0
1450,1774584398.5437946,47.95283589150376,16.955263999989256,20.85382400036906,13603,0.0
1451,1774584398.5637596,50.11635011870703,13.889024000036443,19.953567999891675,13643,0.0
1452,1774584398.5873592,42.392022432000005,17.54233599967847,23.589343999901757,13643,0.0
1453,1774584398.607095,50.70064231580351,15.066784000282496,19.723616000192123,13643,0.0
1454,1774584398.6279776,47.91401542459911,14.336447999994562,20.87071999994805,13643,0.0
1455,1774584398.646887,52.91757896626526,13.885152000057133,18.897311999808153,13643,0.0
1456,1774584398.6675599,48.39971192541682,16.842272000303637,20.66127999978562,13643,0.0
1457,1774584398.6885035,47.77257502599952,17.365279999921768,20.932511999944836,13643,0.0
1458,1774584398.7064166,55.86092863291435,14.271679999637854,17.901599999731843,13643,0.0
1459,1774584398.7250488,53.70440066721465,14.460448000136239,18.620448000092438,13643,0.0
1460,1774584398.7454743,48.98510696039348,16.76003199963816,20.41436799981966,13643,0.0
1461,1774584398.7637472,54.76076991068857,13.884544000120513,18.261247999816987,13643,0.0
1462,1774584398.786883,43.2470284098188,17.004864000227826,23.122976000195195,13643,0.0
1463,1774584398.8103957,42.54948334641192,16.949536000083754,23.50204800040956,13643,0.0
1464,1774584398.829618,52.053922866759045,13.875136000024213,19.210848000057013,13643,0.0
1465,1774584398.8509808,46.83514329269797,17.159999999876163,21.351488000163954,13643,0.0
1466,1774584398.8729026,45.64035980687,17.244927999854553,21.91043199991327,13643,0.0
1467,1774584398.8899853,58.5792882378066,12.63980800013087,17.07088000011936,13643,0.0
1468,1774584398.910363,49.10063351534061,15.301632000046084,20.36633600027926,13643,0.0
1469,1774584398.9281983,56.10553945777961,13.270976000057999,17.823551999754272,13643,0.0
1470,1774584398.9456694,57.27796768631659,12.44492799969521,17.458719999922323,13643,0.0
1471,1774584398.9616246,62.71851129240602,12.185824000425782,15.944256000238965,13643,0.0
1472,1774584398.9785392,59.16509997480517,11.282016000222939,16.901856000004045,13643,0.0
1473,1774584398.995562,58.78579584704054,12.173216000064713,17.010911999932432,13643,0.0
1474,1774584399.0224564,37.19967954684931,19.362080000064452,26.881952000167075,13643,0.0
1475,1774584399.0455406,43.343962428742486,17.27052799969897,23.07126400000925,13643,0.0
1476,1774584399.0636127,55.37608780866638,13.963935999981913,18.05833599973994,13643,0.0
1477,1774584399.089013,39.391170075136195,18.222784000045067,25.386400000115827,13442,0.0
1478,1774584399.1175654,35.03960316127849,18.398176000118838,28.539135999835707,13442,0.0
1479,1774584399.1389158,46.86288594367317,17.671967999831395,21.338848000141297,13442,0.0
1480,1774584399.1569963,55.34254823528456,14.430784000069252,18.069280000418075,13442,0.0
1481,1774584399.179812,43.85460199721438,14.111615999809146,22.802623999723437,13442,0.0
1482,1774584399.2071197,36.63630640374285,20.20905599965772,27.295328000036534,13442,0.0
1483,1774584399.2334402,38.01370196325292,17.13859199981016,26.306303999717784,13442,0.0
1484,1774584399.267525,29.352259043676156,19.74761600013153,34.06892800012429,13442,0.0
1485,1774584399.292716,39.71865213329796,16.968032000022504,25.177087999963987,13442,0.0
1486,1774584399.312232,51.26968345765943,14.335423999909835,19.504703999700723,13442,0.0
1487,1774584399.3346362,44.65772178451092,15.953280000303494,22.392544000013004,13442,0.0
1488,1774584399.3591812,40.7622873834287,17.542816000059247,24.53248000028907,13442,0.0
1489,1774584399.388998,33.553299819322895,19.32809600020846,29.803328000070906,13442,0.0
1490,1774584399.4238546,28.699187514491435,23.29174399983458,34.844192000036855,13442,0.0
1491,1774584399.4499712,38.3096671535851,15.038944000025367,26.10307199984163,13442,0.0
1492,1774584399.4749177,40.10626556075722,17.298400000072434,24.93376000029457,13442,0.0
1493,1774584399.4965236,46.30919426449398,10.982048000187206,21.593983999991906,13442,0.0
1494,1774584399.5205243,41.68573094094643,14.835231999768439,23.989024000002246,13442,0.0
1495,1774584399.543819,42.95054433846246,12.788479999926494,23.28259199975946,13442,0.0
1496,1774584399.5737734,33.3974921423882,10.999071999776788,29.942367999865382,13442,0.0
1497,1774584399.5968716,43.315364965047166,11.125472000003356,23.08649599990531,13362,0.0
1498,1774584399.626533,33.727741040095786,16.89587200007736,29.649183999936213,13362,0.0
1499,1774584399.6557314,34.263246993981234,11.12966399978177,29.185791999680077,13362,0.0
1500,1774584399.6745853,53.07107448168895,15.130912000131502,18.84265599983337,13362,0.0
1501,1774584399.6913161,59.8118176667718,12.739488000079291,16.719104000003426,13362,0.0
1502,1774584399.715494,41.382835591075484,14.296736000233068,24.164608000319276,13362,0.0
1503,1774584399.7346115,52.34365578138502,13.618976000088878,19.10451200001262,13362,0.0
1504,1774584399.7542396,50.981454170639175,12.108928000088781,19.614975999957096,13362,0.0
1505,1774584399.774119,50.33616504560474,12.036927999815816,19.866431999616907,13362,0.0
1506,1774584399.794217,49.78500841916218,14.002784000240354,20.086368000193033,13362,0.0
1507,1774584399.811621,57.49918121187288,12.27311999991798,17.391551999935473,13362,0.0
1508,1774584399.8422112,32.70295980080139,20.801312000003236,30.57827200018437,13362,0.0
1509,1774584399.8668284,40.64083773467194,14.435455999773694,24.605791999874782,13362,0.0
1510,1774584399.8878078,47.6936131766305,15.279071999884763,20.967167999970115,13362,0.0
1511,1774584399.9208155,30.306556884159374,16.063360000316607,32.9961600000388,13362,0.0
1512,1774584399.9419935,47.2491185196092,17.102975999932823,21.16441600037433,13362,0.0
1513,1774584399.957427,64.84640221817523,11.332384000070306,15.421055999922828,13362,0.0
1514,1774584399.978519,47.43991450154487,12.431584000296425,21.07929600015268,13362,0.0
1515,1774584399.9995775,47.51688179738181,15.268319999904634,21.045152000169765,13362,0.0
1516,1774584400.0179334,54.51820733649148,10.9919040000932,18.342496000059327,13362,0.0
1517,1774584400.0406446,44.054540225616954,10.984512000050017,22.699136000028375,13362,0.0
1518,1774584400.05601,65.13632772830628,10.935327999959554,15.352416000041558,13362,0.0
1519,1774584400.0732656,57.99247675168313,11.035519999950338,17.24361600008706,13362,0.0
1520,1774584400.091999,53.41688588899695,10.932032000255276,18.720672000199556,13362,0.0
1521,1774584400.1065848,68.62038980662817,10.900480000145762,14.572928000234242,13603,0.0
1522,1774584400.1256318,52.536195336777396,11.767232000238437,19.034496000131185,13603,0.0
1523,1774584400.1558378,33.1216725967352,13.028191999637784,30.191712000032567,13603,0.0
1524,1774584400.1809225,39.88457086071774,11.064543999964371,25.072352000279352,13603,0.0
1525,1774584400.2050374,41.488322199347216,14.725695999914024,24.10316799978318,13603,0.0
1526,1774584400.2236984,53.622017113244134,10.863999999855878,18.64905600041311,13603,0.0
1527,1774584400.242222,54.0182676826629,14.824159999989206,18.512255999667104,13603,0.0
1528,1774584400.2593312,58.49080618157069,13.139936000243324,17.096703999868623,13603,0.0
1529,1774584400.281985,44.169673738013145,17.57804799990481,22.639968000021327,13603,0.0
1530,1774584400.3024788,48.82446316463981,15.814847999990889,20.481536000261258,13603,0.0
1531,1774584400.3235986,47.375905448286936,17.111520000071323,21.107776000008016,13603,0.0
1532,1774584400.3435898,50.05510065485295,11.69216000016604,19.977983999979188,13603,0.0
1533,1774584400.3697803,38.20064568245679,17.974368000068353,26.177568000093743,13603,0.0
1534,1774584400.3855464,63.475620283443796,12.111552000078518,15.75408000007883,13603,0.0
1535,1774584400.4025714,58.78004600964656,11.001343999851088,17.012575999615365,13603,0.0
1536,1774584400.418248,63.83608935012116,10.96566400019583,15.665119999994204,13603,0.0
1537,1774584400.4367132,54.19118998648196,10.923039999852335,18.45318400000906,13603,0.0
1538,1774584400.4537933,58.58697588192068,10.964640000111103,17.068639999706647,13603,0.0
1539,1774584400.4712508,57.324408456834945,11.291712000002008,17.44457600034366,13603,0.0
1540,1774584400.492344,47.43602587790617,10.956800000258227,21.081024000068282,13603,0.0
1541,1774584400.512622,49.34127425162354,15.018336000139243,20.26700800024628,13603,0.0
1542,1774584400.5386128,38.49285387896672,18.625471999712317,25.978847999795107,13603,0.0
1543,1774584400.561488,43.73889906774995,16.523136000159866,22.862943999825802,13603,0.0
1544,1774584400.5762908,67.6090831988293,10.932768000202486,14.790912000080425,13603,0.0
1545,1774584400.596496,49.52158190199442,10.955519999697572,20.193215999825043,13603,0.0
1546,1774584400.613922,57.42521858345138,10.937664000266523,17.413951999969868,13563,0.0
1547,1774584400.639801,38.65722729373647,18.640224000137096,25.868383999750222,13563,0.0
1548,1774584400.6662335,37.85130553716794,12.202207999962411,26.41916799984756,13563,0.0
1549,1774584400.6896727,42.686066858224855,12.029632000121637,23.426847999871825,13563,0.0
1550,1774584400.7075062,56.11208771106604,13.917343999764853,17.821471999923233,13563,0.0
1551,1774584400.729037,46.47040541515183,10.897663999912766,21.519072000046435,13563,0.0
1552,1774584400.7453113,61.49129676881316,11.565920000066399,16.26246399973752,13563,0.0
1553,1774584400.7686036,42.954558887544465,17.515455999728147,23.280416000034165,13563,0.0
1554,1774584400.7844768,63.046486949895915,10.961088000385644,15.861311999742611,13563,0.0
1555,1774584400.8006084,62.03941935112427,10.962687999835907,16.118783999900188,13563,0.0
1556,1774584400.826249,39.0205529057123,13.751007999871945,25.627519999943615,13563,0.0
1557,1774584400.842048,63.344380593104205,11.399488000279234,15.786720000050991,13563,0.0
1558,1774584400.867383,39.48923049685695,17.736927999976615,25.32336000012947,13563,0.0
1559,1774584400.8832705,62.99425290908204,10.895935999997164,15.874463999807631,13563,0.0
1560,1774584400.89895,63.82670182521565,10.923456000000442,15.66742399973009,13563,0.0
1561,1774584400.915085,62.023535202955905,11.50320000033389,16.12291199990068,13563,0.0
1562,1774584400.930882,63.349902288906726,10.9699519998685,15.785344000050827,13563,0.0
1563,1774584400.9560878,39.692267438445555,14.942624000013893,25.1938239998708,13563,0.0
1564,1774584400.9756436,51.16391773088765,10.874911999962933,19.54502400030833,13563,0.0
1565,1774584400.9924393,59.5835065224611,11.402208000163228,16.78316800007451,13563,0.0
1566,1774584401.0156226,43.15797614653225,14.373504000104731,23.17068799993649,13563,0.0
1567,1774584401.0355096,50.32027850945934,13.642400000208,19.872703999681107,13563,0.0
1568,1774584401.0501878,68.18990178471152,10.994239999945421,14.664928000001964,13563,0.0
1569,1774584401.0736604,42.62417616020633,15.287616000023263,23.46086399984415,13563,0.0
1570,1774584401.0950296,46.821319357598504,16.757375999986834,21.35779199988974,13563,0.0
1571,1774584401.1117837,59.7327033205055,12.21676800014393,16.74124800001664,13563,0.0
1572,1774584401.1303284,53.958480461116295,11.726847999852907,18.532767999658972,13643,0.0
1573,1774584401.150608,49.33769083784567,15.943679999963933,20.2684800001407,13643,0.0
1574,1774584401.165092,69.09940806708263,10.929120000128023,14.471903999947244,13643,0.0
1575,1774584401.1816397,60.47505331456494,10.939744000097562,16.535744000066188,13643,0.0
1576,1774584401.1979325,61.416973096840536,11.007936000169138,16.28214399988792,13643,0.0
1577,1774584401.2137709,63.189524087922585,10.984447999817348,15.825407999727759,13643,0.0
1578,1774584401.2373788,42.37954715564873,17.85846400025548,23.596288000135246,13643,0.0
1579,1774584401.2520406,68.26139856093324,10.950368000067101,14.649568000095314,13643,0.0
1580,1774584401.2671914,66.05703946206586,11.523360000410321,15.138431999730528,13643,0.0
1581,1774584401.284157,58.987751311012566,11.060031999932107,16.952672000115854,13643,0.0
1582,1774584401.3080964,41.794837501385324,19.02672000005623,23.926400000163994,13643,0.0
1583,1774584401.3233669,65.54413165142138,11.509055999795237,15.256895999755216,13643,0.0
1584,1774584401.3396792,61.34656194209657,10.953599999993457,16.30083200006993,13643,0.0
1585,1774584401.3596237,50.16743884352528,15.25619199992434,19.933248000143067,13643,0.0
1586,1774584401.3746316,66.67918457183056,11.430527999891638,14.997184000094421,13643,0.0
1587,1774584401.3901603,64.44388535820966,10.920608000105858,15.517375999934302,13643,0.0
1588,1774584401.4069808,59.49287323042876,10.911872000178846,16.808735999802593,13643,0.0
1589,1774584401.4267063,50.72697847442088,15.08099200009383,19.71337599979961,13643,0.0
1590,1774584401.4433286,60.20115855994207,10.86959999975079,16.610975999810762,13643,0.0
1591,1774584401.4577932,69.18752809115881,10.944959999960702,14.453471999786416,13643,0.0
1592,1774584401.4732542,64.72257316297106,10.881984000207012,15.45055999986289,13643,0.0
1593,1774584401.4884799,65.72679108037109,10.901023999849713,15.214496000226063,13643,0.0
1594,1774584401.50303,68.78108905156289,10.933567999927618,14.538880000145582,13643,0.0
1595,1774584401.517403,69.62934904838427,10.866911999983131,14.36176000015621,13643,0.0
1596,1774584401.5317326,69.83926911196323,10.856800000055955,14.318592000108765,13643,0.0
1597,1774584401.5462353,69.00648329564667,10.951808000299934,14.491392000309133,13643,0.0
1598,1774584401.5611935,66.90760541449055,10.929088000011689,14.94598399995084,13643,0.0
1599,1774584401.584612,42.72277363098166,18.744992000392813,23.40671999991173,13643,0.0
1600,1774584401.600023,64.937223888063,10.877344000164157,15.3994879997299,13643,0.0
1601,1774584401.6144607,69.31613258091367,10.918848000073922,14.42665600006876,13643,0.0
1602,1774584401.6290042,68.81274345980232,10.873375999835844,14.532191999933275,13643,0.0
1603,1774584401.645611,60.264779333834554,10.815231999913522,16.593440000178816,13563,0.0
1604,1774584401.662923,57.80250594633771,13.653983999574848,17.30028800011496,13563,0.0
1605,1774584401.6861722,43.03441513843904,17.64908799987097,23.237215999870386,13563,0.0
1606,1774584401.7055447,51.65161194308016,15.807967999990069,19.36048000015944,13563,0.0
1607,1774584401.72097,64.87588464793589,11.911007999970025,15.414047999911418,13563,0.0
1608,1774584401.7354376,69.16807953992841,10.906111999702262,14.457536000008986,13563,0.0
1609,1774584401.7501974,67.79962552939331,10.939584000425384,14.749343999937992,13563,0.0
1610,1774584401.7664545,61.549309367709455,12.714336000044568,16.247135999947204,13563,0.0
1611,1774584401.7808752,69.39787076380058,10.894303999975818,14.409663999686018,13563,0.0
1612,1774584401.7963078,64.83752235652337,10.862335999718198,15.423167999870202,13563,0.0
1613,1774584401.8107636,69.21986444079403,10.913535999861779,14.446719999796187,13563,0.0
1614,1774584401.8251138,69.74076520701377,10.851743999864993,14.338815999963117,13563,0.0
1615,1774584401.839515,69.4865996477662,10.864544000014575,14.391264000096271,13563,0.0
1616,1774584401.85392,69.4665193595685,10.91439999981958,14.395424000213097,13563,0.0
1617,1774584401.8682702,69.74294424507028,10.851647999970737,14.338368000153423,13563,0.0
1618,1774584401.8827264,69.22477117197911,10.907135999786988,14.445695999711461,13563,0.0
1619,1774584401.89727,68.81062215933832,10.998111999924731,14.532639999742969,13563,0.0
1620,1774584401.9120774,67.58583400742063,10.93916799982253,14.796000000387721,13563,0.0
1621,1774584401.926458,69.59244437564622,10.924927999894862,14.36937600010424,13563,0.0
1622,1774584401.9409142,69.22645802094576,10.887808000006771,14.445343999796023,13563,0.0
1623,1774584401.9553654,69.2531518493633,10.898944000018673,14.439776000017446,13563,0.0
1624,1774584401.96976,69.52725913547857,10.905183999966539,14.382847999968362,13563,0.0
1625,1774584401.9848397,66.35467582710643,11.555776000022888,15.070528000251215,13563,0.0
1626,1774584402.000206,65.12248236447448,11.856480000005831,15.355680000084249,13563,0.0
1627,1774584402.0146208,69.43194669453757,10.90585599968108,14.402591999896686,13563,0.0
1628,1774584402.0290093,69.54892238092344,10.894143999848893,14.378368000052433,13563,0.0
1629,1774584402.043413,69.48273715378207,10.904640000262589,14.392063999821403,13563,0.0
1630,1774584402.0589,64.6165807193093,10.902687999987393,15.475903999686125,13563,0.0
1631,1774584402.0733624,69.19917182412036,10.890592000123434,14.451040000039939,13563,0.0
1632,1774584402.088916,64.33959777984592,10.8797439997943,15.542527999969025,13563,0.0
1633,1774584402.103424,68.97784762460361,10.870208000142156,14.497408000352152,13563,0.0
1634,1774584402.117792,69.65014453784026,10.878335999677802,14.357472000028793,13563,0.0
1635,1774584402.1321738,69.58485121140626,10.874751999836008,14.370943999892916,13563,0.0
1636,1774584402.1470084,67.46676856722445,11.04764800038538,14.822112000274501,13603,0.0
1637,1774584402.168339,46.90586405854726,17.738047999955597,21.319296000001486,13603,0.0
1638,1774584402.1828995,68.73177233458236,10.976064000260521,14.549311999871861,13603,0.0
1639,1774584402.1973622,69.20070418739017,10.913728000105039,14.450719999786088,13603,0.0
1640,1774584402.2117958,69.34197241815866,10.88127999992139,14.421280000078696,13603,0.0
1641,1774584402.2262466,69.25606794144207,10.943455999949947,14.439167999626079,13603,0.0
1642,1774584402.2407062,69.21097276214216,10.909407999861287,14.448576000177127,13603,0.0
1643,1774584402.2552965,68.58740669467556,10.949087999961193,14.579935999790905,13603,0.0
1644,1774584402.269822,68.9002853017751,10.978207999869483,14.51372800011086,13603,0.0
1645,1774584402.285327,64.54211243741214,10.877823999635439,15.493760000026668,13603,0.0
1646,1774584402.3027282,57.50362502835103,13.166624000405136,17.390208000051643,13603,0.0
1647,1774584402.3203316,56.84391660865993,13.645023999742989,17.592032000266045,13603,0.0
1648,1774584402.33489,68.73978526756618,10.94176000015068,14.547616000072594,13603,0.0
1649,1774584402.3497546,67.3238914715739,11.149663999731274,14.853568000035011,13603,0.0
1650,1774584402.3642619,68.98530888810164,10.897919999933947,14.495840000108728,13603,0.0
1651,1774584402.3788478,68.60878938922131,10.925759999736329,14.575392000097054,13603,0.0
1652,1774584402.3934267,68.64511027244747,10.910208000041166,14.56767999980002,13603,0.0
1653,1774584402.4090056,64.23498699829946,10.88233600012245,15.567840000130673,13603,0.0
1654,1774584402.4235063,69.01395075574867,10.914687999957096,14.48982400006571,13603,0.0
1655,1774584402.438014,68.98211100795773,10.986432000208879,14.49651199982327,13603,0.0
1656,1774584402.4523923,69.60763567885394,10.87046399970859,14.366240000072139,13603,0.0
1657,1774584402.4668105,69.41174380007274,10.888960000102088,14.406784000129846,13603,0.0
1658,1774584402.4812267,69.41467326142532,10.884255999826564,14.406176000193227,13603,0.0
1659,1774584402.4959278,68.0777458747167,10.933728000054543,14.689088000068296,13603,0.0
1660,1774584402.5145798,53.64742398036854,10.981632000039099,18.640223999682348,13603,0.0
1661,1774584402.5328743,54.69636080975724,14.734975999999733,18.282752000231994,13603,0.0
1662,1774584402.5534341,48.66684004943237,16.848031999870727,20.54787200040664,13603,0.0
1663,1774584402.5689547,64.48391203614057,11.940576000142755,15.507744000387902,13603,0.0
1664,1774584402.5834208,69.17879786041534,10.908608000136155,14.455296000051021,13603,0.0
1665,1774584402.5978367,69.41806557996946,10.923360000106186,14.405471999907604,13603,0.0
1666,1774584402.6148198,58.92268589414405,12.036192000323354,16.97139199995945,13603,0.0
1667,1774584402.6319416,58.44201990611794,10.927039999842236,17.110975999912625,13603,0.0
1668,1774584402.6474524,64.51639542361039,10.952159999760624,15.499935999741865,13603,0.0
1669,1774584402.6618714,69.40372759182625,10.914431999935914,14.408447999812779,13442,0.0
1670,1774584402.6762207,69.73547382270833,10.850527999991755,14.339903999825765,13442,0.0
1671,1774584402.690712,69.0598577695338,10.87827199989988,14.480192000064562,13442,0.0
1672,1774584402.705093,69.59352925056197,10.872800000015559,14.369151999744645,13442,0.0
1673,1774584402.719503,69.44984609892737,10.875840000153403,14.3988800000443,13442,0.0
1674,1774584402.7338831,69.58934492631786,10.88921600012327,14.370015999702446,13442,0.0
1675,1774584402.7485898,68.03772664680723,10.858208000172453,14.697728000101051,13442,0.0
1676,1774584402.763753,65.99677302193949,10.96841599974141,15.152255999964837,13442,0.0
1677,1774584402.7781804,69.37645551832382,10.89401600029305,14.41411199994036,13442,0.0
1678,1774584402.792569,69.55325665050918,10.841088000233867,14.377471999978297,13442,0.0
1679,1774584402.8071702,68.53445912478911,10.877184000037232,14.591200000268145,13442,0.0
1680,1774584402.821561,69.54056495663168,10.868800000025658,14.380096000422782,13442,0.0
1681,1774584402.8367124,66.05061696525526,10.9346879999066,15.139904000079696,13442,0.0
1682,1774584402.8550587,54.54113885459271,11.003679999703309,18.334783999762294,13442,0.0
1683,1774584402.874077,52.61527375148007,12.56723200003762,19.00588799981051,13442,0.0
1684,1774584402.9008543,37.36259531926897,20.01270399978239,26.76473600013196,13442,0.0
1685,1774584402.921392,48.71797670012793,16.873503999704553,20.526303999758966,13442,0.0
1686,1774584402.9371305,63.58682603067844,12.052959999891755,15.726527999959217,13442,0.0
1687,1774584402.9516854,68.76156569680941,10.926848000053724,14.543007999691326,13442,0.0
1688,1774584402.967329,63.97422197187809,10.895072000039363,15.63129599981039,13442,0.0
1689,1774584402.9831042,63.43258587827102,11.05894400006946,15.76476799982629,13442,0.0
1690,1774584402.998951,63.15427832341569,11.063167999964207,15.834240000003774,13442,0.0
1691,1774584403.015156,61.751082867900145,10.961088000385644,16.194047999761096,13442,0.0
1692,1774584403.0364435,47.00393178447379,11.531136000030529,21.274816000186547,13442,0.0
1693,1774584403.0617082,39.60002078216646,11.192064000169921,25.25251199995182,13442,0.0
1694,1774584403.0799816,54.7648005161287,11.629760000232636,18.259903999933158,13442,0.0
1695,1774584403.1081288,35.544282488803766,16.090176000034262,28.133920000072976,13442,0.0
1696,1774584403.1274428,51.81536155489071,11.553792000086105,19.299296000099275,13442,0.0
1697,1774584403.1469033,51.4297469655885,12.00739199975942,19.444000000021333,13442,0.0
1698,1774584403.1654878,53.84449709122607,11.030976000256487,18.572000000403932,13483,0.0
1699,1774584403.1837807,54.69674374903132,11.000223999872105,18.282624000221404,13483,0.0
1700,1774584403.2062638,44.50108938656101,15.112959999896702,22.47136000005412,13483,0.0
1701,1774584403.2248979,53.698863645402426,10.867072000110056,18.6223680002513,13483,0.0
1702,1774584403.2500741,39.73860265094356,15.233503999752429,25.16444799994133,13483,0.0
1703,1774584403.2700055,50.2031419937804,14.051935999759735,19.91907199999332,13483,0.0
1704,1774584403.2919545,45.58882526732464,16.721663999760494,21.93519999991622,13483,0.0
1705,1774584403.3106513,53.52081317405544,12.825408000026073,18.684319999920262,13483,0.0
1706,1774584403.3422275,31.68204808994357,17.839615999946545,31.563615999857575,13483,0.0
1707,1774584403.3741224,31.36529883856037,21.07843200019488,31.882367999969574,13483,0.0
1708,1774584403.3926828,53.91621506392922,10.941312000340986,18.547296000178903,13483,0.0
1709,1774584403.419174,37.76590216441967,17.462624000017968,26.478911999674892,13483,0.0
1710,1774584403.4376054,54.288533566147834,12.091231999875163,18.420096000227204,13483,0.0
1711,1774584403.455331,56.45328829152304,13.55126399994333,17.713759999878675,13483,0.0
1712,1774584403.470561,65.71048276765181,11.270336000052339,15.21827199985637,13483,0.0
1713,1774584403.490456,50.292986824604746,11.574784000004001,19.88348799977757,13483,0.0
1714,1774584403.5102854,50.46101180359155,15.3994879997299,19.817280000097526,13483,0.0
1715,1774584403.5250866,67.61508086828508,10.98396799989132,14.789599999858183,13483,0.0
1716,1774584403.5461671,47.46289920123081,11.214239999844722,21.0690879998765,13483,0.0
1717,1774584403.5671551,47.67484080423728,14.951231999930314,20.9754239999711,13483,0.0
1718,1774584403.5876923,48.722078351710245,12.120064000100683,20.524575999843364,13483,0.0
1719,1774584403.603473,63.41855434198579,11.053952000111167,15.768255999773828,13483,0.0
1720,1774584403.619356,63.00644581139974,10.981919999721867,15.8713920000082,13483,0.0
1721,1774584403.6417344,44.7108175860961,11.788159999923664,22.365951999745448,13483,0.0
1722,1774584403.6573792,63.96924563500978,10.965311999825644,15.63251199968363,13483,0.0
1723,1774584403.6735542,61.87126421306457,10.949759999675734,16.162592000000586,13483,0.0
1724,1774584403.6908388,57.89449307505437,11.74163200039402,17.272800000228017,13523,0.0
1725,1774584403.7064984,63.90932851333713,11.219168000025093,15.647167999759404,13523,0.0
1726,1774584403.7226877,61.817534419469155,11.884575999829394,16.17664000013974,13523,0.0
1727,1774584403.7417164,52.58632149816786,12.339072000031592,19.016352000107872,13523,0.0
1728,1774584403.7573276,64.10414205194884,10.955616000046575,15.599615999690286,13523,0.0
1729,1774584403.775566,54.864795587216,10.920191999957751,18.226623999908043,13523,0.0
1730,1774584403.791626,62.31455189386205,11.005055999703472,16.047615999923437,13523,0.0
1731,1774584403.8144214,43.89118917784208,11.744767999971373,22.783615999742324,13523,0.0
1732,1774584403.8336482,52.0463804040084,15.65446399990833,19.213631999718928,13523,0.0
1733,1774584403.8563488,44.0763501112581,18.010559999765974,22.687904000122217,13523,0.0
1734,1774584403.8765476,49.53971658579836,12.684096000157297,20.18582399978186,13523,0.0
1735,1774584403.8919415,65.01260724545583,10.98355200019796,15.381631999844103,13523,0.0
1736,1774584403.9103923,54.23511137782546,14.857824000046094,18.43823999979577,13523,0.0
1737,1774584403.9249995,68.51357336072772,11.046111999803543,14.59564800006774,13523,0.0
1738,1774584403.9394376,69.31597883164113,10.911519999808661,14.426687999730348,13523,0.0
1739,1774584403.9538984,69.20714084862657,10.941791999812267,14.449375999902259,13523,0.0
1740,1774584403.9694457,64.3674278153976,10.937024000213569,15.53580800009513,13523,0.0
1741,1774584403.985163,63.67116745346959,10.872223999740527,15.705696000168246,13523,0.0
1742,1774584404.0005634,64.98178430625272,10.865344000194455,15.38892799999303,13523,0.0
1743,1774584404.016159,64.16732374095263,10.88127999992139,15.584255999783636,13523,0.0
1744,1774584404.0325544,61.036944441395065,10.863360000257671,16.383520000090357,13523,0.0
1745,1774584404.046984,69.3572084892139,10.874879999846598,14.418111999930261,13523,0.0
1746,1774584404.062464,64.64545330416273,10.918559999936406,15.468992000023718,13523,0.0
1747,1774584404.0768502,69.5619268083451,10.884287999942899,14.375680000284774,13523,0.0
1748,1774584404.091335,69.09131107792905,10.937279999780003,14.473599999746511,13523,0.0
1749,1774584404.1095123,55.05181917665537,13.052287999926193,18.164703999900667,13523,0.0
1750,1774584404.124459,66.95835511644377,11.157791999721667,14.934656000150426,13523,0.0
1751,1774584404.1389804,68.9087934237429,10.923647999788955,14.511935999962589,13523,0.0
1752,1774584404.153256,70.10357382262028,10.83347199983109,14.26460800030327,13523,0.0
1753,1774584404.167589,69.82132443645004,10.828832000242983,14.322272000299563,13523,0.0
1754,1774584404.182099,68.96429966576765,10.935615999642323,14.500255999791989,13523,0.0
1755,1774584404.1966598,68.73630772740711,10.940544000277441,14.548352000019804,13643,0.0
1756,1774584404.2110782,69.40079905424699,10.855775999971229,14.409055999749398,13643,0.0
1757,1774584404.2270796,62.53689676962657,10.90598399969167,15.990559999863763,13643,0.0
1758,1774584404.2414763,69.51086593845893,10.885248000249703,14.386240000021644,13643,0.0
1759,1774584404.2569203,64.79477163199714,10.886464000122942,15.433344000030047,13643,0.0
1760,1774584404.2714121,69.05558477307936,10.88454399996408,14.481088000138698,13643,0.0
1761,1774584404.2858622,69.25499356212451,10.938112000076217,14.439391999985673,13643,0.0
1762,1774584404.3116145,38.84593391851715,15.997920000245358,25.74271999992561,13643,0.0
1763,1774584404.3289025,57.88591381023975,11.736223999832873,17.275359999985085,13643,0.0
1764,1774584404.3455248,60.202898216100195,10.939744000097562,16.610495999884733,13643,0.0
1765,1774584404.3709915,39.2842102617829,12.38515200020629,25.455519999923126,13643,0.0
1766,1774584404.3878503,59.35433875435255,10.882112000217603,16.847968000092806,13643,0.0
1767,1774584404.4083977,48.697782341391,10.94857599991883,20.534816000235878,13643,0.0
1768,1774584404.4256935,57.85397840951307,11.708672000168008,17.284896000091976,13643,0.0
1769,1774584404.4432175,57.1040133614167,10.908000000199536,17.511904000002687,13643,0.0
1770,1774584404.4578388,68.54828980231198,10.948448000362987,14.588256000024558,13643,0.0
1771,1774584404.4724844,68.33080418196568,10.924063999937061,14.634688000114693,13643,0.0
1772,1774584404.4872198,67.91234200839291,10.871552000025986,14.724864000072557,13643,0.0
1773,1774584404.5024965,65.57356409687868,10.986880000018573,15.25004799987073,13643,0.0
1774,1774584404.5171645,68.22786578917997,10.917760000211274,14.656767999895237,13643,0.0
1775,1774584404.5318651,68.0753730525315,10.924703999990015,14.689600000110659,13643,0.0
1776,1774584404.5487623,59.21992670008423,11.032352000256651,16.88620799995988,13643,0.0
1777,1774584404.5634334,68.2184825155704,10.925759999736329,14.658783999948355,13643,0.0
1778,1774584404.5782247,67.65943811444345,11.151872000027652,14.779903999624366,13643,0.0
1779,1774584404.5938091,64.21307645409146,10.918559999936406,15.573151999888069,13643,0.0
1780,1774584404.609431,64.05526175451699,10.848928000086744,15.61152000022048,13643,0.0
1781,1774584404.6249754,64.37724032743883,10.869759999877715,15.533440000126575,13643,0.0
1782,1774584404.6394248,69.25852378485477,10.844511999948736,14.438656000038463,13643,0.0
1783,1774584404.6538117,69.56161712365208,10.883519999879354,14.375744000062696,13643,0.0
1784,1774584404.6681838,69.62841819857418,10.872128000301018,14.361951999944722,13643,0.0
1785,1774584404.6824887,69.96091143909442,10.858848000225407,14.293696000095224,13643,0.0
1786,1774584404.7004752,55.62784703312972,14.540287999807333,17.976608000026317,13723,0.0
1787,1774584404.716139,63.88124017418801,12.078111999926477,15.65404800021497,13723,0.0
1788,1774584404.730867,67.95088401510165,10.897055999976146,14.71651199972257,13723,0.0
1789,1774584404.7457573,67.20357845477915,10.929376000149205,14.880160000302567,13723,0.0
1790,1774584404.7614186,63.90070341828368,10.921408000285737,15.649280000161525,13723,0.0
1791,1774584404.7773654,62.752138090453414,10.894911999912438,15.935712000100466,13723,0.0
1792,1774584404.7940226,60.07154761590054,10.91712000015832,16.646816000047693,13723,0.0
1793,1774584404.8115118,57.21378916339876,11.58841599999505,17.47830400017847,13723,0.0
1794,1774584404.8264444,67.02168499917701,10.824575999777153,14.920544000233349,13723,0.0
1795,1774584404.8423476,62.92233471124673,10.933248000128515,15.892607999830943,13723,0.0
1796,1774584404.857035,68.13712023132406,10.887648000334593,14.676287999918713,13723,0.0
1797,1774584404.8716292,68.57295833595569,10.872639999888634,14.583008000045083,13723,0.0
1798,1774584404.8866518,66.61749407323443,11.454687999957969,15.011072000106651,13723,0.0
1799,1774584404.9025917,62.78277361224947,10.987264000050345,15.927936000025511,13723,0.0
1800,1774584404.9175053,67.10587911951997,11.031999999886466,14.901823999935004,13723,0.0
1801,1774584404.9334645,62.705674613410345,11.004319999756262,15.947519999826909,13723,0.0
1802,1774584404.9504263,58.99833105528765,11.092160000316653,16.94963199997801,13723,0.0
1803,1774584404.9648528,69.37245125719082,10.911552000379743,14.414943999781826,13723,0.0
1804,1774584404.9792554,69.48490009733351,10.856512000373186,14.391616000011709,13723,0.0
1805,1774584404.9935744,69.88737509851394,10.877151999920898,14.308735999748023,13723,0.0
1806,1774584405.0079706,69.51535010236385,10.850463999759086,14.385311999831174,13723,0.0
1807,1774584405.022397,69.3695253584137,10.922400000254129,14.415551999718446,13723,0.0
1808,1774584405.0368097,69.43487786146497,10.870304000036413,14.401983999960066,13723,0.0
1809,1774584405.0511556,69.75244021996112,10.870111999793153,14.336415999878227,13723,0.0
1810,1774584405.0655634,69.45000044263406,10.901183999976638,14.398848000382714,13723,0.0
1811,1774584405.079958,69.51457692892612,10.866751999856206,14.3854719999581,13723,0.0
1812,1774584405.0953894,64.84734416588697,10.863424000035593,15.420831999563234,13723,0.0
1813,1774584405.109975,68.61104890509571,10.94716800025708,14.574911999716278,13723,0.0
1814,1774584405.1243253,69.73454013105537,10.87379199998395,14.340096000069025,13723,0.0
1815,1774584405.1387217,69.51272138416401,10.876895999899716,14.385855999989872,13723,0.0
1816,1774584405.1530688,69.7471470639571,10.901311999987229,14.337503999740875,13723,0.0
1817,1774584405.1674225,69.7115170118111,10.855391999939457,14.344832000006136,13723,0.0
1818,1774584405.1817925,69.63927967363985,10.886560000017198,14.359711999986757,13723,0.0
1819,1774584405.19612,69.83521124674556,10.861792000014248,14.319424000404979,13723,0.0
1820,1774584405.2106402,68.91122470169002,10.885856000186322,14.511423999920225,13723,0.0
1821,1774584405.2249677,69.84504457840316,10.855647999960638,14.317407999897114,13723,0.0
1822,1774584405.2392933,69.85566143949076,10.83574399990539,14.31523199971707,13723,0.0
1823,1774584405.2536602,69.65371516160202,10.901952000040183,14.356736000081582,13723,0.0
1824,1774584405.267977,69.89425279087543,10.838048000096023,14.307328000086272,13723,0.0
1825,1774584405.284205,61.6584849969377,12.780575999840948,16.218367999954353,13723,0.0
1826,1774584405.2988117,68.50456185685375,11.005919999661273,14.597567999771854,13723,0.0
1827,1774584405.3204317,46.28045809491424,17.254079999929672,21.607392000078107,13723,0.0
1828,1774584405.338694,54.79312745091831,14.401312000245525,18.25046400017527,13723,0.0
1829,1774584405.354379,63.806762496754544,11.971903999892675,15.672319999794126,13723,0.0
1830,1774584405.3688197,69.3073698690654,10.882688000037888,14.428479999878618,13723,0.0
1831,1774584405.383261,69.30245141974562,10.902079999596026,14.429504000418092,13723,0.0
1832,1774584405.3977659,68.99718932987854,10.966175999783445,14.493344000129582,13723,0.0
1833,1774584405.4122627,69.03666785956183,10.904639999807841,14.485056000012264,13723,0.0
1834,1774584405.4265802,69.89909925389328,10.857312000098318,14.306335999663133,13723,0.0
1835,1774584405.440877,69.99758088283157,10.84348799986401,14.286208000157785,13723,0.0
1836,1774584405.4552767,69.49169880013423,10.834304000127304,14.39020799989521,13723,0.0
1837,1774584405.4694834,70.43443962365492,10.822111999914341,14.197599999988597,13723,0.0
1838,1774584405.4837873,69.95558659738735,10.847776000446174,14.294783999957872,13723,0.0
1839,1774584405.4983428,68.74946375464052,10.918047999894043,14.545567999903142,13723,0.0
1840,1774584405.512869,68.88813448790064,10.919360000116285,14.516287999867927,13723,0.0
1841,1774584405.528495,64.04055970398993,10.963135999645601,15.615104000062274,13723,0.0
1842,1774584405.5436509,66.0365197802886,11.466976000065188,15.143136000006052,13723,0.0
1843,1774584405.5610254,57.5963610154281,13.693055999738135,17.362208000122337,13723,0.0
1844,1774584405.5781372,58.478766126335394,12.495103999754065,17.100223999932496,13723,0.0
1845,1774584405.5987747,48.48253542784609,16.38377599965679,20.625983999707387,13723,0.0
1846,1774584405.6129827,70.43777358120909,10.678080000161572,14.196927999819309,13723,0.0
1847,1774584405.6276913,68.03905986155007,10.884159999932308,14.697440000418283,13723,0.0
1848,1774584405.642171,69.11316202146051,10.969408000164549,14.469023999936326,13723,0.0
1849,1774584405.656599,69.36182680147755,10.893440000018018,14.417152000078204,13723,0.0
1850,1774584405.6710954,69.0394132193041,10.907872000188945,14.48448000019198,13723,0.0
1851,1774584405.6924982,46.74847525092345,17.358624000280543,21.391072000369604,13723,0.0
1852,1774584405.706856,69.70514167540624,10.733279999840306,14.34614399977363,13723,0.0
1853,1774584405.7214515,68.56633820572047,11.027040000044508,14.584416000161582,13804,0.0
1854,1774584405.7359097,69.2149584051491,10.910015999797906,14.447743999880913,13804,0.0
1855,1774584405.7504418,68.86779147055327,10.983743999986473,14.520575999995344,13804,0.0
1856,1774584405.7649395,69.03285522006679,10.909567999988212,14.485856000192143,13804,0.0
1857,1774584405.784259,51.7966389368332,11.083007999786787,19.30627199999435,13804,0.0
1858,1774584405.802645,54.424114497011416,14.773695999792835,18.374208000295766,13804,0.0
1859,1774584405.8184605,63.27447962970491,12.129535999974905,15.804160000243428,13804,0.0
1860,1774584405.8329108,69.259598271526,10.924063999937061,14.438432000133616,13804,0.0
1861,1774584405.8474376,68.89420936015988,10.900543999923684,14.51500799976202,13804,0.0
1862,1774584405.8618834,69.28370624567067,10.918303999915224,14.43340800005899,13804,0.0
1863,1774584405.8766909,67.58744192878979,10.89443199998641,14.795648000017536,13804,0.0
1864,1774584405.891312,68.44679439023176,10.923168000317673,14.609887999995408,13804,0.0
1865,1774584405.911198,50.317766761534266,14.685023999845725,19.8736959996495,13804,0.0
1866,1774584405.9257123,68.94512850317209,10.959583999920142,14.504287999898224,13804,0.0
1867,1774584405.940313,68.53791627251684,10.891679999986081,14.590463999866188,13804,0.0
1868,1774584405.9558015,64.6062944103514,10.873951999656128,15.478368000003684,13804,0.0
1869,1774584405.9734251,56.77802426893481,10.86111999984496,17.612448000363656,13804,0.0
1870,1774584405.9880552,68.40065051800799,11.139327999899251,14.619743999901402,13804,0.0
1871,1774584406.0024767,69.39509682022666,10.927648000233603,14.41023999996105,13804,0.0
1872,1774584406.016913,69.32797345024586,10.908224000104383,14.424191999751201,13804,0.0
1873,1774584406.0397718,43.769346051413436,17.75347199964017,22.847039999760455,13804,0.0
1874,1774584406.0542176,69.28247740798494,10.969632000069396,14.43366400008017,13804,0.0
1875,1774584406.0698724,63.92148600639253,10.907392000262917,15.644191999854229,13804,0.0
1876,1774584406.0854828,64.10545706722763,10.876543999984278,15.599295999891183,13804,0.0
1877,1774584406.099793,69.93523438000588,10.861312000088219,14.29894399961995,13804,0.0
1878,1774584406.1141622,69.64098678458046,10.901472000114154,14.35936000007132,13804,0.0
1879,1774584406.128532,69.64315959408691,10.86396800019429,14.358911999806878,13804,0.0
1880,1774584406.1429265,69.5252482323833,10.880991999783873,14.383264000116469,13804,0.0
1881,1774584406.1572316,69.9569960362763,10.869503999856533,14.294495999820356,13804,0.0
1882,1774584406.1716144,69.57989330351666,10.891200000060053,14.371967999977642,13804,0.0
1883,1774584406.1859498,69.81118587360059,10.883936000027461,14.324352000130602,13804,0.0
1884,1774584406.2005432,68.57446309036551,10.870335999698,14.582687999791233,13804,0.0
1885,1774584406.2163506,63.30588390233067,10.902144000283442,15.796319999935804,13804,0.0
1886,1774584406.2309535,68.52980004537976,10.934143999747903,14.592192000236537,13603,0.0
1887,1774584406.2452757,69.8694056945034,10.841952000191668,14.312416000393569,13603,0.0
1888,1774584406.2630339,56.341126137920725,10.912000000189437,17.749023999840574,13603,0.0
1889,1774584406.2784588,64.87574996355278,11.955007999858935,15.414080000027752,13603,0.0
1890,1774584406.2942648,63.30883365887087,10.957599999983358,15.795583999988594,13603,0.0
1891,1774584406.309772,64.5275858011477,10.940896000192879,15.497247999974206,13603,0.0
1892,1774584406.3241024,69.83536731027704,10.845215999779612,14.319392000288644,13603,0.0
1893,1774584406.3385026,69.48675415707245,10.909472000093956,14.391231999979937,13603,0.0
1894,1774584406.352937,69.32905009291841,10.906080000040674,14.423967999846354,13603,0.0
1895,1774584406.3673697,69.34243402058692,10.896512000272196,14.421183999729692,13603,0.0
1896,1774584406.3817713,69.49046257339651,10.943455999949947,14.390463999916392,13603,0.0
1897,1774584406.3961933,69.39355583798574,10.955679999824497,14.410559999760153,13603,0.0
1898,1774584406.410554,69.69037403145498,10.855935999643407,14.349183999911475,13603,0.0
1899,1774584406.4252667,68.00574512644215,10.850624000340758,14.704639999763458,13603,0.0
1900,1774584406.4405248,65.57672897013421,10.852064000118844,15.24931199992352,13603,0.0
1901,1774584406.4572036,59.989211540586055,10.886175999985426,16.66966399989178,13603,0.0
1902,1774584406.4746468,57.363131568657515,10.888255999816465,17.432799999824056,13603,0.0
1903,1774584406.4903169,63.863746441970314,10.991936000209535,15.65833599988764,13603,0.0
1904,1774584406.509755,51.47761341486656,14.604032000079314,19.42592000023069,13603,0.0
1905,1774584406.5246966,66.98045670835708,11.398143999940658,14.929728000424802,13603,0.0
1906,1774584406.546369,46.16573276424196,14.629472000251553,21.661088000200834,13603,0.0
1907,1774584406.5618734,64.55051154810931,10.942720000002737,15.491744000428298,13603,0.0
1908,1774584406.5768719,66.72502882352624,10.86825599986696,14.986880000378733,13603,0.0
1909,1774584406.59134,69.16869192597393,10.888640000302985,14.457407999998395,13603,0.0
1910,1774584406.6070175,63.831395241591984,10.871839999708754,15.66627200008952,13603,0.0
1911,1774584406.6234753,60.800267715650364,10.850912000023527,16.447296000023925,13603,0.0
1912,1774584406.6389432,64.68613253462131,10.874783999952342,15.459264000128314,13603,0.0
1913,1774584406.6534007,69.21219906461144,10.908319999998639,14.448320000155945,13603,0.0
1914,1774584406.6677332,69.82257246330144,10.883359999752429,14.322016000278381,13603,0.0
1915,1774584406.682201,69.17114157859622,10.957471999972768,14.456895999956032,13603,0.0
1916,1774584406.697804,64.13466432435727,10.932671999853483,15.592191999985516,13603,0.0
1917,1774584406.7133682,64.29578116875777,12.138080000113405,15.55311999982223,13603,0.0
1918,1774584406.7277608,69.53236425726224,10.91219199997795,14.381791999767302,13603,0.0
1919,1774584406.7424674,68.04572672960836,10.879680000016378,14.695999999730702,13483,0.0
1920,1774584406.7573595,67.19158524859127,10.870783999962441,14.882815999953891,13483,0.0
1921,1774584406.7727783,64.90296746678003,10.912159999861615,15.40761600017504,13483,0.0
1922,1774584406.787469,68.11632742995894,11.12704000024678,14.680767999834643,13483,0.0
1923,1774584406.8018944,69.37537740279808,10.928288000286557,14.414335999845207,13483,0.0
1924,1774584406.819852,55.72277340821,10.952000000088447,17.945983999652526,13483,0.0
1925,1774584406.8358076,62.7139800987868,11.352319999787142,15.945408000334282,13483,0.0
1926,1774584406.8502984,69.06291023363141,10.958815999856597,14.479552000011608,13483,0.0
1927,1774584406.8650987,67.62093327612608,11.2927039999704,14.788320000207023,13483,0.0
1928,1774584406.8795795,69.11209207354638,10.919679999915388,14.469247999841173,13483,0.0
1929,1774584406.8939826,69.4844365962115,10.924992000127531,14.391712000360712,13483,0.0
1930,1774584406.9083886,69.46482079345083,10.888096000144287,14.395775999673788,13483,0.0
1931,1774584406.9230306,68.34828976107235,10.932575999959226,14.630944000145973,13483,0.0
1932,1774584406.9373338,69.96357416505757,10.839712000233703,14.293151999936526,13483,0.0
1933,1774584406.9550476,56.48298099960978,12.784799999735696,17.70444800013138,13483,0.0
1934,1774584406.9717977,59.74412309098554,13.11340799975369,16.73804799975187,13483,0.0
1935,1774584406.987798,62.54578351257656,10.999007999998867,15.98828800024421,13483,0.0
1936,1774584407.0057297,55.801977086933505,11.398304000067583,17.9205119998187,13483,0.0
1937,1774584407.0273879,46.198492376251295,12.226656000166258,21.645728000294184,13483,0.0
1938,1774584407.0568893,33.90989192258491,18.356159999711963,29.489919999832637,13483,0.0
1939,1774584407.074169,57.91283978658605,10.877984000217111,17.26732799988895,13483,0.0
1940,1774584407.0903552,61.82707412460721,11.213472000235924,16.174144000160595,13483,0.0
1941,1774584407.110737,49.09191735015725,15.408128000217403,20.369951999782643,13483,0.0
1942,1774584407.1266718,62.80169936431243,11.218751999876986,15.923135999855731,13483,0.0
1943,1774584407.1460423,51.65741792261679,11.616287999913766,19.358303999979398,13483,0.0
1944,1774584407.1628053,59.696759564990835,11.000896000041394,16.75132799982748,13483,0.0
1945,1774584407.1786902,62.998951697242425,11.19747200027632,15.873280000050727,13483,0.0
1946,1774584407.2001436,46.63657053299914,12.455968000267603,21.44240000006903,13483,0.0
1947,1774584407.2218876,46.01387336692496,13.89484800029095,21.73257599997669,13483,0.0
1948,1774584407.2428658,47.695287401337374,16.109791999951995,20.966431999568158,13483,0.0
1949,1774584407.2624636,51.06109030501633,10.96326400011094,19.584384000154387,13683,0.0
1950,1774584407.2775002,66.55336621427574,10.957183999835252,15.025536000393913,13683,0.0
1951,1774584407.302703,39.696401917600966,12.87849600021218,25.19120000033581,13683,0.0
1952,1774584407.320998,54.69463765005696,11.100767999778327,18.28332800005228,13683,0.0
1953,1774584407.337765,59.68615586872225,12.28185600029974,16.754303999732656,13683,0.0
1954,1774584407.3618639,41.517094414535194,14.937407999696006,24.086463999992702,13683,0.0
1955,1774584407.3782296,61.149812147017684,12.473184000100446,16.353280000203085,13683,0.0
1956,1774584407.3971026,53.01912081542028,11.296671999843966,18.86112000011053,13683,0.0
1957,1774584407.41561,54.067147070662166,11.047039999994013,18.495520000215038,13683,0.0
1958,1774584407.4408336,39.664961179558794,15.20764799988683,25.211167999714235,13683,0.0
1959,1774584407.4691384,35.345360935532746,18.470527999852493,28.292255999986082,13683,0.0
1960,1774584407.49258,42.680062060168446,15.696383999966201,23.43014400003085,13683,0.0
1961,1774584407.5133498,48.17616597886873,10.850879999907193,20.7571519999874,13683,0.0
1962,1774584407.5301092,59.71489719492238,13.049887999841303,16.746239999974932,13683,0.0
1963,1774584407.5449557,67.40870165308078,10.952992000056838,14.834880000307749,13683,0.0
1964,1774584407.5623078,57.667572739769085,12.54227199979141,17.34076799994,13683,0.0
1965,1774584407.583749,46.666308269502686,15.711647999978595,21.428735999961646,13683,0.0
1966,1774584407.5983527,68.5279967027601,10.974400000122841,14.592575999813562,13683,0.0
1967,1774584407.617978,50.98162051355955,13.46540799977447,19.614912000179174,13683,0.0
1968,1774584407.6360672,55.3195255796963,13.661280000178522,18.0768000000171,13683,0.0
1969,1774584407.6506152,68.79365645419897,10.964607999994769,14.53622400003951,13683,0.0
1970,1774584407.6760135,39.39052459314329,10.936288000266359,25.386816000263934,13683,0.0
1971,1774584407.6951358,52.326477029722085,14.500352000140992,19.11078400007682,13683,0.0
1972,1774584407.7190125,41.90047129639294,17.342591999749857,23.86608000006163,13683,0.0
1973,1774584407.744107,39.87052604837109,14.788511999995535,25.08118400010062,13683,0.0
1974,1774584407.7650502,47.7790756697097,13.962944000013522,20.929664000050252,13683,0.0
1975,1774584407.7898552,40.33554006412794,17.98934399994323,24.79203199982294,13563,0.0
1976,1774584407.8081174,54.79379997249898,11.767456000143284,18.250239999815676,13563,0.0
1977,1774584407.8324292,41.154051796981086,18.251039999995555,24.298944000292977,13563,0.0
1978,1774584407.8534434,47.618249446256506,16.223359999912645,21.000352000100975,13563,0.0
1979,1774584407.869396,62.735131272442494,12.254272000063793,15.94003199988947,13563,0.0
1980,1774584407.8880942,53.51623040285684,13.674111999989691,18.685919999825273,13563,0.0
1981,1774584407.9045186,60.93126368622726,10.968512000090413,16.411935999713023,13563,0.0
1982,1774584407.9267044,45.09971727833826,16.78332799974669,22.1730880002724,13563,0.0
1983,1774584407.94357,59.33484217967576,11.017471999821282,16.85350399975505,13563,0.0
1984,1774584407.9617732,54.971054441384446,12.41846400034774,18.19139200006248,13563,0.0
1985,1774584407.9797497,55.66679017198613,11.040479999792296,17.96403200023633,13563,0.0
1986,1774584407.9976943,55.76304364559134,11.04339199991955,17.933023999830766,13563,0.0
1987,1774584408.0180385,49.182701538983196,12.053216000367684,20.332351999968523,13563,0.0
1988,1774584408.0345693,60.53948918158098,11.779200000091805,16.518144000201573,13563,0.0
1989,1774584408.051311,59.77852296445171,11.023455999747966,16.728415999750723,13563,0.0
1990,1774584408.0749884,42.255711281831736,20.094303999940166,23.66544000005888,13563,0.0
1991,1774584408.0948255,50.43942829933535,10.832704000222293,19.825760000003356,13563,0.0
1992,1774584408.1208007,38.5157211928497,19.074111999998422,25.963424000110535,13563,0.0
1993,1774584408.137406,60.262571254045035,12.624544000118476,16.594048000115436,13563,0.0
1994,1774584408.1529212,64.50441003664194,10.917151999819907,15.502816000207531,13563,0.0
1995,1774584408.1735687,48.45817710391089,15.001759999904607,20.63635200011049,13563,0.0
1996,1774584408.1904986,59.1123873073484,13.04902400033825,16.916928000227927,13563,0.0
1997,1774584408.2077534,57.994198724162885,12.256607999916014,17.243104000044696,13563,0.0
1998,1774584408.2290268,47.034140012557955,11.439104000146472,21.261152000079164,13563,0.0
1999,1774584408.2467554,56.45053488062919,10.991935999754787,17.714623999836476,13563,0.0
2000,1774584408.2680335,47.02338228273395,16.59430399968187,21.266016000026866,13563,0.0
2001,1774584408.283159,66.46701747088765,11.495327999909932,15.045055999962642,13603,0.0
2002,1774584408.3070343,41.90446051194055,18.142495999654784,23.86380799998733,13603,0.0
2003,1774584408.3398287,30.50435162893102,22.53980799969213,32.782207999844104,13603,0.0
2004,1774584408.3800442,24.873483513333806,19.52185600021039,40.20345600019937,13603,0.0
2005,1774584408.3968463,59.561475066470386,11.151263999636285,16.789375999906042,13603,0.0
2006,1774584408.4212723,40.95975589287326,17.015104000165593,24.414208000052895,13603,0.0
2007,1774584408.4425912,46.93185794629728,15.062656000282004,21.307487999820296,13603,0.0
2008,1774584408.4798336,26.859447305606448,18.951040000047215,37.23084800003562,13603,0.0
2009,1774584408.5063796,37.68888159909875,16.296320000037667,26.533023999945726,13603,0.0
2010,1774584408.5267713,49.07056425610855,10.992320000241307,20.378816000174993,13603,0.0
2011,1774584408.5478024,47.57663644592125,16.41513600043254,21.018720000029134,13603,0.0
2012,1774584408.5667632,52.77539467476241,11.819616000138922,18.948224000268965,13603,0.0
2013,1774584408.5888062,45.391954076063456,11.007648000031622,22.03033600017079,13603,0.0
2014,1774584408.6033413,68.85519697160582,10.914240000147402,14.523231999646669,13603,0.0
2015,1774584408.6197562,60.96086020218835,11.676864000037313,16.403967999849556,13603,0.0
2016,1774584408.637512,56.35829810648413,12.480064000101265,17.743615999734175,13603,0.0
2017,1774584408.6557202,54.95964642876019,12.541951999992307,18.195168000147532,13603,0.0
2018,1774584408.6764266,48.32307337893451,13.537087999793584,20.694047999768372,13603,0.0
2019,1774584408.6996582,43.06513515545233,12.378783999793086,23.220640000090498,13603,0.0
2020,1774584408.7240193,41.0697857798321,17.771199999970122,24.34880000009798,13603,0.0
2021,1774584408.738969,66.94257719186427,10.971167999741738,14.938176000214298,13603,0.0
2022,1774584408.7557638,59.58952826132872,11.775616000250011,16.781471999820496,13603,0.0
2023,1774584408.7716086,63.158873367329335,11.006912000084412,15.833087999908457,13603,0.0
2024,1774584408.787581,62.65902861546403,11.234655999942333,15.959391999786021,13603,0.0
2025,1774584408.8082533,48.40151105603973,15.280575999895518,20.660512000176823,13603,0.0
2026,1774584408.8300228,45.961695155383424,15.288479999981064,21.757248000085383,13603,0.0
2027,1774584408.8548758,40.25645616943509,15.39113599983466,24.840735999987373,13603,0.0
2028,1774584408.8803287,39.308917778379225,20.159392000095977,25.439519999963522,13603,0.0
2029,1774584408.9054768,39.78519812373487,19.90284800012887,25.134976000117604,13603,0.0
2030,1774584408.92972,41.269652608951596,16.166079999948124,24.230879999777244,13603,0.0
2031,1774584408.961644,31.33617447989784,17.134848000296188,31.911999999920226,13603,0.0
2032,1774584408.9850001,42.83703148223805,18.309120000139956,23.344288000316737,13603,0.0
2033,1774584409.006574,46.3793668958772,16.213888000038423,21.56131199990341,13603,0.0
2034,1774584409.0337064,36.874548655992264,18.54169600028399,27.11897599965596,13603,0.0
2035,1774584409.0597603,38.40009830410612,18.815679999988788,26.041600000098697,13603,0.0
2036,1774584409.0882978,35.056938076087526,16.893920000256912,28.525024000373378,13603,0.0
2037,1774584409.1108527,44.358959800387474,17.8644800002985,22.543359999872337,13603,0.0
2038,1774584409.13788,37.0161982879899,18.497600000046077,27.015200000278128,13603,0.0
2039,1774584409.1606681,43.90549570351142,17.967871999644558,22.776192000037554,13603,0.0
2040,1774584409.1789944,54.600889339181606,13.38214399993376,18.314720000034868,13603,0.0
2041,1774584409.196318,57.7645756197312,12.97833599983278,17.31164800003171,13603,0.0
2042,1774584409.220161,41.963093962092664,19.018399999822577,23.830464000184293,13603,0.0
2043,1774584409.2454195,39.61176665941891,17.95136000009734,25.245024000014382,13603,0.0
2044,1774584409.2687044,42.97027007328168,14.037983999969583,23.271904000012,13603,0.0
2045,1774584409.291138,44.603924288993966,17.552992000219092,22.41955199997392,13603,0.0
2046,1774584409.3181136,37.08802620470181,17.253728000014235,26.962880000155565,13402,0.0
2047,1774584409.3395588,46.65662367242882,13.376895999954286,21.433184000215988,13402,0.0
2048,1774584409.361285,46.05585064089886,16.228032000071835,21.712767999815696,13402,0.0
2049,1774584409.379334,55.442797225605126,12.371871999675932,18.03660800032958,13402,0.0
2050,1774584409.4045773,39.632564905372334,16.282399999909103,25.231776000055106,13402,0.0
2051,1774584409.4283667,42.05740802534917,15.499935999741865,23.777024000082747,13402,0.0
2052,1774584409.4463353,55.69169080070829,12.875584000084928,17.955999999685446,13402,0.0
2053,1774584409.4627683,60.89730473479599,12.124704000143538,16.421087999788142,13402,0.0
2054,1774584409.4855473,43.92579983617685,17.51155200008725,22.76566399996227,13402,0.0
2055,1774584409.5067024,47.29681665918371,16.513856000074156,21.14307200008625,13402,0.0
2056,1774584409.5289178,45.036086515357795,17.535200000111217,22.20441600002232,13402,0.0
2057,1774584409.546426,57.15529413427092,12.893503999748646,17.4961920001806,13402,0.0
2058,1774584409.5710983,40.550816336284726,17.87350399990828,24.66041600018798,13402,0.0
2059,1774584409.5932186,45.23301880081859,17.509824000171648,22.10774400009541,13402,0.0
2060,1774584409.6108103,56.88251076648135,12.086144000022614,17.580096000074263,13402,0.0
2061,1774584409.628698,55.94122680455109,12.139039999965462,17.87590399999317,13402,0.0
2062,1774584409.6441543,64.7497964270851,10.755647999758366,15.444063999893842,13402,0.0
2063,1774584409.6586235,69.17037604296904,10.95846399994116,14.457056000082957,13402,0.0
2064,1774584409.673201,68.6523488983244,10.91324800017901,14.566144000127679,13402,0.0
2065,1774584409.6877,69.02858556435694,10.879680000016378,14.486752000266279,13402,0.0
2066,1774584409.7021646,69.19105143688095,10.975359999974899,14.452736000293953,13402,0.0
2067,1774584409.717087,67.07462346913564,10.919744000148057,14.908768000168493,13402,0.0
2068,1774584409.731786,68.08427198871992,10.968896000122186,14.687679999951797,13402,0.0
2069,1774584409.746302,68.9419343448962,10.967296000217175,14.504960000067513,13402,0.0
2070,1774584409.7608168,68.95106129516974,10.917951999999786,14.503039999908651,13402,0.0
2071,1774584409.7764359,64.07010191651557,10.889152000345348,15.607904000262351,13402,0.0
2072,1774584409.792155,63.66753526248857,10.8954239999548,15.706591999787634,13402,0.0
2073,1774584409.8065586,69.48443659840706,10.938687999896501,14.391711999905965,13402,0.0
2074,1774584409.8209975,69.34043379434137,10.841567999705148,14.421599999877799,13402,0.0
2075,1774584409.8361442,66.07030726570619,10.896128000240424,15.135391999592684,13442,0.0
2076,1774584409.8506384,69.04536224967084,10.91619199996785,14.483232000202406,13442,0.0
2077,1774584409.8671741,60.51498738398509,12.898880000193458,16.524831999959133,13442,0.0
2078,1774584409.8839781,59.55262164973848,10.95324800007802,16.79187199988519,13442,0.0
2079,1774584409.9041786,49.53233550049923,15.855199999805336,20.188832000258117,13442,0.0
2080,1774584409.9197714,64.18116134077525,12.020959999972547,15.580895999846689,13442,0.0
2081,1774584409.934209,69.31075170536963,10.971616000006179,14.427776000047743,13442,0.0
2082,1774584409.9486694,69.1984056701119,10.872704000121303,14.451199999712117,13442,0.0
2083,1774584409.9632668,68.55686161060203,10.907807999956276,14.586431999759952,13442,0.0
2084,1774584409.9777832,68.9388925650573,10.925888000201667,14.505600000120467,13442,0.0
2085,1774584409.9921892,69.47238778319596,10.884832000101596,14.394207999885111,13442,0.0
2086,1774584410.0065856,69.51473156047976,10.901184000431385,14.385440000296512,13442,0.0
2087,1774584410.0220976,64.50361117018421,12.043231999996351,15.503007999996044,13442,0.0
2088,1774584410.0378103,63.68855582871292,11.152000000038242,15.701408000040828,13442,0.0
2089,1774584410.052322,68.96871358425159,10.920511999756854,14.499328000056266,13442,0.0
2090,1774584410.0712032,52.994664920037216,14.151488000152312,18.869824000375957,13442,0.0
2091,1774584410.0922058,47.64002738021802,17.385215999638604,20.990751999761414,13442,0.0
2092,1774584410.1119144,50.77362760943197,16.207743999984814,19.69526399989263,13442,0.0
2093,1774584410.1329465,47.57627428257715,14.770431999750144,21.01888000015606,13442,0.0
2094,1774584410.1475537,68.51687817258983,10.99078399965947,14.594944000236865,13442,0.0
2095,1774584410.1621673,68.48414455023477,11.00611200035928,14.60192000013194,13442,0.0
2096,1774584410.176843,68.1933242572981,10.95766399976128,14.664191999600007,13442,0.0
2097,1774584410.193623,59.637973643775894,11.431263999838848,16.767840000284195,13442,0.0
2098,1774584410.2157993,45.116125297103046,16.128959999605286,22.16502400005993,13442,0.0
2099,1774584410.2436178,35.96265407862472,16.85008000004018,27.806623999822477,13442,0.0
2100,1774584410.2601068,60.83992189068196,11.178751999977976,16.43657600016013,13442,0.0
2101,1774584410.279269,52.22145909212297,12.888991999716382,19.149216000187153,13442,0.0
2102,1774584410.2965202,58.005824712176036,10.786912000185112,17.239648000213492,13442,0.0
2103,1774584410.3134434,59.13229739861327,11.37302400002227,16.91123199998401,13442,0.0
2104,1774584410.3327055,51.94757699935204,13.259199999993143,19.250175999786734,13442,0.0
2105,1774584410.3548923,45.096463138151,16.834911999922042,22.17468800017741,13563,0.0
2106,1774584410.375732,48.0118485561411,14.293568000084633,20.82819199995356,13563,0.0
2107,1774584410.3967345,47.64307787928877,15.380256000298687,20.989408000332332,13563,0.0
2108,1774584410.422888,38.252924666142725,20.968448000076023,26.141791999634734,13563,0.0
2109,1774584410.4448266,45.60499217721609,18.358335999892006,21.927424000296014,13563,0.0
2110,1774584410.4702203,39.39842078528729,19.45248000038191,25.381727999956638,13563,0.0
2111,1774584410.4926784,44.55038327554597,17.813919999753125,22.446496000156912,13563,0.0
2112,1774584410.5136595,47.688663984569054,10.834912000063923,20.96934400015016,13563,0.0
2113,1774584410.53686,43.125278589885944,19.28950400042595,23.18825599968477,13563,0.0
2114,1774584410.559262,44.66435984142576,17.680383999959304,22.38921600019239,13563,0.0
2115,1774584410.578465,52.1106045508586,15.45990399972652,19.189951999578625,13563,0.0
2116,1774584410.5946488,61.839553567444,11.770464000164793,16.170880000117904,13563,0.0
2117,1774584410.6124237,56.30255280298519,12.606432000211498,17.761183999937202,13563,0.0
2118,1774584410.6271687,67.9408382055939,10.999136000009457,14.718687999902613,13563,0.0
2119,1774584410.6491637,45.48736251902552,17.27004799977294,21.984127999985503,13563,0.0
2120,1774584410.66834,52.18709868095657,14.75135999999111,19.161824000093475,13563,0.0
2121,1774584410.6877143,51.64922162616042,13.666304000253149,19.36137599977883,13563,0.0
2122,1774584410.7088711,47.2922357503487,17.489823999767395,21.145119999800954,13563,0.0
2123,1774584410.7249105,62.398290786615114,12.446816000192484,16.026079999846843,13563,0.0
2124,1774584410.7451565,49.42227339294806,15.86505599971133,20.233791999999085,13563,0.0
2125,1774584410.760358,65.84214740134937,10.878207999667211,15.187840000180586,13563,0.0
2126,1774584410.779762,51.565699651397935,14.744703999895137,19.39273600009983,13563,0.0
2127,1774584410.8016346,45.74585505969246,17.842495999957464,21.85990399993898,13563,0.0
2128,1774584410.8207083,52.46034837116925,15.490016000057949,19.062015999679716,13563,0.0
2129,1774584410.842551,45.80909116264777,17.890496000291023,21.82972799982963,13563,0.0
2130,1774584410.8577409,65.88643076708782,11.194560000149067,15.177632000359154,13081,0.0
2131,1774584410.872307,68.71152154793657,10.957311999845842,14.553599999999278,13081,0.0
2132,1774584410.8917465,51.47159344563345,14.675967999664863,19.42819199985024,13081,0.0
2133,1774584410.9122071,48.90339037391068,15.811872000085714,20.44848000014099,13081,0.0
2134,1774584410.9366224,40.97812489374317,15.24291199984873,24.403263999829505,13081,0.0
2135,1774584410.959143,44.424605402518615,17.933151999841357,22.510048000185634,13081,0.0
2136,1774584410.9793108,49.61341229163255,14.594431999739754,20.15583999991577,13081,0.0
2137,1774584411.0028458,42.51076032361551,17.277376000038203,23.523456000020815,13081,0.0
2138,1774584411.0223641,51.264384787017974,14.615456000228733,19.50671999975384,13081,0.0
2139,1774584411.0438545,46.55937400425004,14.014112000040768,21.477951999713696,13081,0.0
2140,1774584411.072756,34.6145325651316,17.45440000013332,28.889600000184146,13081,0.0
2141,1774584411.10837,28.089029189203508,20.811744000184262,35.601088000021264,13081,0.0
2142,1774584411.1279452,51.11788684454627,15.453696000349737,19.5626239997182,13081,0.0
2143,1774584411.1530137,39.91391367080558,14.234687999760354,25.053920000118524,13081,0.0
2144,1774584411.1750798,45.3473607830719,17.459360000430024,22.052000000257976,13081,0.0
2145,1774584411.196613,46.46757232624874,17.18118400003732,21.52038399981393,13081,0.0
2146,1774584411.2223852,38.82151544269465,16.70985600003405,25.758912000128475,13081,0.0
2147,1774584411.245343,43.58425778438779,15.43011200010369,22.94406400005755,13081,0.0
2148,1774584411.2688878,42.49312971072958,17.752832000041963,23.533216000032553,13081,0.0
2149,1774584411.2941477,39.608352609806666,18.66201600023487,25.247199999739678,13081,0.0
2150,1774584411.3200774,38.585439275021216,16.647551999994903,25.91651200009437,13081,0.0
2151,1774584411.3443387,41.23980716949145,18.685567999909836,24.248415999863937,13081,0.0
2152,1774584411.369494,39.77233678124193,18.440064000060374,25.14310399965325,13121,0.0
2153,1774584411.3967912,36.648895372898366,21.252607999940665,27.285952000056568,13121,0.0
2154,1774584411.4208584,41.57276764206185,17.65023999996629,24.054208000052313,13121,0.0
2155,1774584411.4436545,43.89248378079587,18.0941119997442,22.782944000027783,13121,0.0
2156,1774584411.4694722,38.75248015864018,17.84271999986231,25.804800000059913,13121,0.0
2157,1774584411.4890702,51.0565854019238,15.58415999988938,19.58611199961524,13121,0.0
2158,1774584411.5181634,34.388046824683315,20.161151999673166,29.079872000238538,13121,0.0
2159,1774584411.5456204,36.43728472854803,22.69750400000703,27.444415999980265,13121,0.0
2160,1774584411.5636625,55.467891635090425,12.995648000014626,18.028447999768105,13121,0.0
2161,1774584411.5833573,50.80730779753098,12.493023999923025,19.682208000176615,13121,0.0
2162,1774584411.6017268,54.47724507211595,13.688256000023102,18.3562880001773,13121,0.0
2163,1774584411.619169,57.375559296314215,13.620960000025661,17.42902400019375,13121,0.0
2164,1774584411.6336198,69.26589236676973,10.84147200026564,14.437119999911374,13121,0.0
2165,1774584411.6524112,53.249406588417074,10.810016000050382,18.77955200006909,13121,0.0
2166,1774584411.6780765,38.98365555609119,18.118687999958638,25.65177600035895,13121,0.0
2167,1774584411.6976564,51.105013034087435,11.158847999922727,19.56755199989857,13121,0.0
2168,1774584411.726038,35.249595334388665,16.377599999941594,28.36912000020675,13121,0.0
2169,1774584411.748322,44.898780190027736,13.253407999854971,22.27231999995638,13121,0.0
2170,1774584411.7651818,59.3568190070177,12.15580799998861,16.847263999807183,13121,0.0
2171,1774584411.788514,42.881823184378554,18.184959999871353,23.319903999890812,13121,0.0
2172,1774584411.8074925,52.723128496692695,13.801600000078906,18.96700800034523,13121,0.0
2173,1774584411.8234823,62.59201025482806,11.21311999986574,15.97648000006302,13121,0.0
2174,1774584411.8389866,64.55544538192103,10.744832000000315,15.4905599997619,13121,0.0
2175,1774584411.8552618,61.491780761929185,10.72950400021,16.262336000181676,13121,0.0
2176,1774584411.872757,57.199023316035436,12.625472000308946,17.482815999755985,13442,0.0
2177,1774584411.8887508,62.56844988553841,10.841727999832074,15.982495999651292,13442,0.0
2178,1774584411.9092703,48.76952536715176,15.821408000192605,20.504608000010194,13442,0.0
2179,1774584411.9248717,64.14677603354465,11.885344000347686,15.589248000196676,13442,0.0
2180,1774584411.9399214,66.50039793929874,10.85100800037253,15.037503999792534,13442,0.0
2181,1774584411.957648,56.45543001967848,11.702624000008655,17.713087999709387,13442,0.0
2182,1774584411.9738064,61.93294198263901,10.811583999839058,16.146496000146726,13442,0.0
2183,1774584411.9887183,67.11611194815448,10.768031999759842,14.899551999860705,13442,0.0
2184,1774584412.0044966,63.42833714230637,11.053471999730391,15.76582400002735,13442,0.0
2185,1774584412.0187843,70.05564099075573,10.710975999700167,14.274368000315008,13442,0.0
2186,1774584412.03807,51.880739047606376,11.625535999883141,19.27497599990602,13442,0.0
2187,1774584412.0525053,69.33735674935387,10.842432000117697,14.422239999930753,13442,0.0
2188,1774584412.0698023,57.85687043348665,13.517119999960414,17.284032000134175,13442,0.0
2189,1774584412.0929832,43.16173149610846,16.00191999978051,23.16867200033812,13442,0.0
2190,1774584412.1073089,69.86331382411957,10.734592000062548,14.313663999928394,13442,0.0
2191,1774584412.122466,66.02842708695216,10.66675199990641,15.144991999932245,13442,0.0
2192,1774584412.136676,70.42063087819227,10.692672000004677,14.20038400010526,13442,0.0
2193,1774584412.1509893,69.92506270925713,10.676351999791223,14.301023999905738,13442,0.0
2194,1774584412.1653044,69.91364266753608,10.710239999752957,14.303360000212706,13442,0.0
2195,1774584412.1795614,70.20247517076511,10.688128000310826,14.244512000004761,13442,0.0
2196,1774584412.1937122,70.72663983946106,10.688640000353189,14.138944000023912,13442,0.0
2197,1774584412.2078817,70.63232315929292,10.690272000374534,14.157823999994434,13442,0.0
2198,1774584412.2220733,70.51422356607648,10.714975999690068,14.181535999796324,13442,0.0
2199,1774584412.2363286,70.1979019263861,10.719968000103108,14.245439999740483,13442,0.0
2200,1774584412.2505348,70.45222437326106,10.667744000329549,14.194016000146803,13442,0.0
2201,1774584412.2647133,70.58478079139995,10.68223999982365,14.167360000101326,13442,0.0
2202,1774584412.278917,70.46191449031281,10.67603199999212,14.192063999871607,13442,0.0
2203,1774584412.2938893,66.8420602325984,10.743872000148258,14.960640000026615,13442,0.0
2204,1774584412.308108,70.38700464336668,10.690143999909196,14.207168000211823,13442,0.0
2205,1774584412.3224237,69.91395549678869,10.668255999917164,14.303295999980037,13442,0.0
2206,1774584412.3366487,70.35420245255663,10.729472000093665,14.21379200019146,13442,0.0
2207,1774584412.3509166,70.14511621613812,10.690944000089075,14.256160000059026,13442,0.0
2208,1774584412.365182,70.160077232601,10.707008000281348,14.253119999921182,13442,0.0
2209,1774584412.3798008,68.4590899431688,10.694208000131766,14.60726400000567,13804,0.0
2210,1774584412.3949559,66.03093840149627,10.691903999941132,15.144415999657213,13804,0.0
2211,1774584412.409469,68.95958196047435,10.780447999877651,14.501248000215128,13804,0.0
2212,1774584412.4238694,69.4988079564421,10.751519999757875,14.38873600000079,13804,0.0
2213,1774584412.4381793,69.93570391259378,10.744735999651311,14.298847999725695,13804,0.0
2214,1774584412.452428,70.23529385368178,10.710879999805911,14.237855999908788,13804,0.0
2215,1774584412.4689791,60.46417135072917,10.733120000168128,16.538719999971363,13804,0.0
2216,1774584412.4846244,63.96649588525334,11.269760000232054,15.633183999852918,13804,0.0
2217,1774584412.5013225,59.93249204115708,12.84659200018723,16.68543999994654,13804,0.0
2218,1774584412.5243764,43.40060774799726,17.497088000254735,23.041151999677822,13804,0.0
2219,1774584412.5456512,47.031166990072116,16.67161599971223,21.262495999962994,13804,0.0
2220,1774584412.5666873,47.564543182736706,17.113311999764846,21.024063999902864,13804,0.0
2221,1774584412.5810921,69.47563128255277,10.728319999998348,14.39353600017057,13804,0.0
2222,1774584412.5958743,67.70429364403701,10.693312000057631,14.770111999951041,13804,0.0
2223,1774584412.6114984,64.05092919977632,10.67510399980165,15.612575999966793,13804,0.0
2224,1774584412.6270008,64.55024487884452,10.661152000011498,15.491807999751472,13804,0.0
2225,1774584412.6430504,62.35210081584885,10.749728000064351,16.037952000260702,13804,0.0
2226,1774584412.6589987,62.75302017658476,10.94790400020429,15.935488000195619,13804,0.0
2227,1774584412.6836433,40.59865147509764,18.73907200024405,24.63136000005761,13804,0.0
2228,1774584412.7017272,55.33764819462505,13.153855999917141,18.07087999986834,13804,0.0
2229,1774584412.724708,43.536410370967275,14.87600000018574,22.969279999870196,13804,0.0
2230,1774584412.7454145,48.32509100625376,13.346495999940089,20.69318399981057,13804,0.0
2231,1774584412.7717774,37.951055889110044,16.33609600003183,26.349728000241157,13804,0.0
2232,1774584412.7938159,45.399999418725116,17.314815999725397,22.026432000075147,13804,0.0
2233,1774584412.8155448,46.04824972517355,14.766143999622727,21.71635199965749,13804,0.0
2234,1774584412.8327339,58.217953113751754,13.588319999598752,17.176831999677233,13804,0.0
2235,1774584412.8527355,50.028095778399916,14.67824000019391,19.988768000075652,13804,0.0
2236,1774584412.8747976,45.351704281061984,17.351680000047054,22.049887999855855,13804,0.0
2237,1774584412.8958123,47.61404134263914,16.31225600021935,21.002208000027167,13523,0.0
2238,1774584412.9129543,58.38273291017431,13.472575999912806,17.128351999872393,13523,0.0
2239,1774584412.9337728,48.063243537489306,16.58601599956455,20.805920000384504,13523,0.0
2240,1774584412.95573,45.56947996814013,18.08028799996464,21.944512000118266,13523,0.0
2241,1774584412.9760416,49.26318046203178,16.772735999893484,20.299136000176077,13523,0.0
2242,1774584412.9950545,52.62971751750516,15.435136000178318,19.00067199994737,13523,0.0
2243,1774584413.018266,43.10564815054908,17.44704000020647,23.198815999876388,13523,0.0
2244,1774584413.038657,49.07364658791965,14.6666880000339,20.377536000069085,13523,0.0
2245,1774584413.0604985,45.811105784853616,17.501888000424515,21.828767999977572,13523,0.0
2246,1774584413.0799143,51.5356808322691,15.773920000356156,19.40403199978391,13523,0.0
2247,1774584413.102682,43.94414523369685,16.478751999784436,22.756159999971715,13523,0.0
2248,1774584413.1216333,52.80018382852055,14.34112000015375,18.939328000215028,13523,0.0
2249,1774584413.1435177,45.7198201634687,17.8397119998408,21.872352000173123,13523,0.0
2250,1774584413.1624577,52.833748676682866,15.381663999960438,18.92729600012899,13523,0.0
2251,1774584413.1855667,43.29574108416109,16.951808000158053,23.09696000020267,13523,0.0
2252,1774584413.1997952,70.3454920369096,10.691647999919951,14.21555199976865,13523,0.0
2253,1774584413.2233505,42.472742692340404,17.79219199988802,23.54451200017138,13523,0.0
2254,1774584413.2424138,52.49163073379582,15.584511999804818,19.050656000217714,13523,0.0
2255,1774584413.2604768,55.39630963118211,13.194495999869105,18.051743999876635,13523,0.0
2256,1774584413.2781358,56.66785744647113,12.973504000001412,17.64668800024083,13523,0.0
2257,1774584413.2979293,50.554154418706915,15.934016000301199,19.780768000146054,13523,0.0
2258,1774584413.3131561,65.72554694210527,10.869375999845943,15.214783999908832,13523,0.0
2259,1774584413.3276744,68.93159338844936,10.831552000126976,14.507136000247556,13523,0.0
2260,1774584413.344786,58.48467607905467,13.01897600023949,17.098496000016894,13523,0.0
2261,1774584413.3664987,46.08281339627862,17.346879999877274,21.700064000015118,13523,0.0
2262,1774584413.3835661,58.631714034469844,13.420576000044093,17.055616000106966,13523,0.0
2263,1774584413.4007196,58.33488893033218,13.554784000007203,17.14240000001155,13282,0.0
2264,1774584413.4183507,56.74843283642008,14.037023999662779,17.621631999645615,13282,0.0
2265,1774584413.4340892,63.585532204956266,12.141472000166686,15.726848000213067,13282,0.0
2266,1774584413.4542766,49.563995444344165,15.473536000172317,20.17593600021428,13282,0.0
2267,1774584413.4741807,50.27235551352088,11.522975999923801,19.8916479998843,13282,0.0
2268,1774584413.4958105,46.25723463159802,15.09347199998956,21.618239999952493,13282,0.0
2269,1774584413.51881,43.50695275906847,12.879040000370878,22.984832000020106,13282,0.0
2270,1774584413.5416908,43.73357366983969,18.09276799986037,22.865727999942465,13282,0.0
2271,1774584413.5629764,47.00803273306291,14.538400000219553,21.272959999805607,13282,0.0
2272,1774584413.5798216,59.40635467356365,12.181439999949362,16.833216000122775,13282,0.0
2273,1774584413.6113338,31.746515502332567,14.700896000249486,31.499520000124903,13282,0.0
2274,1774584413.6454825,29.29453143748946,17.14707199971599,34.1360639999948,13282,0.0
2275,1774584413.6620412,60.43412004106026,11.050111999793444,16.546943999856012,13282,0.0
2276,1774584413.6798995,56.03662374453852,12.427968000338296,17.84547199986264,13282,0.0
2277,1774584413.6974638,56.97626505555603,12.112064000120881,17.551167999954487,13282,0.0
2278,1774584413.7257013,35.42858956765174,18.02928000006432,28.225792000284855,13282,0.0
2279,1774584413.741877,61.86771198453765,10.996544000136055,16.16351999973631,13282,0.0
2280,1774584413.7614193,51.20424184176507,11.419263999869145,19.5296319998306,13282,0.0
2281,1774584413.7776256,61.7619447606258,10.954559999845515,16.191199999866512,13282,0.0
2282,1774584413.7946424,58.8055971636894,10.997599999882368,17.00518400002693,13282,0.0
2283,1774584413.8148794,49.443542593766935,11.032991999854858,20.225088000188407,13282,0.0
2284,1774584413.8411646,38.062271093487304,14.921632000095997,26.2727360000099,13282,0.0
2285,1774584413.860903,50.69356913498947,10.805280000113271,19.72636800019245,13282,0.0
2286,1774584413.8771517,61.588126203396186,10.973632000059297,16.236896000009438,13282,0.0
2287,1774584413.8975961,48.94360130933561,10.994079999818496,20.431680000001506,13282,0.0
2288,1774584413.9181812,48.614298047960204,13.616447999993397,20.570080000197777,13402,0.0
2289,1774584413.9394143,47.12144515791798,16.283647999898676,21.221760000116774,13402,0.0
2290,1774584413.9630382,42.35123198005702,13.176383999962127,23.612064000190003,13402,0.0
2291,1774584413.978286,65.64009065654116,10.927840000022115,15.234592000069824,13402,0.0
2292,1774584414.0008333,44.37565232215509,10.983392000071035,22.534879999966506,13402,0.0
2293,1774584414.019826,52.68659484442409,11.110943999938172,18.980159999955504,13402,0.0
2294,1774584414.0403886,48.66252035988584,15.714848000243364,20.5496960002165,13402,0.0
2295,1774584414.0574033,58.82009708523963,11.833088000003045,17.000992000248516,13402,0.0
2296,1774584414.0768209,51.53151667552621,13.73948799982827,19.405600000027334,13402,0.0
2297,1774584414.0948303,55.56345791457852,11.569088000214833,17.99743999981729,13402,0.0
2298,1774584414.112394,56.974706876915924,10.973440000270784,17.551647999880515,13402,0.0
2299,1774584414.1292262,59.45506814024752,10.93948800007638,16.8194240000048,13402,0.0
2300,1774584414.1459107,59.97965490106528,11.023871999896073,16.672319999997853,13402,0.0
2301,1774584414.1677265,45.865500337579256,10.962240000026213,21.80287999999564,13402,0.0
2302,1774584414.1823716,68.33603397488581,11.155040000176086,14.633567999680963,13402,0.0
2303,1774584414.2092247,37.256136234848235,13.209344000188139,26.841215999866108,13402,0.0
2304,1774584414.227159,55.804667592118015,10.9708159998263,17.9196479998609,13402,0.0
2305,1774584414.2445521,57.53432728114172,10.98281600025075,17.380927999965934,13402,0.0
2306,1774584414.2630138,54.20124706276409,11.008768000010605,18.449759999839443,13402,0.0
2307,1774584414.2869322,41.828515134277744,17.99574400001802,23.9071360001617,13402,0.0
2308,1774584414.3038023,59.32267739839021,11.069184000007226,16.856960000041,13402,0.0
2309,1774584414.3245497,48.227541398311,16.054304000135744,20.73504000009052,13402,0.0
2310,1774584414.339998,64.78268260407118,11.480095999559126,15.436224000040966,13402,0.0
2311,1774584414.3559268,62.82669883388275,12.305727999773808,15.916800000013609,13402,0.0
2312,1774584414.376661,48.257703859218296,11.054623999825708,20.72208000026876,13402,0.0
2313,1774584414.395991,51.76677947681574,12.53318399994896,19.317408000006253,13402,0.0
2314,1774584414.427258,31.995429516797216,24.394624000251497,31.254464000085136,13763,0.0
2315,1774584414.4551342,35.887571416445965,18.605568000111816,27.864799999861134,13763,0.0
2316,1774584414.4782567,43.27182042081116,16.854720000083034,23.10972800023592,13763,0.0
2317,1774584414.4947371,60.7247720140388,11.098848000074213,16.46774400023787,13763,0.0
2318,1774584414.512122,57.56548649636456,12.606975999915448,17.37152000032438,13763,0.0
2319,1774584414.5293367,58.13218048708509,12.459519999993063,17.202175999955216,13763,0.0
2320,1774584414.547828,54.11648985773113,13.240896000297653,18.478655999842886,13763,0.0
2321,1774584414.5697687,45.60199744124266,16.20998399994278,21.928863999619352,13763,0.0
2322,1774584414.5905573,48.13149678840703,14.16166399985741,20.776416000444442,13763,0.0
2323,1774584414.6117337,47.249832925337046,14.100895999945351,21.164095999665733,13763,0.0
2324,1774584414.628468,59.80403414027083,11.014048000106413,16.72128000018347,13763,0.0
2325,1774584414.6534135,40.10729503602229,15.631327999926725,24.933119999786868,13763,0.0
2326,1774584414.6785293,39.834289356550215,15.699424000104045,25.103999999828375,13763,0.0
2327,1774584414.704834,38.03595706423606,17.0305599999665,26.2909119996948,13763,0.0
2328,1774584414.7249653,49.70582106943389,13.558176000060485,20.118367999657494,13763,0.0
2329,1774584414.74822,43.02606071304976,15.673855999921216,23.24172799990265,13763,0.0
2330,1774584414.7746785,37.81155206457272,17.75884800008498,26.44694399987202,13763,0.0
2331,1774584414.80094,38.096097252588144,14.024223999967944,26.249408000239782,13763,0.0
2332,1774584414.824872,41.80669121179079,18.207103999884566,23.919615999602684,13763,0.0
2333,1774584414.8467264,45.78264888939026,17.19494400003896,21.84233599973595,13763,0.0
2334,1774584414.8740284,36.64519942077789,16.55503999973007,27.28870399960215,13763,0.0
2335,1774584414.8976827,42.29694758182111,15.48713600004703,23.642367999855196,13763,0.0
2336,1774584414.9208364,43.21371776263255,17.774368000118557,23.140799999964656,13763,0.0
2337,1774584414.9397368,52.9435782399468,13.508416000149737,18.88803200017719,13603,0.0
2338,1774584414.960389,48.44735903747727,16.810048000024835,20.640960000037012,13603,0.0
2339,1774584414.9763432,62.72845703997706,11.14166400020622,15.941728000143485,13603,0.0
2340,1774584414.9911737,67.48454333937882,10.928159999821219,14.818208000178856,13603,0.0
2341,1774584415.0115526,49.10472269574912,14.956223999888607,20.364640000025247,13603,0.0
2342,1774584415.0343025,43.9795203209947,17.298879999998462,22.737855999821477,13603,0.0
2343,1774584415.0569406,44.195847711842504,18.02051200002097,22.626559999935125,13603,0.0
2344,1774584415.0752978,54.507652001507005,13.670048000221868,18.346048000239534,13603,0.0
2345,1774584415.0920522,59.729506567054855,11.611423999966064,16.742144000090775,13603,0.0
2346,1774584415.1097476,56.54890620947848,13.457087999995565,17.683807999674173,13603,0.0
2347,1774584415.1299744,49.4694500424801,14.358112000081746,20.214495999880455,13603,0.0
2348,1774584415.1563802,37.88783503452793,18.81267199996728,26.393696000013733,13603,0.0
2349,1774584415.184441,35.65186439316722,17.015295999954105,28.049023999756173,13603,0.0
2350,1774584415.2061536,46.08077480611609,16.31398400013495,21.701023999867175,13603,0.0
2351,1774584415.2285566,44.66404065864712,10.8544320000874,22.389376000319317,13603,0.0
2352,1774584415.2544494,38.64102304105986,15.968191999945702,25.879232000079355,13603,0.0
2353,1774584415.279144,40.513543191482036,17.533887999888975,24.683103999905143,13603,0.0
2354,1774584415.316676,26.652429294321212,31.074783999883948,37.52003199997489,13603,0.0
2355,1774584415.340625,41.776678587340164,16.494112000145833,23.93679999977394,13603,0.0
2356,1774584415.3635142,43.71711598562551,11.700831999860384,22.874335999858886,13603,0.0
2357,1774584415.3913474,35.94581786182479,12.40252799971131,27.819648000331654,13603,0.0
2358,1774584415.4200032,34.91514781123994,16.153279999798542,28.64086399995358,13603,0.0
2359,1774584415.4451823,39.736328795993586,17.077919999792357,25.165887999719416,13603,0.0
2360,1774584415.469279,41.5239902362102,18.902847999925143,24.0824640000028,13322,0.0
2361,1774584415.4939544,40.54566025165705,16.556735999984085,24.66355200022008,13322,0.0
2362,1774584415.5138705,50.243176976454734,13.996511999721406,19.903200000044308,13322,0.0
2363,1774584415.5478795,29.415336073653624,29.502144000161934,33.99587200010501,13322,0.0
2364,1774584415.5799341,31.209334237190678,19.41929600025105,32.04169600030582,13322,0.0
2365,1774584415.6028202,43.719929432604225,17.30905599970356,22.872863999964466,13322,0.0
2366,1774584415.6273334,40.81733946694916,11.873215999912645,24.499392000052467,13322,0.0
2367,1774584415.6530268,38.940858493854776,17.337376000341465,25.679967999622022,13322,0.0
2368,1774584415.6868393,29.586078921543155,19.8382080002375,33.799679999901855,13322,0.0
2369,1774584415.7124267,39.10042741434836,14.646080000147776,25.575168000159465,13322,0.0
2370,1774584415.7277057,65.50195457832623,10.958079999909387,15.266719999999623,13322,0.0
2371,1774584415.7467782,52.46184554903584,11.878303999765194,19.061471999975765,13322,0.0
2372,1774584415.76536,53.85284816961302,11.722879999979341,18.569119999938266,13322,0.0
2373,1774584415.7818751,60.59830402435419,10.788575999868044,16.502111999670888,13322,0.0
2374,1774584415.8064773,40.666540871955235,17.675552000127936,24.590239999724872,13322,0.0
2375,1774584415.8237438,57.95816625956679,11.371327999768255,17.25382399990849,13322,0.0
2376,1774584415.8422687,54.01649361205492,10.939776000213897,18.51286400005847,13322,0.0
2377,1774584415.8659356,42.274174740877655,11.4216319998377,23.65510399977211,13322,0.0
2378,1774584415.8882573,44.823174370732,17.63247999997475,22.309887999654165,13322,0.0
2379,1774584415.9048579,60.27744986926244,11.889152000094327,16.58995199977653,13322,0.0
2380,1774584415.9251585,49.28952112593876,10.757728000044153,20.28828800030169,13322,0.0
2381,1774584415.945872,48.304100979031695,15.338656000039919,20.702176000213512,13322,0.0
2382,1774584415.9781847,30.959690978058614,15.744031999929575,32.30006399962804,13442,0.0
2383,1774584415.995753,56.959025954548345,10.839583999768365,17.55648000016663,13442,0.0
2384,1774584416.012404,60.09904322287191,12.002623999705975,16.639200000099663,13442,0.0
2385,1774584416.0321865,50.58123913556404,10.856735999823286,19.770175999838102,13442,0.0
2386,1774584416.0528362,48.45697485783659,15.154751999943983,20.636864000152855,13442,0.0
2387,1774584416.0746489,45.87061697028294,15.766528000312974,21.800448000249162,13442,0.0
2388,1774584416.0947993,49.657877090526675,10.935679999874992,20.137791999786714,13442,0.0
2389,1774584416.118312,42.55446631260515,18.771647999983543,23.499295999954484,13442,0.0
2390,1774584416.1448057,37.761931864479955,15.479839999898104,26.481695999791555,13442,0.0
2391,1774584416.1756277,32.45667423451881,19.661312000152975,30.810304000169708,13442,0.0
2392,1774584416.2021744,37.68665446259771,14.116480000211595,26.534591999734403,13442,0.0
2393,1774584416.2202852,55.25018166202033,10.93395199995939,18.099488000189012,13442,0.0
2394,1774584416.2381701,55.95044133644162,11.232863999794063,17.87296000020433,13442,0.0
2395,1774584416.267195,34.469066081288396,17.80259199995271,29.011520000040036,13442,0.0
2396,1774584416.291929,40.44862377639705,18.33507199989981,24.72271999977238,13442,0.0
2397,1774584416.3239644,31.228389953989833,25.309759999800008,32.02214400016601,13442,0.0
2398,1774584416.3476694,42.20913851495646,11.118143999738095,23.69155199994566,13442,0.0
2399,1774584416.3638554,61.83416966193187,11.35299199995643,16.172287999779655,13442,0.0
2400,1774584416.3867831,43.63946124458438,17.832351999913953,22.91504000004352,13442,0.0
2401,1774584416.4115489,40.398425430904425,18.945503999930224,24.753440000040428,13442,0.0
2402,1774584416.4347079,43.828092896226586,14.25526399998489,22.81641599984141,13442,0.0
2403,1774584416.46128,37.65418636210434,17.628831999900285,26.557472000149573,13442,0.0
2404,1774584416.4783013,58.79497580371981,11.336799999753566,17.008256000281108,13442,0.0
2405,1774584416.5084338,33.201271953807804,20.326815999851533,30.119328000182577,13402,0.0
2406,1774584416.535168,37.42452222343167,19.712831999640912,26.720448000105534,13402,0.0
2407,1774584416.558299,43.25618736564616,17.376255999806745,23.11807999967641,13402,0.0
2408,1774584416.578414,49.74340362703432,13.35823999988861,20.10316799987777,13402,0.0
2409,1774584416.5958161,57.50108562011566,13.442112000120687,17.390976000115188,13402,0.0
2410,1774584416.616719,47.8671911378019,16.005631999632897,20.891136000045663,13402,0.0
2411,1774584416.6381586,46.66651733366444,15.56464000032065,21.42864000006739,13402,0.0
2412,1774584416.6585336,49.10703762845549,16.804703999696358,20.363679999718443,13402,0.0
2413,1774584416.6787066,49.59978922065513,14.139328000055684,20.16137600003276,13402,0.0
2414,1774584416.6931531,69.28063423536832,10.774880000099074,14.434047999657196,13402,0.0
2415,1774584416.7166593,42.56455169620218,19.149184000070818,23.493728000175906,13402,0.0
2416,1774584416.7348204,55.09656444291543,13.897503999942273,18.149951999930636,13402,0.0
2417,1774584416.7542193,51.577955333854874,14.292639999894163,19.38812800017331,13402,0.0
2418,1774584416.778419,41.345604267923505,14.501824000035413,24.18636799984597,13402,0.0
2419,1774584416.8015559,43.24714811013512,16.530880000118486,23.122911999962525,13402,0.0
2420,1774584416.822929,46.81507670229435,16.680383999755577,21.360639999784325,13402,0.0
2421,1774584416.845922,43.514343720292196,19.304127999930643,22.98092799992446,13402,0.0
2422,1774584416.862929,58.84091863469923,12.658335999731207,16.99497599975075,13402,0.0
2423,1774584416.8938935,32.307822731792015,17.343775999961508,30.952256000091438,13402,0.0
2424,1774584416.9190855,39.71436160299702,17.31424000035986,25.17980799984798,13402,0.0
2425,1774584416.941126,45.3951191167025,17.687103999833198,22.028800000043702,13402,0.0
2426,1774584416.9619853,47.97064963782762,16.283775999909267,20.84607999995569,13402,0.0
2427,1774584416.9795165,57.08377706510059,11.576895999951375,17.51811199983422,13402,0.0
2428,1774584417.0061455,37.57147597543672,20.462623999719654,26.615936000325746,13402,0.0
2429,1774584417.0348482,34.85564187317731,20.534495999982028,28.689760000361275,13442,0.0
2430,1774584417.0728807,26.301459331040498,20.3942719999759,38.02070400024604,13442,0.0
2431,1774584417.1014965,34.96041921211876,18.440415999975812,28.603775999727077,13442,0.0
2432,1774584417.1219697,48.873179962387304,14.448544000060792,20.461120000163646,13442,0.0
2433,1774584417.1452007,43.068458865095415,18.76111999990826,23.218848000396974,13442,0.0
2434,1774584417.1678138,44.24672255598885,15.289407999716786,22.60054400039735,13442,0.0
2435,1774584417.1937904,38.5157211928497,16.382880000037403,25.963424000110535,13442,0.0
2436,1774584417.215213,46.70536611062952,16.20310399994196,21.41081599984318,13442,0.0
2437,1774584417.2402277,39.99482946841864,17.561440000008588,25.003232000017306,13442,0.0
2438,1774584417.2626326,44.65638164664957,16.70051200017042,22.393216000182292,13442,0.0
2439,1774584417.2942736,31.61662639981302,16.493567999987135,31.628927999918233,13442,0.0
2440,1774584417.3302388,27.81429485634914,12.354720000075758,35.952736000126606,13442,0.0
2441,1774584417.3503602,49.72955081030773,15.070624000145472,20.10876800022743,13442,0.0
2442,1774584417.3701324,50.605074757632295,13.675903999683214,19.760864000090805,13442,0.0
2443,1774584417.3856232,64.60749653759682,10.926368000127695,15.478079999866168,13442,0.0
2444,1774584417.4056604,49.936002019954636,13.154687999758607,20.02563199994256,13442,0.0
2445,1774584417.4270601,46.75672885473497,12.676159999955416,21.387295999829803,13442,0.0
2446,1774584417.4426322,64.26484106632883,10.693535999962478,15.560607999759668,13442,0.0
2447,1774584417.4651,44.52943431252653,15.268864000063331,22.457055999893782,13442,0.0
2448,1774584417.482937,56.10211482509489,12.44844800021383,17.824640000071668,13442,0.0
2449,1774584417.4977996,67.34115568273184,10.818016000030184,14.849759999833623,13442,0.0
2450,1774584417.5138087,62.513252809505296,10.813952000262361,15.996608000023116,13442,0.0
2451,1774584417.5298207,62.50100001578456,11.085696000009193,15.999744000055216,13483,0.0
2452,1774584417.550932,47.39300555053408,10.806911999679869,21.100160000059986,13483,0.0
2453,1774584417.5719757,47.549778912574546,13.163968000299064,21.030591999988246,13483,0.0
2454,1774584417.5891922,58.12839586110853,11.181024000052275,17.2032959999342,13483,0.0
2455,1774584417.612319,43.263253784237044,16.54748800001471,23.114304000046104,13483,0.0
2456,1774584417.6278903,64.27184625779394,10.885952000080579,15.5589119999604,13483,0.0
2457,1774584417.6503036,44.640816419982556,17.547776000355952,22.401023999918834,13483,0.0
2458,1774584417.6669486,60.12205257598408,10.828575999767054,16.632832000141207,13483,0.0
2459,1774584417.6922328,39.56893287933521,18.197087999851647,25.272352000229148,13483,0.0
2460,1774584417.70857,61.25805420992469,11.558336000234704,16.324383999744896,13483,0.0
2461,1774584417.7341607,39.09920437828637,16.390400000091176,25.575967999884597,13483,0.0
2462,1774584417.7550032,48.01000451647365,16.983168000024307,20.82899200013344,13483,0.0
2463,1774584417.7733808,54.45066682461904,14.428768000016134,18.36524800000916,13483,0.0
2464,1774584417.794608,47.135518007420174,13.286432000313653,21.215424000274652,13483,0.0
2465,1774584417.8100178,64.94451141023502,10.836896000000706,15.397759999814298,13483,0.0
2466,1774584417.8246164,68.55400410156047,10.70499200022823,14.587040000151319,13483,0.0
2467,1774584417.83896,69.77829481884777,10.702847999709775,14.331104000120831,13483,0.0
2468,1774584417.8611636,45.065702189094296,18.3428800000911,22.189823999724467,13483,0.0
2469,1774584417.881402,49.44244740906218,11.617696000030264,20.2255359999981,13483,0.0
2470,1774584417.908424,37.02251324235391,16.04860799989183,27.01059199989686,13483,0.0
2471,1774584417.9332917,40.23313330485544,19.395871999677183,24.855136000041966,13483,0.0
2472,1774584417.9495533,61.54373346995306,11.070527999891056,16.248607999841624,13483,0.0
2473,1774584417.9671793,56.77441390673172,12.82169599971894,17.61356799988789,13483,0.0
2474,1774584417.9875622,49.091223274930464,10.998560000189173,20.37023999992016,13483,0.0
2475,1774584418.0059156,54.52515136120446,11.403232000247954,18.340160000207106,13483,0.0
2476,1774584418.0354733,33.84595056215799,11.05321599970921,29.54563200000848,13483,0.0
2477,1774584418.061616,38.2713358106857,18.158176000270032,26.129215999844746,13603,0.0
2478,1774584418.0877984,38.211295625232026,20.270335999612143,26.170272000399564,13603,0.0
2479,1774584418.1088195,47.5975063472045,11.043840000183991,21.009504000176094,13603,0.0
2480,1774584418.1286297,50.50888713965577,10.99011199994493,19.79849600002126,13603,0.0
2481,1774584418.148606,50.087753744749236,11.020479999842792,19.96495999992476,13603,0.0
2482,1774584418.169979,46.81241180616657,11.027904000002309,21.361855999657564,13603,0.0
2483,1774584418.1860354,62.331828725615836,11.020895999990898,16.043168000123842,13603,0.0
2484,1774584418.2177732,31.51945986222291,13.236480000159645,31.726432000141358,13603,0.0
2485,1774584418.2333307,64.32767798704866,11.227552000036667,15.545407999979943,13603,0.0
2486,1774584418.2504103,58.589612108308934,12.423103999935847,17.06787200009785,13603,0.0
2487,1774584418.2684991,55.32040694613327,11.022111999864137,18.076511999879585,13603,0.0
2488,1774584418.2851088,60.245957737489626,10.889632000271376,16.59862399992562,13603,0.0
2489,1774584418.2995875,69.11469057563939,10.980256000038935,14.468704000137222,13603,0.0
2490,1774584418.3139837,69.51627793143432,10.925791999852663,14.385120000042662,13603,0.0
2491,1774584418.3285,68.93965298539342,10.88902399988001,14.505439999993541,13603,0.0
2492,1774584418.3439438,64.79289082102335,10.930592000022443,15.433791999839741,13603,0.0
2493,1774584418.3584461,69.0087690804804,11.00192000012612,14.490912000383105,13603,0.0
2494,1774584418.3738072,65.14787002880936,11.050719999730063,15.349696000157564,13603,0.0
2495,1774584418.3882399,69.34181855423482,10.907968000083201,14.421311999740283,13603,0.0
2496,1774584418.4026244,69.57803427019773,10.87920000009035,14.372352000009414,13603,0.0
2497,1774584418.41699,69.6597705346966,10.882080000101269,14.35548800009201,13603,0.0
2498,1774584418.4313731,69.57276754965416,10.893791999933455,14.373439999872062,13603,0.0
2499,1774584418.4459581,68.6095425446435,11.111104000065097,14.575231999970129,13603,0.0
2500,1774584418.473193,36.73324493892871,12.175551999916934,27.223295999647235,13603,0.0
2501,1774584418.493116,50.224846593034584,15.131455999835453,19.9104640000769,13603,0.0
2502,1774584418.5131533,49.93887481760467,15.510208000250714,20.024479999847244,13603,0.0
2503,1774584418.5365071,42.8420232951335,14.770880000014586,23.341567999977997,13603,0.0
2504,1774584418.552381,63.047377328816154,11.00185599989345,15.861088000292511,13603,0.0
2505,1774584418.570986,53.7822241576881,12.336639999830368,18.593503999909444,13523,0.0
2506,1774584418.5917525,48.18225690317374,17.056575999959023,20.754527999997663,13523,0.0
2507,1774584418.6127973,47.54565524044405,17.17369600009988,21.032415999798104,13523,0.0
2508,1774584418.6340492,47.08133394622365,17.09612800004834,21.239839999907417,13523,0.0
2509,1774584418.6530523,52.68686132969694,14.950432000205183,18.980064000061247,13523,0.0
2510,1774584418.6768148,42.10461075796513,18.008320000262756,23.75036800003727,13523,0.0
2511,1774584418.7003984,42.424999389736634,18.047647999992478,23.571007999635185,13523,0.0
2512,1774584418.7188401,54.26289286323279,14.135903999886068,18.42880000003788,13523,0.0
2513,1774584418.737504,53.61428936697229,14.789887999995699,18.651743999726023,13523,0.0
2514,1774584418.7567525,51.98456266422321,15.65164800013008,19.236480000017764,13523,0.0
2515,1774584418.7776446,47.89382131365282,17.31840000002194,20.879520000107732,13523,0.0
2516,1774584418.799888,44.98221583056246,18.175583999891387,22.231008000289876,13523,0.0
2517,1774584418.819339,51.44447864866423,15.865824000229622,19.438432000242756,13523,0.0
2518,1774584418.833983,68.33947113027712,10.944639999706851,14.632831999733753,13523,0.0
2519,1774584418.8485084,68.89891812260775,11.011615999905189,14.514015999793628,13523,0.0
2520,1774584418.8680222,51.27599282609793,15.67315200009034,19.50230400007058,13523,0.0
2521,1774584418.8868484,53.15150133767342,15.251328000431386,18.814144000316446,13523,0.0
2522,1774584418.909085,44.9982792656227,17.92144000000917,22.223072000087996,13523,0.0
2523,1774584418.928378,51.86334630673399,15.746688000035647,19.28143999975873,13523,0.0
2524,1774584418.9428236,69.28293821864597,10.914976000094612,14.433567999731167,13523,0.0
2525,1774584418.9623516,51.235723677125776,15.790272000231198,19.517632000315643,13523,0.0
2526,1774584418.9782493,62.94907872827419,11.012288000074477,15.885855999840715,13523,0.0
2527,1774584418.9956274,57.590098556844275,12.651136000386032,17.364096000164864,13523,0.0
2528,1774584419.011067,64.81909767521978,11.651360000087152,15.427552000346623,13523,0.0
2529,1774584419.028558,57.208133257114085,13.854496000021754,17.48003200009407,13523,0.0
2530,1774584419.0449293,61.128759664132694,12.869568000041909,16.358911999759584,13523,0.0
2531,1774584419.0611496,61.69500359458321,12.157407999893621,16.208767999614793,13523,0.0
2532,1774584419.0789576,56.19492896845945,14.130655999906594,17.795200000364275,13322,0.0
2533,1774584419.0954077,60.83198691786121,10.982335999869974,16.43872000022384,13322,0.0
2534,1774584419.1122837,59.29633747877657,13.253824000003078,16.864447999978438,13322,0.0
2535,1774584419.1281419,63.10568839637356,12.243808000221179,15.846432000216737,13322,0.0
2536,1774584419.1465533,54.34867676251395,14.61948799988022,18.39971199979118,13322,0.0
2537,1774584419.16851,45.57100838033549,17.26176000011037,21.943776000171056,13322,0.0
2538,1774584419.1881542,50.93707925911794,15.312448000258883,19.632064000234095,13322,0.0
2539,1774584419.208026,50.35514476465826,15.462655999726849,19.858944000134215,13322,0.0
2540,1774584419.22983,45.89291457468549,17.88758400016377,21.78985599994121,13322,0.0
2541,1774584419.2502527,48.9980102892073,16.091039999992063,20.408991999829595,13322,0.0
2542,1774584419.2745628,41.15795435148664,19.92643199992017,24.296639999647596,13322,0.0
2543,1774584419.312754,26.193194295703123,20.949120000295807,38.1778559999475,13322,0.0
2544,1774584419.3365386,42.136801001010774,18.111744000179897,23.732224000013957,13322,0.0
2545,1774584419.356951,49.017762468682484,12.920608000058564,20.400767999944946,13322,0.0
2546,1774584419.3746471,56.54737131610234,11.049951999666519,17.68428800005495,13322,0.0
2547,1774584419.3936477,52.668036316041594,11.161791999711568,18.98684800016781,13322,0.0
2548,1774584419.4117575,55.266108523577095,12.945311999828846,18.094271999871125,13322,0.0
2549,1774584419.4280038,61.598687997631465,11.158111999975517,16.234111999892775,13322,0.0
2550,1774584419.4464195,54.3363918190851,12.77507200029504,18.403872000362753,13322,0.0
2551,1774584419.4673207,47.875844529987795,12.13116799999625,20.88735999996061,13322,0.0
2552,1774584419.4845037,58.23617985674704,11.111263999737275,17.17145599968717,13322,0.0
2553,1774584419.5047898,49.324296595727205,11.281504000180576,20.273984000141354,13322,0.0
2554,1774584419.528447,42.29150962420671,12.01593599989792,23.64540799999304,13322,0.0
2555,1774584419.5480955,50.930520991033326,10.997503999988112,19.63459199987483,13322,0.0
2556,1774584419.5688725,48.16183609835678,15.293759999622125,20.763328000157344,13322,0.0
2557,1774584419.5916007,44.024067429664655,13.786496000193438,22.714847999850463,13442,0.0
2558,1774584419.60888,57.906615622990905,11.3137920002373,17.26918399981514,13442,0.0
2559,1774584419.6305923,46.08356092446786,13.628992000121798,21.69971200009968,13442,0.0
2560,1774584419.6535769,43.530103329742275,16.481759999805945,22.972608000145556,13442,0.0
2561,1774584419.6793263,38.8546760517906,16.650208000100974,25.73692799978744,13442,0.0
2562,1774584419.7021382,43.85872578099142,16.04284799986999,22.800480000114476,13442,0.0
2563,1774584419.7239473,45.87674496761502,16.626847999759775,21.79753600012191,13442,0.0
2564,1774584419.744949,47.64198837122696,15.71222399979888,20.989887999803614,13442,0.0
2565,1774584419.760392,64.80310225371946,10.805439999785449,15.431360000093264,13442,0.0
2566,1774584419.7779498,56.9933067061416,10.994720000326197,17.545919999975013,13442,0.0
2567,1774584419.7941084,61.93159184976226,10.985599999912665,16.146848000062164,13442,0.0
2568,1774584419.81351,51.57463551130265,11.772000000291882,19.389376000162883,13442,0.0
2569,1774584419.8329742,51.40749611731149,11.025056000107725,19.452416000149242,13442,0.0
2570,1774584419.8528907,50.23938060054717,11.77811199977441,19.904704000055062,13442,0.0
2571,1774584419.8726344,50.67860681673859,11.559968000256049,19.73219199999221,13442,0.0
2572,1774584419.891862,52.03988003280512,11.984704000042257,19.216032000258565,13442,0.0
2573,1774584419.9144554,44.28490855336569,16.508415999851422,22.58105600003546,13442,0.0
2574,1774584419.9324458,55.6214113069838,11.020576000191795,17.978687999857357,13442,0.0
2575,1774584419.9599476,36.37658907489406,18.473503999757668,27.490208000017446,13442,0.0
2576,1774584419.9778447,55.91380149426046,10.987583999849448,17.884672000036517,13442,0.0
2577,1774584419.9936552,63.29665165725806,11.074688000007882,15.798624000126438,13442,0.0
2578,1774584420.011477,56.15110667117785,12.009151999791357,17.809087999921758,13442,0.0
2579,1774584420.0261085,68.40214771751627,11.0650239998904,14.619424000102299,13442,0.0
2580,1774584420.0429657,59.36437377799793,10.911423999914405,16.845119999743474,13442,0.0
2581,1774584420.0574641,69.03133028347884,10.940927999854466,14.486175999991246,13442,0.0
2582,1774584420.0730965,64.01563415471428,10.956128000088938,15.621183999883215,13442,0.0
2583,1774584420.0900638,58.978622372253035,11.383327999737958,16.95529600010559,13442,0.0
2584,1774584420.1199074,33.52252552762188,13.22556800005259,29.830688000402006,13442,0.0
2585,1774584420.1445189,40.65030074723581,15.422208000018145,24.60006399996928,13603,0.0
2586,1774584420.167657,43.2412835950281,17.862592000255972,23.126047999994626,13603,0.0
2587,1774584420.195022,36.56005559517633,19.58470399995349,27.35225599963087,13603,0.0
2588,1774584420.2183175,42.947710990287995,15.415712000049098,23.28412799988655,13603,0.0
2589,1774584420.2342021,63.000348769393824,11.461856000096304,15.872928000135289,13603,0.0
2590,1774584420.249869,63.877845118991324,10.997152000072674,15.654880000056437,13603,0.0
2591,1774584420.2645729,68.06736599973893,10.960064000300918,14.69132800002626,13603,0.0
2592,1774584420.2819948,57.43387293612189,11.072608000176842,17.41132799998013,13603,0.0
2593,1774584420.2999465,55.74215551744296,14.066623999951844,17.939744000159408,13603,0.0
2594,1774584420.3237004,42.11976299732758,17.159903999981907,23.74182399989877,13603,0.0
2595,1774584420.344514,48.07174611920102,15.732512000340648,20.802240000193706,13603,0.0
2596,1774584420.3658655,46.86049667627003,12.965664000148536,21.339936000003945,13603,0.0
2597,1774584420.3886592,43.89575145356087,17.914015999849653,22.78124799977377,13603,0.0
2598,1774584420.4084177,50.643701706507365,15.873280000050727,19.745791999866924,13603,0.0
2599,1774584420.4237564,65.25043639597101,11.226719999740453,15.32556799975282,13603,0.0
2600,1774584420.4462755,44.43022677220059,15.557088000150543,22.507199999836303,13603,0.0
2601,1774584420.462844,60.40188028754997,11.996320000434935,16.55577599967728,13603,0.0
2602,1774584420.4869437,41.51902501369423,15.737216000161425,24.08534400001372,13603,0.0
2603,1774584420.505681,53.40611376148906,15.086623999650328,18.724447999829863,13603,0.0
2604,1774584420.526114,48.971366246929456,16.575168000144913,20.420095999725163,13603,0.0
2605,1774584420.5456798,51.13913444717084,14.903327999945759,19.554496000182553,13603,0.0
2606,1774584420.5622535,60.38098955250283,11.017343999810691,16.56150400003753,13603,0.0
2607,1774584420.5826602,49.03352951927785,14.332864000152767,20.394208000197978,13603,0.0
2608,1774584420.6028316,49.60285966427682,15.527967999787506,20.160128000043187,13603,0.0
2609,1774584420.617311,69.11927664605412,10.913600000094448,14.467744000285165,13603,0.0
2610,1774584420.6359081,53.802317373035564,13.913855999817315,18.586560000130703,13603,0.0
2611,1774584420.6541195,54.9476634494539,13.571840000167867,18.1991360000211,13402,0.0
2612,1774584420.669001,67.24913383098902,10.995871999966766,14.870080000036978,13402,0.0
2613,1774584420.6873677,54.48436865229672,14.238944000226184,18.35388800009241,13402,0.0
2614,1774584420.7098694,44.46487061749403,17.732799999976123,22.489664000204357,13402,0.0
2615,1774584420.7325914,44.03368259674489,17.765504000180954,22.709888000008505,13402,0.0
2616,1774584420.7502615,56.631401160030606,13.787200000024313,17.658048000157578,13402,0.0
2617,1774584420.7667358,60.747318369268584,12.196799999856012,16.461632000300597,13402,0.0
2618,1774584420.7825828,63.15542702035012,12.191136000183178,15.833952000321005,13402,0.0
2619,1774584420.8013477,53.32855509436919,14.048607999939122,18.751680000150373,13402,0.0
2620,1774584420.821721,49.112748727207936,16.021504000036657,20.361311999749887,13402,0.0
2621,1774584420.842858,47.33851507000415,17.552127999806544,21.12444800013691,13402,0.0
2622,1774584420.8626056,50.67203276685015,14.88288000018656,19.734752000204026,13402,0.0
2623,1774584420.8776715,66.42618615741443,10.939071999928274,15.054304000386765,13402,0.0
2624,1774584420.898449,48.15701189211209,17.190208000101848,20.765407999988383,13402,0.0
2625,1774584420.9174259,52.730334538068526,12.879423999947903,18.96441600001708,13402,0.0
2626,1774584420.9319096,69.09482463059464,10.884287999942899,14.472864000254049,13402,0.0
2627,1774584420.9550264,43.279611217298175,16.381920000185346,23.105568000119092,13402,0.0
2628,1774584420.9777536,44.02208288472634,17.34483199970782,22.715872000389936,13402,0.0
2629,1774584421.0004158,44.14939306929593,17.657152000083443,22.65036800008602,13402,0.0
2630,1774584421.0149908,68.66879228539285,10.918751999724918,14.56265600018014,13402,0.0
2631,1774584421.0310543,62.29927174767238,11.419136000313301,16.05155199968067,13402,0.0
2632,1774584421.0532136,45.15119509748986,17.390336000062234,22.147808000227087,13402,0.0
2633,1774584421.0745437,46.90818754212497,17.48464000002059,21.318240000255173,13402,0.0
2634,1774584421.095665,47.371381015838715,15.361759999905189,21.109792000061134,13402,0.0
2635,1774584421.1134615,56.22900409046388,13.731552000081138,17.784415999813064,13402,0.0
2636,1774584421.1371002,42.3285726666035,16.98742400003539,23.62470400021266,13402,0.0
2637,1774584421.1622076,39.85435624086311,14.676895999855333,25.091359999805718,13202,0.0
2638,1774584421.1910543,34.679412414055314,17.738335999638366,28.83555200014598,13202,0.0
2639,1774584421.2209425,33.47232829204464,15.197407999949064,29.875424000238127,13202,0.0
2640,1774584421.245431,40.857898190745765,17.847648000042682,24.475072000313958,13202,0.0
2641,1774584421.263621,55.01934920544132,13.515136000023631,18.17542399976446,13202,0.0
2642,1774584421.2920868,35.144977248227484,18.463487999724748,28.45356800025911,13202,0.0
2643,1774584421.3153121,43.07682976604967,16.66265600033512,23.214335999909963,13202,0.0
2644,1774584421.342175,37.24365934174201,21.461119999912626,26.8502079998143,13202,0.0
2645,1774584421.364215,45.396569907373674,13.528800000131014,22.028096000212827,13202,0.0
2646,1774584421.3860443,45.8365724511256,12.255104000360006,21.816639999997278,13202,0.0
2647,1774584421.4102705,41.30096042931163,19.02940799982389,24.212511999849085,13202,0.0
2648,1774584421.431113,48.007644353770914,11.025599999811675,20.830015999763418,13202,0.0
2649,1774584421.4575381,37.86029369861545,13.198751999880187,26.412896000238106,13202,0.0
2650,1774584421.4807637,43.07748295166551,11.003103999883024,23.213983999994525,13202,0.0
2651,1774584421.5030847,44.82555329097581,13.464287999795488,22.30870399989726,13202,0.0
2652,1774584421.522586,51.315398395816885,11.132223999993585,19.487328000195703,13202,0.0
2653,1774584421.5559814,29.955445468238466,19.412287999784894,33.38291200043386,13202,0.0
2654,1774584421.576419,48.96231233770424,13.912800000071002,20.423871999810217,13202,0.0
2655,1774584421.599656,43.06187129645203,17.447008000090136,23.222400000122434,13202,0.0
2656,1774584421.6228485,43.14099581862447,12.159328000052483,23.179807999895274,13202,0.0
2657,1774584421.6426318,50.579438043058424,15.0011200003064,19.770879999668978,13202,0.0
2658,1774584421.666746,41.49239859211408,12.131104000218329,24.100800000269373,13202,0.0
2659,1774584421.683083,61.26345835665633,10.936640000181796,16.32294399996681,13322,0.0
2660,1774584421.699487,61.00108142683104,11.314432000290253,16.393152000091504,13322,0.0
2661,1774584421.720903,46.7233826237316,16.186655999717914,21.402559999842197,13322,0.0
2662,1774584421.7442067,42.93626335026272,16.424672000084684,23.29033599971808,13322,0.0
2663,1774584421.7730463,34.75991742132872,15.401119999751245,28.768768000190903,13322,0.0
2664,1774584421.7896545,60.257458426332136,12.063391999618034,16.595456000231934,13322,0.0
2665,1774584421.8088138,52.22652104448712,10.991935999754787,19.14736000026096,13322,0.0
2666,1774584421.8263931,56.929971580563084,12.124128000323253,17.56543999999849,13322,0.0
2667,1774584421.8461473,50.65519454849213,11.281792000318092,19.741311999950995,13322,0.0
2668,1774584421.8668277,48.38734651561447,13.21683199967083,20.66655999988143,13322,0.0
2669,1774584421.893332,37.74742683347687,19.054591999974946,26.4918719999514,13322,0.0
2670,1774584421.9127216,51.60538149174292,11.902976000328636,19.377824000002875,13322,0.0
2671,1774584421.928542,63.261414382375,10.974528000133432,15.807424000286119,13322,0.0
2672,1774584421.9476078,52.48598834073878,11.22419200009972,19.05270399993242,13322,0.0
2673,1774584421.9676864,49.83780783895914,14.69100799977241,20.065087999682873,13322,0.0
2674,1774584421.983386,63.74103801054067,12.124608000249282,15.688479999880656,13322,0.0
2675,1774584422.00361,49.47571573519208,11.023647999991226,20.211936000123387,13322,0.0
2676,1774584422.0183146,68.06336317964568,11.09318400040138,14.692191999984061,13322,0.0
2677,1774584422.0419254,42.37701850250985,15.92572800018388,23.597695999796997,13322,0.0
2678,1774584422.058697,59.66256761064574,12.064031999670988,16.760927999712294,13322,0.0
2679,1774584422.0788777,51.63667608505146,12.35196800007543,19.366080000054353,13322,0.0
2680,1774584422.0995712,48.35911712481195,12.2196479997001,20.6786240000838,13322,0.0
2681,1774584422.1186235,52.52321526127795,13.59126399984234,19.03919999995196,13322,0.0
2682,1774584422.1386716,49.910400848405274,16.185055999812903,20.035903999996663,13322,0.0
2683,1774584422.164844,38.22601913605522,10.977919999731967,26.160192000133975,13322,0.0
2684,1774584422.1807632,62.8668911774864,10.951839999961521,15.906623999853764,13322,0.0
2685,1774584422.1976328,59.31918657731633,12.33535999972446,16.85795200000939,13322,0.0
2686,1774584422.2205737,43.61284632098516,11.0078079997038,22.929023999950005,13643,0.0
2687,1774584422.2404988,50.21879323797295,15.138751999984379,19.91286400016179,13643,0.0
2688,1774584422.2683363,35.938666209726385,15.993888000139123,27.825183999993897,13643,0.0
2689,1774584422.2852752,59.077185999118974,12.051712000356929,16.92700799958402,13643,0.0
2690,1774584422.3034098,55.178770387898474,10.939136000160943,18.122911999853386,13643,0.0
2691,1774584422.3218865,54.15850678491625,11.03497599979164,18.46432000002096,13643,0.0
2692,1774584422.3457537,41.91997510339569,16.702175999853353,23.854975999711314,13643,0.0
2693,1774584422.3614185,63.88554980409569,10.95324800007802,15.65299200001391,13643,0.0
2694,1774584422.3799076,54.12220707756024,11.057503999836626,18.476704000022437,13643,0.0
2695,1774584422.4005756,48.41125867709339,13.164832000256865,20.656352000059996,13643,0.0
2696,1774584422.4156919,66.20720631030866,10.9031040001355,15.1040959999591,13643,0.0
2697,1774584422.433089,57.51505514160875,10.899519999838958,17.386751999765693,13643,0.0
2698,1774584422.4485323,64.80202721429717,10.908159999871714,15.431616000114445,13643,0.0
2699,1774584422.464249,63.67415135001463,10.9275519998846,15.704960000221035,13643,0.0
2700,1774584422.4797087,64.73195790909007,10.871743999814498,15.448319999904925,13643,0.0
2701,1774584422.4953122,64.13374296695693,10.96079999979338,15.59241600034511,13643,0.0
2702,1774584422.5111144,63.335265480663026,10.927263999747083,15.78899200012529,13643,0.0
2703,1774584422.5339906,43.73785837054599,17.894336000154,22.8634879999845,13643,0.0
2704,1774584422.555377,46.78423857707316,17.782112000077177,21.374720000039815,13643,0.0
2705,1774584422.5721602,59.62830102376349,13.235775999874022,16.77055999971344,13643,0.0
2706,1774584422.5870032,67.4260093938475,10.991552000177762,14.83107200010636,13643,0.0
2707,1774584422.6015532,68.78729647250994,10.959967999951914,14.53756799992334,13643,0.0
2708,1774584422.6160924,68.8371478298717,10.958144000142056,14.527039999848057,13643,0.0
2709,1774584422.6354644,51.6561370799367,14.608255999974062,19.358783999905427,13643,0.0
2710,1774584422.6527252,57.973756902438176,13.708383999983198,17.249184000320383,13643,0.0
2711,1774584422.6726294,50.269444221076206,16.287200000078883,19.892799999979616,13643,0.0
2712,1774584422.6892514,60.1997669070732,12.094272000013007,16.611359999842534,13643,0.0
2713,1774584422.7037926,68.82562559717299,10.945407999770396,14.529472000049282,13643,0.0
2714,1774584422.7246032,48.07973389234847,16.252351999810344,20.798783999907755,13563,0.0
2715,1774584422.7458124,47.173727629988264,17.530688000078953,21.198240000103397,13563,0.0
2716,1774584422.7607281,67.09507318184866,10.864096000204881,14.904224000019894,13563,0.0
2717,1774584422.775337,68.50441168463718,10.894175999965228,14.597599999888189,13563,0.0
2718,1774584422.7900217,68.15287179907574,11.017759999958798,14.672895999865432,13563,0.0
2719,1774584422.8046117,68.59779521222235,10.975424000207568,14.577727999949275,13563,0.0
2720,1774584422.826366,45.99321802406753,15.463199999885546,21.742335999988427,13563,0.0
2721,1774584422.841565,65.84478330309821,11.700639999617124,15.18723199978922,13563,0.0
2722,1774584422.8559897,69.37676355873656,10.897055999976146,14.414047999707691,13563,0.0
2723,1774584422.8704896,69.01075021967262,10.991520000061428,14.49049599978025,13563,0.0
2724,1774584422.8849635,69.13976853253706,10.952864000046247,14.463455999703001,13563,0.0
2725,1774584422.899395,69.35089778824894,10.89756800001851,14.419424000152503,13563,0.0
2726,1774584422.9138508,69.22783823006014,10.94531199987614,14.445056000113254,13563,0.0
2727,1774584422.9283442,69.04917627083935,10.97334399992178,14.482432000022527,13563,0.0
2728,1774584422.9428544,68.96932244515902,10.958943999867188,14.499200000045676,13563,0.0
2729,1774584422.9572678,69.42639358215165,10.902431999966211,14.403743999992003,13563,0.0
2730,1774584422.971737,69.16073175308823,10.917919999883452,14.459072000136075,13563,0.0
2731,1774584422.9861188,69.58531605094517,10.913311999956932,14.37084799999866,13563,0.0
2732,1774584423.0010586,66.98390242694747,11.169855999924039,14.928960000361258,13563,0.0
2733,1774584423.0178547,59.577258835644585,11.932320000141772,16.784928000106447,13563,0.0
2734,1774584423.0413053,42.66613510333813,16.242335999777424,23.437792000095214,13563,0.0
2735,1774584423.0615616,49.398523577184804,16.435008000371454,20.243519999894488,13563,0.0
2736,1774584423.0759475,69.56858572156511,10.893344000123761,14.374303999829863,13563,0.0
2737,1774584423.0904863,68.83153783944205,10.922912000296492,14.528224000059708,13563,0.0
2738,1774584423.1048636,69.60748063370474,10.85068800011868,14.366271999733726,13563,0.0
2739,1774584423.1193597,69.03712540399512,10.918751999724918,14.484960000118008,13563,0.0
2740,1774584423.1339936,68.39391392803216,10.90438399978666,14.621183999679488,13563,0.0
2741,1774584423.1503253,61.273788935942285,12.745215999984794,16.320191999966482,13563,0.0
2742,1774584423.1647913,69.18308611921623,10.913823999999295,14.454399999976886,13563,0.0
2743,1774584423.17954,67.85881024500344,11.002304000157892,14.736480000010488,13563,0.0
2744,1774584423.1943886,67.4025951608096,10.98742400017727,14.836224000191578,13563,0.0
2745,1774584423.2090697,68.16640018270282,10.916224000084185,14.669983999738179,13563,0.0
2746,1774584423.2236376,68.6878100564259,10.923039999852335,14.558624000073905,13563,0.0
2747,1774584423.2381775,68.82562559717299,10.904320000008738,14.529472000049282,13643,0.0
2748,1774584423.253455,65.5015426927888,10.899935999987065,15.266815999893879,13643,0.0
2749,1774584423.2683165,67.328968261409,10.925983999641176,14.852448000056029,13643,0.0
2750,1774584423.282772,69.23167243813822,10.921760000201175,14.444255999933375,13643,0.0
2751,1774584423.2973707,68.55505684134758,10.956544000237045,14.586815999791725,13643,0.0
2752,1774584423.3132896,62.87397439909614,11.693215999912354,15.90483200016024,13643,0.0
2753,1774584423.3291647,63.03771168048089,11.014304000127595,15.863520000038989,13643,0.0
2754,1774584423.3456867,60.56905841768544,11.84192000027906,16.510079999989102,13643,0.0
2755,1774584423.3750973,34.01604904412688,13.243167999917205,29.39788799994858,13643,0.0
2756,1774584423.4007952,38.93285359794796,19.421632000103273,25.68524799971783,13643,0.0
2757,1774584423.4226787,45.722897294816526,15.783616000135225,21.870880000278703,13643,0.0
2758,1774584423.4456575,43.54338663018422,17.058207999980368,22.965600000134145,13643,0.0
2759,1774584423.468822,43.19418585561137,17.11721599986049,23.15126399980727,13643,0.0
2760,1774584423.4906375,45.86368286116987,13.492992000010418,21.80374399995344,13643,0.0
2761,1774584423.5057878,66.05368843886086,10.970335999900271,15.139199999794073,13643,0.0
2762,1774584423.5203106,68.91396009338067,10.883840000133205,14.51084800009994,13643,0.0
2763,1774584423.5350366,67.9562035876343,11.080352000135463,14.715359999627253,13643,0.0
2764,1774584423.5495043,69.177266469334,10.897663999912766,14.455615999850124,13643,0.0
2765,1774584423.5641208,68.46823950206979,10.916511999766954,14.605311999730475,13643,0.0
2766,1774584423.5786235,69.01014062493456,10.968767999656848,14.490624000245589,13643,0.0
2767,1774584423.5932243,68.54558336202894,10.889696000049298,14.588831999844842,13643,0.0
2768,1774584423.6086671,64.80148970987115,10.880000000270229,15.431743999670289,13643,0.0
2769,1774584423.6232016,68.8586865501207,10.926272000233439,14.522496000154206,13643,0.0
2770,1774584423.6376069,69.47377781632402,10.901824000029592,14.393920000202343,13643,0.0
2771,1774584423.6523256,67.99257630013028,10.86185599979217,14.707487999658042,13643,0.0
2772,1774584423.667526,65.83562792358926,10.901631999786332,15.18934400019134,13643,0.0
2773,1774584423.681943,69.41359395776824,10.942720000002737,14.406400000098074,13643,0.0
2774,1774584423.6963408,69.51009286476624,10.91366399987237,14.38640000014857,13643,0.0
2775,1774584423.7109756,68.37790113829499,10.895328000060545,14.624607999849104,13643,0.0
2776,1774584423.7254846,68.9716057687677,10.950527999739279,14.498720000119647,13643,0.0
2777,1774584423.7402687,67.69021492028331,10.925088000021788,14.773183999750472,13723,0.0
2778,1774584423.7548668,68.5433281558812,10.906592000083037,14.589312000225618,13723,0.0
2779,1774584423.7693303,69.19212383318151,10.924768000222684,14.452511999934359,13723,0.0
2780,1774584423.7837913,69.2054549409246,10.918304000369972,14.449727999817696,13723,0.0
2781,1774584423.7990294,65.67609600193705,10.916704000010213,15.226240000174585,13723,0.0
2782,1774584423.8137164,68.13474326846806,10.992863999945257,14.676799999961077,13723,0.0
2783,1774584423.8288064,66.3115902053142,10.90950400021029,15.08031999992454,13723,0.0
2784,1774584423.843164,69.6983011462623,10.858368000299379,14.347551999890129,13723,0.0
2785,1774584423.8576343,69.15705844505851,10.934464000001753,14.45984000019962,13723,0.0
2786,1774584423.8722882,68.29272556922906,10.957504000089102,14.642847999766673,13723,0.0
2787,1774584423.8880947,63.31524712160706,10.94576000014058,15.793984000083583,13723,0.0
2788,1774584423.9082499,49.64888309906801,15.822431999822584,20.141439999861177,13723,0.0
2789,1774584423.923699,64.77529708511666,10.757919999832666,15.437984000072902,13723,0.0
2790,1774584423.938245,68.80244122231467,10.989247999987128,14.53436799965857,13723,0.0
2791,1774584423.9556947,57.34586807028325,13.776863999737543,17.43804799980353,13723,0.0
2792,1774584423.9776313,45.61098283310877,15.915264000341267,21.924543999830348,13723,0.0
2793,1774584423.9969037,51.920562369562724,14.251615999910427,19.2601920002744,13723,0.0
2794,1774584424.0237625,37.24783217645483,16.44780800006629,26.847199999792792,13723,0.0
2795,1774584424.0398326,62.27146372881966,12.014015999739058,16.058719999819004,13723,0.0
2796,1774584424.0546107,67.7170575483402,10.911328000020148,14.767327999834379,13723,0.0
2797,1774584424.069,69.55016068854009,10.837183999683475,14.378112000031251,13723,0.0
2798,1774584424.0834284,69.35597704285033,10.895392000293214,14.418367999951442,13723,0.0
2799,1774584424.097814,69.55480473375646,10.942848000013328,14.377152000179194,13723,0.0
2800,1774584424.1121871,69.6354001876857,10.904191999998147,14.360511999711889,13723,0.0
2801,1774584424.1276128,64.86632348063134,10.865856000236818,15.416319999985717,13723,0.0
2802,1774584424.141931,69.88971961449674,10.918720000063331,14.308255999821995,13723,0.0
2803,1774584424.156367,69.31659383719362,10.943872000098054,14.426560000174504,13723,0.0
2804,1774584424.1708088,69.29568969684433,10.892160000366857,14.430912000079843,13723,0.0
2805,1774584424.1864197,64.1065091190441,10.973024000122678,15.599039999870001,13723,0.0
2806,1774584424.200786,69.66318684988981,10.856511999918439,14.354784000261134,13723,0.0
2807,1774584424.215675,67.20878165977672,11.310751999644708,14.87900800020725,13723,0.0
2808,1774584424.2315447,63.0607360654852,10.946207999950275,15.857727999900817,13723,0.0
2809,1774584424.2460678,68.91198450961312,10.972831999879418,14.511264000248048,13723,0.0
2810,1774584424.261593,64.46356003879295,11.02534400024524,15.512639999997191,13723,0.0
2811,1774584424.2766716,66.37172840556893,10.942047999833449,15.066655999817158,13723,0.0
2812,1774584424.2921674,64.5802593131921,10.978847999922436,15.48460799995155,13723,0.0
2813,1774584424.3086004,60.897067392027836,10.952448000352888,16.42115200002081,13723,0.0
2814,1774584424.3236525,66.48695685505983,10.958975999983522,15.040543999930378,13723,0.0
2815,1774584424.3397825,62.042129087068666,11.02796799978023,16.118080000069313,13723,0.0
2816,1774584424.3553731,64.188675679632,10.938143999737804,15.579072000036831,13723,0.0
2817,1774584424.370296,67.06353975297954,11.192832000233466,14.911232000031305,13723,0.0
2818,1774584424.385489,65.87448644291709,10.97174400001677,15.180383999904734,13723,0.0
2819,1774584424.4011686,63.824485726424385,10.893471999679605,15.667968000343535,13723,0.0
2820,1774584424.4156477,69.11774788901788,10.925760000191076,14.468064000084269,13723,0.0
2821,1774584424.4300914,69.29261662160786,10.94531199987614,14.431552000132797,13723,0.0
2822,1774584424.4470098,59.14863816236784,10.927455999990343,16.90655999982482,13723,0.0
2823,1774584424.4624739,64.71975826897929,10.977376000028016,15.451232000032178,13723,0.0
2824,1774584424.4769254,69.25714235191346,10.89235200015537,14.438943999721232,13723,0.0
2825,1774584424.492561,64.00278540156756,10.928447999958735,15.624319999915315,13723,0.0
2826,1774584424.5112934,53.41314253883348,15.082400000210328,18.72198399996705,13723,0.0
2827,1774584424.5278325,60.50936297647388,10.951584000395087,16.526368000086222,13723,0.0
2828,1774584424.5431278,65.42543280281353,10.96112000004723,15.28457599988542,13723,0.0
2829,1774584424.5575016,69.62609117852303,10.84195199973692,14.362432000325498,13723,0.0
2830,1774584424.573067,64.28096851314811,10.887167999953817,15.55670400011877,13723,0.0
2831,1774584424.588022,66.91534192117975,10.902080000050773,14.944256000035239,13723,0.0
2832,1774584424.6034985,64.6578925039477,10.899296000388858,15.466016000118543,13723,0.0
2833,1774584424.6179764,69.12340463242974,10.969696000302065,14.466879999872617,13723,0.0
2834,1774584424.6334033,64.87090171539529,10.844671999620914,15.41523200012307,13723,0.0
2835,1774584424.6478047,69.49030804759794,10.875968000163994,14.390496000032726,13723,0.0
2836,1774584424.6629996,65.85838235058549,10.898656000335905,15.184095999757119,13723,0.0
2837,1774584424.6774395,69.29953142476874,10.944063999886566,14.430111999899964,13723,0.0
2838,1774584424.6918519,69.44274695536994,10.895968000113498,14.40035199993872,13723,0.0
2839,1774584424.7063313,69.11377343545304,10.95859199995175,14.468895999925735,13723,0.0
2840,1774584424.720695,69.67250577953462,10.871743999814498,14.352864000102272,13723,0.0
2841,1774584424.7350476,69.72364892510012,10.855743999854894,14.342335999572242,13723,0.0
2842,1774584424.7497692,67.97941257082766,10.922815999947488,14.710336000007374,13723,0.0
2843,1774584424.7672493,57.24565070351446,10.891167999943718,17.468576000283065,13643,0.0
2844,1774584424.782327,66.37525275655706,10.964095999952406,15.065856000092026,13643,0.0
2845,1774584424.798663,61.25901487595954,10.932927999874664,16.32412800017846,13643,0.0
2846,1774584424.8146071,62.76587625299167,10.944864000066445,15.93222399969818,13643,0.0
2847,1774584424.8293922,67.69124129561374,11.018463999789674,14.772959999845625,13643,0.0
2848,1774584424.8453522,62.700013041367846,10.920319999968342,15.948960000059742,13643,0.0
2849,1774584424.8598735,68.91517589536741,10.941535999791085,14.510591999624012,13643,0.0
2850,1774584424.8753607,64.61778322748401,10.927807999905781,15.475616000003356,13643,0.0
2851,1774584424.889761,69.49308960614353,10.9039680000933,14.389920000212442,13643,0.0
2852,1774584424.9041631,69.48690866487011,10.887072000059561,14.39120000031835,13643,0.0
2853,1774584424.9195075,65.22197385709411,10.949823999908403,15.332255999965128,13643,0.0
2854,1774584424.933936,69.36598381103319,10.915007999756199,14.416287999665656,13643,0.0
2855,1774584424.948428,69.05558477307936,10.919136000211438,14.481088000138698,13643,0.0
2856,1774584424.9629953,68.7015516660171,10.951199999908567,14.555711999946652,13643,0.0
2857,1774584424.9774456,69.26021227919007,10.91379199988296,14.438304000123026,13643,0.0
2858,1774584424.9933372,62.97026191611952,10.900671999934275,15.880511999966984,13643,0.0
2859,1774584425.0089233,64.20542448594091,10.986559999764722,15.575007999814261,13643,0.0
2860,1774584425.0234818,68.74190220267806,10.950624000088283,14.5471680002629,13643,0.0
2861,1774584425.0383737,67.20256681659703,11.017920000085724,14.880383999752667,13643,0.0
2862,1774584425.0525947,70.37432384365059,10.890175999975327,14.20972799996889,13643,0.0
2863,1774584425.0681093,64.50174722224504,10.888383999827056,15.503456000260485,13643,0.0
2864,1774584425.0825474,69.31413387172172,10.937728000044444,14.427072000216867,13643,0.0
2865,1774584425.0980155,64.69256025205779,11.016383999958634,15.457728000001225,13643,0.0
2866,1774584425.1126502,68.38972294070678,11.08998400013661,14.622079999753623,13643,0.0
2867,1774584425.1281857,64.41824654520336,10.911968000073102,15.523552000104246,13643,0.0
2868,1774584425.144342,61.93883416415713,10.893440000018018,16.14495999956489,13643,0.0
2869,1774584425.1589155,68.67467761269465,10.897919999933947,14.561408000190568,13643,0.0
2870,1774584425.1733072,69.53375669152003,10.877056000026641,14.381504000084533,13643,0.0
2871,1774584425.1876187,69.92928750473007,10.871008000322036,14.300159999947937,13643,0.0
2872,1774584425.2030985,64.64090683482861,10.876031999941915,15.470079999886366,13643,0.0
2873,1774584425.2185152,64.90660718014412,10.948544000257243,15.406752000217239,13643,0.0
2874,1774584425.2333417,67.49941140658406,11.325056000259792,14.814943999681418,13643,0.0
2875,1774584425.2524097,52.474090392642395,10.889824000059889,19.05702400017617,13643,0.0
2876,1774584425.2686155,61.748032459184856,12.127808000059304,16.194848000395723,13643,0.0
2877,1774584425.2883763,50.63582391340929,15.098528000180522,19.748864000121102,13723,0.0
2878,1774584425.3099475,46.38335958017942,17.688639999960287,21.559455999977217,13723,0.0
2879,1774584425.329048,52.38630077317948,15.503071999773965,19.08895999986271,13723,0.0
2880,1774584425.3505712,46.48478348514192,16.919423999752325,21.512415999950463,13723,0.0
2881,1774584425.3663642,63.362747166263084,10.965055999804463,15.782143999786058,13723,0.0
2882,1774584425.3829353,60.390207703876115,11.648543999854155,16.55897599994205,13723,0.0
2883,1774584425.40233,51.5891948293331,10.970880000058969,19.383903999823815,13723,0.0
2884,1774584425.417146,67.54814291271788,11.26806399997804,14.804255999933957,13723,0.0
2885,1774584425.433243,62.17136217898044,11.567615999865666,16.08457600013935,13723,0.0
2886,1774584425.4493315,62.21666530676687,11.008000000401807,16.072863999852416,13723,0.0
2887,1774584425.4738476,40.81104941183065,16.897088000405347,24.50316800013752,13723,0.0
2888,1774584425.4966128,43.94983109165591,18.372512000041752,22.753216000182874,13723,0.0
2889,1774584425.518557,45.5944790556531,16.946879999977682,21.93248000003223,13723,0.0
2890,1774584425.5398371,47.018712695410294,17.803647999699024,21.26812799997424,13723,0.0
2891,1774584425.562828,43.519373431914865,18.935839999812742,22.978272000273137,13723,0.0
2892,1774584425.5929055,33.26131150643522,18.760479999855306,30.06496000034531,13723,0.0
2893,1774584425.6205456,36.19482894633897,19.612864000009722,27.62825599984353,13723,0.0
2894,1774584425.6415944,47.535963808947464,15.414848000091297,21.03670399992552,13723,0.0
2895,1774584425.6622639,48.40720918890726,15.617087999999058,20.658079999975598,13723,0.0
2896,1774584425.6849222,44.15856386495747,17.05833599999096,22.645663999810495,13723,0.0
2897,1774584425.707417,44.4759452742379,16.275968000172725,22.484063999854698,13723,0.0
2898,1774584425.7256894,54.761825487938346,14.057152000077622,18.26089599990155,13723,0.0
2899,1774584425.7473385,46.21714515506732,16.034623999985342,21.636992000367172,13723,0.0
2900,1774584425.7711442,42.03003028852105,19.54937600021367,23.792511999999988,13723,0.0
2901,1774584425.7916646,48.75925255516123,15.786527999807731,20.508928000253945,13041,0.0
2902,1774584425.8128712,47.179995077459154,16.213664000133576,21.195424000325147,13041,0.0
2903,1774584425.8335884,48.2976806300237,15.764320000016596,20.704927999759093,13041,0.0
2904,1774584425.8543186,48.26649903452918,17.066431999865017,20.71830399972896,13041,0.0
2905,1774584425.8751526,48.02653216165093,16.933440000229893,20.821823999995104,13041,0.0
2906,1774584425.895867,48.303652992735046,15.847520000079385,20.702368000002025,13041,0.0
2907,1774584425.9175425,46.163277666913544,17.683904000023176,21.662239999841404,13041,0.0
2908,1774584425.936697,52.24433295223672,15.18368000006376,19.14083200017558,13041,0.0
2909,1774584425.9539585,57.97139088620351,11.940863999825524,17.24988800015126,13041,0.0
2910,1774584425.9695356,64.24132536533848,10.927840000022115,15.566304000003583,13041,0.0
2911,1774584425.9914773,45.59980155003708,17.30028800011496,21.929919999820413,13041,0.0
2912,1774584426.0120919,48.53780823387288,17.054431999895314,20.60249600026509,13041,0.0
2913,1774584426.0287716,59.99623703739322,11.938783999994484,16.667711999616586,13041,0.0
2914,1774584426.0456336,59.34430712439969,12.611136000032275,16.85081599998739,13041,0.0
2915,1774584426.0633452,56.495132379617644,12.638847999824065,17.70063999992999,13041,0.0
2916,1774584426.0834172,49.85076674399103,14.911455999936152,20.05987200027448,13041,0.0
2917,1774584426.1208448,26.72587124212404,19.115103999865823,37.41692799985685,13041,0.0
2918,1774584426.1456542,40.32726381106951,19.067552000251453,24.797120000130235,13041,0.0
2919,1774584426.1683717,44.04143982385453,17.401535999852058,22.705888000018604,13041,0.0
2920,1774584426.190583,45.0484216479746,17.528159999983473,22.198335999746632,13041,0.0
2921,1774584426.2114127,48.03982155326215,14.846464000129345,20.816063999973267,13041,0.0
2922,1774584426.2430909,31.581000465854757,20.739231999868935,31.664608000028238,13041,0.0
2923,1774584426.271552,35.15110475708764,17.64022399993337,28.448607999962405,13041,0.0
2924,1774584426.2953694,42.00737447813525,16.938463999849773,23.805344000265904,13041,0.0
2925,1774584426.3203773,40.008091236531726,16.736416000185272,24.994943999899988,13041,0.0
2926,1774584426.3434205,43.42225748542552,17.346015999919473,23.029663999750483,13041,0.0
2927,1774584426.369388,38.529540136203686,15.328928000144515,25.95411199990849,13041,0.0
2928,1774584426.3957212,37.99345904646506,22.095008000178495,26.320319999740605,13041,0.0
2929,1774584426.4182355,44.440462578820615,17.993792000197573,22.502016000089498,13041,0.0
2930,1774584426.4414668,43.06928987330272,15.386367999781214,23.218400000132533,13041,0.0
2931,1774584426.4578857,60.94801962768447,11.033343999770295,16.407424000135507,13041,0.0
2932,1774584426.4761012,54.93462340395318,13.492351999957464,18.203455999810103,13041,0.0
2933,1774584426.493073,58.96448922486758,11.004576000232191,16.95936000032816,13041,0.0
2934,1774584426.513317,49.42821441502272,13.817087999996147,20.231360000252607,13041,0.0
2935,1774584426.5368161,42.5771361461174,18.796064000071055,23.486783999942418,13041,0.0
2936,1774584426.5577369,47.82990004004899,16.0247679996246,20.907423999688035,13041,0.0
2937,1774584426.584773,37.00410064628113,16.7642560004424,27.024032000099396,13041,0.0
2938,1774584426.6124258,36.17919875515779,20.138463999956002,27.640192000035313,13041,0.0
2939,1774584426.631148,53.44749147309701,13.833824000357708,18.70995200033576,13041,0.0
2940,1774584426.6541357,43.525313625543234,15.446751999661501,22.975136000241037,13041,0.0
2941,1774584426.6813586,36.75134568725237,13.822848000017984,27.20988800001578,13041,0.0
2942,1774584426.7051795,42.003760848765566,15.49568000018553,23.80739199998061,13041,0.0
2943,1774584426.7277293,44.37376197150282,16.96412799992686,22.53584000027331,13041,0.0
2944,1774584426.7571588,33.99454999399741,17.925696000020253,29.416479999781586,13041,0.0
2945,1774584426.7769785,50.48873091498746,13.351648000025307,19.806400000106805,13041,0.0
2946,1774584426.7967026,50.78336385684405,13.750976000210358,19.691488000262325,13041,0.0
2947,1774584426.8191452,44.582288918981874,16.373727999962284,22.43043199996464,13362,0.0
2948,1774584426.8358712,59.83139990116294,12.007104000076652,16.713632000119105,13362,0.0
2949,1774584426.8585713,44.075168966453454,16.75379200014504,22.688512000058836,13362,0.0
2950,1774584426.8758988,57.75069808994313,13.359999999920547,17.315808000148536,13362,0.0
2951,1774584426.8956733,50.60286225969411,11.528927999734151,19.761728000048606,13362,0.0
2952,1774584426.91829,44.240020159072756,16.892575999918336,22.603968000112218,13362,0.0
2953,1774584426.9340293,63.584238433723485,11.103039999852626,15.72716800001217,13362,0.0
2954,1774584426.957337,42.92859566429622,13.971328000025096,23.294496000289655,13362,0.0
2955,1774584426.9755049,55.076560824918175,10.991136000029655,18.156544000248687,13362,0.0
2956,1774584426.9911473,63.98391495629899,11.011424000116676,15.628927999841835,13362,0.0
2957,1774584427.010747,51.052748516704106,12.593152000135888,19.58758399996441,13362,0.0
2958,1774584427.0355701,40.30474254615969,17.864800000097603,24.81097600002613,13362,0.0
2959,1774584427.052243,60.022049700419245,10.912351999650127,16.660543999932997,13362,0.0
2960,1774584427.0673616,66.1929020027246,11.003904000062903,15.10736000000179,13362,0.0
2961,1774584427.0886328,47.038246233215084,16.545632000088517,21.259296000152972,13362,0.0
2962,1774584427.1077929,52.226084631507995,12.445184000171139,19.147519999933138,13362,0.0
2963,1774584427.1288514,47.51261935122057,16.31952000025194,21.04704000021229,13362,0.0
2964,1774584427.1548803,38.437127928163385,21.83158400021057,26.016512000296643,13362,0.0
2965,1774584427.1728835,55.58193844934398,14.520159999847237,17.991455999890604,13362,0.0
2966,1774584427.1882653,65.05767753561837,11.863903999710601,15.37097599975823,13362,0.0
2967,1774584427.202628,69.67778761422902,10.86278399998264,14.351775999784877,13362,0.0
2968,1774584427.2172031,68.66275710162303,10.870592000173929,14.563935999831301,13362,0.0
2969,1774584427.231526,69.86924948102144,10.900799999944866,14.312448000055156,13362,0.0
2970,1774584427.2460952,68.67814892159633,10.939008000150352,14.56067199978861,13362,0.0
2971,1774584427.261774,63.82018433274886,12.175584000033268,15.669024000089848,13362,0.0
2972,1774584427.2774723,63.74259820826222,12.205536000237771,15.68809600030363,13362,0.0
2973,1774584427.2932277,63.51496920767227,11.166335999860166,15.744320000067091,13362,0.0
2974,1774584427.307609,69.58624574865453,10.874336000142648,14.370656000210147,13362,0.0
2975,1774584427.3219764,69.65588876544808,10.917344000063167,14.356287999817141,13442,0.0
2976,1774584427.336357,69.58175243618007,10.900159999891912,14.37158399994587,13442,0.0
2977,1774584427.3507702,69.43950652345971,10.92934400003287,14.40102400010801,13442,0.0
2978,1774584427.365496,67.96536702318559,10.96579200020642,14.713376000145217,13442,0.0
2979,1774584427.3806279,66.13924586447727,11.527552000188734,15.119615999992675,13442,0.0
2980,1774584427.4036427,43.473422088869725,17.495936000159418,23.00255999989531,13442,0.0
2981,1774584427.4288824,39.63915054208251,19.194016000255942,25.227584000276693,13442,0.0
2982,1774584427.451271,44.69054834272393,17.749696000009862,22.37609599978896,13442,0.0
2983,1774584427.4679081,60.151099561936924,12.08496000026571,16.62480000004507,13442,0.0
2984,1774584427.487843,50.19403004265473,13.36566399959338,19.92268799995145,13442,0.0
2985,1774584427.5092838,46.66561140216185,17.774688000372407,21.42905599976075,13442,0.0
2986,1774584427.5278497,53.8971521609306,15.002208000169048,18.553855999925872,13442,0.0
2987,1774584427.5422735,69.38554382554254,10.947232000035001,14.41222400035258,13442,0.0
2988,1774584427.5581458,63.04775892980475,11.004640000010113,15.860991999943508,13442,0.0
2989,1774584427.5724728,69.85175780601763,10.853952000161371,14.31603199989695,13442,0.0
2990,1774584427.5872455,67.73966292693824,10.84681600013937,14.762400000108755,13442,0.0
2991,1774584427.6021397,67.19245208297191,10.935743999652914,14.882624000165379,13442,0.0
2992,1774584427.616507,69.65340465910133,10.873119999814662,14.356799999859504,13442,0.0
2993,1774584427.6309764,69.16364006699861,10.901920000378595,14.458463999744708,13442,0.0
2994,1774584427.6475437,60.398728245709314,12.022304000311124,16.55663999963508,13442,0.0
2995,1774584427.665689,55.14546933623859,10.931327999969653,18.133856000076776,13442,0.0
2996,1774584427.6828556,58.29386450008171,10.922047999883944,17.15446400021392,13442,0.0
2997,1774584427.6979249,66.40910559193149,10.92966400028672,15.058175999911327,13442,0.0
2998,1774584427.7124963,68.67950735315297,11.017759999958798,14.560384000105842,13442,0.0
2999,1774584427.7270803,68.62054048775954,10.944992000077036,14.572896000117908,13442,0.0
3000,1774584427.7414374,69.70467523138132,10.868415999993886,14.346240000122634,13442,0.0
3001,1774584427.7562861,67.68742920038268,10.921504000179993,14.773791999687091,13442,0.0
3002,1774584427.77635,49.8730431813079,15.62729599982049,20.050911999987875,13442,0.0
3003,1774584427.7957468,51.58817285460523,14.793983999879856,19.384287999855587,13442,0.0
3004,1774584427.8115168,63.45680165440106,10.990048000167008,15.758752000238019,13442,0.0
3005,1774584427.834791,42.988180657226806,19.571776000248065,23.26220800023293,13442,0.0
3006,1774584427.8561091,46.93411351555414,16.771648000030837,21.306464000190317,13442,0.0
3007,1774584427.8772085,47.42069363233771,16.780991999894468,21.087839999836433,13442,0.0
3008,1774584427.9019697,40.40422324358186,18.240416000026016,24.74988799986022,13442,0.0
3009,1774584427.9164958,68.89679150370273,10.950079999929585,14.51446400005807,13442,0.0
3010,1774584427.9324474,62.73752426705997,10.985663999690587,15.93942399995285,13442,0.0
3011,1774584427.9493833,59.08913856590493,11.017119999905844,16.92358399986915,13442,0.0
3012,1774584427.9703798,47.65499309978839,16.64201600033266,20.98415999989811,13442,0.0
3013,1774584427.9862788,62.943246341780785,11.315520000152901,15.887327999735135,13442,0.0
3014,1774584428.0006938,69.42685630704206,10.912576000009722,14.403648000097746,13442,0.0
3015,1774584428.0160718,65.07637363177713,10.860607999802596,15.36656000007497,13442,0.0
3016,1774584428.030401,69.83521124674556,10.896864000187634,14.319424000404979,13442,0.0
3017,1774584428.0447488,69.74543474228324,10.889375999795448,14.33785600011106,13442,0.0
3018,1774584428.059068,69.89612876070464,10.839359999863518,14.3069440000545,13442,0.0
3019,1774584428.073904,67.45482685035172,10.951392000151827,14.824736000264238,13442,0.0
3020,1774584428.0883384,69.33335699802814,10.920704000000114,14.423072000226966,13442,0.0
3021,1774584428.1085906,49.40391215845371,15.73824000024615,20.24131199959811,13442,0.0
3022,1774584428.123279,68.13934878410092,10.885760000292066,14.675807999992685,13442,0.0
3023,1774584428.1381567,67.26534618425693,10.95952000014222,14.866496000195184,13442,0.0
3024,1774584428.1525254,69.64905789709917,10.91817600035938,14.357696000388387,13442,0.0
3025,1774584428.167015,69.06123134552814,10.865695999655145,14.479903999927046,13442,0.0
3026,1774584428.1825485,64.42528522424438,11.75887999988845,15.521855999850231,13442,0.0
3027,1774584428.200649,55.28497858433411,10.974048000207404,18.08809600015593,13442,0.0
3028,1774584428.2244532,42.030934767260746,17.57724800017968,23.792000000412372,13442,0.0
3029,1774584428.2445807,49.71246311362462,16.26774399983333,20.115679999889835,13442,0.0
3030,1774584428.2658424,47.06084326933925,16.726240000025427,21.24908800033154,13442,0.0
3031,1774584428.2838662,55.52209424039104,13.33747199987556,18.01084799990349,13442,0.0
3032,1774584428.3083274,40.90196355610482,17.05827199975829,24.44870399995125,13442,0.0
3033,1774584428.324533,61.7518150094513,11.546304000148666,16.193855999972584,13442,0.0
3034,1774584428.3453767,47.99746880571217,16.249056000106066,20.834431999901426,13402,0.0
3035,1774584428.3635736,54.98217697789888,13.503872000001138,18.18771199987168,13402,0.0
3036,1774584428.3850415,46.60221394017664,16.743231999953423,21.45820800024012,13402,0.0
3037,1774584428.4068189,45.94709834841749,17.14111999990564,21.764160000202537,13402,0.0
3038,1774584428.4286983,45.72584102590968,17.289983999944525,21.869472000162204,13402,0.0
3039,1774584428.446809,55.24949789227664,13.462240000080783,18.09971200009386,13402,0.0
3040,1774584428.469128,44.82542469374265,16.714016000150878,22.30876800012993,13402,0.0
3041,1774584428.4910204,45.7021012737164,17.346080000152142,21.880831999624206,13402,0.0
3042,1774584428.5091565,55.17263296191623,11.795392000294669,18.124927999906504,13402,0.0
3043,1774584428.5262513,58.53715189204698,10.973983999974735,17.08316799977183,13402,0.0
3044,1774584428.5427003,60.83447377673319,10.819264000019757,16.43804800005455,13402,0.0
3045,1774584428.5589464,61.591767791540114,11.732064000170794,16.23593600015738,13402,0.0
3046,1774584428.575683,59.78298298833927,11.084895999829314,16.727168000215897,13402,0.0
3047,1774584428.592327,60.12228391603243,11.054015999889089,16.632767999908538,13402,0.0
3048,1774584428.6088705,60.48991995864618,11.790911999923992,16.531680000298365,13402,0.0
3049,1774584428.6259513,58.584669376672494,10.925503999715147,17.069311999875936,13402,0.0
3050,1774584428.6463044,49.16157877016114,16.73823999999513,20.341088000350283,13402,0.0
3051,1774584428.6678894,46.35439380353722,16.71967999982371,21.57292799984134,13402,0.0
3052,1774584428.6909163,43.44791533449845,17.30604799968205,23.01606399987577,13402,0.0
3053,1774584428.7090056,55.31570665149417,13.409248000243679,18.078048000006675,13402,0.0
3054,1774584428.7293117,49.27475445374586,14.711264000197843,20.29436800012263,13402,0.0
3055,1774584428.7523549,43.420990471154376,17.966016000173113,23.03033599991977,13402,0.0
3056,1774584428.7788935,37.69874779815581,18.303584000022965,26.526080000166985,13402,0.0
3057,1774584428.8023179,42.7141894491948,18.786048000038136,23.411423999732506,13402,0.0
3058,1774584428.8257747,42.65343977813789,17.66057600025306,23.44476799999029,13402,0.0
3059,1774584428.8460305,49.39243355365527,16.6904960001375,20.246015999873634,13402,0.0
3060,1774584428.8681817,45.16613912623955,16.96499199988466,22.140479999961826,13282,0.0
3061,1774584428.88838,49.53822448620037,15.595616000155132,20.186432000173227,13282,0.0
3062,1774584428.9109678,44.296647204278315,18.00636799998756,22.575072000108776,13282,0.0
3063,1774584428.9301007,52.296266297076585,14.513279999846418,19.121824000194465,13282,0.0
3064,1774584428.9530656,43.56633305346498,17.867519999981596,22.95350399981544,13282,0.0
3065,1774584428.9724588,51.59694612082771,15.870943999743758,19.38099200015131,13282,0.0
3066,1774584428.9937677,46.95512892733087,17.72668800003885,21.296928000083426,13282,0.0
3067,1774584429.0130293,51.950426824597706,14.172256000165362,19.24912000004042,13282,0.0
3068,1774584429.0346415,46.29492459463848,15.723263999916526,21.60064000008788,13282,0.0
3069,1774584429.058646,41.67850336141453,17.404352000085055,23.993184000119072,13282,0.0
3070,1774584429.08447,38.74061392384017,17.79238400013128,25.81270400014546,13282,0.0
3071,1774584429.102011,57.047408678630376,13.901408000037918,17.529279999962455,13282,0.0
3072,1774584429.12029,54.743598502034345,13.61936000012065,18.266976000177237,13282,0.0
3073,1774584429.1356437,65.18184169586299,10.918720000063331,15.341695999723015,13282,0.0
3074,1774584429.1501307,69.08352142584225,10.95225599965488,14.475231999767857,13282,0.0
3075,1774584429.164602,69.15659930953414,10.934047999853647,14.459936000093876,13282,0.0
3076,1774584429.1798544,65.61597124250888,10.904191999998147,15.240191999964736,13282,0.0
3077,1774584429.1965148,60.06392723905685,10.938335999981064,16.648927999995067,13282,0.0
3078,1774584429.2120273,64.51040217343494,10.868895999919914,15.501375999974698,13282,0.0
3079,1774584429.227573,64.37047732964986,10.930528000244522,15.53507200014792,13282,0.0
3080,1774584429.2420943,68.91897554471967,10.964479999984178,14.50979199989888,13282,0.0
3081,1774584429.2572646,65.96445307498556,11.035743999855185,15.159680000124354,13282,0.0
3082,1774584429.2717683,69.00297871936485,10.93948800007638,14.492128000256344,13282,0.0
3083,1774584429.2869823,65.77964135931725,10.889760000281967,15.202271999896766,13282,0.0
3084,1774584429.305503,54.03078284986773,15.005024000402045,18.507967999994435,13282,0.0
3085,1774584429.322545,58.71863720088426,13.345824000225548,17.030368000177987,13282,0.0
3086,1774584429.3369918,69.27925191589816,10.950400000183436,14.43433600024946,13282,0.0
3087,1774584429.3515244,68.87006807635612,10.925856000085332,14.520096000069316,13282,0.0
3088,1774584429.3679757,60.825237899545805,11.233696000090276,16.440544000033697,13282,0.0
3089,1774584429.3824768,69.0084643035962,10.963295999772527,14.49097599970628,13282,0.0
3090,1774584429.3968666,69.5470650021743,10.881184000027133,14.378752000084205,13282,0.0
3091,1774584429.4113095,69.2916947532781,10.878655999931652,14.43174399992131,13282,0.0
3092,1774584429.4256883,69.60143434549649,10.892192000028444,14.367520000178047,13282,0.0
3093,1774584429.440932,65.64519246181224,10.874688000058086,15.233407999858173,13282,0.0
3094,1774584429.455693,67.79977262750232,10.893312000007427,14.749311999821657,13282,0.0
3095,1774584429.4716794,62.60116347935787,10.685951999676035,15.9741440002108,13282,0.0
3096,1774584429.4861207,69.29860937025823,10.709055999996053,14.430304000143224,13282,0.0
3097,1774584429.5023153,61.791865224474854,10.691488000247773,16.183360000013636,13282,0.0
3098,1774584429.516586,70.12638457629272,10.692639999888343,14.259967999805667,13282,0.0
3099,1774584429.5310473,69.2019301238216,10.675135999917984,14.450464000219654,13282,0.0
3100,1774584429.5452435,70.49847497726385,10.691007999866997,14.184703999944759,13282,0.0
3101,1774584429.5594885,70.24871416741351,10.676320000129635,14.235136000024795,13282,0.0
3102,1774584429.5752058,63.66844327138284,10.721183999976347,15.706367999882787,13282,0.0
3103,1774584429.5902824,66.37694457870292,10.762879999674624,15.065472000060254,13282,0.0
3104,1774584429.60529,66.68174563086,10.838848000275902,14.996608000274136,13282,0.0
3105,1774584429.619617,69.85347535019584,10.681952000140882,14.315679999981512,13282,0.0
3106,1774584429.634213,68.56227648641746,10.757887999716331,14.585280000119383,13282,0.0
3107,1774584429.6502962,62.218275647250735,12.563135999698716,16.072448000159056,13282,0.0
3108,1774584429.664605,69.944469686469,10.726015999807714,14.297056000032171,13282,0.0
3109,1774584429.6799817,65.07745779313618,10.73184000006222,15.366304000053788,13282,0.0
3110,1774584429.6941757,70.50992779905634,10.716704000060417,14.182399999754125,13282,0.0
3111,1774584429.708245,71.13363106949166,10.615935999794601,14.058048000151757,13282,0.0
3112,1774584429.7223895,70.74505294077326,10.666815999684331,14.135263999833114,13282,0.0
3113,1774584429.7382574,63.065826597037,12.34288000023298,15.85644799979491,13282,0.0
3114,1774584429.755931,56.62544938075579,10.977504000038607,17.659903999629023,13282,0.0
3115,1774584429.7710009,66.40854109501211,11.331231999974989,15.058303999921918,13282,0.0
3116,1774584429.7901824,52.16714855226818,12.321440000050643,19.16915199990399,13282,0.0
3117,1774584429.811762,46.36649861011218,16.132511999785493,21.567295999830094,13282,0.0
3118,1774584429.829064,57.841342584887975,11.908544000107213,17.28867200017703,13282,0.0
3119,1774584429.8446157,64.35311221977699,10.80608000029315,15.539263999926334,13282,0.0
3120,1774584429.8605413,62.837563390481506,10.696511999867653,15.914048000013281,13282,0.0
3121,1774584429.8759425,64.98178430625272,11.06668800002808,15.38892799999303,13282,0.0
3122,1774584429.8967178,48.16146497198402,10.755071999938082,20.763487999829522,13723,0.0
3123,1774584429.9265091,33.58023311663567,20.077535999917018,29.779424000025756,13723,0.0
3124,1774584429.9504368,41.81497042824253,16.818559999592253,23.91488000012032,13723,0.0
3125,1774584429.9736679,43.07053644532243,17.202079999606212,23.217727999963245,13723,0.0
3126,1774584429.996943,42.98912684661328,18.1749119997221,23.26169599973582,13723,0.0
3127,1774584430.0174632,48.84117475078288,14.279999999871507,20.474528000249848,13723,0.0
3128,1774584430.0366642,52.115645032962846,12.05740799969135,19.18809600010718,13723,0.0
3129,1774584430.059724,43.39138753817873,12.88191999992705,23.046048000196606,13723,0.0
3130,1774584430.0794127,50.82606588322081,15.434560000358033,19.674944000144023,13723,0.0
3131,1774584430.1118336,30.85612160771777,21.436479999920266,32.40847999995822,13723,0.0
3132,1774584430.1319163,49.8239818371744,10.994463999850268,20.070655999916198,13723,0.0
3133,1774584430.1615314,33.78075264603377,17.43216000022585,29.60265599995182,13723,0.0
3134,1774584430.1863194,40.36153603739563,13.7556479999148,24.77606399997967,13723,0.0
3135,1774584430.2086005,44.90452220857437,14.914655999746174,22.269472000061796,13723,0.0
3136,1774584430.2287805,49.58656703860236,14.465824000126304,20.166752000022825,13723,0.0
3137,1774584430.253361,40.70844416882754,15.058047999900737,24.56492800001797,13723,0.0
3138,1774584430.2723439,52.78760800402406,14.603904000068724,18.943839999792544,13723,0.0
3139,1774584430.2949157,44.32806455839086,15.77824000014516,22.559072000149172,13723,0.0
3140,1774584430.311772,59.37057689143541,11.08905599994614,16.843360000166285,13723,0.0
3141,1774584430.3287842,58.82806955591789,12.035520000154065,16.998687999603135,13723,0.0
3142,1774584430.3527455,41.80948787778385,16.936704000272584,23.918015999697673,13723,0.0
3143,1774584430.37391,47.276710206548714,17.54809599970031,21.152064000034443,13723,0.0
3144,1774584430.394513,48.56617121466468,16.999615999793605,20.590463999724307,13402,0.0
3145,1774584430.411841,57.75197881492935,12.192544000299677,17.315423999662016,13402,0.0
3146,1774584430.4285753,59.80494974575065,11.814303999926778,16.72102399970754,13402,0.0
3147,1774584430.4454982,59.1369972405539,13.142496000000392,16.90988800010018,13402,0.0
3148,1774584430.462281,59.62807346961051,11.458047999894916,16.77062399994611,13402,0.0
3149,1774584430.4788198,60.508542838144756,11.197696000181168,16.52659199999107,13402,0.0
3150,1774584430.495539,59.85775881152372,11.730079999779264,16.70627199973751,13402,0.0
3151,1774584430.5112538,63.68790683766845,11.970975999702205,15.701568000167754,13402,0.0
3152,1774584430.531744,48.83606086022647,16.277088000151707,20.47667199985881,13402,0.0
3153,1774584430.5526478,47.86535819423202,17.029376000209595,20.891935999770794,13402,0.0
3154,1774584430.573468,48.0565914422192,17.165599999771075,20.808799999940675,13402,0.0
3155,1774584430.5900817,60.23678356771439,12.496288000420464,16.601152000021102,13402,0.0
3156,1774584430.611884,45.89264498781697,18.100864000189176,21.7899839999518,13402,0.0
3157,1774584430.6303954,54.056952675041366,13.826400000198191,18.499008000162576,13402,0.0
3158,1774584430.6538577,42.645174409102914,16.951584000253206,23.44931199968414,13402,0.0
3159,1774584430.6752205,46.84089982454521,17.707680000057735,21.348864000174217,13402,0.0
3160,1774584430.6956522,49.040916602329375,16.43465600000127,20.3911359999438,13402,0.0
3161,1774584430.7205374,40.208802703848505,18.717471999934787,24.870176000149513,13402,0.0
3162,1774584430.745576,39.95933737858973,14.928896000128589,25.02543999980844,13402,0.0
3163,1774584430.769449,41.911935312154874,17.711424000026454,23.859551999976247,13402,0.0
3164,1774584430.7925916,43.234343979644166,17.284191999806353,23.12975999984701,13402,0.0
3165,1774584430.8198276,36.73484261632708,18.044927999653737,27.22211199989033,13402,0.0
3166,1774584430.8433404,42.55348121580976,18.714687999818125,23.499839999658434,13402,0.0
3167,1774584430.868541,39.70164688774026,17.259648000162997,25.18787200006045,13402,0.0
3168,1774584430.888848,49.276153022929854,15.390751999802887,20.2937919998476,13402,0.0
3169,1774584430.9133136,40.89832349570364,16.828767999868433,24.450880000131292,13483,0.0
3170,1774584430.9433615,33.298312387907586,23.418560000209254,30.031552000309603,13483,0.0
3171,1774584430.96893,39.133821389566016,20.380256000407826,25.553343999945355,13483,0.0
3172,1774584430.9923892,42.650238022407926,18.158847999984573,23.446528000022226,13483,0.0
3173,1774584431.0130067,48.5362251087303,15.326144000027853,20.603167999979632,13483,0.0
3174,1774584431.0405192,36.385737722419755,17.259648000162997,27.483295999900292,13483,0.0
3175,1774584431.0642712,42.12634939114138,17.380992000198603,23.738112000046385,13483,0.0
3176,1774584431.0875509,43.08336251541656,18.194623999988835,23.21081599984609,13483,0.0
3177,1774584431.1113393,42.060011898407474,18.88969600031487,23.77555199973358,13483,0.0
3178,1774584431.1302912,52.80009461811353,13.853024000127334,18.939359999876615,13483,0.0
3179,1774584431.1551862,40.1884290760132,15.94784000008076,24.882784000055835,13483,0.0
3180,1774584431.1787236,42.508852043770304,16.031071999805135,23.524511999767128,13483,0.0
3181,1774584431.2003965,46.166551188372964,14.626528000007966,21.660704000169062,13483,0.0
3182,1774584431.2227426,44.775905547435386,15.88675199991485,22.333440000238625,13483,0.0
3183,1774584431.2453935,44.17173404834734,16.646944000058284,22.638911999820266,13483,0.0
3184,1774584431.2718933,37.754723569000085,14.088480000282289,26.486751999982516,13483,0.0
3185,1774584431.2959206,41.642125574132685,18.336511999677896,24.014143999920634,13483,0.0
3186,1774584431.3176925,45.95622026641253,17.00950400027068,21.759839999958785,13483,0.0
3187,1774584431.344303,37.596970105660354,16.550656000163144,26.597887999741943,13483,0.0
3188,1774584431.3599951,63.777462575186476,10.940000000118744,15.679520000048797,13483,0.0
3189,1774584431.3881109,35.5838657628749,18.87260800003787,28.102623999984644,13483,0.0
3190,1774584431.415602,36.39154272208511,10.960288000205765,27.47891199987862,13483,0.0
3191,1774584431.441397,38.78619683046656,14.873216000069078,25.782367999909184,13442,0.0
3192,1774584431.466668,39.59179277983163,16.29702400032329,25.257759999931295,13442,0.0
3193,1774584431.4830263,61.18644930601168,11.326719999942725,16.343488000075013,13442,0.0
3194,1774584431.50223,52.117817956411834,14.367712000421307,19.1872959999273,13442,0.0
3195,1774584431.5261552,41.823700722154896,17.15273600029832,23.90988799970728,13442,0.0
3196,1774584431.544659,54.07977848931129,10.859999999865977,18.491199999971286,13442,0.0
3197,1774584431.5686328,44.64980975631673,17.260543999782385,22.39651199988657,13442,0.0
3198,1774584431.5880544,51.52488940696017,10.99465599963878,19.40809600000648,13442,0.0
3199,1774584431.6086152,48.69262256137075,16.282783999940875,20.536991999961174,13442,0.0
3200,1774584431.6296327,47.72537065390875,16.54540800018367,20.953216000179964,13442,0.0
3201,1774584431.6487489,52.34549703139269,11.0194879998744,19.10383999984333,13442,0.0
3202,1774584431.66461,63.09307490264487,11.009663999629993,15.849600000365172,13442,0.0
3203,1774584431.6807277,62.088847652265926,11.156512000070506,16.10595199963427,13442,0.0
3204,1774584431.7037606,43.44048653328359,11.540928000158601,23.020000000087748,13442,0.0
3205,1774584431.7197216,62.70403894281784,10.958816000311344,15.947935999975016,13442,0.0
3206,1774584431.742376,44.16436776429466,16.60659199978909,22.64268799990532,13442,0.0
3207,1774584431.7620175,50.94330702718085,11.356416000126046,19.629664000149205,13442,0.0
3208,1774584431.779031,58.82065066107332,11.038527999971848,17.000831999666843,13442,0.0
3209,1774584431.7964594,57.418254777809786,10.927616000117268,17.41606400037199,13442,0.0
3210,1774584431.8109946,68.85459012402083,10.91065599985086,14.52335999965726,13442,0.0
3211,1774584431.8262434,65.63016509482976,10.972992000006343,15.23689599980571,13442,0.0
3212,1774584431.8431172,59.3026389205871,10.915871999714,16.862655999830167,13442,0.0
3213,1774584431.8604002,57.900607354333566,10.937536000255932,17.27097599996341,13442,0.0
3214,1774584431.8760436,63.97199561932425,10.989280000103463,15.631839999969088,13442,0.0
3215,1774584431.8926766,60.161174192366744,10.951360000035493,16.622015999928408,13442,0.0
3216,1774584431.9073944,68.00160157447127,10.910911999872042,14.705535999837593,13442,0.0
3217,1774584431.9227796,65.0464379516335,10.94230399985463,15.373632000319049,13442,0.0
3218,1774584431.9384894,63.70335640257863,10.980768000081298,15.697759999966365,13683,0.0
3219,1774584431.9540796,64.18669805154757,10.928159999821219,15.57955199996286,13683,0.0
3220,1774584431.9688048,67.96581047753752,10.889696000049298,14.713280000250961,13683,0.0
3221,1774584431.9844465,63.981556931846505,10.891519999859156,15.629504000116867,13683,0.0
3222,1774584432.0050836,48.485770007951025,16.150399999787624,20.62460800016197,13683,0.0
3223,1774584432.025381,49.296130135563686,16.709759999685048,20.28556799996295,13683,0.0
3224,1774584432.040214,67.47215828831767,10.86291199999323,14.82092800006285,13683,0.0
3225,1774584432.0560114,63.34617824990734,10.867647999930341,15.78627199978655,13683,0.0
3226,1774584432.0733693,57.64906202763649,10.798432000228786,17.346335999718576,13683,0.0
3227,1774584432.0881655,67.63761820289514,10.988256000018737,14.78467200013256,13683,0.0
3228,1774584432.1025484,69.5811327142535,10.901727999680588,14.37171199995646,13683,0.0
3229,1774584432.116964,69.42716479299843,10.890464000112843,14.403584000319825,13683,0.0
3230,1774584432.1329737,62.5061255991847,12.271743999917817,15.998432000287721,13683,0.0
3231,1774584432.1474488,69.14068636276792,10.938207999970473,14.463263999914489,13683,0.0
3232,1774584432.1618288,69.5943041790932,10.923584000011033,14.368992000072467,13683,0.0
3233,1774584432.1764698,68.34963517694777,10.926879999715311,14.630656000008457,13683,0.0
3234,1774584432.191008,68.8420004505222,10.8954239999548,14.526015999763331,13683,0.0
3235,1774584432.2057369,67.94792905477593,10.952415999781806,14.717152000230271,13683,0.0
3236,1774584432.220119,69.58516110300818,10.915647999809153,14.370880000114994,13683,0.0
3237,1774584432.2355494,64.8513813856068,10.894944000028772,15.419872000165924,13683,0.0
3238,1774584432.2499278,69.60034922631073,10.945280000214552,14.367744000082894,13683,0.0
3239,1774584432.2653918,64.70367786101443,11.512479999964853,15.455071999895154,13683,0.0
3240,1774584432.2822769,59.26945887443167,10.98543999978574,16.872096000042802,13683,0.0
3241,1774584432.301493,52.07647659772707,13.51875199998176,19.20252799982336,13683,0.0
3242,1774584432.3232522,45.98617912922178,16.838752000239765,21.745664000263787,13683,0.0
3243,1774584432.3451202,45.755165209750345,16.2686720000238,21.855455999684636,13683,0.0
3244,1774584432.3681526,43.440728080358056,14.273056000092765,23.019872000077157,13683,0.0
3245,1774584432.388837,48.37633537999453,13.543263999963528,20.671264000156953,13683,0.0
3246,1774584432.4119718,43.25038025725545,16.550719999941066,23.121184000046924,13683,0.0
3247,1774584432.432679,48.32292393121047,14.53923200006102,20.69411200000104,13683,0.0
3248,1774584432.4560187,42.868705158658926,18.539935999797308,23.32704000036756,13563,0.0
3249,1774584432.4775271,46.522083474757686,16.887455999949452,21.495168000001286,13563,0.0
3250,1774584432.5011373,42.3778805095257,17.579167999883794,23.59721599987097,13563,0.0
3251,1774584432.5242734,43.24523299138852,18.05590399999346,23.12393600004725,13563,0.0
3252,1774584432.5454075,47.34482638484324,16.512799999873096,21.12163199990391,13563,0.0
3253,1774584432.5668244,46.72086785707635,15.54182400013815,21.403711999937514,13563,0.0
3254,1774584432.5888999,45.32361788354233,17.51087999991796,22.063551999963238,13563,0.0
3255,1774584432.611492,44.28710515377452,17.86483199975919,22.579936000056477,13563,0.0
3256,1774584432.6333857,45.70116556180929,17.96070399996097,21.881280000343395,13563,0.0
3257,1774584432.6553898,45.47008795758471,17.278239999996003,21.992479999880743,13563,0.0
3258,1774584432.676593,47.188615539113854,17.67980800013902,21.19155199989109,13563,0.0
3259,1774584432.6957824,52.145038295603314,13.668576000327448,19.17727999989438,13563,0.0
3260,1774584432.7166066,48.04986730532962,17.26505599981465,20.811712000067928,13563,0.0
3261,1774584432.7387292,45.22679973763108,17.667615999926056,22.110783999778505,13563,0.0
3262,1774584432.7603855,46.20033648654334,18.102048000400828,21.644863999881636,13563,0.0
3263,1774584432.7795103,52.32270973013893,15.423584000018309,19.112160000076983,13563,0.0
3264,1774584432.7958858,61.11142617520164,11.613216000114335,16.36355199980244,13563,0.0
3265,1774584432.8117824,62.9517416979279,12.366496000140614,15.885184000126173,13563,0.0
3266,1774584432.827992,61.73473621036646,12.670015999901807,16.198335999888513,13563,0.0
3267,1774584432.8460112,55.5289016825571,14.43033599980481,18.00864000006186,13563,0.0
3268,1774584432.8621423,62.03868037219614,12.60857599982046,16.118976000143448,13563,0.0
3269,1774584432.8787365,60.305948965041615,13.01324799987924,16.582111999923654,13563,0.0
3270,1774584432.8949566,61.69634342988806,12.664031999975123,16.208416000154102,13563,0.0
3271,1774584432.9125605,56.843503015554916,13.665184000274166,17.592159999821888,13563,0.0
3272,1774584432.92846,62.942866004879335,10.874944000079267,15.887424000084138,13563,0.0
3273,1774584432.9559915,36.33763183253755,17.803744000048027,27.51968000029592,13563,0.0
3274,1774584432.9745896,53.80602283089982,13.671392000105698,18.585280000024795,13202,0.0
3275,1774584432.9938185,52.03996669403613,13.385375999860116,19.21600000014223,13202,0.0
3276,1774584433.0218973,35.63084844762353,17.125247999956628,28.065567999874474,13202,0.0
3277,1774584433.0378287,62.81545923664687,12.147712000114552,15.919647999908193,13202,0.0
3278,1774584433.0616434,42.01251367902973,16.27881600006731,23.80243200013865,13202,0.0
3279,1774584433.0824761,48.03029674171202,15.30924800044886,20.820192000428506,13202,0.0
3280,1774584433.1080964,39.05239519217239,19.251744000030158,25.606624000374723,13202,0.0
3281,1774584433.129574,46.58526295708935,17.533728000216797,21.466015999976662,13202,0.0
3282,1774584433.1652358,28.05146029161983,27.834015999815165,35.64876800010097,13202,0.0
3283,1774584433.1958864,32.63915507919503,18.71459199992387,30.638048000128038,13202,0.0
3284,1774584433.2217903,38.62382985226726,18.900416000178666,25.89075200012303,13202,0.0
3285,1774584433.2442932,44.46101160534206,16.73024000001533,22.491616000024806,13202,0.0
3286,1774584433.2616892,57.5240542589202,13.071712000055413,17.3840319998817,13202,0.0
3287,1774584433.2798374,55.135837058361,12.129440000080649,18.13702400022521,13202,0.0
3288,1774584433.306161,38.00704437749005,17.454752000048757,26.31091200009905,13202,0.0
3289,1774584433.326979,48.06272608639511,13.941087999683077,20.80614400028935,13202,0.0
3290,1774584433.348268,46.999760865715224,13.674496000021463,21.276703999774327,13202,0.0
3291,1774584433.375825,36.30609582268332,20.620735999727913,27.543583999886323,13202,0.0
3292,1774584433.4050112,34.27786680894053,20.67027200018856,29.17334399990068,13202,0.0
3293,1774584433.4301405,39.816779108615506,15.063231999647542,25.115040000400768,13202,0.0
3294,1774584433.4512997,47.29173476742271,15.776096000081452,21.1453439997058,13202,0.0
3295,1774584433.4720666,48.18203403758158,15.82166399975904,20.75462399989192,13362,0.0
3296,1774584433.4923286,49.37620082927827,11.059359999762819,20.252671999969607,13362,0.0
3297,1774584433.508461,62.03264604496042,11.887680000199907,16.120543999932124,13362,0.0
3298,1774584433.5260322,56.94833464887887,11.414624000281037,17.559775999870908,13362,0.0
3299,1774584433.5578692,31.422162025431273,12.525088000074902,31.824672000311693,13362,0.0
3300,1774584433.573803,62.80965158128544,11.160640000070998,15.92112000025736,13362,0.0
3301,1774584433.5968313,43.45238591854311,11.255135999817867,23.013695999907213,13362,0.0
3302,1774584433.6341257,26.82394223537683,27.015231999939715,37.28012800002034,13362,0.0
3303,1774584433.654003,50.339976062180256,15.175903999988805,19.8649280000609,13362,0.0
3304,1774584433.6728146,53.19556391667873,12.037311999847589,18.798559999595454,13362,0.0
3305,1774584433.6895907,59.650154231031095,12.024096000004647,16.76441600011458,13362,0.0
3306,1774584433.7074997,55.873313295441,11.972255999808112,17.897632000313024,13362,0.0
3307,1774584433.726966,51.40183072704055,13.295711999944615,19.45456000021295,13362,0.0
3308,1774584433.744344,57.5856413656778,11.079551999955584,17.365440000048693,13362,0.0
3309,1774584433.7756174,31.987864060147146,16.14166399986061,31.26185600012832,13362,0.0
3310,1774584433.7921193,60.644284882174986,10.791744000016479,16.48960000011357,13362,0.0
3311,1774584433.8148248,44.06479004726969,14.846335999664007,22.693855999932566,13362,0.0
3312,1774584433.835513,48.363682510766886,15.80361600008473,20.676672000263352,13362,0.0
3313,1774584433.8577983,44.896974015724986,17.51881600011984,22.273216000030516,13362,0.0
3314,1774584433.878189,49.069023235400145,12.827583999751369,20.379456000227947,13362,0.0
3315,1774584433.8954427,57.99925760938842,13.219072000083543,17.24160000003394,13362,0.0
3316,1774584433.9166372,47.20857579746009,15.632384000127786,21.182591999604483,13362,0.0
3317,1774584433.9369924,49.15461919742492,14.35455999990154,20.343967999906454,13362,0.0
3318,1774584433.9555256,53.989709992464476,10.92915199978961,18.522048000249924,13362,0.0
3319,1774584433.9724855,59.000558853554345,10.919679999915388,16.948991999925056,13362,0.0
3320,1774584433.9959915,42.562232794615795,10.785280000163766,23.495007999827067,13483,0.0
3321,1774584434.01382,56.1213586213439,11.025792000054935,17.818528000134393,13483,0.0
3322,1774584434.033195,51.64580726972337,12.6906880000206,19.362655999884737,13483,0.0
3323,1774584434.0614846,35.36388018178663,20.796255999812274,28.277439999783383,13483,0.0
3324,1774584434.079439,55.735792722470016,11.432864000198606,17.94179200032886,13483,0.0
3325,1774584434.1004717,47.57229085378418,14.244416000110505,21.02063999973325,13483,0.0
3326,1774584434.124744,41.221202867528255,15.094816000328137,24.259360000087327,13483,0.0
3327,1774584434.147372,44.218986571397586,11.51916800017716,22.614720000092348,13483,0.0
3328,1774584434.1686027,47.13224780917362,14.293024000380683,21.216895999714325,13483,0.0
3329,1774584434.184302,63.74259821010992,10.895807999986573,15.688095999848883,13483,0.0
3330,1774584434.2018723,56.950825468669464,10.963839999931224,17.559007999807363,13483,0.0
3331,1774584434.22026,54.419470502655486,10.907072000009066,18.375776000084443,13483,0.0
3332,1774584434.2438328,42.443380530708,15.32563199998549,23.560799999813753,13483,0.0
3333,1774584434.2597647,62.814322871469386,11.008863999904861,15.919936000045709,13483,0.0
3334,1774584434.2787268,52.76978022352243,14.699263999773393,18.950240000322083,13483,0.0
3335,1774584434.2933855,68.27631259924438,10.924191999947652,14.646367999830545,13483,0.0
3336,1774584434.3090246,63.99230044588969,10.890400000334921,15.62688000012713,13483,0.0
3337,1774584434.3245723,64.3688862424401,10.926527999799873,15.535456000179693,13483,0.0
3338,1774584434.3413987,59.47068237974539,10.954431999834924,16.81500800032154,13483,0.0
3339,1774584434.3578613,60.79269787222178,12.357759999758855,16.449344000193378,13483,0.0
3340,1774584434.373688,63.232357161178385,10.908319999998639,15.814687999863963,13483,0.0
3341,1774584434.3883846,68.09999912879066,11.03577599997152,14.684287999898515,13483,0.0
3342,1774584434.4029403,68.7547578274506,10.923584000011033,14.544448000378907,13483,0.0
3343,1774584434.417491,68.78063489459367,10.918495999703737,14.538976000039838,13483,0.0
3344,1774584434.4319391,69.26312896590883,10.899295999934111,14.437695999731659,13483,0.0
3345,1774584434.446416,69.12738019380598,10.966815999836399,14.46604800003115,13483,0.0
3346,1774584434.460861,69.28539596812027,10.91126399978748,14.433056000143552,13483,0.0
3347,1774584434.475686,67.50903540843876,10.883232000196585,14.812832000188791,13483,0.0
3348,1774584434.4920123,61.29097424151319,10.887648000334593,16.315616000156297,13483,0.0
3349,1774584434.506583,68.68630032567765,10.942687999886402,14.558943999873009,13483,0.0
3350,1774584434.5210564,69.14145123918395,10.89350399979594,14.46310400024231,13483,0.0
3351,1774584434.535483,69.37183525568611,10.900224000124581,14.415072000247164,13483,0.0
3352,1774584434.5498846,69.48891735072739,10.912031999851024,14.390784000170243,13483,0.0
3353,1774584434.5652163,65.27074304341953,10.873344000174257,15.320799999699375,13483,0.0
3354,1774584434.5803986,65.91283475774256,10.87920000009035,15.171552000083466,13483,0.0
3355,1774584434.5963879,62.58097978846712,10.857440000108909,15.97929599984127,13483,0.0
3356,1774584434.611478,66.31820429440333,10.89302399986991,15.078815999913786,13483,0.0
3357,1774584434.6258132,69.8099382537661,10.91219199997795,14.324608000151784,13483,0.0
3358,1774584434.6407776,66.8702375023734,10.95839999970849,14.95433599984608,13483,0.0
3359,1774584434.6576593,59.28182675296652,11.251999999785767,16.86857599997893,13483,0.0
3360,1774584434.6737254,62.28660608861733,12.118271999952412,16.05481599972336,13483,0.0
3361,1774584434.6960404,44.83667970350501,15.813600000001315,22.30316800023502,13483,0.0
3362,1774584434.717694,46.25497518480238,16.447231999791256,21.619296000153554,13483,0.0
3363,1774584434.7355745,55.96677454111473,13.445088000025862,17.867743999886443,13483,0.0
3364,1774584434.7536442,55.37706910899162,13.269504000163579,18.058015999940835,13483,0.0
3365,1774584434.7684922,67.405939057359,10.98364799963747,14.83548799978962,13483,0.0
3366,1774584434.787813,51.799300502176365,11.080352000135463,19.30528000002596,13483,0.0
3367,1774584434.8230953,28.421777356998277,17.363295999984985,35.18428799998219,13483,0.0
3368,1774584434.8509748,35.88546965769487,20.06348800023261,27.86643199988248,13483,0.0
3369,1774584434.870723,50.67047168092568,15.885855999840715,19.735360000140645,13483,0.0
3370,1774584434.8919692,47.09460212977367,17.62204800024847,21.233855999980733,13483,0.0
3371,1774584434.9167922,40.30666601346266,19.678431999636814,24.80979199981448,13483,0.0
3372,1774584434.9372816,48.83331353967297,16.8789120002657,20.477823999954126,13483,0.0
3373,1774584434.958252,47.71480441460082,17.300704000263067,20.95785600022282,13483,0.0
3374,1774584434.9780657,50.501867356992335,15.989120000085677,19.801248000021587,13483,0.0
3375,1774584434.9962456,55.04435253683942,14.514975999645685,18.167168000218226,13483,0.0
3376,1774584435.0179377,46.12532509115165,17.711583999698632,21.680064000065613,13161,0.0
3377,1774584435.0421,41.40482256865047,17.62319999988904,24.15177600005336,13161,0.0
3378,1774584435.063023,47.820019219978114,14.387360000000626,20.911743999931787,13161,0.0
3379,1774584435.0826924,50.86966784083044,15.323103999890009,19.65808000022662,13161,0.0
3380,1774584435.0998042,58.482596515157674,13.283264000165218,17.099103999953513,13161,0.0
3381,1774584435.1190834,51.90288430550675,15.225696000015887,19.26675200002137,13161,0.0
3382,1774584435.1358094,59.82876528883649,12.059648000104062,16.714367999611568,13161,0.0
3383,1774584435.1563234,48.77432082743945,15.518879999945057,20.502591999957076,13161,0.0
3384,1774584435.1782246,45.683661476236374,15.979552000317199,21.889663999900222,13161,0.0
3385,1774584435.198302,49.83733095195688,13.214911999966716,20.065279999926133,13161,0.0
3386,1774584435.2171617,53.06404533037558,14.174879999700352,18.845152000267262,13161,0.0
3387,1774584435.235136,55.67522016240805,14.272832000187918,17.96131199989759,13161,0.0
3388,1774584435.2548752,50.692006723002514,16.033215999868844,19.726975999674323,13161,0.0
3389,1774584435.2761033,47.13736658244554,17.589951999980258,21.21459199997844,13161,0.0
3390,1774584435.2948742,53.31227001070837,13.11039999973218,18.757408000055875,13161,0.0
3391,1774584435.318177,42.93974420255076,15.459071999885055,23.288448000130302,13161,0.0
3392,1774584435.350574,30.880056918082932,17.84486399992602,32.38336000003983,13161,0.0
3393,1774584435.3777542,36.81078432309329,21.175295999910304,27.16595199990479,13161,0.0
3394,1774584435.403934,38.21587505806274,14.964799999688694,26.167135999912716,13161,0.0
3395,1774584435.423187,51.97176727304268,14.11644800009526,19.241215999954875,13161,0.0
3396,1774584435.4472666,41.550381000591024,17.52304000001459,24.067167999874073,13161,0.0
3397,1774584435.4720638,40.35064386684149,17.21971200004191,24.782752000191977,13161,0.0
3398,1774584435.5043972,30.940624693555673,17.083263999666087,32.31996800013803,13161,0.0
3399,1774584435.5271976,43.8835464082941,19.01548800015007,22.787584000070638,13202,0.0
3400,1774584435.549825,44.21792290415037,17.369503999816516,22.615263999796298,13202,0.0
3401,1774584435.5722225,44.67157458410092,17.67420799978936,22.385599999779515,13202,0.0
3402,1774584435.5965102,41.19387087939451,18.956863999846973,24.275455999941187,13202,0.0
3403,1774584435.6182175,46.09362093751598,16.910208000354032,21.69497600016257,13202,0.0
3404,1774584435.6403716,45.1624185084702,17.83676800005196,22.14230400022643,13202,0.0
3405,1774584435.664842,40.88639078467086,13.650656000208983,24.458016000153293,13202,0.0
3406,1774584435.6816244,59.63125937287219,11.789119999775721,16.769728000326722,13202,0.0
3407,1774584435.702657,47.573304754002095,16.21222400035549,21.020191999923554,13202,0.0
3408,1774584435.7180684,64.9374937662031,11.050432000047294,15.399423999951978,13202,0.0
3409,1774584435.7552125,26.930856211678357,14.949087999866606,37.13212799993926,13202,0.0
3410,1774584435.7772188,45.46625094697573,16.814464000162843,21.994336000261683,13202,0.0
3411,1774584435.7984028,47.232193462604805,12.702464000085456,21.172000000206026,13202,0.0
3412,1774584435.8206367,44.999575203939116,15.45068799987348,22.22243200003504,13202,0.0
3413,1774584435.8445327,41.87038002286125,15.875487999892357,23.883231999661803,13202,0.0
3414,1774584435.8659356,46.74973408730582,14.384799999788811,21.390496000094572,13202,0.0
3415,1774584435.8902042,41.22539009074963,17.025183999976434,24.256896000224515,13202,0.0
3416,1774584435.9142244,41.65411489293076,11.585343999740871,24.007232000258227,13202,0.0
3417,1774584435.9448638,32.651466233716185,16.60083199976725,30.62649599996803,13202,0.0
3418,1774584435.968766,41.86056480281331,17.150239999864425,23.888832000011462,13202,0.0
3419,1774584435.9893458,48.61913867105141,16.86937600015881,20.568032000028325,13202,0.0
3420,1774584436.0062792,59.096178321705864,12.036512000122457,16.921567999816034,13202,0.0
3421,1774584436.0249593,53.567785962187216,12.473536000015883,18.667935999928886,13202,0.0
3422,1774584436.0474608,44.46733820605458,11.586527999952523,22.488416000214784,13282,0.0
3423,1774584436.064661,58.18250875538992,10.725600000114355,17.187295999974594,13282,0.0
3424,1774584436.0813282,60.043731050595134,10.85203200000251,16.65452799988998,13282,0.0
3425,1774584436.0977085,61.091713813558364,10.745280000264756,16.368831999898248,13282,0.0
3426,1774584436.1248298,36.887432540560354,10.848800000076153,27.109503999781737,13282,0.0
3427,1774584436.1415765,59.75623281518372,10.812799999712297,16.73465599969859,13282,0.0
3428,1774584436.1605537,52.72490758423364,11.424159999933181,18.96636799983753,13282,0.0
3429,1774584436.1790466,54.111804512537155,12.09833599978083,18.480255999747897,13282,0.0
3430,1774584436.1950433,62.56093435079999,11.438303999966593,15.984415999810153,13282,0.0
3431,1774584436.2171578,45.24251435443738,17.048000000158936,22.103104000052554,13282,0.0
3432,1774584436.242885,38.887651397361964,17.334176000076695,25.715104000028077,13282,0.0
3433,1774584436.2614956,53.76825109590106,10.827808000158257,18.59833599974081,13282,0.0
3434,1774584436.277098,64.13887657463272,11.093248000179301,15.59116799990079,13282,0.0
3435,1774584436.2920833,66.78377870011641,10.69539199988867,14.973696000197378,13282,0.0
3436,1774584436.307537,64.75476076943761,10.677471999770205,15.442880000136938,13282,0.0
3437,1774584436.3235343,62.5556745497678,10.663904000011826,15.98576000014873,13282,0.0
3438,1774584436.3393886,63.12608450695627,10.735872000168456,15.841311999793106,13282,0.0
3439,1774584436.3571208,56.432695208320084,10.73452799982988,17.720223999731388,13282,0.0
3440,1774584436.3802044,43.34312078825566,15.786943999955838,23.071711999818945,13282,0.0
3441,1774584436.3945434,69.7974645098293,10.752768000202195,14.327167999908852,13282,0.0
3442,1774584436.410327,63.402470768046626,10.740608000105567,15.772256000218476,13282,0.0
3443,1774584436.4255595,65.69777342318991,10.708159999921918,15.221216000099957,13282,0.0
3444,1774584436.4398105,70.22424567765715,10.720320000018546,14.2400960003215,13282,0.0
3445,1774584436.4598777,49.8627776359748,14.669919999960257,20.055039999988367,13282,0.0
3446,1774584436.4778447,55.698142801578115,14.318175999960658,17.953919999854406,13282,0.0
3447,1774584436.492862,66.64420312698329,10.72784000007232,15.005056000063632,13282,0.0
3448,1774584436.5099566,58.53649399176255,12.549248000141233,17.08336000001509,13282,0.0
3449,1774584436.525314,65.16349259652574,11.219680000067456,15.346015999966767,13282,0.0
3450,1774584436.5410867,63.44739652454669,10.853792000034446,15.76108800009024,13282,0.0
3451,1774584436.5570333,62.75503646939413,11.12499199962258,15.934975999698509,13442,0.0
3452,1774584436.575315,54.73966690272374,12.951583999893046,18.268287999944732,13442,0.0
3453,1774584436.596552,47.1152642907394,16.491167999902245,21.22454399977869,13442,0.0
3454,1774584436.611734,65.91700574471463,10.832383999968442,15.170591999776661,13442,0.0
3455,1774584436.6345413,43.86869992843348,18.07721600016521,22.795295999912923,13442,0.0
3456,1774584436.6490264,69.09314419267352,10.775839999951131,14.47321599971474,13442,0.0
3457,1774584436.6646657,63.9921694070793,11.019168000075297,15.626911999788717,13442,0.0
3458,1774584436.6789145,70.23655672359766,10.697087999687938,14.237599999887607,13442,0.0
3459,1774584436.6944587,64.38161714291866,10.785024000142585,15.532383999925514,13442,0.0
3460,1774584436.7093987,66.98792288211176,10.752032000254985,14.928063999832375,13442,0.0
3461,1774584436.7237463,69.7539971826696,10.792128000048251,14.336096000079124,13442,0.0
3462,1774584436.7382708,68.90529876277886,10.778464000395616,14.512671999909799,13442,0.0
3463,1774584436.7528138,68.81895659372256,10.914495999713836,14.53088000016578,13442,0.0
3464,1774584436.7681453,65.27728747270335,10.697344000163866,15.319264000027033,13442,0.0
3465,1774584436.7826602,68.94999636032684,10.775744000056875,14.503263999813498,13442,0.0
3466,1774584436.7974458,67.68904195533844,10.959040000216191,14.773440000226401,13442,0.0
3467,1774584436.813015,64.27845632950215,11.223424000036175,15.55731200005539,13442,0.0
3468,1774584436.8273733,69.69923386552769,10.74332799998956,14.347360000101617,13442,0.0
3469,1774584436.8429604,64.19922509039468,10.593695999887132,15.576511999825016,13442,0.0
3470,1774584436.8582072,65.63526535529134,10.73551999979827,15.235712000048807,13442,0.0
3471,1774584436.873632,64.8746725124472,11.083871999744588,15.414336000048934,13442,0.0
3472,1774584436.8892407,64.11387444873871,12.026399999740534,15.59724799972173,13442,0.0
3473,1774584436.904195,66.9174912681167,10.665695999705349,14.94377600010921,13442,0.0
3474,1774584436.9184105,70.39937282491421,10.684479999781615,14.204672000232677,13442,0.0
3475,1774584436.9334278,66.63752385792256,10.73311999971338,15.00655999961964,13442,0.0
3476,1774584436.9477608,69.82288447809407,10.698208000121667,14.321952000045712,13442,0.0
3477,1774584436.9620798,69.89706678449404,10.757920000287413,14.30675199981124,13442,0.0
3478,1774584436.9764504,69.63896929762132,10.666304000096716,14.359776000219426,13442,0.0
3479,1774584436.9907405,70.03177762035442,10.705696000059106,14.279231999807962,13442,0.0
3480,1774584437.0049462,70.4479361567432,10.682400000405323,14.194880000104604,13442,0.0
3481,1774584437.0196054,68.27258347820468,10.784832000354072,14.647168000010424,13442,0.0
3482,1774584437.0341823,68.65385713691461,10.71523199971125,14.565824000328575,13442,0.0
3483,1774584437.0485058,69.86924948324139,10.678464000193344,14.312447999600408,13442,0.0
3484,1774584437.0638819,65.0820658809847,10.677664000013465,15.36521600019114,13723,0.0
3485,1774584437.0781722,70.02502974534363,10.745856000085041,14.280608000262873,13723,0.0
3486,1774584437.0935304,65.16457966262641,10.77289600016229,15.345759999945585,13723,0.0
3487,1774584437.1120107,54.14386848850262,14.571552000234078,18.469311999979254,13723,0.0
3488,1774584437.1263397,69.84613734101204,10.792032000153995,14.317183999992267,13723,0.0
3489,1774584437.1409223,68.62913037627347,10.650912000073731,14.571071999853302,13723,0.0
3490,1774584437.1555965,68.2006167505798,10.773760000120092,14.662624000266078,13723,0.0
3491,1774584437.1702886,68.11543659234094,10.853087999748823,14.680960000077903,13723,0.0
3492,1774584437.1850173,67.94423571995819,10.657631999947625,14.717951999955403,13723,0.0
3493,1774584437.1991985,70.5680445333328,10.665824000170687,14.170719999583525,13723,0.0
3494,1774584437.213573,69.62221316180613,10.69612799983588,14.36323200005063,13723,0.0
3495,1774584437.2287786,65.81150321910253,10.633664000124554,15.194911999969918,13723,0.0
3496,1774584437.2442849,64.53011749817504,10.632256000008056,15.49663999958284,13723,0.0
3497,1774584437.25953,65.63995278044148,10.664191999694594,15.234624000186159,13723,0.0
3498,1774584437.2741055,68.65883479855258,10.690592000173638,14.564768000127515,13723,0.0
3499,1774584437.2896492,64.3745880018928,10.68304000000353,15.534080000179529,13723,0.0
3500,1774584437.3053923,63.562123077028346,10.776992000046448,15.732639999896492,13723,0.0
3501,1774584437.320241,67.39474558165283,11.198048000096605,14.83795200010718,13723,0.0
3502,1774584437.334377,70.79650027523167,10.661664000053861,14.124991999779013,13723,0.0
3503,1774584437.3488512,69.1393096243858,10.632704000272497,14.463552000052005,13723,0.0
3504,1774584437.3629985,70.73688594796872,10.656032000042615,14.13689599985446,13723,0.0
3505,1774584437.377346,69.74356685269868,10.681535999992775,14.338240000142832,13723,0.0
3506,1774584437.3920622,68.00026982518575,10.651808000147867,14.70582399997511,13723,0.0
3507,1774584437.4075766,64.4977534137849,10.671103999811749,15.504416000112542,13723,0.0
3508,1774584437.422732,66.0328917764531,10.644160000083502,15.143967999847519,13723,0.0
3509,1774584437.4377053,66.83362597519476,10.81337599998733,14.962528000069142,13723,0.0
3510,1774584437.4541414,60.88235580662001,10.679040000013629,16.425119999894378,13723,0.0
3511,1774584437.4682457,70.95145331074517,10.675647999960347,14.09414400040987,13723,0.0
3512,1774584437.4823337,71.02692431785034,10.624703999837948,14.079168000080244,13723,0.0
3513,1774584437.4964356,70.9649875773445,10.641343999850505,14.091456000187463,13723,0.0
3514,1774584437.5105193,71.05550970130562,10.622847999911755,14.073503999952663,13723,0.0
3515,1774584437.5246189,70.97046719978837,10.614623999572359,14.090368000324816,13723,0.0
3516,1774584437.5387123,71.00820286793495,10.627648000081535,14.08287999993263,13723,0.0
3517,1774584437.552845,70.81366601978335,10.647936000168556,14.121567999609397,13723,0.0
3518,1774584437.5669403,70.99642632267687,10.6079359998148,14.085216000239598,13723,0.0
3519,1774584437.5811942,70.2004250206999,10.624735999954282,14.244928000152868,13763,0.0
3520,1774584437.5955245,69.83099781056545,10.631680000187771,14.32028800036278,13763,0.0
3521,1774584437.609621,70.99432954124882,10.655168000084814,14.085631999932957,13763,0.0
3522,1774584437.6236913,71.12375533442226,10.63289600006101,14.059999999972206,13763,0.0
3523,1774584437.637766,71.10692433645379,10.675135999917984,14.063327999792818,13763,0.0
3524,1774584437.6525173,67.83745061409047,10.627168000155507,14.741120000053343,13763,0.0
3525,1774584437.6666157,70.97723731615311,10.621888000059698,14.089023999986239,13763,0.0
3526,1774584437.680788,70.60423670604116,10.676288000013301,14.16345600000568,13763,0.0
3527,1774584437.695276,69.07130590088627,10.630912000124226,14.477791999979672,13763,0.0
3528,1774584437.711512,61.63027357881712,10.713855999711086,16.22579200011387,13763,0.0
3529,1774584437.7267206,65.79778498482268,10.725440000442177,15.198079999663605,13763,0.0
3530,1774584437.742033,65.34908960779786,11.088896000273962,15.302432000225963,13763,0.0
3531,1774584437.7565184,69.07985631470342,10.624063999784994,14.475999999831402,13763,0.0
3532,1774584437.7706516,70.80805014096084,10.636384000008547,14.12268799958838,13763,0.0
3533,1774584437.7847059,71.19878244502962,10.625343999890902,14.045183999769506,13763,0.0
3534,1774584437.798832,70.83967112326599,10.657855999852472,14.116383999862592,13763,0.0
3535,1774584437.81299,70.68488564922335,10.706080000090878,14.147295999919152,13763,0.0
3536,1774584437.8270802,71.02627858619837,10.646112000358698,14.079296000090835,13763,0.0
3537,1774584437.8412492,70.62785336493391,10.703456000101141,14.15872000006857,13763,0.0
3538,1774584437.85651,65.56503422053011,10.62976000002891,15.252031999807514,13763,0.0
3539,1774584437.8708482,69.79730861565707,10.61401599963574,14.327200000025186,13763,0.0
3540,1774584437.8849633,70.89302526114025,10.638815999755025,14.105759999893053,13763,0.0
3541,1774584437.8992686,69.95386402599115,10.824447999766562,14.295136000328057,13763,0.0
3542,1774584437.9136958,69.3621347119969,10.98028800015527,14.417087999845535,13763,0.0
3543,1774584437.9338837,49.561873041883324,10.96246399993106,20.17680000017208,13763,0.0
3544,1774584437.9500103,62.052600749640014,10.962847999962833,16.115359999730572,13763,0.0
3545,1774584437.9703004,49.313399673524344,14.505088000078104,20.278464000057284,13763,0.0
3546,1774584437.9923377,45.40415509764254,17.387712000072497,22.02441600002203,13763,0.0
3547,1774584438.0117054,51.668179511301354,14.763679999759916,19.354271999873163,13763,0.0
3548,1774584438.0271566,64.77113508028806,10.869023999930505,15.438976000041293,13763,0.0
3549,1774584438.042508,65.19013615914005,10.904480000135663,15.339743999902566,13763,0.0
3550,1774584438.0567985,70.02816813154938,10.849503999907029,14.279967999755172,13763,0.0
3551,1774584438.071124,69.85519298105854,10.859552000056283,14.315327999611327,13763,0.0
3552,1774584438.0855858,69.19411551201917,11.004511999999522,14.452095999786252,13683,0.0
3553,1774584438.0999372,69.72287110899445,10.86771200016301,14.342496000153915,13683,0.0
3554,1774584438.1162224,61.441969289192315,10.830303999682656,16.275519999908283,13683,0.0
3555,1774584438.1314619,65.66339995645214,10.808576000272296,15.229183999963425,13683,0.0
3556,1774584438.1468651,64.96692403939278,10.863263999908668,15.392448000056902,13683,0.0
3557,1774584438.1617064,67.42804618200802,10.968095999942307,14.830624000296666,13683,0.0
3558,1774584438.1776993,62.570078488071154,11.140703999899415,15.982079999957932,13683,0.0
3559,1774584438.193318,64.07259784008258,10.898112000177207,15.607296000325732,13683,0.0
3560,1774584438.2138693,48.68708460115857,14.8024320001241,20.539328000268142,13683,0.0
3561,1774584438.2297373,63.06595386949938,11.191839999810327,15.856416000133322,13683,0.0
3562,1774584438.2484252,53.54199577181972,11.937760000364506,18.67692799987708,13683,0.0
3563,1774584438.26901,48.60771937280196,14.683359999708046,20.572863999859692,13683,0.0
3564,1774584438.2956688,37.5281160641959,17.796895999708795,26.64668800025538,13683,0.0
3565,1774584438.3125117,59.421491374868076,11.427488000208541,16.828927999995358,13683,0.0
3566,1774584438.3351903,44.12109369455429,16.22044800024014,22.664896000151202,13683,0.0
3567,1774584438.3514786,61.43822460288647,10.96278400018491,16.276511999876675,13683,0.0
3568,1774584438.366203,67.96699305426881,11.102271999789082,14.713023999775032,13683,0.0
3569,1774584438.3854308,52.04464681315391,15.680287999657594,19.21427199977188,13683,0.0
3570,1774584438.4012332,63.32859128736301,11.699967999902583,15.79065600026297,13683,0.0
3571,1774584438.4156458,69.4325637596688,10.880000000270229,14.402464000340842,13683,0.0
3572,1774584438.430015,69.64626383909336,10.930271999768593,14.358272000208672,13683,0.0
3573,1774584438.4443715,69.70498619337097,10.889088000112679,14.346175999889965,13683,0.0
3574,1774584438.4591107,67.90304531519686,10.894175999965228,14.726880000125675,13683,0.0
3575,1774584438.4735,69.55217303301778,10.878463999688393,14.377695999883144,13683,0.0
3576,1774584438.4881656,68.24365934374113,10.911328000020148,14.653376000296703,13683,0.0
3577,1774584438.5036395,64.67247787612354,10.887039999943227,15.462528000171005,13683,0.0
3578,1774584438.517983,69.77050527229174,10.876352000195766,14.332704000025842,13683,0.0
3579,1774584438.5323014,69.88909439248475,10.841471999810892,14.308384000287333,13683,0.0
3580,1774584438.5466664,69.65821777552227,10.867999999845779,14.355807999891113,13683,0.0
3581,1774584438.5611012,69.3253588839509,10.974496000017098,14.424735999909899,13683,0.0
3582,1774584438.575402,69.97971148313674,10.833504000402172,14.289855999777501,13683,0.0
3583,1774584438.5903778,66.8209071394146,10.987455999838858,14.965375999963726,13683,0.0
3584,1774584438.6048725,69.04307404224343,10.878047999995033,14.483711999673687,13683,0.0
3585,1774584438.6192038,69.82725296248996,10.859936000088055,14.321055999971577,13683,0.0
3586,1774584438.6335065,69.96686369449428,10.847072000160551,14.292479999767238,13683,0.0
3587,1774584438.647997,69.0615365908533,10.866688000078284,14.479840000149125,13683,0.0
3588,1774584438.6625478,68.77109897272534,11.066783999922336,14.540992000092956,13683,0.0
3589,1774584438.6807206,55.0639446579226,11.357856000358879,18.160703999910766,13683,0.0
3590,1774584438.6958752,66.04014818479158,10.80460800039873,15.142303999709839,13683,0.0
3591,1774584438.7127092,59.4422886692995,13.143648000095709,16.823040000417677,13683,0.0
3592,1774584438.7281563,64.7802653405491,10.906431999956112,15.43679999986125,13683,0.0
3593,1774584438.7453978,58.0302760192381,12.273440000171831,17.2323840001809,13683,0.0
3594,1774584438.7606633,65.54165722853809,10.820352000337152,15.257472000030248,13683,0.0
3595,1774584438.7786634,55.586980729064805,11.30972800001473,17.98982399986926,13683,0.0
3596,1774584438.8008535,45.08722394020697,17.640512000070885,22.179231999871263,13683,0.0
3597,1774584438.816298,64.79436859215474,10.898144000293541,15.433439999924303,13683,0.0
3598,1774584438.8316426,65.21734593649187,10.880895999889617,15.333343999827775,13683,0.0
3599,1774584438.8469524,65.35838354580464,10.853279999992083,15.30025600004592,13683,0.0
3600,1774584438.8622968,65.20945276138491,10.918655999830662,15.335200000208715,13683,0.0
3601,1774584438.877573,65.50291566537547,10.851871999875584,15.266496000094776,13683,0.0
3602,1774584438.8919938,69.39417222310746,10.858688000098482,14.410431999749562,13683,0.0
3603,1774584438.9095554,56.97730388817376,10.82844800021121,17.550848000155383,13683,0.0
3604,1774584438.9254417,62.99133239183114,10.899647999849549,15.875200000209588,13683,0.0
3605,1774584438.9399276,69.0833687045708,10.957343999962177,14.475263999884191,13683,0.0
3606,1774584438.9549983,66.39809963375289,10.887839999668358,15.060671999890474,13683,0.0
3607,1774584438.969959,66.88812880053015,10.995392000040738,14.950336000310926,13683,0.0
3608,1774584438.984365,69.468990153475,10.839616000339447,14.394912000170734,13683,0.0
3609,1774584438.9987817,69.41189797666136,10.898080000060872,14.406752000013512,13683,0.0
3610,1774584439.0130827,69.96984020090942,10.846143999970081,14.291871999830619,13683,0.0
3611,1774584439.0274208,69.7926321320091,10.840608000307839,14.328159999877244,13683,0.0
3612,1774584439.04178,69.6877320620154,10.901055999966047,14.349727999615425,13683,0.0
3613,1774584439.0568593,66.36764062503276,11.581727999782743,15.067584000007628,13683,0.0
3614,1774584439.0756679,53.200454205103924,11.14233599992076,18.796831999679853,13683,0.0
3615,1774584439.0901234,69.23197919199895,10.940447999928438,14.444192000155454,13683,0.0
3616,1774584439.10503,67.1329813063683,10.899807999976474,14.895807999891986,13643,0.0
3617,1774584439.119803,67.73643266376023,10.965248000047723,14.76310399993963,13643,0.0
3618,1774584439.1349401,66.1087441247454,10.887999999795284,15.12659199988775,13643,0.0
3619,1774584439.1495683,68.4126299580847,10.992415999680816,14.617183999689587,13643,0.0
3620,1774584439.1642663,68.08916739381418,11.016416000074969,14.686624000205484,13643,0.0
3621,1774584439.1790326,67.77330534068469,10.923840000032214,14.755072000298242,13643,0.0
3622,1774584439.1945574,64.46010280679916,11.86502400014433,15.513471999838657,13643,0.0
3623,1774584439.211051,60.68102557824414,11.963840000134951,16.479615999742236,13643,0.0
3624,1774584439.2285693,57.30285982498828,13.836128000093595,17.451136000090628,13643,0.0
3625,1774584439.2458954,57.75422021503802,13.588192000042909,17.314752000402223,13643,0.0
3626,1774584439.2661657,49.36309757001221,16.24416000004203,20.258047999959672,13643,0.0
3627,1774584439.2890437,43.734369336792504,18.162240000037855,22.865311999794358,13643,0.0
3628,1774584439.3087482,50.785509634708006,15.896544000042923,19.69065599996611,13643,0.0
3629,1774584439.323684,67.00587721816822,10.85916800002451,14.924064000297221,13643,0.0
3630,1774584439.3405786,59.23350891731754,13.287679999848478,16.88233599998057,13643,0.0
3631,1774584439.3613572,48.152856427126416,16.326592000041273,20.767200000136654,13643,0.0
3632,1774584439.3798254,54.18235787741825,14.681631999792444,18.45619200003057,13643,0.0
3633,1774584439.3942373,69.44645067584374,10.932319999938045,14.399583999875176,13643,0.0
3634,1774584439.408619,69.58686556386502,10.887840000123106,14.370527999744809,13643,0.0
3635,1774584439.4230673,69.2642035954768,10.94476800017219,14.437471999826812,13643,0.0
3636,1774584439.4374611,69.5216907694096,10.909215999618027,14.383999999608932,13643,0.0
3637,1774584439.4518979,69.32289829632803,10.91004799991424,14.425247999952262,13643,0.0
3638,1774584439.4670746,65.93759033519636,10.91839999980948,15.16585599983955,13643,0.0
3639,1774584439.4814267,69.72878292456662,10.877087999688229,14.341280000280676,13643,0.0
3640,1774584439.4965749,66.05913402175369,11.635968000064167,15.137952000259247,13643,0.0
3641,1774584439.510973,69.51287600965998,10.782047999782662,14.385823999873537,13643,0.0
3642,1774584439.5253253,69.72847175243227,10.866688000078284,14.341344000058598,13643,0.0
3643,1774584439.5396295,69.95887537573446,10.865792000004149,14.294111999788583,13643,0.0
3644,1774584439.55408,69.25514704315489,10.969823999857908,14.439359999869339,13643,0.0
3645,1774584439.5686128,68.85914174058101,10.905984000146418,14.522399999805202,13643,0.0
3646,1774584439.5833147,68.06128782731263,10.884671999974671,14.692640000248502,13643,0.0
3647,1774584439.599236,62.8977654683611,11.627295999915077,15.898816000117222,13643,0.0
3648,1774584439.6147752,64.40284650295075,10.924703999990015,15.52726399995663,13643,0.0
3649,1774584439.6291645,69.54954152921984,10.870943999634619,14.378240000041842,13683,0.0
3650,1774584439.6458433,59.99681296949518,12.255999999979394,16.667551999944408,13683,0.0
3651,1774584439.6623814,60.50901148613407,12.994335999792384,16.52646399998048,13683,0.0
3652,1774584439.6789567,60.3704912900519,11.33168000023943,16.56438400004845,13683,0.0
3653,1774584439.6934636,68.9857657520169,10.906720000093628,14.495744000214472,13683,0.0
3654,1774584439.7077985,69.80884662354481,10.865952000131074,14.324832000056631,13683,0.0
3655,1774584439.7222276,69.36798550943861,10.968640000101004,14.415871999972296,13683,0.0
3656,1774584439.7365553,69.84129822141784,10.859743999844795,14.318175999960658,13683,0.0
3657,1774584439.7510147,69.20422887742646,10.853599999791186,14.449983999838878,13683,0.0
3658,1774584439.7654784,69.19273664288255,10.88662399979512,14.452384000378515,13683,0.0
3659,1774584439.779922,69.2916947532781,10.922592000042641,14.43174399992131,13683,0.0
3660,1774584439.7942958,69.62562579626383,10.903903999860631,14.362527999765007,13683,0.0
3661,1774584439.8105607,61.52689069809854,10.87993600003756,16.25305599964122,13683,0.0
3662,1774584439.8248897,69.84207867986825,10.871135999877879,14.318015999833733,13683,0.0
3663,1774584439.8393946,68.99338105168707,10.872352000205865,14.494143999854714,13683,0.0
3664,1774584439.853754,69.68959695978603,10.928352000064478,14.3493440000384,13683,0.0
3665,1774584439.8709865,58.06175913241694,10.973344000376528,17.22303999986252,13683,0.0
3666,1774584439.8854134,69.36998732337362,10.875968000163994,14.415456000278937,13683,0.0
3667,1774584439.9007473,65.26147401182834,10.852511999928538,15.322975999879418,13683,0.0
3668,1774584439.9160252,65.50346487091662,10.831935999704001,15.266368000084185,13683,0.0
3669,1774584439.931434,64.98313557775654,10.886783999922045,15.388607999739179,13683,0.0
3670,1774584439.9457557,69.87706109306089,10.90790400030528,14.310848000150145,13683,0.0
3671,1774584439.9600737,69.89222060330536,10.863808000067365,14.30774400023438,13683,0.0
3672,1774584439.9743795,69.95041914435895,10.918720000063331,14.295839999704185,13683,0.0
3673,1774584439.9887736,69.52292810530037,10.907743999723607,14.383744000042498,13683,0.0
3674,1774584440.0032,69.37553141787558,10.90470400004051,14.414303999728872,13683,0.0
3675,1774584440.017689,69.07390133900904,10.957343999962177,14.477247999820975,13683,0.0
3676,1774584440.0324218,67.92961405272406,10.935519999748067,14.72111999964909,13683,0.0
3677,1774584440.0478723,64.76938988382356,10.906336000061856,15.439391999734653,13683,0.0
3678,1774584440.0624845,68.48849722018946,11.140959999920597,14.60099199994147,13683,0.0
3679,1774584440.0804198,55.78952442391057,10.907328000030247,17.9245119998086,13683,0.0
3680,1774584440.0976026,58.24171523362517,12.273024000023725,17.169823999665823,13683,0.0
3681,1774584440.118039,48.9676828966086,11.034271999960765,20.421631999852252,13683,0.0
3682,1774584440.134415,61.11429448608291,11.433472000135225,16.362784000193642,13643,0.0
3683,1774584440.1593986,40.04721085623459,18.54230400022061,24.970527999812475,13643,0.0
3684,1774584440.1755466,61.97605443487572,11.740639999970881,16.135264000240568,13643,0.0
3685,1774584440.1926875,58.38578712517369,10.95097600000372,17.127455999798258,13643,0.0
3686,1774584440.2089908,61.38222959826478,11.004160000084084,16.29136000019571,13643,0.0
3687,1774584440.2247188,63.631236115363684,11.426015999859374,15.71555200007424,13643,0.0
3688,1774584440.2455997,47.91504394457149,14.488608000192471,20.87027199968361,13643,0.0
3689,1774584440.2627866,58.22456983736356,12.359295999885944,17.174879999856785,13643,0.0
3690,1774584440.2784169,64.02848806588482,10.97808000031364,15.618048000305862,13643,0.0
3691,1774584440.302366,41.7762317968242,16.91305599979387,23.937056000249868,13643,0.0
3692,1774584440.3223815,49.99104160464869,12.958079999862093,20.00358400027835,13643,0.0
3693,1774584440.341989,51.032405986839215,11.010591999820463,19.59539199970095,13643,0.0
3694,1774584440.3627198,48.26620084051587,12.769024000135687,20.71843199973955,13643,0.0
3695,1774584440.3787901,62.276179411406495,11.00111999994624,16.057503999945766,13643,0.0
3696,1774584440.3962028,57.46999606375616,10.989184000209207,17.40038400021149,13643,0.0
3697,1774584440.4124737,61.504609400961286,11.014591999810364,16.258944000128395,13643,0.0
3698,1774584440.4301634,56.5704034517053,11.237407999942661,17.67708799980028,13643,0.0
3699,1774584440.455282,39.830430703925636,10.95452799972918,25.1064320000296,13643,0.0
3700,1774584440.4723132,58.76136679975428,11.224511999898823,17.017983999721764,13643,0.0
3701,1774584440.4918225,51.28836369538753,12.792671999704908,19.497600000249804,13643,0.0
3702,1774584440.5191019,36.67362585389247,19.266400000105932,27.267552000012074,13643,0.0
3703,1774584440.5395136,49.01945405634062,16.821951999645535,20.40006400011407,13643,0.0
3704,1774584440.5574536,55.77667910174158,10.799904000123206,17.928639999809093,13643,0.0
3705,1774584440.577834,49.22027213707343,11.95148800024981,20.316831999934948,13643,0.0
3706,1774584440.6063223,35.121001684766135,17.43315200019424,28.472991999933583,13643,0.0
3707,1774584440.6276329,46.95421175572319,16.909792000205925,21.297343999776785,13643,0.0
3708,1774584440.645076,57.5666529736306,11.822080000001733,17.371167999954196,13643,0.0
3709,1774584440.6630304,55.73092219035061,10.94143999989683,17.943360000117536,13603,0.0
3710,1774584440.678633,64.13953478731695,11.035487999834004,15.591008000228612,13603,0.0
3711,1774584440.6953368,59.90537825814893,11.36393600017982,16.6929919996619,13603,0.0
3712,1774584440.714688,51.70955940157764,11.098880000190547,19.338783999955922,13603,0.0
3713,1774584440.7412722,37.63301011042219,14.705311999932746,26.572416000362864,13603,0.0
3714,1774584440.764743,42.6258622357443,18.750048000129027,23.459936000108428,13603,0.0
3715,1774584440.7883515,42.37839773007844,15.859552000165422,23.5969280001882,13603,0.0
3716,1774584440.8100698,46.07221469510261,14.152256000215857,21.70505599997341,13603,0.0
3717,1774584440.829413,51.730616744863745,12.088255999969988,19.33091199998671,13603,0.0
3718,1774584440.8467853,57.601350728263824,11.611007999817957,17.360704000111582,13603,0.0
3719,1774584440.8639445,58.32149795813432,11.263519999829441,17.14633599976878,13603,0.0
3720,1774584440.8854873,46.444505875009405,17.220543999883375,21.531072000016138,13603,0.0
3721,1774584440.9124525,37.101808549750025,20.500576000358706,26.952864000122645,13603,0.0
3722,1774584440.9278505,65.0076032890451,11.031007999918074,15.382816000055755,13603,0.0
3723,1774584440.9444108,60.431432078962764,11.0901120001472,16.54768000025797,13603,0.0
3724,1774584440.961916,57.16585414998159,12.113023999972938,17.492959999799496,13603,0.0
3725,1774584440.9838383,45.64069309541188,11.744320000161679,21.910272000241093,13603,0.0
3726,1774584441.0024931,53.63867614649691,11.105631999726029,18.643263999820192,13603,0.0
3727,1774584441.018746,61.57210832614375,11.163520000081917,16.241120000358933,13603,0.0
3728,1774584441.0369735,54.897083339787635,12.482336000175565,18.215904000044247,13603,0.0
3729,1774584441.0609274,41.76858200708279,16.669503999764856,23.941439999816794,13603,0.0
3730,1774584441.0844388,42.55945044439716,13.174208000236831,23.496544000408903,13603,0.0
3731,1774584441.106292,45.789223048130786,11.07056000000739,21.8392000001586,13603,0.0
3732,1774584441.1317296,39.332319713292,14.52995199997531,25.42438399996172,13603,0.0
3733,1774584441.1578794,38.26299472575257,18.854047999866452,26.134911999633914,13603,0.0
3734,1774584441.1846497,37.37340879014043,18.31430399988676,26.756991999718593,13483,0.0
3735,1774584441.2046452,50.04427917765855,12.106944000151998,19.98230400022294,13483,0.0
3736,1774584441.2252955,48.451865978548604,16.00566399974923,20.63903999987815,13483,0.0
3737,1774584441.2596457,29.121698880856027,15.066592000039236,34.338655999818,13483,0.0
3738,1774584441.2846947,39.94212545804824,12.209183999857487,25.036223999904905,13483,0.0
3739,1774584441.3022103,57.13042556183497,13.854015999640978,17.50380800012863,13483,0.0
3740,1774584441.3221207,50.25497363337228,16.259263999927498,19.898528000339866,13483,0.0
3741,1774584441.3410306,52.916772500363805,11.584192000100302,18.89759999994567,13483,0.0
3742,1774584441.357352,61.32056034167128,10.977567999816529,16.307744000187085,13483,0.0
3743,1774584441.3766918,51.7423512387641,11.05219200007923,19.326527999965037,13483,0.0
3744,1774584441.3915873,67.19172972011923,10.971487999995588,14.882783999837557,13483,0.0
3745,1774584441.4066029,66.65074158205945,11.049728000216419,15.003584000169212,13483,0.0
3746,1774584441.4231162,60.59971416292354,11.143744000037259,16.501728000093863,13483,0.0
3747,1774584441.4408307,56.487473339316125,10.9981760001574,17.703039999560133,13483,0.0
3748,1774584441.4595416,53.479962555571625,11.052415999984078,18.698591999964265,13483,0.0
3749,1774584441.4785688,52.589330340668354,11.002751999967586,19.015263999790477,13483,0.0
3750,1774584441.4959154,57.685775887344995,12.504415999956109,17.335296000055678,13483,0.0
3751,1774584441.5112555,65.2396749068005,10.890303999985917,15.328096000303049,13483,0.0
3752,1774584441.525706,69.25883077670974,10.93728000023475,14.438592000260542,13483,0.0
3753,1774584441.5414698,63.484388933398535,11.749536000024818,15.751904000353534,13483,0.0
3754,1774584441.5583432,59.3738481474312,12.762175999796455,16.842431999975815,13483,0.0
3755,1774584441.5727978,69.2362740467529,10.918240000137303,14.443296000081318,13483,0.0
3756,1774584441.5872743,69.13028570119299,10.936543999832793,14.465440000094532,13483,0.0
3757,1774584441.601629,69.72255998962197,10.902016000272852,14.342559999931837,13483,0.0
3758,1774584441.6159785,69.7421660028256,10.89936000016678,14.338527999825601,13483,0.0
3759,1774584441.630327,69.74387816178749,10.920032000285573,14.338175999910163,13483,0.0
3760,1774584441.6447008,69.61880086407022,10.911839999607764,14.363935999881505,13483,0.0
3761,1774584441.6591074,69.46651936176292,10.883551999995689,14.39542399975835,13483,0.0
3762,1774584441.673466,69.70296499665888,10.897952000050282,14.346592000038072,13483,0.0
3763,1774584441.6885674,66.26476644050788,10.902784000336396,15.090976000010414,13643,0.0
3764,1774584441.7035358,66.85550226129769,11.35632000023179,14.957632000005106,13643,0.0
3765,1774584441.7232742,50.695378366209795,15.047968000089895,19.72566399990683,13643,0.0
3766,1774584441.7377167,69.30567907466613,10.972160000164877,14.428831999794056,13643,0.0
3767,1774584441.7520747,69.6983011462623,10.896415999923192,14.347551999890129,13643,0.0
3768,1774584441.7664797,69.47841166843081,10.928607999630913,14.392959999895538,13643,0.0
3769,1774584441.7831995,59.84858786078122,10.97007999987909,16.708831999949325,13643,0.0
3770,1774584441.7982347,66.56357300591102,11.223903999962204,15.023231999748532,13643,0.0
3771,1774584441.815723,57.21850327399187,10.96400000005815,17.476863999945635,13643,0.0
3772,1774584441.8380728,44.7659635424378,16.275744000267878,22.338400000080583,13643,0.0
3773,1774584441.8616154,42.497405958224725,17.774336000002222,23.530848000063997,13643,0.0
3774,1774584441.877547,62.8111665180448,10.890784000366693,15.920736000225588,13643,0.0
3775,1774584441.8930025,64.74697916467542,10.894944000028772,15.44473600006313,13643,0.0
3776,1774584441.9159558,43.58827008247587,16.945536000093853,22.941952000110177,13643,0.0
3777,1774584441.9324908,60.51733119572066,10.9338239999488,16.52419199990618,13643,0.0
3778,1774584441.9507198,54.894768924809426,11.684927999795036,18.216671999653045,13643,0.0
3779,1774584441.973636,43.660495983375675,17.065983999600576,22.903999999925873,13643,0.0
3780,1774584441.9946396,47.63930112760667,17.02166400036731,20.991072000015265,13643,0.0
3781,1774584442.0191607,40.80268344524736,13.77059200012809,24.508192000212148,13643,0.0
3782,1774584442.0407991,46.240054688933505,17.651648000082787,21.62627200004863,13643,0.0
3783,1774584442.0657072,40.16735326025947,16.087871999843628,24.8958400002266,13643,0.0
3784,1774584442.088199,44.48670879481513,18.152447999909782,22.47862400008671,13643,0.0
3785,1774584442.1077435,51.19534998809937,14.817279999988386,19.53302399988388,13643,0.0
3786,1774584442.1260993,54.51383255806603,13.332575999811525,18.343967999953747,13643,0.0
3787,1774584442.1513748,39.582765980427716,13.349215999824082,25.263519999953132,13643,0.0
3788,1774584442.1722167,48.00757060213077,16.12051199981579,20.830047999879753,13643,0.0
3789,1774584442.2008615,34.92388827452002,19.288192000203708,28.633696000269993,13282,0.0
3790,1774584442.221212,49.161192076262765,14.95779200013203,20.34124800002246,13282,0.0
3791,1774584442.2439852,43.93351909602101,16.996095999729732,22.76166399997237,13282,0.0
3792,1774584442.2662973,44.84401457936315,15.879103999850486,22.299520000160555,13282,0.0
3793,1774584442.2837214,57.4337673791398,11.853248000079475,17.411360000096465,13282,0.0
3794,1774584442.3032947,51.12482801590376,14.466367999830254,19.559968000066874,13282,0.0
3795,1774584442.3214574,55.101033254465634,13.96070399960081,18.148480000036216,13282,0.0
3796,1774584442.339805,54.53923508995899,14.128832000096736,18.335423999815248,13282,0.0
3797,1774584442.361055,47.0855193563367,16.473631999815552,21.237952000319638,13282,0.0
3798,1774584442.3782146,58.31681800971202,12.955520000105025,17.14771200022369,13282,0.0
3799,1774584442.3927011,69.08474321381154,10.886720000144123,14.474976000201423,13282,0.0
3800,1774584442.4074013,68.0853103489674,10.954880000099365,14.68745600004695,13282,0.0
3801,1774584442.4273927,50.054940301945194,15.023839999685151,19.978048000211857,13282,0.0
3802,1774584442.4506998,42.92930333592151,18.515392000153952,23.294112000257883,13282,0.0
3803,1774584442.469838,52.28550394873331,15.415744000165432,19.125759999951697,13282,0.0
3804,1774584442.4919548,45.237733336423425,17.419040000277164,22.105439999904775,13282,0.0
3805,1774584442.5126586,48.32710880206353,15.203871999801777,20.69231999985277,13282,0.0
3806,1774584442.5337858,47.35967895458938,17.44313599965608,21.115007999924273,13282,0.0
3807,1774584442.553834,49.90816896892051,15.264831999957096,20.036800000070798,13282,0.0
3808,1774584442.577809,41.730709395114104,18.279328000062378,23.963168000136648,13282,0.0
3809,1774584442.5923822,68.6706030501998,10.967295999762428,14.562271999693621,13282,0.0
3810,1774584442.6119454,51.1446583694332,15.745088000130636,19.55238400023518,13282,0.0
3811,1774584442.6333144,46.823985268014276,17.825919999722828,21.356576000016503,13282,0.0
3812,1774584442.6546884,46.81157032189767,17.82742400018833,21.362240000144084,13282,0.0
3813,1774584442.6719434,57.99344534900259,11.96204799998668,17.243327999949543,13282,0.0
3814,1774584442.6890175,58.60433540818463,13.562880000336008,17.063583999970433,13282,0.0
3815,1774584442.7109487,45.6211039570198,18.33027199973003,21.919680000337394,13041,0.0
3816,1774584442.726558,64.10742969224292,10.993888000029983,15.598815999965154,13041,0.0
3817,1774584442.750055,42.578992547231145,19.34364800035837,23.48575999985769,13041,0.0
3818,1774584442.768966,52.914622045645025,15.110271999674296,18.898368000009214,13041,0.0
3819,1774584442.7914608,44.47923709178558,17.822784000145475,22.482400000171765,13041,0.0
3820,1774584442.8099897,54.00575831057335,11.794816000019637,18.51654399979452,13041,0.0
3821,1774584442.8297255,50.70187621327384,14.027904000158742,19.723135999811348,13041,0.0
3822,1774584442.856048,38.006813253044626,18.26668800003972,26.311072000225977,13041,0.0
3823,1774584442.8884053,30.917451887515004,18.48336000011841,32.344191999982286,13041,0.0
3824,1774584442.9177756,34.06161610080826,22.837631999664154,29.35856000021886,13041,0.0
3825,1774584442.9406173,43.80382614182358,16.773440000179107,22.829055999864067,13041,0.0
3826,1774584442.95633,63.69063268746559,11.711359999935667,15.700895999998465,13041,0.0
3827,1774584442.9747598,54.29494752922368,11.23568000002706,18.41792000004716,13041,0.0
3828,1774584442.9939146,52.23839430068556,11.569951999717887,19.143007999900874,13041,0.0
3829,1774584443.010185,61.50509360538642,11.659295999834285,16.258816000117804,13041,0.0
3830,1774584443.02696,59.65675887148272,12.208287999783352,16.762560000188387,13041,0.0
3831,1774584443.0442202,57.97730629046132,10.928896000223176,17.248128000119323,13041,0.0
3832,1774584443.0601654,62.76171635760645,11.07430399997611,15.933279999899241,13041,0.0
3833,1774584443.0806112,48.93823603116697,13.261120000152005,20.43391999995947,13041,0.0
3834,1774584443.0980637,57.335662230913485,11.545119999937015,17.441152000174043,13041,0.0
3835,1774584443.1203954,44.80331702227298,14.267424000081519,22.31977600013124,13041,0.0
3836,1774584443.1374173,58.7873440720244,11.825823999970453,17.010464000122738,13041,0.0
3837,1774584443.1571407,50.73397861564228,13.978879999740457,19.710655999915616,13041,0.0
3838,1774584443.178184,47.54985126332667,15.805664000254183,21.03056000032666,13041,0.0
3839,1774584443.2009776,43.89476493510909,11.01961599988499,22.78175999981613,13041,0.0
3840,1774584443.2259743,40.02577019222904,16.583424000145897,24.983903999782342,13282,0.0
3841,1774584443.2561696,33.13161041907357,19.075359999987995,30.182655999851704,13282,0.0
3842,1774584443.2794683,42.94369772021959,18.62617599999794,23.286304000066593,13282,0.0
3843,1774584443.314713,28.38297856863843,21.24931199978164,35.232384000210004,13282,0.0
3844,1774584443.3519108,26.891968294438282,31.716127999970922,37.18582399960724,13282,0.0
3845,1774584443.371268,51.691768189160726,10.975967999911518,19.345440000051894,13282,0.0
3846,1774584443.411492,24.868752670740932,21.74156800037963,40.21110400026373,13282,0.0
3847,1774584443.4312894,50.54270737454831,15.06963200017708,19.785248000061983,13282,0.0
3848,1774584443.4504633,52.190236334096014,14.521759999752248,19.160671999998158,13282,0.0
3849,1774584443.4707625,49.29263102832932,10.95651200012071,20.287007999741036,13282,0.0
3850,1774584443.486364,64.14743441024424,10.984959999859711,15.58908800006975,13282,0.0
3851,1774584443.5101504,42.06159702223764,14.821983999809163,23.774655999659444,13282,0.0
3852,1774584443.5345244,41.047290418418186,12.508863999755704,24.36214400040626,13282,0.0
3853,1774584443.5555134,47.67287710787483,12.32320000008258,20.9762879999289,13282,0.0
3854,1774584443.5793362,41.998285126204514,16.884544000276946,23.810495999896375,13282,0.0
3855,1774584443.6039438,40.6579695476277,18.32204799984538,24.595423999926425,13282,0.0
3856,1774584443.622337,54.40488024754617,13.452224000047863,18.380704000264814,13282,0.0
3857,1774584443.6399353,56.86346581571959,11.823456000001897,17.585983999651944,13282,0.0
3858,1774584443.6591341,52.117035682899,13.520640000024287,19.187584000064817,13282,0.0
3859,1774584443.6834779,41.100034195263056,12.550976000056835,24.330879999979516,13282,0.0
3860,1774584443.706012,44.40390072253938,16.241312000147445,22.520544000144582,13282,0.0
3861,1774584443.7349696,34.54890189762596,12.779615999988891,28.944480000063777,13282,0.0
3862,1774584443.765416,32.85869604086874,12.1966080000675,30.433343999902718,13242,0.0
3863,1774584443.7944453,34.46210987518347,14.181023999753961,29.01737599995613,13242,0.0
3864,1774584443.813479,52.57738549897834,13.316000000031636,19.01958400003423,13242,0.0
3865,1774584443.8304353,59.01883314592168,11.721791999661946,16.943743999945582,13242,0.0
3866,1774584443.8558917,39.30150226041651,17.272959999900195,25.444320000133303,13242,0.0
3867,1774584443.8777003,45.87910232551272,13.340576000246074,21.796416000142926,13242,0.0
3868,1774584443.9016354,41.79964527199895,16.415999999935593,23.92364799970892,13242,0.0
3869,1774584443.9254138,42.07462220402569,16.083424000044033,23.767295999732596,13242,0.0
3870,1774584443.946417,47.640753653940784,14.240576000247529,20.99043199996231,13242,0.0
3871,1774584443.9686515,45.00223211109181,16.71987200006697,22.2211199998128,13242,0.0
3872,1774584443.9968572,35.470290651880724,21.11488000036843,28.192608000153996,13242,0.0
3873,1774584444.0176933,48.02298956528303,15.270335999957751,20.823360000122193,13242,0.0
3874,1774584444.04293,39.64357571091507,20.568032000028325,25.224768000043696,13242,0.0
3875,1774584444.0623827,51.43855109482199,14.298655999937182,19.44067200020072,13242,0.0
3876,1774584444.0860217,42.32455962193102,17.700416000025143,23.626943999715877,13242,0.0
3877,1774584444.1065092,48.837816253289155,15.735039999981382,20.475936000366346,13242,0.0
3878,1774584444.128701,45.08683363440081,16.34924800009685,22.179424000114523,13242,0.0
3879,1774584444.1501553,46.637266534245725,17.207584000061615,21.442079999815178,13242,0.0
3880,1774584444.1712086,47.524613948055645,17.283680000218737,21.04172800000015,13242,0.0
3881,1774584444.193718,44.450450194360045,17.966079999951035,22.496959999898536,13242,0.0
3882,1774584444.2129245,52.098094460205886,14.547199999924487,19.194559999959893,13242,0.0
3883,1774584444.2357676,43.798791853533594,18.147872000099596,22.831680000308552,13242,0.0
3884,1774584444.2579267,45.15315226815118,18.216096000287507,22.146847999920283,13081,0.0
3885,1774584444.2745755,60.11095038800226,13.029375999849435,16.635903999940638,13081,0.0
3886,1774584444.2959964,46.70955475773928,15.655904000141163,21.40889599968432,13081,0.0
3887,1774584444.3131151,58.45579432449975,13.217472000178532,17.106944000261137,13081,0.0
3888,1774584444.3356442,44.41052664538223,16.884640000171203,22.517183999752888,13081,0.0
3889,1774584444.3589213,42.98327297356972,14.695104000111314,23.264863999884255,13081,0.0
3890,1774584444.378452,51.233539689150184,12.406112000007852,19.518463999702362,13081,0.0
3891,1774584444.4080424,33.80794275664002,18.227456000204256,29.578848000255675,13081,0.0
3892,1774584444.4347558,37.45259998939767,13.973152000289701,26.700416000039695,13081,0.0
3893,1774584444.4551816,48.990021712125724,14.718559999892022,20.412320000104955,13081,0.0
3894,1774584444.4760664,47.9108566768992,13.939936000042508,20.872095999948215,13081,0.0
3895,1774584444.5005531,40.97447126540676,15.027519999875949,24.40544000000955,13081,0.0
3896,1774584444.527528,37.09234034252775,17.514976000256866,26.959744000123465,13081,0.0
3897,1774584444.5515292,41.684896861685424,16.11023999976169,23.989503999928274,13081,0.0
3898,1774584444.575649,41.48072241512335,18.001184000240755,24.10758399992119,13081,0.0
3899,1774584444.5999799,41.11988189048844,18.31651200018314,24.319136000030994,13081,0.0
3900,1774584444.6235745,42.40421735420941,17.32486399987465,23.582559999795194,13081,0.0
3901,1774584444.6463833,43.86438955533016,14.366848000008758,22.797535999870888,13081,0.0
3902,1774584444.6671333,48.21987646395385,17.0809599999302,20.738336000249546,13081,0.0
3903,1774584444.6853755,54.852179956851884,14.622751999922912,18.230816000141203,13081,0.0
3904,1774584444.7126045,36.74231468382827,17.502048000096693,27.21657599977334,13081,0.0
3905,1774584444.731711,52.37137590055332,13.085312000384874,19.094400000085443,13081,0.0
3906,1774584444.754995,42.972692744107796,16.555743999560946,23.270592000244505,13081,0.0
3907,1774584444.7795246,40.78904947812846,16.638304000025528,24.516383999980462,13242,0.0
3908,1774584444.8057194,38.19317558218653,20.033439999679103,26.182688000062626,13242,0.0
3909,1774584444.829029,42.92393740863505,18.52374400004919,23.297024000385136,13242,0.0
3910,1774584444.8582554,34.22976993187087,16.60489599998982,29.21433600022283,13242,0.0
3911,1774584444.8888223,32.72833907614331,17.924000000220985,30.554559999927733,13242,0.0
3912,1774584444.9116354,43.857740926058014,17.883839999740303,22.80099200015684,13242,0.0
3913,1774584444.9287045,58.62478449474201,10.976095999922109,17.057632000160083,13242,0.0
3914,1774584444.945636,59.099978251370814,12.557407999793213,16.920479999953386,13242,0.0
3915,1774584444.9724817,37.26684371892363,15.729631999874982,26.833504000023822,13242,0.0
3916,1774584444.995717,43.058251959084124,18.526815999848623,23.224351999942883,13242,0.0
3917,1774584445.018911,43.137065437495586,18.463423999946826,23.18191999984265,13242,0.0
3918,1774584445.0381246,52.07899341697754,15.102496000054089,19.201600000087637,13242,0.0
3919,1774584445.0552678,58.371718574604834,10.903359999701934,17.131584000253497,13242,0.0
3920,1774584445.0778213,44.36393474693947,15.21232000004602,22.540832000231603,13242,0.0
3921,1774584445.096544,53.44566329079962,10.977183999784756,18.710591999933968,13242,0.0
3922,1774584445.113255,59.879895301120655,10.961439999846334,16.700096000022313,13242,0.0
3923,1774584445.128991,63.593425355814816,10.953728000004048,15.724895999937871,13242,0.0
3924,1774584445.1469266,55.791616081975306,10.972959999890008,17.92384000009406,13242,0.0
3925,1774584445.1714053,40.87259391188385,18.438944000081392,24.466272000154277,13242,0.0
3926,1774584445.190817,51.546561803356845,13.52115200006665,19.399935999899753,13242,0.0
3927,1774584445.2055633,67.8629364132646,10.89654400038853,14.735583999936352,13242,0.0
3928,1774584445.220006,69.2929239157743,10.93161600010717,14.431488000354875,13242,0.0
3929,1774584445.2344444,69.3176701286335,10.942784000235406,14.42633599981491,13242,0.0
3930,1774584445.2492115,67.76816132590511,11.052095999730227,14.756191999822477,13242,0.0
3931,1774584445.2640784,67.32113582078938,11.259871999754978,14.85417599997163,13242,0.0
3932,1774584445.2856743,46.331920395767405,16.904479999993782,21.583391999683954,13322,0.0
3933,1774584445.3024378,59.69128621844669,12.067967999882967,16.75286399995457,13322,0.0
3934,1774584445.317609,65.9629214501246,11.017247999916435,15.160032000039791,13322,0.0
3935,1774584445.3380144,49.035068311385665,16.338144000201282,20.393568000145024,13322,0.0
3936,1774584445.3551097,58.538248423307195,11.555391999991116,17.082847999972728,13322,0.0
3937,1774584445.3746564,51.18981510982875,14.416160000109812,19.535136000286002,13322,0.0
3938,1774584445.3954384,48.14922098429696,12.7669439998499,20.76876799992533,13322,0.0
3939,1774584445.4102297,67.66046355457013,10.998432000178582,14.779680000174267,13322,0.0
3940,1774584445.4246225,69.53081717056085,10.88252800036571,14.382112000021152,13322,0.0
3941,1774584445.43906,69.31182781320737,10.857792000024347,14.427552000142896,13322,0.0
3942,1774584445.4534912,69.34351111244646,10.92246400003205,14.420959999824845,13322,0.0
3943,1774584445.467952,69.2046886434249,10.876608000216947,14.449888000399369,13322,0.0
3944,1774584445.4823658,69.43024981649893,10.957183999835252,14.402943999812123,13322,0.0
3945,1774584445.5003684,55.5773912943282,14.496448000045348,17.992928000239772,13322,0.0
3946,1774584445.5160139,63.95916437607093,12.08537599995907,15.634976000001188,13322,0.0
3947,1774584445.5305026,69.0691686270665,10.979455999859056,14.478240000244114,13322,0.0
3948,1774584445.5448675,69.66458453096425,10.890111999742658,14.354496000123618,13322,0.0
3949,1774584445.5594099,68.82122997188652,10.91932799999995,14.530400000239752,13322,0.0
3950,1774584445.5750473,63.99452821198905,10.87292800002615,15.626335999968433,13322,0.0
3951,1774584445.5894585,69.4438271658174,10.90499199972328,14.400128000033874,13322,0.0
3952,1774584445.604478,66.6315562787971,10.892415999933291,15.007903999958216,13322,0.0
3953,1774584445.6197863,65.37137215072397,10.872480000216456,15.297215999908076,13322,0.0
3954,1774584445.6341462,69.69519225864603,10.926656000265211,14.348191999943083,13322,0.0
3955,1774584445.6489666,67.52654063004415,10.992831999828923,14.808992000325816,13322,0.0
3956,1774584445.665569,60.276636005501416,10.904895999829023,16.590175999681378,13322,0.0
3957,1774584445.681174,64.1242677005298,10.937311999896338,15.594720000080997,13322,0.0
3958,1774584445.7014074,49.4522275656802,15.016384000318794,20.2215360000082,13322,0.0
3959,1774584445.7206638,51.96182925552991,12.52870400003303,19.244896000145673,13322,0.0
3960,1774584445.7406514,50.06143539380637,16.391551999731746,19.975455999883707,13322,0.0
3961,1774584445.7595453,52.95829259147443,10.963455999899452,18.88278399974297,13322,0.0
3962,1774584445.7784543,52.92098431355579,12.418944000273768,18.896095999934914,13322,0.0
3963,1774584445.7996688,47.16974012058703,12.109631999919657,21.200032000251667,13442,0.0
3964,1774584445.8144977,67.4784230991443,11.038624000320851,14.819552000062686,13442,0.0
3965,1774584445.8312895,59.604417402433036,12.987999999950262,16.777280000042083,13442,0.0
3966,1774584445.8462093,67.07534331825022,10.922239999672456,14.908608000041568,13442,0.0
3967,1774584445.8607516,68.81728954533317,10.933439999917027,14.531232000081218,13442,0.0
3968,1774584445.8751264,69.62826305862399,10.878655999931652,14.361984000061057,13442,0.0
3969,1774584445.8903573,65.70606156841095,10.954944000332034,15.219295999941096,13442,0.0
3970,1774584445.9048672,68.97099686970867,10.940191999907256,14.49884799967549,13442,0.0
3971,1774584445.9192984,69.34874317903943,10.899264000272524,14.419871999962197,13442,0.0
3972,1774584445.933685,69.56099776253815,10.902047999934439,14.37587199961854,13442,0.0
3973,1774584445.9481509,69.18293295741753,10.946207999950275,14.45443200009322,13442,0.0
3974,1774584445.962611,69.21158590794484,10.953504000099201,14.448448000166536,13442,0.0
3975,1774584445.9774184,67.58378767778534,10.905183999966539,14.796447999742668,13442,0.0
3976,1774584445.9926136,65.86213001376896,10.928768000212585,15.183231999799318,13442,0.0
3977,1774584446.009838,58.09694846894118,11.344384000040009,17.212608000136242,13442,0.0
3978,1774584446.0243497,68.96566944095791,10.938880000139761,14.49996800010922,13442,0.0
3979,1774584446.038746,69.51813366607792,10.873887999878207,14.38473600001089,13442,0.0
3980,1774584446.05376,66.65315829320585,10.968544000206748,15.003040000010515,13442,0.0
3981,1774584446.0682373,69.1299798456646,10.88460800019675,14.4655040003272,13442,0.0
3982,1774584446.083319,66.35509851386402,10.873472000184847,15.070431999902212,13442,0.0
3983,1774584446.097895,68.66441667145787,11.068671999964863,14.563583999915863,13442,0.0
3984,1774584446.1123464,69.25852378485477,10.85788800037335,14.438656000038463,13442,0.0
3985,1774584446.1284034,62.32486712409272,11.467584000001807,16.044959999817365,13442,0.0
3986,1774584446.142905,69.01638945992664,10.91692799991506,14.489312000023347,13442,0.0
3987,1774584446.1576242,67.9913928350813,11.04092799960199,14.707743999679224,13442,0.0
3988,1774584446.1731246,64.55917959168124,11.795935999998619,15.489664000142511,13442,0.0
3989,1774584446.1885517,64.86928579370137,11.907999999948515,15.415616000154841,13442,0.0
3990,1774584446.2030137,69.20376911318124,10.899456000061036,14.450080000187882,13442,0.0
3991,1774584446.2174525,69.31044425306098,10.910016000252654,14.427839999825665,13442,0.0
3992,1774584446.2324562,66.69811260311805,10.901344000103563,14.992928000083339,13442,0.0
3993,1774584446.2472975,67.43212012957987,10.89203199990152,14.82972800022253,13442,0.0
3994,1774584446.261777,69.12141702212823,11.008447999756754,14.467296000020724,13442,0.0
3995,1774584446.2772272,64.7746257572838,10.870432000047003,15.438144000199827,13442,0.0
3996,1774584446.292371,66.53792022739059,10.902559999976802,15.029023999886704,13442,0.0
3997,1774584446.3078694,64.57091849844737,10.889055999996344,15.486847999909514,13683,0.0
3998,1774584446.3233087,64.8092844217089,10.855519999950047,15.429888000198844,13683,0.0
3999,1774584446.337778,69.16716098227927,10.951392000151827,14.457727999797498,13683,0.0
4000,1774584446.353969,61.80750867233499,10.942272000193043,16.17926400012948,13683,0.0
4001,1774584446.3698611,63.25168300065088,10.992288000124972,15.809856000032596,13683,0.0
4002,1774584446.3845377,68.19109217044272,10.981248000007326,14.664671999980783,13683,0.0
4003,1774584446.4034698,52.85215602897006,14.152352000110113,18.920704000265687,13683,0.0
4004,1774584446.4260397,44.329510828770665,17.7751360001821,22.55833600020196,13683,0.0
4005,1774584446.445433,51.598650013938084,14.521695999974327,19.380352000098355,13683,0.0
4006,1774584446.4624546,58.792210455397004,12.044800000239775,17.00905600000624,13683,0.0
4007,1774584446.4800153,56.981667402704865,12.578624000070704,17.549503999816807,13683,0.0
4008,1774584446.496174,61.930732705102386,11.96444800007157,16.14707199996701,13683,0.0
4009,1774584446.5174415,47.0463899978427,17.344544000025053,21.25561600041692,13683,0.0
4010,1774584446.5325203,66.37370199785425,11.54102399959811,15.066207999552717,13683,0.0
4011,1774584446.5470166,69.03941322147163,10.91638400021111,14.484479999737232,13683,0.0
4012,1774584446.561431,69.43657496573313,10.911935999956768,14.401632000044629,13683,0.0
4013,1774584446.5758443,69.43333510979542,10.901120000198716,14.402304000213917,13683,0.0
4014,1774584446.5902638,69.40480658868088,10.929600000054052,14.408223999907932,13683,0.0
4015,1774584446.6045833,69.88612475178887,10.874528000385908,14.308992000223952,13683,0.0
4016,1774584446.619953,65.14501802226056,10.840928000106942,15.350367999872105,13683,0.0
4017,1774584446.634354,69.48891735292322,10.892799999965064,14.390783999715495,13683,0.0
4018,1774584446.6486802,69.85004034407994,10.88172800018583,14.316384000267135,13683,0.0
4019,1774584446.66306,69.59414919112534,10.866495999835024,14.369024000188801,13683,0.0
4020,1774584446.6773872,69.83895695293704,10.835296000095695,14.318655999886687,13683,0.0
4021,1774584446.6916554,70.12953204985894,10.835391999989952,14.25932800020746,13683,0.0
4022,1774584446.71009,54.27316508915001,13.895808000143006,18.425312000090344,13683,0.0
4023,1774584446.7244787,69.55403068461877,10.891807999996672,14.377311999851372,13683,0.0
4024,1774584446.7391973,67.9884343526936,11.040031999982602,14.708383999732177,13683,0.0
4025,1774584446.762363,43.19024577629441,11.002911999639764,23.15337600020939,13683,0.0
4026,1774584446.7797418,57.57874469163846,12.105216000236396,17.367519999879732,13683,0.0
4027,1774584446.8037944,41.59606427990275,18.552960000306484,24.04073600018819,13683,0.0
4028,1774584446.8261955,44.66410449501932,17.739072000040323,22.389344000202982,13483,0.0
4029,1774584446.8432071,58.82441523893054,11.075679999976273,16.999743999804195,13483,0.0
4030,1774584446.8592908,62.21988607285741,11.249312000018108,16.07203200001095,13483,0.0
4031,1774584446.8748236,64.42834022327307,11.904320000212465,15.521119999903021,13483,0.0
4032,1774584446.8909104,62.21022477304566,11.297183999886329,16.074527999990096,13483,0.0
4033,1774584446.9066713,63.49832059614437,11.073023999870202,15.748448000067583,13483,0.0
4034,1774584446.931842,39.74967246209112,19.377760000224953,25.157440000384668,13483,0.0
4035,1774584446.9558709,41.63652182513072,17.062368000097194,24.01737599984699,13483,0.0
4036,1774584446.9765182,48.46170904758806,13.942239999778394,20.63484799964499,13483,0.0
4037,1774584447.0003514,41.98175372248816,18.715392000103748,23.81987199987634,13483,0.0
4038,1774584447.0256095,39.61116413789727,15.674751999995351,25.245407999591407,13483,0.0
4039,1774584447.0499842,41.045780822054525,18.968800000038755,24.36304000002565,13483,0.0
4040,1774584447.071553,46.392586687655054,17.141728000297007,21.5551679998498,13483,0.0
4041,1774584447.0942388,44.1040318843668,19.07686399999875,22.67366400019455,13483,0.0
4042,1774584447.1136546,51.536530742199375,14.37871999996787,19.403711999984807,13483,0.0
4043,1774584447.1362107,44.356378305073804,18.037792000086483,22.54467200009458,13483,0.0
4044,1774584447.1559618,50.660778668914574,15.868224000314513,19.73913599977095,13483,0.0
4045,1774584447.177252,46.996156089847965,17.70419199965545,21.27833600025042,13483,0.0
4046,1774584447.1963909,52.28226736019407,15.47471999992922,19.12694400016335,13483,0.0
4047,1774584447.2167969,49.035299139352155,16.77369599974554,20.39347199979602,13483,0.0
4048,1774584447.2381732,46.80645195112569,17.599007999706373,21.364575999996305,13483,0.0
4049,1774584447.2597346,46.4047803602249,17.39731199995731,21.549504000176967,13483,0.0
4050,1774584447.279645,50.256266755836485,15.119423999749415,19.898015999842755,13483,0.0
4051,1774584447.3020484,44.66046612661861,17.925536000348075,22.39116800001284,13483,0.0
4052,1774584447.3219416,50.29938192199927,16.290143999867723,19.88095999968209,13483,0.0
4053,1774584447.3440487,45.2576499910741,17.768575999980385,22.09571200000937,13001,0.0
4054,1774584447.3630981,52.5317796253023,13.901823999731278,19.036096000036196,13001,0.0
4055,1774584447.3864784,42.79579081181902,16.802240000288293,23.36678399979064,13001,0.0
4056,1774584447.4077907,46.94983804247007,17.39318399995682,21.29932799971357,13001,0.0
4057,1774584447.4355505,36.03988028977508,23.801215999810665,27.74704000012207,13001,0.0
4058,1774584447.4565353,47.68233342783705,17.435744000067643,20.97212800026682,13001,0.0
4059,1774584447.4772925,48.20425647412326,16.749055999753182,20.74505600012344,13001,0.0
4060,1774584447.4951615,56.000673799704515,12.748736000048666,17.85692800012839,13001,0.0
4061,1774584447.5151615,50.03386291757263,16.1486080000941,19.986464000339765,13001,0.0
4062,1774584447.5385928,42.70152386372322,17.933696000000054,23.418367999965994,13001,0.0
4063,1774584447.5600736,46.58012452183414,17.81529599975329,21.468383999945218,13001,0.0
4064,1774584447.5779548,55.96186355651143,14.258911999604607,17.869312000129867,13001,0.0
4065,1774584447.6013463,42.773180326014476,16.514815999926213,23.37913600013053,13001,0.0
4066,1774584447.6226676,46.92791121996966,17.73801600029401,21.309279999968567,13001,0.0
4067,1774584447.6433332,48.41853446077996,17.01907200003916,20.653247999689484,13001,0.0
4068,1774584447.660629,57.859655619872214,13.7044800003423,17.28319999983796,13001,0.0
4069,1774584447.6774015,59.66495977150552,11.875615999997535,16.760255999997753,13001,0.0
4070,1774584447.6938314,60.91380453008031,12.782560000232479,16.416639999988547,13001,0.0
4071,1774584447.7103763,60.48792951268141,12.650976000259107,16.532224000002316,13001,0.0
4072,1774584447.7273958,58.79895836405044,12.265312000181439,17.00710400018579,13001,0.0
4073,1774584447.7441666,59.67168163407509,10.868639999898733,16.758367999955226,13001,0.0
4074,1774584447.7604015,61.64170095726715,11.653695999939373,16.222783999637613,13001,0.0
4075,1774584447.7765868,61.82927601250132,10.856672000045364,16.17356800034031,13001,0.0
4076,1774584447.7939773,57.53771712321713,11.466528000255494,17.379904000335955,13001,0.0
4077,1774584447.8100743,62.166662356396095,12.458048000098643,16.08579200001259,13001,0.0
4078,1774584447.8268418,59.68057048742602,12.701408000339143,16.755872000430827,13001,0.0
4079,1774584447.8449512,55.25584783608583,13.38368000006085,18.09763200026282,13121,0.0
4080,1774584447.8615859,60.150752221466504,12.495295999997325,16.624895999939326,13121,0.0
4081,1774584447.8799698,54.428474886819,13.593184000001202,18.372736000401346,13121,0.0
4082,1774584447.8992596,51.873074472012156,13.559135999912542,19.277823999800603,13121,0.0
4083,1774584447.9188228,51.15303022374303,15.401760000258946,19.54918399997041,13121,0.0
4084,1774584447.9423227,42.57632402194325,18.608255999879475,23.48723199975211,13121,0.0
4085,1774584447.9617212,51.58527748002076,14.638880000347854,19.385375999718235,13121,0.0
4086,1774584447.9789803,57.98203948344011,12.737408000248251,17.246720000002824,13121,0.0
4087,1774584447.994734,63.52917259604312,11.147391999656975,15.740800000003219,13121,0.0
4088,1774584448.0168471,45.24703432888116,18.1811839997863,22.100895999756176,13121,0.0
4089,1774584448.0384688,46.27716840055872,16.554591999920376,21.60892799975045,13121,0.0
4090,1774584448.0545342,62.29070323721233,12.45244800020373,16.053759999977046,13121,0.0
4091,1774584448.074909,49.10966148155804,15.390848000151891,20.362591999855795,13121,0.0
4092,1774584448.1005883,38.9605208370131,17.980768000143144,25.667007999800262,13121,0.0
4093,1774584448.121188,48.57122873524394,15.705887999956758,20.588320000115345,13121,0.0
4094,1774584448.1374857,61.405387560795894,10.985504000018409,16.2852160001421,13121,0.0
4095,1774584448.156923,51.48041190911168,12.603520000084245,19.42486400002963,13121,0.0
4096,1774584448.1774864,48.66009560664261,15.84374399999433,20.550720000301226,13121,0.0
4097,1774584448.205554,35.64377214940257,17.32252800002243,28.05539199971463,13121,0.0
4098,1774584448.223665,55.25184231733769,13.700320000225474,18.098944000030315,13121,0.0
4099,1774584448.2393036,63.996231900739055,10.905344000093464,15.625920000275073,13121,0.0
4100,1774584448.2580562,53.361884074883214,10.999136000009457,18.739968000318186,13121,0.0
4101,1774584448.2752466,58.21318132777325,10.991424000167171,17.178239999793732,13121,0.0
4102,1774584448.2907565,64.52598693785052,10.983615999975882,15.497632000005979,13121,0.0
4103,1774584448.316971,38.16472260645797,10.977856000408792,26.202208000086102,13121,0.0
4104,1774584448.3359191,52.80964194299523,12.551072000405838,18.935935999707,13121,0.0
4105,1774584448.3622096,38.055967236674995,14.68611200016312,26.27708799991524,13322,0.0
4106,1774584448.3885853,37.93041922510912,18.69900800011237,26.36406400006308,13322,0.0
4107,1774584448.4105163,45.62296886582469,11.231552000026568,21.91878399980851,13322,0.0
4108,1774584448.4279542,57.38451481061187,11.620704000051774,17.426304000309756,13322,0.0
4109,1774584448.4501004,45.18030919197584,15.405632000238256,22.133536000183085,13322,0.0
4110,1774584448.4698765,50.59720897611411,11.01414400000067,19.763936000344984,13322,0.0
4111,1774584448.4864678,60.31444574541413,10.966880000069068,16.579775999616686,13322,0.0
4112,1774584448.5068572,49.07441723083029,14.549184000316018,20.377216000269982,13322,0.0
4113,1774584448.5470045,24.915645590413693,14.821951999692828,40.13542399979997,13322,0.0
4114,1774584448.563461,60.8123360500114,10.98121600034574,16.444031999981235,13322,0.0
4115,1774584448.57973,61.517443393825026,10.986943999796495,16.255552000075113,13322,0.0
4116,1774584448.5995524,50.48024889608095,11.380480000298121,19.809727999927418,13322,0.0
4117,1774584448.619465,50.252710832336035,14.30902399988554,19.899423999959254,13322,0.0
4118,1774584448.6361816,59.865097594394975,10.942207999960374,16.704224000022805,13322,0.0
4119,1774584448.652306,62.06381550616142,11.415647999911016,16.11244799960332,13322,0.0
4120,1774584448.6689858,59.999232009002775,11.011968000275374,16.666880000229867,13322,0.0
4121,1774584448.6856647,60.00038400254396,11.014367999905517,16.666559999976016,13322,0.0
4122,1774584448.7045448,52.999877888295345,12.87849600021218,18.867967999995017,13322,0.0
4123,1774584448.7279341,42.778157267112874,15.355360000285145,23.376416000246536,13322,0.0
4124,1774584448.7454166,57.24554583875077,11.747904000003473,17.468607999944652,13322,0.0
4125,1774584448.7624037,58.912688567836405,11.381312000139587,16.97427199997037,13322,0.0
4126,1774584448.7814052,52.66208969974581,14.98371199977555,18.988991999776772,13322,0.0
4127,1774584448.8021452,48.24816695528504,12.233919999744103,20.72617600015292,13322,0.0
4128,1774584448.8291407,37.061063587821415,18.075232000228425,26.98249599961855,13322,0.0
4129,1774584448.8534071,41.23376709049673,18.944511999961833,24.251968000044144,13322,0.0
4130,1774584448.8752759,45.75992221531754,15.119808000235935,21.853184000065085,13603,0.0
4131,1774584448.902793,36.36067462127584,22.42374400020708,27.502240000103484,13603,0.0
4132,1774584448.9187522,62.707058708201444,10.940864000076544,15.947167999911471,13603,0.0
4133,1774584448.938872,49.7320833203816,11.138176000258682,20.107744000142702,13603,0.0
4134,1774584448.9575849,53.47547828408387,10.907231999681244,18.70016000020769,13603,0.0
4135,1774584448.9758182,54.88406728749064,13.484127999618067,18.22022399983325,13603,0.0
4136,1774584448.9966755,47.976025803955174,10.81350399999792,20.84374400010347,13603,0.0
4137,1774584449.0123343,63.91102766860362,10.98691199968016,15.646752000066044,13603,0.0
4138,1774584449.0293443,58.83427185795088,10.979455999859056,16.99689599990961,13603,0.0
4139,1774584449.0513244,45.52108901034789,10.987200000272423,21.967839999888383,13603,0.0
4140,1774584449.0701764,53.08153153388053,12.062367999988055,18.838943999980984,13603,0.0
4141,1774584449.0869396,59.69972471267925,11.524224000368122,16.750495999986015,13603,0.0
4142,1774584449.10895,45.461687072082924,17.61110400002508,21.996544000103313,13603,0.0
4143,1774584449.1356308,37.49844006479834,13.212064000072132,26.667776000067533,13603,0.0
4144,1774584449.1557271,49.7918303164653,13.075935999950161,20.083615999737958,13603,0.0
4145,1774584449.1716511,62.84577746870317,11.053375999836135,15.911967999727494,13603,0.0
4146,1774584449.1921592,48.791759891106985,13.994848000038473,20.495264000146562,13603,0.0
4147,1774584449.2189655,37.323326302985265,16.941247999966436,26.792895999733446,13603,0.0
4148,1774584449.235262,61.41359353058951,10.9378239999387,16.283039999962057,13603,0.0
4149,1774584449.253539,54.75194303677291,11.564640000415238,18.264192000060575,13603,0.0
4150,1774584449.2805035,37.103086027011805,11.475136000171915,26.951935999932175,13603,0.0
4151,1774584449.3060641,39.141860120751694,18.07827199991152,25.548096000420628,13603,0.0
4152,1774584449.326617,48.68336804876343,13.175391999993735,20.54089599960207,13603,0.0
4153,1774584449.3487852,45.134957132438636,11.20048000029783,22.155776000090555,13603,0.0
4154,1774584449.3731415,41.09414306560161,19.673184000112087,24.334367999927053,13603,0.0
4155,1774584449.3964784,42.87405728478668,17.47222399990278,23.324128000240307,13442,0.0
4156,1774584449.4311814,28.827110213672537,13.353984000332275,34.689567999976134,13442,0.0
4157,1774584449.4525387,46.85262786953236,17.47075200000836,21.343520000300487,13442,0.0
4158,1774584449.4757187,43.163639226937974,14.29420799968284,23.167647999798646,13442,0.0
4159,1774584449.501084,39.44417166569616,17.185695999614836,25.352288000249246,13442,0.0
4160,1774584449.5245495,42.63906475120474,17.665024000052654,23.452672000075836,13442,0.0
4161,1774584449.544914,49.133829545034466,14.125663999948301,20.352576000277622,13442,0.0
4162,1774584449.5627117,56.228295878683035,14.201695999872754,17.78463999971791,13442,0.0
4163,1774584449.585876,43.1940664482951,17.678912000064884,23.15132800003994,13442,0.0
4164,1774584449.6069386,47.50236371783038,15.813120000075287,21.051583999906143,13442,0.0
4165,1774584449.6287267,45.9211038699237,17.97238400013157,21.776479999971343,13442,0.0
4166,1774584449.6536443,40.15228315577336,18.165984000006574,24.905183999635483,13442,0.0
4167,1774584449.6719186,54.75837102170422,14.721407999786607,18.262047999996867,13442,0.0
4168,1774584449.6902826,54.489593795155784,14.672031999907631,18.352128000060475,13442,0.0
4169,1774584449.7121363,45.78553323718816,17.158111999833636,21.840959999735787,13442,0.0
4170,1774584449.7344172,44.90684524030126,17.423935999886453,22.26831999996648,13442,0.0
4171,1774584449.755995,46.37124596943611,18.02147199987303,21.565087999988464,13442,0.0
4172,1774584449.7740242,55.50631528692125,13.367744000333914,18.015967999872373,13442,0.0
4173,1774584449.7884607,69.3261278517663,10.889760000281967,14.424576000237721,13442,0.0
4174,1774584449.8029702,68.97815213543655,10.924511999746755,14.497344000119483,13442,0.0
4175,1774584449.8216333,53.61879694879874,15.037759999813716,18.650175999937346,13442,0.0
4176,1774584449.8421395,48.79404540929123,13.24060799970539,20.494303999839758,13442,0.0
4177,1774584449.8600917,55.73986872112993,13.597503999790206,17.940480000106618,13442,0.0
4178,1774584449.8778837,56.241957400316664,12.522687999990012,17.780319999928906,13442,0.0
4179,1774584449.895389,57.16376274800124,10.798048000197014,17.49359999985245,13442,0.0
4180,1774584449.9135675,55.04444949492439,11.828000000150496,18.167135999647144,13202,0.0
4181,1774584449.9367318,43.19376793374113,17.302912000104698,23.151488000166864,13202,0.0
4182,1774584449.9615142,40.372538405605546,15.078303999871423,24.76931199998944,13202,0.0
4183,1774584449.9789476,57.40528128545247,12.316959999679966,17.42000000012922,13202,0.0
4184,1774584450.0055313,37.634913638376574,14.511840000068332,26.571072000024287,13202,0.0
4185,1774584450.0377054,31.09384670182993,19.594815999880666,32.16070400003446,13202,0.0
4186,1774584450.0545151,59.53242755095941,12.14198400020905,16.797568000129104,13202,0.0
4187,1774584450.0703187,63.32730795082388,11.007072000211338,15.790976000062074,13202,0.0
4188,1774584450.0870452,59.826130905269316,11.010655999598384,16.715104000013525,13202,0.0
4189,1774584450.1037283,59.98161203759262,11.0502079996877,16.671775999839156,13202,0.0
4190,1774584450.1373634,29.74193517693486,27.798560000064754,33.62255999991248,13202,0.0
4191,1774584450.1620638,40.50944680243809,12.090688000171212,24.685600000339036,13202,0.0
4192,1774584450.1788723,59.542749788973936,10.983968000346067,16.79465600000185,13202,0.0
4193,1774584450.1954625,60.32073257466927,10.951744000067265,16.578047999701084,13202,0.0
4194,1774584450.2204735,40.00071681239526,10.993184000199108,24.999552000281255,13202,0.0
4195,1774584450.2373292,59.36865942602773,11.172703999818623,16.843904000324983,13202,0.0
4196,1774584450.2586455,46.93862530655713,11.039680000067165,21.304416000020865,13202,0.0
4197,1774584450.2756617,58.80758909670781,11.230848000195692,17.004607999751897,13202,0.0
4198,1774584450.3026001,37.1375670557179,13.543776000005892,26.926911999908043,13202,0.0
4199,1774584450.3270667,40.89232951501618,12.189567999939754,24.454463999973086,13202,0.0
4200,1774584450.3442745,58.15479037224796,13.400543999978254,17.195488000197656,13202,0.0
4201,1774584450.3623216,55.44496133920223,10.876511999867944,18.035904000043956,13202,0.0
4202,1774584450.3800492,56.44635428783924,10.834879999947589,17.71593600005872,13202,0.0
4203,1774584450.4009953,47.76870469570672,15.388671999971848,20.93420800019885,13202,0.0
4204,1774584450.4189687,55.67591451032388,12.1243520002281,17.961087999992742,13322,0.0
4205,1774584450.439755,48.133201897504925,15.069088000018382,20.775680000042485,13322,0.0
4206,1774584450.4695394,33.588173523605825,18.342847999974765,29.77238399989801,13322,0.0
4207,1774584450.488012,54.17005409994255,11.973055999987992,18.46038400026373,13322,0.0
4208,1774584450.507208,52.12512030434391,14.160575999994762,19.184608000159642,13322,0.0
4209,1774584450.5245047,57.85740602566257,12.528191999990668,17.28387200000725,13322,0.0
4210,1774584450.5438273,51.78728270071764,14.320992000193655,19.30975999994189,13322,0.0
4211,1774584450.5627515,52.87719630728431,11.005343999840989,18.91174399997908,13322,0.0
4212,1774584450.580999,54.83706810260259,12.556543999835412,18.23584000021583,13322,0.0
4213,1774584450.6128898,31.369643821253586,19.982687999799964,31.877952000286314,13322,0.0
4214,1774584450.6365752,42.24257375555925,17.325855999843043,23.672799999985727,13322,0.0
4215,1774584450.657719,47.32231417461764,11.833184000352048,21.131680000053166,13322,0.0
4216,1774584450.6841638,37.83146415671947,16.168959999959043,26.433023999743455,13322,0.0
4217,1774584450.7022586,55.301610560068966,12.235039999723085,18.082655999933195,13322,0.0
4218,1774584450.725773,42.550700009640984,16.068928000095184,23.50137600024027,13322,0.0
4219,1774584450.7410119,65.67816647665155,11.326624000048469,15.225759999793809,13322,0.0
4220,1774584450.770496,33.93032611133326,18.414847999792983,29.472159999841097,13322,0.0
4221,1774584450.7917016,47.18234580026851,13.788320000003296,21.194368000124086,13322,0.0
4222,1774584450.8226569,32.31774601033353,21.081984000375087,30.94275200010088,13322,0.0
4223,1774584450.849968,36.63287064519066,19.002111999725457,27.29788800024835,13322,0.0
4224,1774584450.8743193,41.0875513265308,20.495263999691815,24.338272000022698,13322,0.0
4225,1774584450.8987653,40.92740852859172,17.04198399966117,24.433504000171524,13322,0.0
4226,1774584450.9347303,27.816721187718937,23.72972800003481,35.94959999963976,13242,0.0
4227,1774584450.973204,26.001364551417137,11.023391999970045,38.45952000028774,13242,0.0
4228,1774584450.9966521,42.67143676440277,11.035615999844595,23.43487999996796,13242,0.0
4229,1774584451.0187771,45.22935261911324,13.153951999811397,22.10953600024368,13242,0.0
4230,1774584451.0376048,53.14815665164602,11.042079999697307,18.81532800007335,13242,0.0
4231,1774584451.0606494,43.4188186190725,11.031552000076772,23.031488000015088,13242,0.0
4232,1774584451.0806243,50.09546191190541,11.017536000053951,19.961888000125327,13242,0.0
4233,1774584451.1036184,43.51155666893336,11.02870399972744,22.98240000027363,13242,0.0
4234,1774584451.1271105,42.59025044425404,19.399935999899753,23.47955200002616,13242,0.0
4235,1774584451.1438937,59.6284147998744,10.988191999786068,16.770528000051854,13242,0.0
4236,1774584451.158329,69.32289829632803,10.949984000035329,14.425247999952262,13242,0.0
4237,1774584451.1727378,69.45185264036681,10.891295999954309,14.398464000350941,13242,0.0
4238,1774584451.1882815,64.37578152181356,10.896736000177043,15.533792000042013,13242,0.0
4239,1774584451.2057858,57.16951447133413,10.934688000361348,17.491839999820513,13242,0.0
4240,1774584451.224726,52.82981867174082,14.066079999793146,18.92870399979074,13242,0.0
4241,1774584451.2415278,59.562496782833065,11.107455999990634,16.789088000223273,13242,0.0
4242,1774584451.2600844,53.926542557968354,12.577023999710946,18.543743999998696,13242,0.0
4243,1774584451.2842107,41.470043368137816,14.77404800016302,24.11379199975272,13242,0.0
4244,1774584451.2989018,68.12568261824327,11.021056000117824,14.678752000236273,13242,0.0
4245,1774584451.3204596,46.414567490433186,16.075552000074822,21.544960000028368,13242,0.0
4246,1774584451.3382409,56.28095452448162,14.27302399997643,17.7680000001601,13242,0.0
4247,1774584451.3537183,64.65454816363672,11.902815999746963,15.466815999843675,13242,0.0
4248,1774584451.373901,49.57854272385068,15.474016000098345,20.170016000065516,13242,0.0
4249,1774584451.3909035,58.8527757792748,13.397151999924972,16.99155200003588,13242,0.0
4250,1774584451.4053822,69.11942952830152,10.881888000312756,14.467711999714084,13242,0.0
4251,1774584451.4199238,68.82259407174314,10.868415999993886,14.530112000102235,13242,0.0
4252,1774584451.435508,64.21373619058797,11.043711999718653,15.57299200021589,13442,0.0
4253,1774584451.449956,69.25606793926093,10.954208000384824,14.439168000080826,13442,0.0
4254,1774584451.4643734,69.41529002175491,10.88934400013386,14.406048000182636,13442,0.0
4255,1774584451.47884,69.16409929601622,10.912000000189437,14.458367999850452,13442,0.0
4256,1774584451.4933255,69.07863469740957,10.94156799990742,14.476255999852583,13442,0.0
4257,1774584451.5103173,58.89414695729277,12.011744000119506,16.979616000298847,13442,0.0
4258,1774584451.5249896,68.20865518561038,10.866111999803252,14.660896000350476,13442,0.0
4259,1774584451.5395718,68.63500890457848,10.936096000023099,14.569824000318476,13442,0.0
4260,1774584451.5542247,68.29824806793359,10.953152000183763,14.641664000009769,13442,0.0
4261,1774584451.568783,68.74235584828745,10.937311999896338,14.547072000368644,13442,0.0
4262,1774584451.5835042,67.98532822064058,10.942112000066118,14.709056000356213,13442,0.0
4263,1774584451.6003006,59.57839468051258,11.611359999733395,16.784608000307344,13442,0.0
4264,1774584451.6156688,65.11854701322865,10.899391999828367,15.356607999819971,13442,0.0
4265,1774584451.6387384,43.36952780620644,17.361952000101155,23.057664000134537,13442,0.0
4266,1774584451.6532614,68.91213647407218,10.89609600012409,14.511232000131713,13442,0.0
4267,1774584451.6680655,67.5954826750732,10.887135999837483,14.7938879999856,13442,0.0
4268,1774584451.683541,64.66324417042638,10.889248000239604,15.464736000012635,13442,0.0
4269,1774584451.6982062,68.24202005015536,10.923456000000442,14.65372800021214,13442,0.0
4270,1774584451.7134845,65.4975613944323,10.858144000394532,15.267744000084349,13442,0.0
4271,1774584451.7284322,66.94300740182256,10.900895999839122,14.938079999865295,13442,0.0
4272,1774584451.742863,69.35182123474358,10.846912000033626,14.419231999909243,13442,0.0
4273,1774584451.7573757,68.96034283730417,10.87219200007894,14.501088000088203,13442,0.0
4274,1774584451.7720122,68.37954696666523,10.915167999883124,14.624255999933666,13442,0.0
4275,1774584451.7865167,69.0003886103777,10.89696000008189,14.492671999960294,13442,0.0
4276,1774584451.8009062,69.54629112529116,10.878240000238293,14.378911999756383,13442,0.0
4277,1774584451.815301,69.52339211788927,10.852479999812203,14.383648000148241,13442,0.0
4278,1774584451.8297992,69.02934796468213,10.987199999817676,14.486592000139353,13442,0.0
4279,1774584451.8447618,66.88555186407517,10.896192000018345,14.950912000131211,13442,0.0
4280,1774584451.8602486,64.62272734689542,10.93174400011776,15.474432000246452,13442,0.0
4281,1774584451.8765686,61.32031968993906,10.948256000119727,16.307807999965007,13442,0.0
4282,1774584451.893344,59.65527839490162,10.959808000279736,16.762975999881746,13442,0.0
4283,1774584451.9083278,66.79819676810928,10.948512000140909,14.970464000271022,13442,0.0
4284,1774584451.923895,64.28705145545737,10.928096000043297,15.55523200022435,13442,0.0
4285,1774584451.9393158,64.89353307525255,10.854879999897094,15.409855999678257,13442,0.0
4286,1774584451.9546063,65.45242812731385,11.23087999985728,15.278272000159632,13804,0.0
4287,1774584451.9694638,67.3578479971432,10.934848000033526,14.846080000097572,13804,0.0
4288,1774584451.98387,69.47501345168314,10.912256000210618,14.393663999726414,13804,0.0
4289,1774584451.9984517,68.63515964991991,10.953792000236717,14.569792000202142,13804,0.0
4290,1774584452.0129528,69.01730401951104,10.942687999886402,14.489119999780087,13804,0.0
4291,1774584452.0274704,68.93874048473207,10.924832000000606,14.505631999782054,13804,0.0
4292,1774584452.0419617,69.06565768095659,10.943679999854794,14.478976000191324,13804,0.0
4293,1774584452.056476,68.95836459549734,10.945376000108809,14.501503999781562,13804,0.0
4294,1774584452.0722253,63.541315071463785,10.913407999851188,15.73779199998171,13804,0.0
4295,1774584452.0866888,69.19748630464719,10.873215999708918,14.451391999955376,13804,0.0
4296,1774584452.1053483,53.6264339713296,15.024159999939002,18.647519999831275,13804,0.0
4297,1774584452.122874,57.098379135675586,13.383168000018486,17.513632000373036,13804,0.0
4298,1774584452.137409,68.85398328497664,10.924224000063987,14.523488000122597,13804,0.0
4299,1774584452.1526139,65.8181565427206,10.95366399977138,15.193376000297576,13804,0.0
4300,1774584452.1675565,66.976867798675,10.937856000055035,14.930527999695187,13804,0.0
4301,1774584452.1819725,69.42515967780372,10.888000000250031,14.404000000013184,13804,0.0
4302,1774584452.1966324,68.26661773261293,10.872511999878043,14.648448000116332,13804,0.0
4303,1774584452.2110238,69.53731539167109,10.852095999780431,14.380768000137323,13804,0.0
4304,1774584452.2254288,69.47841166843081,10.899776000314887,14.392959999895538,13804,0.0
4305,1774584452.2398,69.63648640009427,10.859072000130254,14.360287999807042,13804,0.0
4306,1774584452.2545822,67.69813347989484,10.857215999749315,14.771456000289618,13804,0.0
4307,1774584452.2688482,70.15661200710008,10.805951999827812,14.253824000206805,13804,0.0
4308,1774584452.283949,66.26673367470634,10.853343999770004,15.09052800020072,13804,0.0
4309,1774584452.2983508,69.48289164371616,10.932543999842892,14.392032000159816,13804,0.0
4310,1774584452.3126616,69.92334164074188,10.85203200000251,14.301376000275923,13804,0.0
4311,1774584452.3272557,68.56904628738242,10.830367999915325,14.58383999988655,13804,0.0
4312,1774584452.3416526,69.50035361902157,10.891968000123597,14.38841599974694,13804,0.0
4313,1774584452.3559492,70.00212806485334,10.847711999758758,14.285279999967315,13804,0.0
4314,1774584452.3703082,69.69239449801485,10.922175999894534,14.348767999763368,13804,0.0
4315,1774584452.384806,69.01593219030666,10.887968000133696,14.489407999917603,13804,0.0
4316,1774584452.399217,69.43734640498656,10.885312000027625,14.401471999917703,13804,0.0
4317,1774584452.4137082,69.1281447780199,10.906656000315706,14.465887999904226,13804,0.0
4318,1774584452.428064,69.7070075073049,10.84387200035053,14.345759999741858,13804,0.0
4319,1774584452.4424665,69.48505459908165,10.960960000375053,14.391583999895374,13804,0.0
4320,1774584452.45683,69.67312713015917,10.871647999920242,14.352736000091681,13924,0.0
4321,1774584452.471349,68.91715165996465,10.908543999903486,14.510175999930652,13924,0.0
4322,1774584452.485673,69.85722301371679,10.899295999934111,14.314911999917967,13924,0.0
4323,1774584452.5000074,69.80900256926225,10.84140800003297,14.324799999940296,13924,0.0
4324,1774584452.5143573,69.74076520701377,10.922976000074414,14.338815999963117,13924,0.0
4325,1774584452.5287676,69.45030913868572,10.877791999973851,14.398783999695297,13924,0.0
4326,1774584452.5433404,68.6749794505,10.916832000020804,14.561344000412646,13924,0.0
4327,1774584452.55929,62.74772802995067,10.893151999880502,15.936832000079448,13924,0.0
4328,1774584452.573694,69.4822736837109,10.93475200013927,14.392159999715659,13924,0.0
4329,1774584452.5882423,68.78911349044347,10.85343999966426,14.537183999891568,13924,0.0
4330,1774584452.6026673,69.37368328645458,10.895712000092317,14.414688000215392,13924,0.0
4331,1774584452.6170506,69.57803427019773,10.900031999881321,14.372352000009414,13924,0.0
4332,1774584452.6323855,65.25179886178807,10.862816000098974,15.325247999953717,13924,0.0
4333,1774584452.6468387,69.24026260223965,10.851903999991919,14.442464000239852,13924,0.0
4334,1774584452.6612132,69.61864576697403,10.868479999771807,14.36396799999784,13924,0.0
4335,1774584452.6757033,69.0607734793464,10.889184000006935,14.48000000027605,13924,0.0
4336,1774584452.690103,69.50128104781308,10.90751999981876,14.388223999958427,13924,0.0
4337,1774584452.708524,54.31901339307169,14.735967999968125,18.409759999940434,13924,0.0
4338,1774584452.724641,62.09119159570719,12.496352000198385,16.105343999697652,13924,0.0
4339,1774584452.7400606,64.89878904182676,10.850464000213833,15.408607999688684,13924,0.0
4340,1774584452.7545295,69.16210934474847,10.941536000245833,14.458783999998559,13924,0.0
4341,1774584452.7699296,64.97610958262814,11.409760000333335,15.390272000331606,13924,0.0
4342,1774584452.784231,69.97579397355743,10.841152000011789,14.29065599995738,13924,0.0
4343,1774584452.799648,64.90728124650397,10.879552000005788,15.406592000090313,13924,0.0
4344,1774584452.8140595,69.44243832873288,10.901919999923848,14.40041600017139,13924,0.0
4345,1774584452.8284085,69.73998701118688,10.867424000025494,14.338976000090042,13924,0.0
4346,1774584452.8428261,69.40989374319409,10.87868799959324,14.407167999706871,13924,0.0
4347,1774584452.8576138,67.6723316535987,10.933344000022771,14.777087999846117,13924,0.0
4348,1774584452.871871,70.19127965963762,10.816288000114582,14.24678400007906,13924,0.0
4349,1774584452.8862693,69.49695325341209,10.912960000041494,14.389120000032563,13924,0.0
4350,1774584452.9006522,69.57617533621534,10.840032000032807,14.372736000041186,13924,0.0
4351,1774584452.9150982,69.26681355084604,10.8743359996879,14.436927999668114,13924,0.0
4352,1774584452.9294646,69.65899414755965,10.8788799998365,14.355647999764187,13924,0.0
4353,1774584452.9443545,67.20516823903536,10.869983999782562,14.879807999932382,13924,0.0
4354,1774584452.9589314,68.65551627869367,10.851615999854403,14.56547199995839,13924,0.0
4355,1774584452.973636,68.05580358112579,11.059200000090641,14.693824000005407,13924,0.0
4356,1774584452.9880688,69.32828105808909,10.861248000310297,14.42412799997328,13924,0.0
4357,1774584453.002496,69.36290449806769,10.82553599962921,14.41692799971861,13924,0.0
4358,1774584453.017577,66.35467582710643,10.857087999738724,15.070528000251215,13924,0.0
4359,1774584453.032905,65.28478791324748,10.818495999956212,15.317503999995097,13924,0.0
4360,1774584453.049264,61.16680824723497,11.79238400027316,16.348736000054487,13924,0.0
4361,1774584453.0637288,69.18875356296088,10.896160000356758,14.453215999765234,13924,0.0
4362,1774584453.0812917,56.97584953282024,12.72387200015146,17.551295999965077,13924,0.0
4363,1774584453.1025038,47.168387369018994,17.613343999983044,21.200640000188287,13924,0.0
4364,1774584453.1174436,66.98892807029381,10.929343999578123,14.927839999927528,13924,0.0
4365,1774584453.1355867,55.1575387566583,14.052800000172283,18.129887999748462,13924,0.0
4366,1774584453.1500373,69.26205436750443,10.959136000110448,14.437920000091253,13924,0.0
4367,1774584453.1644635,69.37198925722515,10.903679999955784,14.415039999676083,13924,0.0
4368,1774584453.1788437,69.59228939816425,10.855231999812531,14.369407999765826,13924,0.0
4369,1774584453.1931665,69.87253014636163,10.843712000223604,14.311775999885867,13924,0.0
4370,1774584453.207577,69.4436728473551,10.885984000196913,14.400160000150208,13924,0.0
4371,1774584453.2219343,69.70498619116145,10.904480000135663,14.346176000344713,13924,0.0
4372,1774584453.236311,69.60903113170299,10.88822399970013,14.365951999934623,13924,0.0
4373,1774584453.2517807,64.68412413533399,10.896223999679933,15.459744000054343,13924,0.0
4374,1774584453.2697377,55.72247532608318,13.575936000052025,17.94608000000153,13924,0.0
4375,1774584453.28414,69.48428209940717,10.89590399988083,14.3917440000223,13924,0.0
4376,1774584453.3027427,53.787130332807514,14.788063999731094,18.59180799965543,13924,0.0
4377,1774584453.3184738,63.61776411593506,12.099743999897328,15.718879999894853,13924,0.0
4378,1774584453.3328335,69.69286077548654,10.876127999836172,14.348671999869111,13924,0.0
4379,1774584453.3472884,69.22584460943243,10.908000000199536,14.445472000261361,13924,0.0
4380,1774584453.3616884,69.499580779138,10.891295999954309,14.388575999873865,13924,0.0
4381,1774584453.3762655,68.65099154089437,10.848064000128943,14.566431999810447,13924,0.0
4382,1774584453.3917198,64.75019891261279,10.87052799994126,15.443967999999586,13924,0.0
4383,1774584453.4071076,65.03100678237045,10.84307200017065,15.377280000393512,13924,0.0
4384,1774584453.4225588,64.76294689081861,10.877631999846926,15.440927999861742,13924,0.0
4385,1774584453.4369206,69.67887514941656,10.878176000005624,14.35155199988003,13924,0.0
4386,1774584453.4512916,69.63508984404207,10.872031999952014,14.360576000399305,13924,0.0
4387,1774584453.4675307,61.61848594002783,10.8552960000452,16.228896000029636,13924,0.0
4388,1774584453.4823222,67.65372550091854,11.226048000025912,14.781152000068687,13643,0.0
4389,1774584453.4966598,69.79419088952321,10.863999999855878,14.32784000007814,13643,0.0
4390,1774584453.5110903,69.34828149260933,10.901407999881485,14.4199680003112,13643,0.0
4391,1774584453.5255313,69.29983878245287,10.904448000019329,14.430047999667295,13643,0.0
4392,1774584453.5410917,64.31099769473741,10.901759999796923,15.549440000086179,13643,0.0
4393,1774584453.5566928,64.14875120231684,10.918528000274819,15.588768000270647,13643,0.0
4394,1774584453.572727,62.41411817308558,12.2948160001215,16.02201600007902,13643,0.0
4395,1774584453.587189,69.19181743022442,10.89696000008189,14.452576000167028,13643,0.0
4396,1774584453.602599,64.93857330503141,10.858688000098482,15.399167999930796,13643,0.0
4397,1774584453.6180234,64.8696897680127,10.908543999903486,15.415519999805838,13643,0.0
4398,1774584453.6328475,67.50349398056579,10.866751999856206,14.81404800006203,13643,0.0
4399,1774584453.647784,67.0005617324666,10.866592000184028,14.925248000054125,13643,0.0
4400,1774584453.662113,69.84176649350768,10.854143999949883,14.318080000066402,13643,0.0
4401,1774584453.6764967,69.57090889708196,10.890783999911946,14.373823999903834,13643,0.0
4402,1774584453.691135,68.36309224315222,10.888383999827056,14.627775999997539,13643,0.0
4403,1774584453.7096012,54.18686753116558,14.252511999984563,18.45465599990348,13643,0.0
4404,1774584453.7249055,65.38655484964619,10.759647999748267,15.293664000182616,13643,0.0
4405,1774584453.7393258,69.39740842301119,10.903872000199044,14.409760000035021,13643,0.0
4406,1774584453.754577,65.61762457928596,11.724832000254537,15.239807999932964,13643,0.0
4407,1774584453.771643,58.63600457039021,13.443648000247777,17.054368000117393,13643,0.0
4408,1774584453.7871673,64.45996984323472,10.848319999695377,15.513503999954992,13643,0.0
4409,1774584453.802643,64.66257516509525,10.86739199990916,15.464895999684813,13643,0.0
4410,1774584453.817037,69.52787789812609,10.877759999857517,14.382719999957772,13643,0.0
4411,1774584453.832153,66.2027180185989,10.873184000047331,15.105120000043826,13643,0.0
4412,1774584453.8464973,69.77112837210393,10.860672000035265,14.332576000015251,13643,0.0
4413,1774584453.8608003,69.9725036043632,10.845568000149797,14.291328000126668,13643,0.0
4414,1774584453.8751767,69.60236447616,10.88735999974233,14.367327999934787,13643,0.0
4415,1774584453.8923168,58.379679014695895,10.880672000439517,17.12924799994653,13643,0.0
4416,1774584453.910586,54.76911968150294,14.666655999917566,18.258463999700325,13643,0.0
4417,1774584453.9278488,57.96622933910993,10.87772800019593,17.2514239998236,13643,0.0
4418,1774584453.942256,69.46327671092402,10.951775999728852,14.396095999927638,13643,0.0
4419,1774584453.9566317,69.61104688214942,10.86291199999323,14.365536000241264,13643,0.0
4420,1774584453.972025,65.00449311055128,10.839456000212522,15.383552000002965,13643,0.0
4421,1774584453.987387,65.14270943628583,10.915232000115793,15.350912000030803,13643,0.0
4422,1774584454.001706,69.88128008993992,10.88902399988001,14.309984000192344,13643,0.0
4423,1774584454.016074,69.65045501127548,10.895968000113498,14.35740800025087,13643,0.0
4424,1774584454.030495,69.39679198039809,10.966240000016114,14.409888000045612,13643,0.0
4425,1774584454.0448413,69.75804561500533,10.86124799985555,14.33526399978291,13643,0.0
4426,1774584454.0591757,69.80900256926225,10.863424000035593,14.324799999940296,13643,0.0
4427,1774584454.0735466,69.63555535723717,10.902656000325806,14.360480000050302,13643,0.0
4428,1774584454.0881133,68.70442148673831,10.881151999910799,14.555104000010033,13643,0.0
4429,1774584454.1024487,69.79839988505603,10.926175999884435,14.32697600012034,13643,0.0
4430,1774584454.1169329,69.0845904871381,10.90438399978666,14.475008000317757,13643,0.0
4431,1774584454.1324534,64.474466048231,10.896608000166452,15.510016000007454,13643,0.0
4432,1774584454.148505,62.342398415870136,10.882911999942735,16.04044800023985,13643,0.0
4433,1774584454.1628308,69.85441222726868,10.847871999885683,14.315488000193,13643,0.0
4434,1774584454.1772094,69.5943041790932,10.88841599994339,14.368992000072467,13643,0.0
4435,1774584454.1915863,69.60499997881122,10.871615999803907,14.36678399977609,13643,0.0
4436,1774584454.2071424,64.3272807352428,10.892160000366857,15.545504000328947,13643,0.0
4437,1774584454.2215807,69.31213527997545,10.88233600012245,14.427487999910227,13643,0.0
4438,1774584454.2359383,69.70436427437559,10.880192000058742,14.346303999900556,13643,0.0
4439,1774584454.2504706,68.86414921345742,11.00185599989345,14.521344000058889,13643,0.0
4440,1774584454.2692826,53.18841122344895,14.300096000170015,18.801088000145683,13643,0.0
4441,1774584454.283671,69.55279223699274,10.845664000044053,14.377568000327301,13643,0.0
4442,1774584454.2981272,69.22538456228979,10.947903999749542,14.44556799970087,13643,0.0
4443,1774584454.3125331,69.46605610802055,10.87232000008953,14.395519999652606,13643,0.0
4444,1774584454.326995,69.19748630464719,10.897728000145435,14.451391999955376,13643,0.0
4445,1774584454.341415,69.39833310856032,10.838080000212358,14.409567999791761,13643,0.0
4446,1774584454.3557618,69.74745840279603,10.829536000073858,14.337439999962953,13643,0.0
4447,1774584454.3701556,69.52122677733271,10.906336000061856,14.384095999957935,13643,0.0
4448,1774584454.3844593,69.96185120250128,10.873600000195438,14.293503999851964,13643,0.0
4449,1774584454.3988855,69.35920968337172,10.862432000067201,14.417695999782154,13643,0.0
4450,1774584454.413228,69.77486720470786,10.866815999634127,14.331807999951707,13643,0.0
4451,1774584454.4275863,69.69767934655077,10.860512000363087,14.34767999990072,13643,0.0
4452,1774584454.4421766,68.58815938070975,11.102783999831445,14.57977599966398,13643,0.0
4453,1774584454.4577837,64.12176774985883,10.960800000248128,15.595328000017616,13643,0.0
4454,1774584454.4773235,51.20810153149443,15.959295999891765,19.52815999993618,13643,0.0
4455,1774584454.4925947,65.53560942810894,11.030687999664224,15.258880000146746,13643,0.0
4456,1774584454.5133548,48.19912640055496,15.005632000338665,20.74726399996507,13683,0.0
4457,1774584454.5279982,68.34216131852216,10.847360000298067,14.632255999913468,13683,0.0
4458,1774584454.5468574,53.05854947367375,14.946175999739353,18.847103999632964,13683,0.0
4459,1774584454.5677385,47.91710111490266,17.1791679999842,20.86937600006422,13683,0.0
4460,1774584454.5847614,58.78778643879467,10.961408000184747,17.0103359996574,13683,0.0
4461,1774584454.60254,56.283083196331894,13.936287999968044,17.767327999990812,13683,0.0
4462,1774584454.6171148,68.66426579971719,10.870176000025822,14.56361599957745,13683,0.0
4463,1774584454.631578,69.19595408388447,10.873247999825253,14.451712000209227,13683,0.0
4464,1774584454.6460679,69.0696266045734,10.937343999557925,14.47814399989511,13683,0.0
4465,1774584454.661397,65.28246941252874,10.88368000000628,15.318047999699047,13683,0.0
4466,1774584454.676716,65.3266856908615,10.84108799977912,15.30767999975069,13683,0.0
4467,1774584454.6911824,69.17542888822426,10.914239999692654,14.455999999881897,13683,0.0
4468,1774584454.705631,69.26251490434815,10.95532799990906,14.437824000196997,13683,0.0
4469,1774584454.7200327,69.48165573250206,10.867872000289935,14.39228799972625,13683,0.0
4470,1774584454.7344184,69.56533353516966,10.896543999933783,14.374975999999151,13683,0.0
4471,1774584454.7493417,67.05447398141163,10.995359999924403,14.913248000084423,13683,0.0
4472,1774584454.7637696,69.36305845558189,10.883584000112023,14.416896000057022,13683,0.0
4473,1774584454.7782235,69.23105893639212,10.953920000247308,14.444383999943966,13683,0.0
4474,1774584454.7926874,69.1867621927828,10.890783999911946,14.453631999913341,13683,0.0
4475,1774584454.8071399,69.24716695987168,10.894079999616224,14.441024000007019,13683,0.0
4476,1774584454.8216698,68.87295199327006,10.886047999974835,14.519488000132696,13683,0.0
4477,1774584454.836091,69.39448041867966,10.893183999996836,14.41036799997164,13683,0.0
4478,1774584454.8513403,65.62134489119651,10.87721599969882,15.238943999975163,13683,0.0
4479,1774584454.8657076,69.64936836305279,10.897471999669506,14.357632000155718,13683,0.0
4480,1774584454.8801594,69.23842167287181,10.896159999902011,14.442848000271624,13683,0.0
4481,1774584454.8947127,68.76686163368262,10.919168000327772,14.541888000167091,13683,0.0
4482,1774584454.9172752,44.344167500482314,17.473119999976916,22.55087999992611,13683,0.0
4483,1774584454.9318862,68.50155854828215,10.954752000088774,14.598207999824808,13683,0.0
4484,1774584454.9523187,48.969677975371766,16.851775999839447,20.420800000010786,13683,0.0
4485,1774584454.9679682,63.94489893471635,10.985472000356822,15.638464000403474,13683,0.0
4486,1774584454.982625,68.28451809797517,10.960832000364462,14.644607999798609,13683,0.0
4487,1774584455.001635,52.637430013742105,13.288288000239845,18.99788799983071,13683,0.0
4488,1774584455.0160787,69.28816114608172,10.89321600011317,14.432480000323267,13683,0.0
4489,1774584455.0305707,69.05192262769606,10.9557760001735,14.481855999747495,13683,0.0
4490,1774584455.0449708,69.50329056470474,10.897440000007919,14.38780799981032,13683,0.0
4491,1774584455.0594192,69.25652839649797,10.899264000272524,14.43907200018657,13683,0.0
4492,1774584455.0739286,68.97191022232892,10.965952000333345,14.498656000341725,13683,0.0
4493,1774584455.088395,69.17251958281622,10.900159999891912,14.456608000273263,13683,0.0
4494,1774584455.1076884,51.864723524443974,15.703072000178508,19.28092799971637,13683,0.0
4495,1774584455.1232817,64.17588916997485,12.021504000131245,15.582175999952597,13683,0.0
4496,1774584455.137996,68.01536603180648,10.937407999790594,14.702559999932419,13683,0.0
4497,1774584455.152424,69.35905574075477,10.871039999983623,14.417727999898489,13683,0.0
4498,1774584455.1668591,69.32720443711598,10.856704000161699,14.424352000332874,13683,0.0
4499,1774584455.181398,68.82820260431677,10.931647999768757,14.528927999890584,13683,0.0
4500,1774584455.19582,69.39062815654401,10.845088000223768,14.41116800015152,13683,0.0
4501,1774584455.2112963,64.65829384963205,10.878496000259474,15.46591999976954,13683,0.0
4502,1774584455.2257335,69.32028411281046,10.94697600001382,14.42579200011096,13683,0.0
4503,1774584455.2401628,69.35674669224989,10.8922879999227,14.418207999824517,13683,0.0
4504,1774584455.254619,69.22860503813571,10.89676799983863,14.44489599998633,13683,0.0
4505,1774584455.2700675,64.77932534244631,10.935743999652914,15.437023999766097,13683,0.0
4506,1774584455.2846684,68.5469365543875,10.940287999801512,14.588544000162074,13683,0.0
4507,1774584455.302999,54.590588058948185,13.491935999809357,18.31817599986607,13683,0.0
4508,1774584455.3175197,68.92520787780279,10.948352000013983,14.508480000131385,13683,0.0
4509,1774584455.3351607,56.72371105632779,12.210240000058548,17.629311999826314,13683,0.0
4510,1774584455.3499234,67.79477166656993,10.982047999732458,14.750400000139052,13683,0.0
4511,1774584455.3710635,47.330699979212504,14.300896000349894,21.127936000084446,13683,0.0
4512,1774584455.3855853,68.92034352002008,10.934655999790266,14.509504000216111,13683,0.0
4513,1774584455.405317,50.708704858699456,14.38038400010555,19.720480000160023,13683,0.0
4514,1774584455.4208806,64.29551659624616,11.996191999969597,15.553184000054898,13683,0.0
4515,1774584455.4352782,69.50576397511584,10.89203199990152,14.387295999767957,13683,0.0
4516,1774584455.4500294,67.8375978763761,10.90438399978666,14.741087999937008,13683,0.0
4517,1774584455.4644842,69.22645802094576,10.919808000380726,14.445343999796023,13683,0.0
4518,1774584455.478994,68.96840915674758,10.928063999926962,14.499392000288935,13683,0.0
4519,1774584455.4933648,69.64455646943304,10.88214399987919,14.35862400012411,13683,0.0
4520,1774584455.507773,69.45015479141355,10.893760000271868,14.398815999811632,13683,0.0
4521,1774584455.5221212,69.74948218074506,10.918528000274819,14.337023999814846,13683,0.0
4522,1774584455.536697,68.65672297646057,10.847712000213505,14.565215999937209,13683,0.0
4523,1774584455.5510905,69.52060813306217,10.855680000076973,14.384223999968526,13683,0.0
4524,1774584455.5663288,65.6734735903778,10.97321599991119,15.226848000111204,13683,0.0
4525,1774584455.5810409,68.02424928332846,10.885727999720984,14.700640000228304,13683,0.0
4526,1774584455.5954645,69.38184660080847,10.889119999774266,14.412991999961378,13683,0.0
4527,1774584455.61015,68.14781861684807,10.918175999904633,14.67398399972808,13683,0.0
4528,1774584455.624569,69.40850626087197,10.896576000050118,14.407456000299135,13683,0.0
4529,1774584455.639055,69.08840884571315,10.869216000173765,14.47420799968313,13683,0.0
4530,1774584455.6535747,68.92992088086584,10.923488000116777,14.507487999708246,13683,0.0
4531,1774584455.6687462,65.96765579372246,10.933376000139106,15.158944000177144,13683,0.0
4532,1774584455.689398,48.45126500462407,15.528128000369179,20.639295999899332,13683,0.0
4533,1774584455.7124605,43.3840382829136,16.815263999887975,23.04995200029225,13683,0.0
4534,1774584455.7329705,48.7826199622937,16.904063999845675,20.499104000009538,13683,0.0
4535,1774584455.74939,60.951467028873815,10.919840000042313,16.406495999945037,13683,0.0
4536,1774584455.7698147,48.99140416350772,16.841696000028605,20.41174400028467,13683,0.0
4537,1774584455.7842724,69.22507786468607,10.926367999672948,14.44563199993354,13683,0.0
4538,1774584455.7988317,68.7350982326584,10.920031999830826,14.548607999586238,13683,0.0
4539,1774584455.8132474,69.41929923215899,10.869887999888306,14.405215999886423,13683,0.0
4540,1774584455.8286638,64.91065178640694,10.842591999789875,15.405791999910434,13683,0.0
4541,1774584455.8436267,66.88082799386525,10.938848000023427,14.951968000332272,13683,0.0
4542,1774584455.8585029,67.27881417127864,10.966176000238193,14.863519999835262,13683,0.0
4543,1774584455.8733106,67.58305687417098,10.942367999632552,14.796607999869593,13683,0.0
4544,1774584455.8877552,69.2803270480117,10.909503999755543,14.434111999889865,13683,0.0
4545,1774584455.9021933,69.31597883164113,10.961279999719409,14.426687999730348,13683,0.0
4546,1774584455.9165606,69.65402566687104,10.868736000247736,14.35667200030366,13683,0.0
4547,1774584455.9335623,58.849007570687746,10.926144000222848,16.99263999989853,13683,0.0
4548,1774584455.9482825,67.98621565828066,11.046143999919877,14.708864000112953,13683,0.0
4549,1774584455.9627912,68.97876116300459,10.915199999999459,14.497216000108892,13683,0.0
4550,1774584455.9774635,68.20776193352907,11.037664000014047,14.661088000138989,13683,0.0
4551,1774584455.9926345,65.97336576075837,11.288543999853573,15.157631999954901,13683,0.0
4552,1774584456.008827,61.801152567491386,11.523424000188243,16.18092799981241,13683,0.0
4553,1774584456.0233107,69.09665793178787,10.918431999925815,14.472480000222276,13683,0.0
4554,1774584456.0388253,64.49149744046457,10.902687999987393,15.505920000123297,13603,0.0
4555,1774584456.053756,67.0157921373818,10.95712000005733,14.921856000000844,13603,0.0
4556,1774584456.0688164,66.4513289196255,11.034272000415513,15.048608000142849,13603,0.0
4557,1774584456.084535,63.664162882128984,10.919775999809644,15.707424000083847,13603,0.0
4558,1774584456.0996747,66.10370984603648,10.995999999977357,15.127743999983068,13603,0.0
4559,1774584456.114302,68.41907063845775,10.99398399992424,14.61580800014417,13603,0.0
4560,1774584456.1290903,67.66925433888204,10.99398399992424,14.777760000015405,13603,0.0
4561,1774584456.1436617,68.68177152946083,10.902655999871058,14.559903999725066,13603,0.0
4562,1774584456.1581755,68.95699510829972,10.98543999978574,14.501791999919078,13603,0.0
4563,1774584456.173099,67.05922241192486,11.053952000111167,14.91219200033811,13603,0.0
4564,1774584456.1886878,64.19579615062861,10.95190400019419,15.57734400012123,13603,0.0
4565,1774584456.2034855,67.63776459886088,11.020672000086051,14.784640000016225,13603,0.0
4566,1774584456.218187,68.073741833753,10.98931199976505,14.689952000026096,13603,0.0
4567,1774584456.2326458,69.21618484886153,10.90864000025249,14.447487999859732,13603,0.0
4568,1774584456.2472925,68.33244774388018,10.943871999643306,14.634336000199255,13603,0.0
4569,1774584456.2625613,65.54069500429515,10.979327999848465,15.257695999935095,13603,0.0
4570,1774584456.2774322,67.29373662141201,10.907903999850532,14.860224000130984,13603,0.0
4571,1774584456.2918384,69.46837243852075,10.893791999933455,14.395040000181325,13603,0.0
4572,1774584456.3094656,56.76657584132355,12.813247999929445,17.61599999963437,13603,0.0
4573,1774584456.3239732,68.9843951784246,10.96079999979338,14.496031999897241,13603,0.0
4574,1774584456.3384924,68.92323164910249,10.959552000258554,14.508896000279492,13603,0.0
4575,1774584456.3535135,66.62090254781836,11.038304000067,15.010304000043106,13603,0.0
4576,1774584456.3679867,69.14741787042884,10.903615999723115,14.46185599979799,13603,0.0
4577,1774584456.3824587,69.15338552938083,10.961888000110775,14.460607999808417,13603,0.0
4578,1774584456.3968022,69.76629964019713,10.885696000059397,14.333567999983643,13603,0.0
4579,1774584456.4116566,67.37019111685275,10.92940800026554,14.843359999758832,13603,0.0
4580,1774584456.4271338,64.65816006718366,10.886527999900864,15.465951999885874,13603,0.0
4581,1774584456.4415185,69.56579811398097,10.892543999943882,14.374880000104895,13603,0.0
4582,1774584456.4560003,69.10170001228173,10.919712000031723,14.471424000021216,13603,0.0
4583,1774584456.4703434,69.77097259555407,10.95139199969708,14.332608000131586,13603,0.0
4584,1774584456.4858315,64.61003450722133,10.852672000055463,15.477471999929548,13603,0.0
4585,1774584456.500187,69.70965094070787,10.865311999623373,14.34521599958316,13603,0.0
4586,1774584456.5145495,69.66598226812432,10.906752000209963,14.354207999986102,13603,0.0
4587,1774584456.5289614,69.43904362992897,10.91606399995726,14.401120000002265,13603,0.0
4588,1774584456.5434115,69.25499356212451,10.85657599969636,14.439391999985673,13603,0.0
4589,1774584456.5579515,68.83047659340073,10.920512000211602,14.528447999964555,13723,0.0
4590,1774584456.5809507,43.49792949927712,10.959776000163401,22.989599999618804,13723,0.0
4591,1774584456.5975268,60.372124114282975,11.268704000030993,16.563935999784007,13723,0.0
4592,1774584456.6252835,36.04353828701814,20.21920000015598,27.74422400034382,13723,0.0
4593,1774584456.645286,50.023931449409226,13.32124800001111,19.990431999758584,13723,0.0
4594,1774584456.6602218,67.00975661903985,10.996160000104283,14.92320000033942,13723,0.0
4595,1774584456.6832676,43.4169485874173,12.084704000244528,23.03247999998348,13723,0.0
4596,1774584456.708481,39.683144378058934,10.853568000129599,25.199616000008973,13723,0.0
4597,1774584456.72836,50.33738126381608,15.476064000267797,19.865952000145626,13723,0.0
4598,1774584456.752391,41.63347091273561,17.260063999856357,24.019135999878927,13723,0.0
4599,1774584456.775837,42.674350325576,16.692543999852205,23.43328000006295,13723,0.0
4600,1774584456.7917256,62.983714931009864,11.011040000084904,15.877119999913702,13723,0.0
4601,1774584456.8095832,56.03592036912133,11.61391999994521,17.845696000222233,13723,0.0
4602,1774584456.8333642,42.07162003338481,16.607744000339153,23.76899199998661,13723,0.0
4603,1774584456.855716,44.76570703297543,17.857599999842932,22.338528000091173,13723,0.0
4604,1774584456.8774781,45.981239653975805,17.999455999870406,21.748000000116008,13723,0.0
4605,1774584456.8996255,45.17723934593238,17.840192000221577,22.135039999739092,13723,0.0
4606,1774584456.9221535,44.411915184054685,17.397695999989082,22.516479999922012,13723,0.0
4607,1774584456.9432716,47.37877855256685,17.534944000090036,21.10649599990211,13723,0.0
4608,1774584456.9652865,45.45031444324067,16.97078400002283,22.00204800010397,13723,0.0
4609,1774584456.9843335,52.53646030405179,15.471839999918302,19.03439999978218,13723,0.0
4610,1774584457.0050457,48.30708777024927,17.100575999847933,20.700896000107605,13723,0.0
4611,1774584457.0268672,45.85183913568271,17.346399999951245,21.809375999964686,13723,0.0
4612,1774584457.0448875,55.530973844798346,14.439359999869339,18.00796799989257,13723,0.0
4613,1774584457.0634646,53.86426549773214,14.514720000079251,18.565184000181034,13161,0.0
4614,1774584457.0784023,66.99079492779953,10.939264000171534,14.927424000234168,13161,0.0
4615,1774584457.0956156,58.13304561373584,12.878623999768024,17.201919999934034,13161,0.0
4616,1774584457.1134877,55.9893360468279,12.44857600022442,17.86054400008652,13161,0.0
4617,1774584457.1298234,61.2546921100946,11.240512000313174,16.32527999981903,13161,0.0
4618,1774584457.1450415,65.76261484736028,10.88755199998559,15.206208000108745,13161,0.0
4619,1774584457.1615803,60.51158917901188,10.825887999999395,16.525760000149603,13161,0.0
4620,1774584457.1759377,69.7042087958084,10.843840000234195,14.34633600001689,13161,0.0
4621,1774584457.19085,67.09881884731615,10.90751999981876,14.90339199972368,13161,0.0
4622,1774584457.2055545,68.0581750392638,10.90457600002992,14.693311999963043,13161,0.0
4623,1774584457.2253795,50.46932434077133,16.019264000078692,19.814016000054835,13161,0.0
4624,1774584457.2444193,52.554219137928534,15.513567999732913,19.027967999591056,13161,0.0
4625,1774584457.2638018,51.62208995970823,15.583232000153657,19.371551999938674,13161,0.0
4626,1774584457.289403,39.07979280879849,19.096319999789557,25.588671999685175,13161,0.0
4627,1774584457.3106308,47.13864644924114,17.58713600020201,21.214016000158153,13161,0.0
4628,1774584457.3323815,46.00296774428642,16.97599999988597,21.73772799960716,13161,0.0
4629,1774584457.353136,48.21161892307995,13.688032000118255,20.741887999975006,13161,0.0
4630,1774584457.3774045,41.22979575029338,15.745599999718252,24.254304000351112,13161,0.0
4631,1774584457.3951492,56.40325893468394,12.862143999882392,17.72947200015551,13161,0.0
4632,1774584457.417689,44.39525844490192,18.26809600015622,22.524927999711508,13161,0.0
4633,1774584457.4447923,36.9129221214965,19.12528000002567,27.09078399993814,13161,0.0
4634,1774584457.4628484,55.57699592476595,13.667967999936081,17.993056000250363,13161,0.0
4635,1774584457.4894783,37.57256012839124,22.594848000153434,26.615167999807454,13161,0.0
4636,1774584457.513989,40.8191522160397,16.633056000046054,24.49830399973507,13161,0.0
4637,1774584457.5398386,38.70371654757153,17.13571200025399,25.837312000021484,13161,0.0
4638,1774584457.5563853,60.47973493440139,11.620159999893076,16.53446399996028,13161,0.0
4639,1774584457.5908432,29.031041382990114,16.55776000006881,34.44588799993653,13362,0.0
4640,1774584457.6110282,49.57107143372137,14.989568000146392,20.173055999748613,13362,0.0
4641,1774584457.6390316,35.725513732775546,16.2020479997409,27.9912000000877,13362,0.0
4642,1774584457.658501,51.39549035330763,15.872575999765104,19.45696000029784,13362,0.0
4643,1774584457.6789587,48.911121059120646,10.98937599999772,20.445247999759886,13362,0.0
4644,1774584457.6947803,63.2493786368736,10.974847999932535,15.810432000307628,13362,0.0
4645,1774584457.7149925,49.50534261705386,11.127744000077655,20.19983999980468,13362,0.0
4646,1774584457.731369,61.10855813184963,10.958656000184419,16.364319999865984,13362,0.0
4647,1774584457.754957,42.41451947341317,16.940512000019226,23.57683200034444,13362,0.0
4648,1774584457.7734883,53.99624013295577,13.407936000021436,18.51980800029196,13362,0.0
4649,1774584457.799804,38.01911296883423,11.402463999729662,26.302559999749064,13362,0.0
4650,1774584457.8224955,44.096999287095606,14.726240000072721,22.677280000152678,13362,0.0
4651,1774584457.8620782,25.271333250984654,17.50947200025621,39.570527999785554,13362,0.0
4652,1774584457.8834202,46.88292321462154,12.091904000044451,21.329727999727766,13362,0.0
4653,1774584457.902063,53.67949306040587,13.626720000047499,18.629087999670446,13362,0.0
4654,1774584457.9250638,43.49871661400609,16.53148799960036,22.989183999925444,13362,0.0
4655,1774584457.9406202,64.33032644840353,10.958080000364134,15.54476799992699,13362,0.0
4656,1774584457.9575496,59.11048648427063,10.958431999824825,16.917471999931877,13362,0.0
4657,1774584457.9752944,56.39257170092349,11.589855999773135,17.73283199963771,13362,0.0
4658,1774584458.0048933,33.79898419220499,17.23699200010742,29.586687999653805,13362,0.0
4659,1774584458.0205035,64.11190142709135,10.951136000130646,15.59772799964776,13362,0.0
4660,1774584458.0413766,47.937976694730615,14.727295999819034,20.86028800022177,13362,0.0
4661,1774584458.0693054,35.95533024833468,21.33209599969632,27.81228799995006,13362,0.0
4662,1774584458.0882404,52.84768704651289,14.81446399975539,18.922304000170698,13282,0.0
4663,1774584458.109285,47.54283419134557,15.67055999976219,21.033664000242425,13282,0.0
4664,1774584458.1260293,59.764003901489566,10.993792000135727,16.732479999973293,13282,0.0
4665,1774584458.144974,52.81687165293088,10.976607999964472,18.933343999833596,13282,0.0
4666,1774584458.1618457,59.31175587486289,11.016991999895254,16.860063999956765,13282,0.0
4667,1774584458.1851423,42.945704261913264,18.280064000009588,23.285215999749198,13282,0.0
4668,1774584458.2029986,56.04164835986128,11.669152000195027,17.843871999957628,13282,0.0
4669,1774584458.2263339,42.87629263463153,10.988095999891812,23.32291199991232,13282,0.0
4670,1774584458.2466023,49.37136429296166,15.677503999995679,20.25465599990639,13282,0.0
4671,1774584458.2617476,66.07827050331433,11.392735999834258,15.133568000237574,13282,0.0
4672,1774584458.2945375,30.508133712441825,17.756383999767422,32.77814400007628,13282,0.0
4673,1774584458.3152106,48.400461546832894,12.37401599973964,20.660959999986517,13282,0.0
4674,1774584458.33971,40.83590109472653,16.40099199994438,24.488256000040565,13282,0.0
4675,1774584458.3619933,44.89987686698555,17.655743999966944,22.271775999797683,13282,0.0
4676,1774584458.3771436,66.05508465621844,10.961888000110775,15.13887999999497,13282,0.0
4677,1774584458.3968227,50.8445069218591,16.14428799985035,19.667808000122022,13282,0.0
4678,1774584458.4112763,69.24440505071942,10.90284799965957,14.441600000282051,13282,0.0
4679,1774584458.4267857,64.52958449122366,10.895199999595206,15.496768000048178,13282,0.0
4680,1774584458.442154,65.11963257832913,11.622559999977966,15.356352000253537,13282,0.0
4681,1774584458.4565818,69.36490601875464,10.892927999975655,14.41651200002525,13282,0.0
4682,1774584458.4709368,69.71369422472289,10.828288000084285,14.344383999741694,13282,0.0
4683,1774584458.485278,69.77720417802232,10.865343999739707,14.331328000025678,13282,0.0
4684,1774584458.499688,69.44938306753669,10.906431999956112,14.398975999938557,13282,0.0
4685,1774584458.514101,69.4364206816934,10.92828799983181,14.401663999706216,13282,0.0
4686,1774584458.5285022,69.48984447652147,10.854527999981656,14.390591999926983,13282,0.0
4687,1774584458.5428987,69.50390890080399,10.897952000050282,14.38767999979973,13282,0.0
4688,1774584458.5590005,62.14440968763365,11.083072000019456,16.091552000034426,13282,0.0
4689,1774584458.5733964,69.51968018620128,10.901855999691179,14.384416000211786,13282,0.0
4690,1774584458.5883207,67.05317907273034,10.896095999669342,14.913535999767191,13282,0.0
4691,1774584458.6044466,62.05703687046951,11.010975999852235,16.114208000090002,13523,0.0
4692,1774584458.6262112,45.971431513264456,11.027263999949355,21.752640000158863,13523,0.0
4693,1774584458.64701,48.10845261607166,12.475871999868104,20.786368000244693,13523,0.0
4694,1774584458.675628,34.9589330421094,17.136351999852195,28.604992000055063,13523,0.0
4695,1774584458.696643,47.61230027571717,15.928991999771824,21.00297600009071,13523,0.0
4696,1774584458.7212968,40.581253408414845,18.73740800010637,24.64192000024923,13523,0.0
4697,1774584458.74082,51.25488356486812,12.981920000129321,19.510336000166717,13523,0.0
4698,1774584458.7613475,48.741076482961155,13.23958400007541,20.51657600031831,13523,0.0
4699,1774584458.7778366,60.68962838567257,11.0374400001092,16.477279999890015,13523,0.0
4700,1774584458.795749,55.863225373480915,10.893247999774758,17.900863999784633,13523,0.0
4701,1774584458.8113534,64.13413783197431,10.945663999791577,15.592319999996107,13523,0.0
4702,1774584458.8269153,64.3075568070226,10.92412800016973,15.550271999927645,13523,0.0
4703,1774584458.8439443,58.76611837033777,11.023808000118152,17.016608000176348,13523,0.0
4704,1774584458.860423,60.72795818094306,10.959232000004704,16.466879999825323,13523,0.0
4705,1774584458.8764334,62.50825108863963,11.023296000075788,15.997888000129024,13523,0.0
4706,1774584458.8944128,55.65975060914151,11.00499199992555,17.96630399985588,13523,0.0
4707,1774584458.9135225,52.360494886377005,10.926656000265211,19.09836799995901,13523,0.0
4708,1774584458.9295204,62.55291977020533,10.949440000331379,15.986463999979605,13523,0.0
4709,1774584458.9545825,39.91834941137702,10.963295999772527,25.05113600000186,13523,0.0
4710,1774584458.9729168,54.577526284871034,10.91312000016842,18.322559999887744,13523,0.0
4711,1774584458.9905398,56.78225413692621,10.998207999818987,17.611136000141414,13523,0.0
4712,1774584459.0236032,30.25614611266818,11.008863999904861,33.051135999812686,13523,0.0
4713,1774584459.0404172,59.5172342855892,11.043968000194582,16.80185600025652,13523,0.0
4714,1774584459.0654852,39.912435309432624,12.232159999712167,25.054848000308994,13523,0.0
4715,1774584459.0891354,42.30536486171154,16.27955200001452,23.63766400003442,13523,0.0
4716,1774584459.1094348,49.287810848043414,15.67295999984708,20.288992000132566,13402,0.0
4717,1774584459.1272883,56.043959985476555,14.160352000089915,17.843136000010418,13402,0.0
4718,1774584459.1416612,69.6360208744511,10.800160000144388,14.360384000156046,13402,0.0
4719,1774584459.1569476,65.46696275146107,10.879904000375973,15.27488000010635,13402,0.0
4720,1774584459.1714303,69.10429773514123,10.904288000347151,14.470879999862518,13402,0.0
4721,1774584459.18605,68.45849005756035,10.955199999898468,14.607392000016262,13402,0.0
4722,1774584459.2005098,69.21633815574764,10.905055999955948,14.447456000198144,13402,0.0
4723,1774584459.2151837,68.2047845920282,10.90691199988214,14.661728000191943,13402,0.0
4724,1774584459.2307646,64.2271978026126,10.920224000074086,15.5697280001732,13402,0.0
4725,1774584459.247643,59.28587554210649,10.988672000166844,16.86742400033836,13402,0.0
4726,1774584459.2641664,60.563541329530146,11.00620799979879,16.511583999999857,13402,0.0
4727,1774584459.2845683,49.04222496277878,10.994335999839677,20.39059200023985,13402,0.0
4728,1774584459.3025715,55.58203730773455,13.272799999867857,17.991424000229017,13402,0.0
4729,1774584459.3199022,57.740134290220745,13.770080000085727,17.318975999842223,13402,0.0
4730,1774584459.334388,69.08932531067138,10.980703999848629,14.474016000349366,13402,0.0
4731,1774584459.3492336,67.4121915766979,10.94457599992893,14.834111999789457,13402,0.0
4732,1774584459.363839,68.52108475926964,10.920383999746264,14.59404800016273,13402,0.0
4733,1774584459.3795874,63.544803661710894,10.944864000066445,15.736928000023909,13402,0.0
4734,1774584459.3952003,64.09875104901496,10.926592000032542,15.600927999912528,13402,0.0
4735,1774584459.409943,67.88667162036428,10.983071999817184,14.730431999851135,13402,0.0
4736,1774584459.4257255,63.40903188208249,10.97020799988968,15.770623999742384,13402,0.0
4737,1774584459.4404674,67.89035869948724,10.972192000281211,14.729632000126003,13402,0.0
4738,1774584459.4553318,67.32664734796133,10.88006400004815,14.852960000098392,13402,0.0
4739,1774584459.4700668,67.92149362018695,11.008031999608647,14.722880000135774,13402,0.0
4740,1774584459.4845114,69.28063423318562,10.896895999849221,14.434048000111943,13402,0.0
4741,1774584459.5000217,64.51559625836379,10.973920000196813,15.500127999985125,13402,0.0
4742,1774584459.5144858,69.19135783305396,10.953823999898304,14.452672000061284,13402,0.0
4743,1774584459.528926,69.30199035384685,10.879680000016378,14.4295999998576,13402,0.0
4744,1774584459.5434027,69.1295210696197,10.876960000132385,14.465600000221457,13402,0.0
4745,1774584459.5582278,67.50393142820191,10.949024000183272,14.813952000167774,13402,0.0
4746,1774584459.572643,69.4226920006831,10.923263999757182,14.404512000055547,13402,0.0
4747,1774584459.587198,68.75838852190891,10.94403200022498,14.543680000315362,13402,0.0
4748,1774584459.6021907,66.75353526587338,10.978847999922436,14.980480000303942,13402,0.0
4749,1774584459.6194682,57.923144790879775,11.379584000223986,17.264256000089517,13402,0.0
4750,1774584459.6350923,64.05329233862514,10.913375999734853,15.612000000146509,13643,0.0
4751,1774584459.6498594,67.77110066879366,10.955552000268654,14.755551999769523,13643,0.0
4752,1774584459.6645534,68.10534207497658,10.918943999968178,14.683135999803199,13643,0.0
4753,1774584459.6789565,69.49169880013423,10.870751999846107,14.39020799989521,13643,0.0
4754,1774584459.6933722,69.42824452091465,10.901984000156517,14.40335999996023,13643,0.0
4755,1774584459.7088213,64.77341740453983,10.926559999916208,15.438431999882596,13643,0.0
4756,1774584459.7234352,68.48099296416096,10.967616000016278,14.602591999846481,13643,0.0
4757,1774584459.7381387,68.06380791371684,10.998528000072838,14.692096000089805,13643,0.0
4758,1774584459.7538588,63.65586316413584,11.661600000024919,15.709471999798552,13643,0.0
4759,1774584459.7682886,69.35813210377843,10.913536000316526,14.417919999687001,13643,0.0
4760,1774584459.782827,68.83411528935204,10.929088000011689,14.52767999990101,13643,0.0
4761,1774584459.7973375,68.97084464554214,10.914080000020476,14.498879999791825,13643,0.0
4762,1774584459.8118181,69.11851226016901,10.906943999998475,14.467903999957343,13643,0.0
4763,1774584459.8277984,62.62161116930992,11.072127999796066,15.968927999892912,13643,0.0
4764,1774584459.8422706,69.15384462223302,10.925728000074741,14.46051199991416,13643,0.0
4765,1774584459.85744,65.97085882347248,10.883328000090842,15.158208000229934,13643,0.0
4766,1774584459.8723807,66.97758554902725,11.032064000119135,14.930368000023009,13643,0.0
4767,1774584459.8870022,68.44334643092091,11.065983999742457,14.610623999942618,13643,0.0
4768,1774584459.9055047,54.07968490121488,14.934752000044682,18.49123200008762,13643,0.0
4769,1774584459.9235835,55.34872352587363,13.40710400017997,18.06726399991021,13643,0.0
4770,1774584459.9381545,68.68630032567765,10.974944000281539,14.558943999873009,13643,0.0
4771,1774584459.9525938,69.30614019183278,10.934527999779675,14.4287359998998,13643,0.0
4772,1774584459.9671392,68.80395606300937,10.888671999964572,14.534047999859467,13643,0.0
4773,1774584459.9827535,64.08941755542736,10.891903999890928,15.603199999986828,13643,0.0
4774,1774584459.9971657,69.44043232903586,10.892320000039035,14.400832000319497,13643,0.0
4775,1774584460.0138123,60.10805986526874,11.923871999897528,16.636704000120517,13643,0.0
4776,1774584460.028911,66.28289752765735,11.45065600030648,15.086848000009923,13643,0.0
4777,1774584460.0458534,59.06144280151237,13.086784000279295,16.931519999616285,13643,0.0
4778,1774584460.0679545,45.270172388668705,18.466911999894364,22.089600000072096,13643,0.0
4779,1774584460.087679,50.72969594635722,13.539135999963037,19.712320000053296,13643,0.0
4780,1774584460.102284,68.52634372064131,10.988735999944765,14.592927999729,13643,0.0
4781,1774584460.1168637,68.64103921549219,10.937472000023263,14.568543999757821,13643,0.0
4782,1774584460.1319225,66.45952561827453,11.012032000053296,15.04675199976191,13643,0.0
4783,1774584460.1504061,54.13777153396291,11.472224000044662,18.471391999810294,13683,0.0
4784,1774584460.165836,64.8548807194514,11.18380799971419,15.41903999986971,13683,0.0
4785,1774584460.186503,48.41545886255983,15.793119999671035,20.654559999911726,13683,0.0
4786,1774584460.2097282,43.07908630974285,18.423839999741176,23.213120000036724,13683,0.0
4787,1774584460.2290418,51.814502423533476,11.123039999802131,19.29961599989838,13683,0.0
4788,1774584460.2584932,33.968646667454934,16.855264000241732,29.438911999932316,13683,0.0
4789,1774584460.2809584,44.538319344781925,14.277951999702054,22.452575999977853,13683,0.0
4790,1774584460.303064,45.26407423023141,17.182880000291334,22.09257599997727,13683,0.0
4791,1774584460.3260849,43.46386866053464,17.09459199992125,23.007615999631525,13683,0.0
4792,1774584460.3442059,55.22596698478626,13.195808000091347,18.107423999936145,13683,0.0
4793,1774584460.3625956,54.41918620249201,13.521024000056059,18.3758719999787,13683,0.0
4794,1774584460.3827953,49.53524055886542,13.975136000226485,20.187648000046465,13683,0.0
4795,1774584460.4044492,46.20641625995463,17.02246400009244,21.642015999987052,13683,0.0
4796,1774584460.4263656,45.65156099137595,17.33180800010814,21.905055999923206,13683,0.0
4797,1774584460.4465487,49.57932930716147,13.273535999815067,20.169695999811665,13683,0.0
4798,1774584460.4635766,58.77717151115151,12.707968000086112,17.01340799991158,13683,0.0
4799,1774584460.484078,48.808830259268525,15.508255999975518,20.488096000008227,13683,0.0
4800,1774584460.5051126,47.56780124089479,15.786112000114372,21.02262400012478,13683,0.0
4801,1774584460.5268836,45.957166450884614,17.058112000086112,21.759391999694344,13683,0.0
4802,1774584460.5461752,51.867736441671745,15.754847999687627,19.279808000192133,13683,0.0
4803,1774584460.5634153,58.0456898508784,10.899200000039855,17.227808000370715,13683,0.0
4804,1774584460.5786967,65.49069822519532,10.864447999665572,15.26934399998936,13683,0.0
4805,1774584460.5958498,58.345671498465435,11.440639999818814,17.139231999863114,13683,0.0
4806,1774584460.612642,59.59361919298187,10.806528000102844,16.78031999972518,13683,0.0
4807,1774584460.6271193,69.13181501508554,10.888767999858828,14.465119999840681,13683,0.0
4808,1774584460.6415699,69.25913777564894,10.884224000164977,14.438527999573125,13683,0.0
4809,1774584460.660712,52.2756204909514,15.339296000092872,19.129375999909826,13322,0.0
4810,1774584460.6799266,52.074654224315886,15.063296000334958,19.20319999999265,13322,0.0
4811,1774584460.7019956,45.33729496689008,17.77916799983359,22.056895999867265,13322,0.0
4812,1774584460.7223175,49.23469588682841,16.62687999987611,20.310880000124598,13322,0.0
4813,1774584460.7426717,49.15732546414176,16.870656000264717,20.34284799992747,13322,0.0
4814,1774584460.7621164,51.460828841471354,13.66864000010537,19.432255999618064,13322,0.0
4815,1774584460.784996,43.73173762589051,16.992127999856166,22.86668800024927,13322,0.0
4816,1774584460.8008764,63.026650692574016,12.143488000219804,15.866304000155651,13322,0.0
4817,1774584460.8240747,43.13129026782202,18.402079999759735,23.185023999758414,13322,0.0
4818,1774584460.8440173,50.17492987606394,16.341984000064258,19.930271999783145,13322,0.0
4819,1774584460.860988,58.976173624494436,12.45932800020455,16.956000000391214,13322,0.0
4820,1774584460.8766477,63.91834814568115,11.317120000057912,15.644959999917774,13322,0.0
4821,1774584460.8945312,55.95184381486852,13.625888000206032,17.87251199993989,13322,0.0
4822,1774584460.909329,67.63278751023907,10.885247999794956,14.785727999878873,13322,0.0
4823,1774584460.9278116,54.1376777437058,14.96601600001668,18.471424000381376,13322,0.0
4824,1774584460.9465694,53.344576947235936,14.404544000171882,18.746048000139126,13322,0.0
4825,1774584460.9615476,66.81390670109697,10.876320000079431,14.966943999752402,13322,0.0
4826,1774584460.9769917,64.79893667510984,10.89088000026095,15.432352000061655,13322,0.0
4827,1774584460.995659,53.608219126015044,14.164928000354848,18.653856000128144,13322,0.0
4828,1774584461.0133371,56.60411534502619,13.377375999880314,17.666560000179743,13322,0.0
4829,1774584461.0299768,60.139986644674174,11.82143999994878,16.6278719998445,13322,0.0
4830,1774584461.0509996,47.595476525344125,13.100192000365496,21.01040000025023,13322,0.0
4831,1774584461.070718,50.74262851692502,16.128607999689848,19.70729599997867,13322,0.0
4832,1774584461.0924485,46.04519649166223,18.106911999893782,21.717791999890323,13322,0.0
4833,1774584461.1116912,51.99866217800139,16.627552000045398,19.231264000154624,13322,0.0
4834,1774584461.1344678,43.92882546323609,19.20371200003501,22.764095999718847,13322,0.0
4835,1774584461.1555552,47.447045301670144,17.54287999983717,21.076128000004246,13322,0.0
4836,1774584461.1731257,56.95476971157603,11.413440000069386,17.557791999934125,13081,0.0
4837,1774584461.1925507,51.51130034188279,11.873087999902054,19.41321600043011,13081,0.0
4838,1774584461.2141776,46.267302120992404,13.490496000031271,21.61353599967697,13081,0.0
4839,1774584461.235536,46.84637686430614,16.17417600027693,21.346367999740323,13081,0.0
4840,1774584461.257349,45.869674347205745,18.183487999976933,21.800896000058856,13081,0.0
4841,1774584461.2837353,37.91776274247474,13.096864000090136,26.372864000222762,13081,0.0
4842,1774584461.30055,59.51496730061093,11.168544000156544,16.802495999854727,13081,0.0
4843,1774584461.3266053,38.39830531387533,17.29708799985019,26.042815999971936,13081,0.0
4844,1774584461.3498664,43.010367906759306,14.600575999793364,23.25020800026323,13081,0.0
4845,1774584461.3744,40.78095862017013,17.809183999816014,24.521247999928164,13081,0.0
4846,1774584461.3958323,46.68834001653844,13.578751999830274,21.41862400003447,13081,0.0
4847,1774584461.4200556,41.30308933915233,16.23775999996724,24.21126399985951,13081,0.0
4848,1774584461.437292,58.05679719621142,12.158336000084091,17.22451200021169,13081,0.0
4849,1774584461.452643,65.19380815117884,11.422655999922426,15.338880000399513,13081,0.0
4850,1774584461.470123,57.24680425468481,11.840160000247124,17.46822399991288,13081,0.0
4851,1774584461.4864602,61.25337138485113,11.063423999985389,16.325632000189216,13081,0.0
4852,1774584461.5080266,46.39541064101382,12.432448000254226,21.553855999627558,13081,0.0
4853,1774584461.52843,49.04207103484696,10.984608000399021,20.39065600001777,13081,0.0
4854,1774584461.5431757,67.8701584136991,11.019008000403119,14.734016000147676,13081,0.0
4855,1774584461.5658762,44.07566628295892,12.20876799970938,22.688256000037654,13081,0.0
4856,1774584461.587563,46.14132978571661,17.687199999727454,21.67254400001184,13081,0.0
4857,1774584461.6109865,42.71413106416929,16.712031999759347,23.411456000303588,13081,0.0
4858,1774584461.6286397,56.68029412000766,10.79567999977371,17.64281600026152,13081,0.0
4859,1774584461.648904,49.375576706758395,15.102655999726267,20.25292799999079,13081,0.0
4860,1774584461.6694121,48.79137899312763,16.507679999904212,20.49542399981874,13081,0.0
4861,1774584461.6852088,63.35247084773555,12.080959999821062,15.784703999997873,13563,0.0
4862,1774584461.7094026,41.34998094655431,15.479583999876922,24.183807999634155,13563,0.0
4863,1774584461.7347038,39.541645894173875,14.556800000264047,25.289791999966837,13563,0.0
4864,1774584461.7548306,49.71451934399879,12.707488000160083,20.11484800004837,13563,0.0
4865,1774584461.7837944,34.538821082450376,21.173631999772624,28.952927999853273,13563,0.0
4866,1774584461.8004587,60.04926922526825,10.945215999981883,16.65299199976289,13563,0.0
4867,1774584461.8150005,68.8207752846687,10.928927999884763,14.530496000134008,13563,0.0
4868,1774584461.8425355,36.333026779754306,14.044991999980994,27.52316799978871,13563,0.0
4869,1774584461.866361,41.99557601799857,12.300383999900077,23.812032000023464,13563,0.0
4870,1774584461.8948781,35.081889550070116,12.540639999770065,28.50473599983161,13563,0.0
4871,1774584461.9130683,55.01160084645828,12.18105599991759,18.177983999976277,13563,0.0
4872,1774584461.938353,39.56858216569209,17.24073600007614,25.272576000133995,13563,0.0
4873,1774584461.957094,53.395254742263845,11.183936000179528,18.72825600003125,13563,0.0
4874,1774584461.978407,46.94913268057433,16.80332800015094,21.29964799996742,13563,0.0
4875,1774584462.0104806,31.190083849027648,16.84105599997565,32.06147199989573,13563,0.0
4876,1774584462.030355,50.347194252289874,12.33702399986214,19.86207999971157,13563,0.0
4877,1774584462.0559251,39.127059648292274,16.4337279998108,25.557760000083363,13563,0.0
4878,1774584462.0832956,36.5537263745652,18.823391999831074,27.35699200002273,13563,0.0
4879,1774584462.1074297,41.45766475938028,18.965119999847957,24.12099200000739,13563,0.0
4880,1774584462.1304693,43.42714523172282,15.929727999719034,23.02707199987708,13563,0.0
4881,1774584462.1635287,30.25954458662803,21.491040000000794,33.0474239999603,13563,0.0
4882,1774584462.1796732,61.98761041323729,10.844096000255377,16.13225599976431,13563,0.0
4883,1774584462.2106683,32.275722460102116,18.091808000008314,30.98303999968266,13322,0.0
4884,1774584462.2422295,31.69628367396844,15.675264000037714,31.549440000162576,13322,0.0
4885,1774584462.2687137,37.77617405344706,19.716864000201895,26.47171199987497,13322,0.0
4886,1774584462.2873921,53.57412258419952,14.790176000133215,18.665728000087256,13322,0.0
4887,1774584462.3121946,40.33970550067959,18.086207999658654,24.78947200006587,13322,0.0
4888,1774584462.3310304,53.12529750181444,14.73452800019004,18.82342399994741,13322,0.0
4889,1774584462.3460748,66.51724233328567,11.379679999663495,15.033696000045893,13322,0.0
4890,1774584462.361487,64.93479507615551,11.621503999776905,15.400064000004932,13322,0.0
4891,1774584462.3800805,53.92514671975809,11.184511999999813,18.544223999924725,13322,0.0
4892,1774584462.403995,41.84190054598355,17.91859199965984,23.899488000097335,13322,0.0
4893,1774584462.4266872,44.09177296914672,18.050687999675574,22.679967999920336,13322,0.0
4894,1774584462.446514,50.46891679930706,15.445407999777672,19.81417600018176,13322,0.0
4895,1774584462.4816473,28.47294796622986,21.736959999998362,35.12105599975257,13322,0.0
4896,1774584462.504007,44.74622091319343,17.649408000124822,22.348255999986577,13322,0.0
4897,1774584462.5258262,45.85580879391379,16.79199999989578,21.80748799992216,13322,0.0
4898,1774584462.5501318,41.163213128423905,15.546495999842591,24.29353599973183,13322,0.0
4899,1774584462.5668736,59.77189133518751,12.073599999894213,16.730272000131663,13322,0.0
4900,1774584462.5899677,43.3253938104403,16.172959999948944,23.08115200003158,13322,0.0
4901,1774584462.6169193,37.11965714461459,15.106719999948837,26.939904000300885,13322,0.0
4902,1774584462.6342247,57.82924734958057,13.61142399991877,17.29228800013516,13322,0.0
4903,1774584462.649219,66.74654893602117,11.316799999804061,14.982048000092618,13322,0.0
4904,1774584462.679398,33.14865554326916,26.47737600000255,30.167136000272876,13322,0.0
4905,1774584462.717411,26.315501388085206,20.933792000050744,38.00041600015902,13041,0.0
4906,1774584462.733181,63.45551311635891,12.097728000298957,15.759072000037122,13041,0.0
4907,1774584462.7487156,64.4236914245821,11.045440000089002,15.522240000336751,13041,0.0
4908,1774584462.7718225,43.299220475808156,15.2415679999649,23.09510399982173,13041,0.0
4909,1774584462.7954292,42.38391554152049,14.829856000233121,23.59385599993402,13041,0.0
4910,1774584462.8235185,35.61566086117731,15.172096000242163,28.07753600018259,13041,0.0
4911,1774584462.8421266,53.77315472059164,13.819743999647471,18.596639999941544,13041,0.0
4912,1774584462.8692892,36.831739648989206,11.04572799977177,27.150495999649138,13041,0.0
4913,1774584462.8839219,68.39765631348136,10.984672000176943,14.620383999954356,13041,0.0
4914,1774584462.9078422,41.83013884934003,18.99654399994688,23.90620799997123,13041,0.0
4915,1774584462.9301333,44.88878355028317,11.181823999777407,22.27727999979834,13041,0.0
4916,1774584462.9463193,61.83172273952078,11.275551999915479,16.172928000287357,13041,0.0
4917,1774584462.9648702,53.94059802382007,10.96393599982548,18.53891200016733,13041,0.0
4918,1774584462.980512,63.97959204547206,10.983520000081626,15.629984000042896,13041,0.0
4919,1774584462.9994264,52.9039619559599,14.058176000162348,18.902176000210602,13041,0.0
4920,1774584463.016415,58.90413799113327,12.081408000085503,16.97673600028793,13041,0.0
4921,1774584463.0320308,64.0884974994554,10.947999999643798,15.603423999891675,13041,0.0
4922,1774584463.047319,65.46051735753267,11.15433600034521,15.276384000117105,13041,0.0
4923,1774584463.0746942,36.54568971355771,13.031136000336119,27.363008000065747,13041,0.0
4924,1774584463.0949178,49.47618572677008,14.132512000287534,20.211743999880127,13041,0.0
4925,1774584463.111194,61.492264764383755,11.080607999701897,16.262208000171086,13041,0.0
4926,1774584463.1475487,27.516166297884414,18.987968000146793,36.342272000183584,13041,0.0
4927,1774584463.1700473,44.47138817607112,17.94774400013921,22.48636800004533,13041,0.0
4928,1774584463.18684,59.588960118779575,10.961439999846334,16.78163200040217,13041,0.0
4929,1774584463.2079294,47.44149893912776,10.985823999817512,21.078591999867058,13041,0.0
4930,1774584463.2237418,63.29395942769001,11.125567999897612,15.799295999840979,13041,0.0
4931,1774584463.2402256,60.71391796131274,11.214079999717796,16.470688000026712,13483,0.0
4932,1774584463.2589264,53.508166630256966,15.027743999780796,18.68873600005827,13483,0.0
4933,1774584463.2773223,54.39749336278391,10.95104000023639,18.38320000024396,13483,0.0
4934,1774584463.2936804,61.173753033738045,10.958528000173828,16.346880000128294,13483,0.0
4935,1774584463.3088455,65.98938679399,10.900320000018837,15.153952000218851,13483,0.0
4936,1774584463.3298087,47.730181664359954,14.075615999900037,20.95110400023259,13483,0.0
4937,1774584463.3480537,54.843997346352246,10.998720000316098,18.233536000025197,13483,0.0
4938,1774584463.3631396,66.34002606866053,11.547840000275755,15.073856000071828,13483,0.0
4939,1774584463.3854089,44.93015338115109,17.418783999801235,22.25676799980647,13483,0.0
4940,1774584463.40451,52.38401759513653,15.312799999719573,19.089791999704175,13483,0.0
4941,1774584463.428613,41.5090981301033,18.413536000025488,24.091104000035557,13483,0.0
4942,1774584463.4521058,42.58787070223599,17.179967999709334,23.480863999793655,13483,0.0
4943,1774584463.4665484,69.29200203926808,10.904287999892404,14.431680000143388,13483,0.0
4944,1774584463.4824755,62.82695145444345,11.127327999929548,15.916736000235687,13483,0.0
4945,1774584463.5044286,45.57738894812986,16.535616000055597,21.940703999916877,13483,0.0
4946,1774584463.5276935,43.00415316872626,18.028896000032546,23.253568000200175,13483,0.0
4947,1774584463.5463996,53.49424401932643,12.897311999950034,18.693600000005972,13483,0.0
4948,1774584463.5627525,61.19615472662345,12.715039999875444,16.34089600020161,13483,0.0
4949,1774584463.579661,59.18414887588841,13.214496000273357,16.89641599978131,13483,0.0
4950,1774584463.5957017,62.39118976461592,11.456640000233165,16.027904000111448,13483,0.0
4951,1774584463.6110482,65.21693762055162,11.516671999743266,15.333440000176779,13483,0.0
4952,1774584463.627674,60.19153427769472,12.344000000211963,16.613631999916834,13483,0.0
4953,1774584463.6461766,54.08314786322425,12.476479999804724,18.490048000330717,13483,0.0
4954,1774584463.6620176,63.17432272100375,12.276639999981853,15.829215999929147,13483,0.0
4955,1774584463.6763985,69.59213441696781,10.926175999884435,14.369440000336908,13483,0.0
4956,1774584463.6908417,69.28693215254836,10.916352000094776,14.432735999889701,13483,0.0
4957,1774584463.70527,69.3569006224296,10.884992000228522,14.41817600016293,13483,0.0
4958,1774584463.7196708,69.49494410515022,10.861088000183372,14.389535999725922,13483,0.0
4959,1774584463.7340636,69.5322095450543,10.943167999812431,14.381823999883636,13483,0.0
4960,1774584463.7485359,69.14833590376216,10.891968000123597,14.461664000009478,13643,0.0
4961,1774584463.7641158,64.22680179272852,10.939519999737968,15.569824000067456,13643,0.0
4962,1774584463.7786067,69.06748943467571,10.947903999749542,14.478592000159551,13643,0.0
4963,1774584463.7929897,69.58020315096061,10.864607999792497,14.37190400019972,13643,0.0
4964,1774584463.8084252,64.83294883184772,10.870048000015231,15.42425599973285,13643,0.0
4965,1774584463.8230958,68.20463573336284,10.84400000036112,14.66175999985353,13643,0.0
4966,1774584463.838757,63.891035627154984,10.92367999990529,15.65164800013008,13643,0.0
4967,1774584463.8537614,66.69910911456839,11.55289600001197,14.992703999723744,13643,0.0
4968,1774584463.8687508,66.76209194944735,10.91919999998936,14.97856000014508,13643,0.0
4969,1774584463.8831246,69.61771520111272,10.882368000238785,14.3641600002411,13643,0.0
4970,1774584463.8974109,70.04951660303269,10.871167999994213,14.275615999849833,13643,0.0
4971,1774584463.9117866,69.60887608033723,10.811615999955393,14.36598399959621,13643,0.0
4972,1774584463.9261532,69.65619929009662,10.923648000243702,14.35622400003922,13643,0.0
4973,1774584463.9405935,69.30260511338201,10.90550400022039,14.42947199984701,13643,0.0
4974,1774584463.9561508,64.32344090432397,12.01145599998199,15.546431999609922,13643,0.0
4975,1774584463.971577,64.87009374544195,10.871488000248064,15.415423999911582,13643,0.0
4976,1774584463.986043,69.17941043626772,11.049503999856825,14.45516800004043,13643,0.0
4977,1774584464.0014331,65.024917547679,10.885759999837319,15.378720000171597,13643,0.0
4978,1774584464.01869,57.988602688989175,10.893663999922865,17.244767999727628,13643,0.0
4979,1774584464.0345063,63.269867751256,10.99510400035797,15.805311999883997,13643,0.0
4980,1774584464.0529013,54.39825089974061,12.370783999813284,18.38294400022278,13643,0.0
4981,1774584464.0728443,50.175010436096144,11.106048000328883,19.930240000121557,13643,0.0
4982,1774584464.0929782,49.69752100801459,12.30691199998546,20.12172800004919,13643,0.0
4983,1774584464.111171,55.008695773771464,13.08508800002528,18.17894400028308,13643,0.0
4984,1774584464.1293879,54.93240238228376,13.437759999760601,18.20419200021206,13643,0.0
4985,1774584464.1547334,39.473268702329946,15.814144000160013,25.333600000067236,13643,0.0
4986,1774584464.1771998,44.53584387236003,16.695199999958277,22.453823999967426,13643,0.0
4987,1774584464.1939085,59.8927488577509,10.977056000228913,16.69651199972577,13643,0.0
4988,1774584464.2107034,59.58577873523059,11.017503999937617,16.78252799956681,13643,0.0
4989,1774584464.2275062,59.556480507322206,10.941248000108317,16.79078400002254,13643,0.0
4990,1774584464.2450576,57.01223072074033,10.884384000291902,17.540095999720506,13643,0.0
4991,1774584464.2768128,31.501952617360917,11.049280000406725,31.74406399966756,13643,0.0
4992,1774584464.2951977,54.42752691708391,12.66371200017602,18.37305600020045,13643,0.0
4993,1774584464.3158634,48.41830940297787,11.0107200002858,20.653344000038487,13643,0.0
4994,1774584464.3355746,50.7641424837679,11.91631999972742,19.69894400008343,13643,0.0
4995,1774584464.3528254,58.01110100438891,11.022400000001653,17.23807999997007,13643,0.0
4996,1774584464.371273,54.24188931859776,11.031487999844103,18.435936000059883,13643,0.0
4997,1774584464.3902345,52.77539467476241,11.330815999826882,18.948224000268965,13643,0.0
4998,1774584464.415901,38.98030029214595,11.038623999866104,25.653983999745833,13643,0.0
4999,1774584464.4381142,45.04407111956782,15.358912000010605,22.20047999981034,13643,0.0
5000,1774584464.4540217,62.90814806413889,11.233471999730682,15.896192000127485,13643,0.0
5001,1774584464.4898548,27.970513261158384,16.409599999860802,35.75193599999693,13643,0.0
5002,1774584464.5130072,43.2131799505531,17.952256000171474,23.141088000102172,13643,0.0
5003,1774584464.541673,34.89842046976703,19.111231999886513,28.654591999838885,13643,0.0
5004,1774584464.5655608,41.88199596836644,16.492768000262004,23.876608000136912,13643,0.0
5005,1774584464.5853827,50.47902576325286,11.697632000050362,19.810207999853446,13643,0.0
5006,1774584464.6059356,48.68260963747298,13.36364799999501,20.541215999855922,13643,0.0
5007,1774584464.629476,42.50133624222107,13.370719999784342,23.528671999883954,13643,0.0
5008,1774584464.6502416,48.18329697162458,12.531039999885252,20.75407999973322,13643,0.0
5009,1774584464.6796412,34.027420112126684,23.009759999695234,29.388063999704173,13643,0.0
5010,1774584464.7087693,34.346698320908835,17.592927999885433,29.114879999724508,13643,0.0
5011,1774584464.7295835,48.07514799489489,12.798720000319008,20.80076799984454,13643,0.0
5012,1774584464.7497833,49.537125103079134,15.471647999675042,20.18687999998292,13643,0.0
5013,1774584464.7730782,42.951252733920086,15.90409600021303,23.28220799972769,13483,0.0
5014,1774584464.794712,46.25052540600157,14.954079999824899,21.621375999984593,13483,0.0
5015,1774584464.8253822,32.61970125555571,13.081695999971998,30.65632000016194,13483,0.0
5016,1774584464.85797,30.70003949290054,14.727839999977732,32.5732479996077,13483,0.0
5017,1774584464.8930514,28.516468374569378,13.879327999802626,35.06745599997885,13483,0.0
5018,1774584464.9181538,39.85755865158773,17.2238400000424,25.0893439997526,13483,0.0
5019,1774584464.9446099,37.81791249953337,13.236992000202008,26.442496000072424,13483,0.0
5020,1774584464.973079,35.140748537333614,17.57110400012607,28.45699199997398,13483,0.0
5021,1774584465.001489,35.214600593276444,11.885983999945893,28.39731199992457,13483,0.0
5022,1774584465.0227401,47.0816176794138,13.696927999717445,21.239711999896826,13483,0.0
5023,1774584465.0453098,44.3312087448973,15.743232000204443,22.55747200024416,13483,0.0
5024,1774584465.068349,43.42599862375812,15.650975999960792,23.027680000268447,13483,0.0
5025,1774584465.092018,42.27177300646831,15.76851199979501,23.656448000110686,13483,0.0
5026,1774584465.1193497,36.60407857272727,22.04991999997219,27.319360000092274,13483,0.0
5027,1774584465.1424544,43.30510071766555,16.58902400004081,23.09196799978963,13483,0.0
5028,1774584465.1726253,33.159313257315766,20.239263999883406,30.15744000003906,13483,0.0
5029,1774584465.1951375,44.4451397637254,17.608992000077706,22.499648000120942,13483,0.0
5030,1774584465.219131,41.70036055821605,15.999711999938881,23.980607999874337,13483,0.0
5031,1774584465.2414062,44.91684992716315,14.168191999942792,22.26336000012452,13483,0.0
5032,1774584465.2628117,46.74511868862817,15.664351999930659,21.3926079995872,13483,0.0
5033,1774584465.285258,44.574721496810206,14.950336000310926,22.434240000166028,13161,0.0
5034,1774584465.3050127,50.64534322077595,16.13219199998639,19.745152000268718,13161,0.0
5035,1774584465.327366,44.75903881860103,17.214400000284513,22.341856000366533,13161,0.0
5036,1774584465.3461716,53.20860668333191,14.860959999623446,18.79395200012368,13161,0.0
5037,1774584465.3676422,46.601241009580406,17.50614399998085,21.458656000049814,13161,0.0
5038,1774584465.3868582,52.07526166753672,15.218368000205373,19.2029760000878,13161,0.0
5039,1774584465.4089277,45.33374339259981,17.477471999882255,22.058623999782867,13161,0.0
5040,1774584465.4289615,49.9463775694766,15.146144000027562,20.021471999825735,13161,0.0
5041,1774584465.4449363,62.6439558100453,12.14867199996661,15.963232000103744,13161,0.0
5042,1774584465.4671595,45.02135813218666,18.197823999798857,22.211680000054912,13161,0.0
5043,1774584465.488253,47.43652992259531,17.44224000003669,21.080800000163435,13161,0.0
5044,1774584465.509348,47.43084203828202,17.49667199965188,21.08332799980417,13161,0.0
5045,1774584465.5286307,51.88875051888523,15.71334400023261,19.272000000000844,13161,0.0
5046,1774584465.5462408,56.82469082797546,13.520960000278137,17.597984000076394,13161,0.0
5047,1774584465.5697086,42.6329568445104,18.32163200015202,23.456032000012783,13161,0.0
5048,1774584465.5911562,46.6525838063921,17.78476800018325,21.43504000014218,13161,0.0
5049,1774584465.6126347,46.585054619338095,17.336767999950098,21.466112000325666,13161,0.0
5050,1774584465.6341498,46.503599006232015,17.639935999795853,21.503712000139785,13161,0.0
5051,1774584465.6531508,52.66271092504499,15.39500799981397,18.988767999871925,13161,0.0
5052,1774584465.6706913,57.05199125192085,13.881152000067232,17.527871999845956,13161,0.0
5053,1774584465.7024806,31.469372999177942,16.842112000176712,31.776927999999316,13161,0.0
5054,1774584465.7204213,55.777475538890165,14.275712000198837,17.92838399978791,13161,0.0
5055,1774584465.7434084,43.53228633037493,17.886431999613706,22.97145599959549,13161,0.0
5056,1774584465.768491,39.890476707197045,18.38332800025455,25.06863999997222,13161,0.0
5057,1774584465.7919548,42.642613958484056,18.37961599994742,23.45071999980064,13001,0.0
5058,1774584465.8139274,45.53495190024835,16.22860799989212,21.961152000130824,13001,0.0
5059,1774584465.8363142,44.696173292406,17.69891200001439,22.37328000001071,13001,0.0
5060,1774584465.8584337,45.23295332784366,17.233439999927214,22.107776000211743,13001,0.0
5061,1774584465.8818417,42.743986091349804,16.900448000342294,23.395104000428546,13001,0.0
5062,1774584465.8985994,59.71546773985771,11.031232000277669,16.746079999848007,13001,0.0
5063,1774584465.9237738,39.74416205899865,16.14393599993491,25.160928000332206,13001,0.0
5064,1774584465.9404204,60.11569144524803,10.775935999845387,16.634592000173143,13001,0.0
5065,1774584465.9572935,59.30669055475272,11.04966399998375,16.86150399973485,13001,0.0
5066,1774584465.973319,62.44779364433277,10.926752000159468,16.013376000046264,13001,0.0
5067,1774584465.9894786,61.92852358343522,11.067968000133988,16.147648000242043,13001,0.0
5068,1774584466.0064905,58.82419377900218,12.017632000151934,16.999808000036865,13001,0.0
5069,1774584466.0273626,47.93959457691299,15.052576000016415,20.85958399993615,13001,0.0
5070,1774584466.043002,63.99164524975571,10.95417600026849,15.627040000254055,13001,0.0
5071,1774584466.0587742,63.44855591105779,11.082208000061655,15.760799999952724,13001,0.0
5072,1774584466.0738,66.60173441647169,10.97340800015445,15.01462399983211,13001,0.0
5073,1774584466.0954204,46.27819637889221,16.789856000286818,21.608448000279168,13001,0.0
5074,1774584466.1110497,64.03504817506844,11.01760000028662,15.616447999946104,13001,0.0
5075,1774584466.1297352,53.55126269607467,13.074047999907634,18.673695999950723,13001,0.0
5076,1774584466.1490188,51.89142155917926,14.648095999746147,19.271008000032452,13001,0.0
5077,1774584466.1677277,53.484905275954155,14.008768000167038,18.696864000048663,13001,0.0
5078,1774584466.1923091,40.70186955101339,19.03625600016312,24.568895999891538,13001,0.0
5079,1774584466.2202356,35.824379149391014,20.984927999961656,27.913951999835263,13001,0.0
5080,1774584466.2462919,38.3964653136115,21.16284799967616,26.04406399996151,13001,0.0
5081,1774584466.2689326,44.192410218763726,11.743168000066362,22.62831999996706,13001,0.0
5082,1774584466.285682,59.774520944045115,11.166272000082245,16.729535999729706,13001,0.0
5083,1774584466.3180966,30.862399129677424,16.700511999715673,32.40188799964017,13322,0.0
5084,1774584466.3422315,41.45480497644978,16.47670400006973,24.12265600014507,13322,0.0
5085,1774584466.361019,53.26383751955251,13.386783999976615,18.774463999761792,13322,0.0
5086,1774584466.3822691,47.083958607969976,15.674560000206839,21.238656000150513,13322,0.0
5087,1774584466.4064856,41.315485043313615,18.094015999849944,24.204000000281667,13322,0.0
5088,1774584466.429321,43.81635548917706,15.782368000145652,22.822527999778686,13322,0.0
5089,1774584466.4462252,59.20489250255479,11.059103999741637,16.890496000087296,13322,0.0
5090,1774584466.4623418,62.098594683987784,10.988863999955356,16.103423999993538,13322,0.0
5091,1774584466.4799795,56.7396747409997,10.851295999600552,17.624351999984356,13322,0.0
5092,1774584466.4949949,66.65500648481034,11.415936000048532,15.002623999862408,13322,0.0
5093,1774584466.5193064,41.15416019164332,18.848736000109056,24.298880000060308,13322,0.0
5094,1774584466.5364692,58.30419678246916,11.959231999753683,17.151424000076076,13322,0.0
5095,1774584466.5523305,63.09383921420334,10.863552000046184,15.849408000121912,13322,0.0
5096,1774584466.5677872,64.74215014311523,10.903872000199044,15.445888000158448,13322,0.0
5097,1774584466.582326,68.8263835186446,10.980607999954373,14.529312000377104,13322,0.0
5098,1774584466.5968945,68.70019236014136,10.9589120002056,14.556000000084168,13322,0.0
5099,1774584466.6168766,50.0794861613642,14.422144000036496,19.968255999629037,13322,0.0
5100,1774584466.6365952,50.74411165287592,16.062656000030984,19.706720000158384,13322,0.0
5101,1774584466.6532094,60.233068243200506,11.931519999961893,16.60217600010583,13322,0.0
5102,1774584466.6677442,68.8530730507778,10.933344000022771,14.52367999991111,13322,0.0
5103,1774584466.6829147,65.9737836015035,10.87407999966672,15.157536000060645,13322,0.0
5104,1774584466.6973846,69.16011950798499,10.92252800026472,14.459200000146666,13322,0.0
5105,1774584466.711794,69.45771858610796,10.89081600002828,14.397248000022955,13322,0.0
5106,1774584466.7283072,60.599479135827785,11.959615999785456,16.501791999871784,13322,0.0
5107,1774584466.7426949,69.56223649799601,10.883104000185995,14.375616000052105,13322,0.0
5108,1774584466.757069,69.62097228716314,10.876127999836172,14.363488000071811,13322,0.0
5109,1774584466.7714212,69.7304944286898,10.857792000024347,14.340927999910491,13322,0.0
5110,1774584466.785839,69.4077354644926,10.8999680001034,14.407615999971313,13322,0.0
5111,1774584466.8003085,69.166701710428,10.926368000127695,14.457824000146502,13322,0.0
5112,1774584466.8164861,61.859996477260395,11.546560000169848,16.165535999789427,13523,0.0
5113,1774584466.8309965,68.9653650424898,10.919775999809644,14.500031999887142,13523,0.0
5114,1774584466.845936,66.99079492984032,10.954463999951258,14.927423999779421,13523,0.0
5115,1774584466.8622146,61.47690140701912,10.969792000196321,16.26627199993891,13523,0.0
5116,1774584466.8778126,64.16179037196746,10.937951999949291,15.585599999667465,13523,0.0
5117,1774584466.89679,52.73060146599105,11.220703999697434,18.964320000122825,13523,0.0
5118,1774584466.9124928,63.73180839279537,10.994047999702161,15.690751999954955,13523,0.0
5119,1774584466.9301693,56.610780504492816,11.006144000020868,17.664479999893956,13523,0.0
5120,1774584466.9483445,55.0556017535922,10.989567999786232,18.163455999911093,13523,0.0
5121,1774584466.963105,67.7993313371805,11.027487999854202,14.749407999715913,13523,0.0
5122,1774584466.9776227,68.93737177687073,10.885407999921881,14.50591999991957,13523,0.0
5123,1774584466.9920788,69.229985332865,10.895456000071135,14.44460800030356,13523,0.0
5124,1774584467.0087998,59.84663939699186,10.892863999742985,16.709375999653275,13523,0.0
5125,1774584467.023297,69.02736575973158,10.862208000162354,14.48700800028746,13523,0.0
5126,1774584467.0377054,69.4584904952461,10.924352000074578,14.39708799989603,13523,0.0
5127,1774584467.054498,59.585210664176834,10.931295999853319,16.782688000148482,13523,0.0
5128,1774584467.0688372,69.79684093731872,10.863008000342234,14.32729600037419,13523,0.0
5129,1774584467.083185,69.74808109102477,10.86438399988765,14.337311999952362,13523,0.0
5130,1774584467.1037686,48.604166116125505,15.980640000179847,20.574367999870447,13523,0.0
5131,1774584467.124631,47.95828166640265,15.845311999783007,20.851455999945756,13523,0.0
5132,1774584467.1402264,64.17325340937374,10.793695999836928,15.58281600000555,13523,0.0
5133,1774584467.1546338,69.4604975384248,10.884639999858337,14.396671999747923,13523,0.0
5134,1774584467.169011,69.60655036629764,10.855807999632816,14.366463999976986,13523,0.0
5135,1774584467.1833553,69.75975855153642,10.87839999991047,14.33491200032222,13523,0.0
5136,1774584467.197786,69.35028217164371,10.963711999920633,14.419552000163094,13523,0.0
5137,1774584467.212234,69.26727414879976,10.856576000151108,14.436832000228605,13523,0.0
5138,1774584467.229602,57.6120762279973,11.857791999773326,17.357472000185226,13523,0.0
5139,1774584467.2470245,57.43788437396958,10.979423999742721,17.410112000106892,13523,0.0
5140,1774584467.2683165,46.9947426044897,14.620511999964947,21.278975999848626,13523,0.0
5141,1774584467.2864344,55.23319011008804,12.285152000004018,18.10505599996759,13523,0.0
5142,1774584467.3031673,59.8138783503575,11.897599999883823,16.71852800018314,13523,0.0
5143,1774584467.3245404,46.81633912715259,16.108863999761525,21.36006399996404,13523,0.0
5144,1774584467.340688,61.974702421669654,11.643136000202503,16.135616000156006,13603,0.0
5145,1774584467.356582,62.96239583539382,11.802752000221517,15.882495999903767,13603,0.0
5146,1774584467.3724113,63.220204570459536,11.271040000337962,15.817728000001807,13603,0.0
5147,1774584467.3872426,67.56625276453536,11.011455999778264,14.800288000060391,13603,0.0
5148,1774584467.403101,63.107217647474464,11.14575999963563,15.846048000184965,13603,0.0
5149,1774584467.422223,52.329543836818914,11.045024000395642,19.109664000097837,13603,0.0
5150,1774584467.4436536,46.68938634534201,12.71305599993866,21.418143999653694,13603,0.0
5151,1774584467.4649186,47.05290704214705,12.319519999891781,21.252671999718586,13603,0.0
5152,1774584467.4805274,64.11545295199869,10.965919999762264,15.596864000144706,13603,0.0
5153,1774584467.4978783,57.67246836303916,11.069312000017817,17.33929600004558,13603,0.0
5154,1774584467.5162332,54.52077546966692,10.983520000081626,18.34163199964678,13603,0.0
5155,1774584467.5330925,59.35817195904115,11.037184000088018,16.84687999977541,13603,0.0
5156,1774584467.561495,35.22408718852418,17.35945600012201,28.38966400031495,13603,0.0
5157,1774584467.5879939,37.757095615686026,18.487071999970794,26.485087999844836,13603,0.0
5158,1774584467.609748,45.99558736731035,15.546240000276157,21.741216000009445,13603,0.0
5159,1774584467.6288855,52.28629128785506,14.869856000132131,19.12547199981418,13603,0.0
5160,1774584467.6506233,46.02919060881844,11.745856000288768,21.725343999605684,13603,0.0
5161,1774584467.6699924,51.66143164167734,13.55439999997543,19.356799999968644,13603,0.0
5162,1774584467.6895988,51.03582306509906,10.90156800000841,19.594079999933456,13603,0.0
5163,1774584467.7105565,47.739952458406044,13.932480000221403,20.946816000105173,13603,0.0
5164,1774584467.7262106,64.22020233998947,10.993119999966439,15.571423999972467,13603,0.0
5165,1774584467.7461703,50.13058013458604,15.830207999897539,19.94790400021884,13603,0.0
5166,1774584467.7697456,42.43969150081997,14.829663999989862,23.562847999983205,13603,0.0
5167,1774584467.787487,56.40488782159912,11.639264000223193,17.728960000113148,13603,0.0
5168,1774584467.803464,62.636422128147295,10.887616000218259,15.965151999807858,13603,0.0
5169,1774584467.8191457,63.81588351881136,10.957343999962177,15.670079999836162,13603,0.0
5170,1774584467.8389733,50.46590120003348,11.134368000057293,19.815359999938664,13603,0.0
5171,1774584467.85603,58.66220145730643,13.360288000058063,17.046751999714616,13603,0.0
5172,1774584467.8753898,51.68561254536801,14.771103999919433,19.34774399978778,13603,0.0
5173,1774584467.8976583,44.93157460371684,15.505599999869446,22.256063999975595,13603,0.0
5174,1774584467.9165657,52.92412120567564,14.623104000293097,18.894975999955932,13603,0.0
5175,1774584467.939547,43.53404501655795,17.425920000277983,22.97052799985977,13603,0.0
5176,1774584467.9550745,64.45239185313044,10.930336000001262,15.515328000219597,13603,0.0
5177,1774584467.9705234,64.77972819325475,10.922176000349282,15.436928000326589,13603,0.0
5178,1774584467.985981,64.74295493097178,10.952191999876959,15.445695999915188,13603,0.0
5179,1774584468.001427,64.78845791013663,10.92060799965111,15.434848000040802,13603,0.0
5180,1774584468.0195603,55.18344743743573,13.465248000102292,18.121376000181044,13603,0.0
5181,1774584468.035246,63.80168191344732,11.073279999891383,15.673568000238447,13603,0.0
5182,1774584468.050787,64.39568002921423,10.910015999797906,15.528991999872233,13603,0.0
5183,1774584468.0661013,65.34813302941998,10.969535999720392,15.30265600013081,13603,0.0
5184,1774584468.0817513,63.946207428420635,10.928191999937553,15.638143999694876,13603,0.0
5185,1774584468.096144,69.53700592607532,10.885375999805547,14.380831999915245,13603,0.0
5186,1774584468.1105223,69.60499997881122,10.917088000041986,14.36678399977609,13603,0.0
5187,1774584468.1250043,69.10964659929546,10.89903999991293,14.469760000338283,13603,0.0
5188,1774584468.1393404,69.80260939048898,10.888000000250031,14.326111999707791,13603,0.0
5189,1774584468.1537442,69.46991674760179,10.924512000201503,14.394719999927474,13603,0.0
5190,1774584468.168226,69.10949376466566,10.907039999892731,14.46979199999987,13603,0.0
5191,1774584468.1827774,68.77669911515774,10.996640000030311,14.539807999881305,13603,0.0
5192,1774584468.197465,68.13816020419748,11.066047999975126,14.676064000013866,13603,0.0
5193,1774584468.2131894,63.640307020735044,10.964256000079331,15.713312000116275,13603,0.0
5194,1774584468.2382686,39.89485630834708,14.74201599967273,25.065887999971892,13603,0.0
5195,1774584468.2566397,54.47734004127414,14.528735999647324,18.356256000060966,13603,0.0
5196,1774584468.2769852,49.18107606587305,15.330079999785085,20.33302400013781,13603,0.0
5197,1774584468.2994254,44.58801388586964,17.695647999971698,22.42755199995372,13603,0.0
5198,1774584468.3244765,39.93890944418124,20.059584000136965,25.038239999958023,13603,0.0
5199,1774584468.3409846,60.622520539617106,12.892287999875407,16.495519999807584,13603,0.0
5200,1774584468.3564563,64.68546305370043,10.80608000029315,15.45942400025524,13483,0.0
5201,1774584468.3709617,68.98850706691898,10.933599999589205,14.49516799993944,13483,0.0
5202,1774584468.3853447,69.58035807681824,10.877503999836335,14.371872000083386,13483,0.0
5203,1774584468.3998005,69.23228594857804,10.926016000212257,14.444128000377532,13483,0.0
5204,1774584468.4141557,69.7119835451974,10.872383999867452,14.34473600011188,13483,0.0
5205,1774584468.4287398,68.62204733118762,10.899584000071627,14.572575999864057,13483,0.0
5206,1774584468.4475381,53.22609764871893,10.868928000036249,18.787776000408485,13483,0.0
5207,1774584468.463046,64.5319830823788,10.902880000230653,15.496192000227893,13483,0.0
5208,1774584468.4803216,57.920031434945734,10.912704000020312,17.26518399982524,13483,0.0
5209,1774584468.4950435,67.9752722269936,11.207007999928464,14.711232000081509,13483,0.0
5210,1774584468.5094354,69.53654172954799,10.91219199997795,14.380928000264248,13483,0.0
5211,1774584468.5245783,66.08497787955369,10.893568000028608,15.132032000110485,13483,0.0
5212,1774584468.5389352,69.70545263934811,10.85830400006671,14.346079999995709,13483,0.0
5213,1774584468.5532317,69.99507234592619,10.829120000380499,14.286720000200148,13483,0.0
5214,1774584468.5676095,69.59957416094906,10.894047999954637,14.367904000209819,13483,0.0
5215,1774584468.5821593,68.7819973856457,11.02742400007628,14.538687999902322,13483,0.0
5216,1774584468.5978296,63.86231081509357,10.972447999847645,15.658687999803078,13483,0.0
5217,1774584468.6191602,46.90537122807612,15.356671999597893,21.319519999906333,13483,0.0
5218,1774584468.6406672,46.52055985483203,17.898432000038156,21.49587199983216,13483,0.0
5219,1774584468.6675782,37.176357502012706,19.90137600023445,26.89881600008448,13483,0.0
5220,1774584468.690945,42.81807320013503,17.6572479999777,23.35462400014876,13483,0.0
5221,1774584468.7079895,58.712569563496366,13.073311999960424,17.032127999755176,13483,0.0
5222,1774584468.7282119,49.481747964994234,12.834463999752188,20.209471999805828,13483,0.0
5223,1774584468.7448494,60.14994177377486,12.452319999738393,16.62512000029892,13483,0.0
5224,1774584468.759375,68.90119678685625,10.927008000180649,14.5135359998676,13483,0.0
5225,1774584468.7748125,64.82649318810209,10.92233600002146,15.425791999859939,13483,0.0
5226,1774584468.7902272,64.92224911483942,10.94470399993952,15.403039999910106,13483,0.0
5227,1774584468.8047216,69.04337912708156,10.929888000191568,14.483647999895766,13483,0.0
5228,1774584468.8191729,69.25821679354,10.917792000327609,14.438720000271132,13483,0.0
5229,1774584468.8336747,69.00800713682086,10.877151999920898,14.491072000055283,13483,0.0
5230,1774584468.8485947,67.06670615668716,10.858080000161863,14.910527999745682,13483,0.0
5231,1774584468.8631527,68.74462417044721,10.877503999836335,14.546591999987868,13362,0.0
5232,1774584468.8782964,66.0777116187381,10.938048000298295,15.133695999793417,13362,0.0
5233,1774584468.892992,68.10074115504543,10.9423680000873,14.68412799977159,13362,0.0
5234,1774584468.9096203,60.18249257626447,11.472224000044662,16.61612799989598,13362,0.0
5235,1774584468.924264,68.34350649313286,10.900991999733378,14.631967999775952,13362,0.0
5236,1774584468.938669,69.47686698384352,10.906751999755215,14.393279999694641,13362,0.0
5237,1774584468.9531238,69.23520028147387,10.991807999744196,14.443520000440913,13362,0.0
5238,1774584468.972492,51.66433557156274,10.977120000006835,19.355712000105996,13362,0.0
5239,1774584468.9878154,65.3146704065672,11.080736000167235,15.310495999983686,13362,0.0
5240,1774584469.0073419,51.24479762806682,15.363615999831381,19.514176000029693,13362,0.0
5241,1774584469.0310714,42.163066503090256,15.687743999933446,23.717439999927592,13362,0.0
5242,1774584469.0540097,43.62063863394152,17.982240000037564,22.924928000065847,13362,0.0
5243,1774584469.0764184,44.648342510076134,18.757631999960722,22.397248000288528,13362,0.0
5244,1774584469.0930088,60.31863681819677,12.825536000036664,16.578623999976116,13362,0.0
5245,1774584469.1075604,68.77458003636603,10.872608000227046,14.540255999690999,13362,0.0
5246,1774584469.1221898,68.40663971145544,10.958304000268981,14.618464000250242,13362,0.0
5247,1774584469.1365895,69.49108068126735,10.856127999886667,14.390335999905801,13362,0.0
5248,1774584469.1520216,64.84990101468136,10.881599999720493,15.420223999626614,13362,0.0
5249,1774584469.1664014,69.59833409315617,10.933247999673767,14.368160000231,13362,0.0
5250,1774584469.1814342,66.56669237065036,10.905024000294361,15.022527999917656,13362,0.0
5251,1774584469.1958091,69.62112739462562,10.889504000260786,14.363455999955477,13362,0.0
5252,1774584469.2102046,69.52076279364707,10.94991999980266,14.384191999852192,13362,0.0
5253,1774584469.224554,69.74356685269868,10.87199999983568,14.338240000142832,13362,0.0
5254,1774584469.2389767,69.38708445415328,10.891999999785185,14.41190400009873,13362,0.0
5255,1774584469.2544098,64.84034750402223,10.919679999915388,15.422495999700914,13362,0.0
5256,1774584469.2696795,65.52915051087044,10.936992000097234,15.2603840001575,13362,0.0
5257,1774584469.2848392,66.0122476493182,10.909536000326625,15.14870399978463,13362,0.0
5258,1774584469.2991805,69.77019372766597,10.866080000141665,14.332767999803764,13362,0.0
5259,1774584469.314668,64.61137036010061,10.867231999782234,15.477152000130445,13362,0.0
5260,1774584469.329045,69.6124424717748,10.888864000207832,14.365248000103747,13362,0.0
5261,1774584469.3434358,69.54412435812003,10.839232000307675,14.379359999566077,13362,0.0
5262,1774584469.3588617,64.87440315621969,10.940576000393776,15.414399999826855,13362,0.0
5263,1774584469.3819883,43.26127734931696,13.329087999863987,23.115360000247165,13442,0.0
5264,1774584469.399082,58.54285430729155,12.1149440001318,17.08150399963415,13442,0.0
5265,1774584469.4188437,50.6361521058565,15.193279999948572,19.74873600011051,13442,0.0
5266,1774584469.4389503,49.76574269644401,13.141248000010819,20.09414399981324,13442,0.0
5267,1774584469.4565094,56.99008463729831,12.187007999727939,17.546911999943404,13442,0.0
5268,1774584469.474614,55.27402651385199,12.723776000257203,18.091679999997723,13442,0.0
5269,1774584469.49673,45.24087690525097,16.00364800015086,22.103904000232433,13442,0.0
5270,1774584469.5131025,61.12027100131377,11.581023999951867,16.36118400028863,13442,0.0
5271,1774584469.5281649,66.44256916902066,10.916352000094776,15.050592000079632,13442,0.0
5272,1774584469.5425196,69.72069332506194,10.91145600003074,14.342943999963609,13442,0.0
5273,1774584469.5569386,69.39617554873637,10.88755199998559,14.410016000056203,13442,0.0
5274,1774584469.5714226,69.09635237591858,10.9315519998745,14.472544000000198,13442,0.0
5275,1774584469.585938,68.94695386905538,10.956223999983195,14.503903999866452,13442,0.0
5276,1774584469.6003575,69.40603976965109,10.908256000220717,14.40796799988675,13442,0.0
5277,1774584469.6150527,68.10281891205713,10.916736000126548,14.683679999961896,13442,0.0
5278,1774584469.6295645,68.96034283730417,10.893279999891092,14.501088000088203,13442,0.0
5279,1774584469.6441019,68.8467020765549,10.903743999733706,14.525024000249687,13442,0.0
5280,1774584469.6599548,63.12417181017298,10.901919999923848,15.841792000173882,13442,0.0
5281,1774584469.6744347,69.11713640687616,10.972000000037951,14.468191999640112,13442,0.0
5282,1774584469.6888149,69.5930642990839,10.86918400005743,14.369248000093648,13442,0.0
5283,1774584469.7032826,69.1693043228632,10.88620800010176,14.457279999987804,13442,0.0
5284,1774584469.7176635,69.5946141570999,10.912608000126056,14.368927999839798,13442,0.0
5285,1774584469.7326257,66.88526555096321,10.904512000251998,14.950975999909133,13442,0.0
5286,1774584469.747121,69.0436842167837,10.94137599966416,14.483583999663097,13442,0.0
5287,1774584469.7615778,69.22492451908249,10.906720000093628,14.445663999595126,13442,0.0
5288,1774584469.7775264,62.747854023537634,11.118976000034309,15.936799999963114,13442,0.0
5289,1774584469.797452,50.21685647242474,11.258528000325896,19.913632000225334,13442,0.0
5290,1774584469.8122218,67.76257727575224,10.98230399975364,14.757408000150463,13442,0.0
5291,1774584469.8284729,61.580844318800075,11.4640319998216,16.23881599971355,13442,0.0
5292,1774584469.8477042,52.0371936888799,13.851040000190551,19.21702399977221,13442,0.0
5293,1774584469.8636606,62.73084952723208,11.00739200001044,15.941119999752118,13442,0.0
5294,1774584469.8860393,44.712160992333565,16.495840000061435,22.365280000030907,13643,0.0
5295,1774584469.9053361,51.84828776185356,15.152672000112943,19.28704000010839,13643,0.0
5296,1774584469.923125,56.364092195662415,13.74335999980758,17.741791999924317,13643,0.0
5297,1774584469.9445994,46.593667436027054,10.993471999881876,21.462143999997352,13643,0.0
5298,1774584469.9592786,68.18499188442887,10.994175999712752,14.665983999748278,13643,0.0
5299,1774584469.9806583,46.8033674458766,10.981536000144843,21.365984000112803,13643,0.0
5300,1774584469.9976165,59.01537799143503,10.97948799997539,16.944735999913974,13643,0.0
5301,1774584470.012218,68.54167443619681,11.008864000359608,14.589663999686309,13643,0.0
5302,1774584470.0288162,60.29105627905848,11.073247999775049,16.58620800026256,13643,0.0
5303,1774584470.0524852,42.271715825448396,10.922303999905125,23.65648000022702,13643,0.0
5304,1774584470.068074,64.1934224853995,10.872064000068349,15.577919999941514,13643,0.0
5305,1774584470.0835767,64.55064488735762,10.89849600020898,15.491711999857216,13643,0.0
5306,1774584470.103856,49.33948248077785,15.596064000419574,20.26774399973874,13643,0.0
5307,1774584470.1204593,60.26989340402936,12.012096000034944,16.592032000062318,13643,0.0
5308,1774584470.1358976,64.81923212639163,10.896288000367349,15.42751999977554,13643,0.0
5309,1774584470.1503398,69.29415312406293,11.001759999999194,14.431232000333694,13643,0.0
5310,1774584470.1649196,68.63274781248346,10.875775999920734,14.570304000244505,13643,0.0
5311,1774584470.1792645,69.7642748884423,10.882560000027297,14.333983999677002,13643,0.0
5312,1774584470.1936734,69.45231570688188,10.914496000168583,14.398368000001938,13643,0.0
5313,1774584470.2121372,54.195325153588335,11.098752000179957,18.45177600034731,13643,0.0
5314,1774584470.2327726,48.48817741844747,17.007872000249336,20.623584000077244,13643,0.0
5315,1774584470.2496848,59.17014113815526,12.202784000237443,16.900415999771212,13643,0.0
5316,1774584470.2707608,47.47465233359591,16.346975999567803,21.06387200001336,13643,0.0
5317,1774584470.2929587,45.07337223807304,16.784831999757444,22.18604800009416,13643,0.0
5318,1774584470.3136048,48.462460589620974,15.149792000102025,20.634528000300634,13643,0.0
5319,1774584470.3292844,63.82513750584633,10.938207999970473,15.667807999761862,13643,0.0
5320,1774584470.344391,66.24187079617514,10.904255999776069,15.096192000328301,13643,0.0
5321,1774584470.3589993,68.50936769836987,10.902848000114318,14.596543999687128,13643,0.0
5322,1774584470.3734407,69.29691900326188,10.91974399969331,14.430656000058661,13643,0.0
5323,1774584470.3878708,69.35474564021496,10.874272000364726,14.418623999972624,13643,0.0
5324,1774584470.4023795,68.97784762676727,10.990399999627698,14.497407999897405,13442,0.0
5325,1774584470.4172235,67.40870165308078,10.918336000031559,14.834880000307749,13442,0.0
5326,1774584470.4316294,69.46899015566959,10.8891519998906,14.394911999715987,13442,0.0
5327,1774584470.447313,63.80506887908313,10.978176000207895,15.672735999942233,13442,0.0
5328,1774584470.4618418,68.8828198539674,10.948063999876467,14.51740799984691,13442,0.0
5329,1774584470.4774115,64.27422572638835,10.993087999850104,15.558336000140116,13442,0.0
5330,1774584470.4917958,69.57602043118486,10.895679999975982,14.372767999702774,13442,0.0
5331,1774584470.506266,69.16272162508272,10.975391999636486,14.458655999987968,13442,0.0
5332,1774584470.5218618,64.16666495592385,10.941535999791085,15.584415999910561,13442,0.0
5333,1774584470.5369017,66.54571317903675,10.92160000007425,15.027263999854767,13442,0.0
5334,1774584470.551476,68.6636623108084,10.963711999920633,14.563744000042789,13442,0.0
5335,1774584470.566472,66.73927900171347,11.424192000049516,14.983680000113964,13442,0.0
5336,1774584470.583426,59.02630212063634,11.030848000245896,16.941599999881873,13442,0.0
5337,1774584470.6059976,44.32624113408444,16.151935999914713,22.56000000033964,13442,0.0
5338,1774584470.6233103,57.80068842992447,12.275808000140387,17.30083199981891,13442,0.0
5339,1774584470.640955,56.71681340329725,10.871808000047167,17.63145600034477,13442,0.0
5340,1774584470.6621344,47.24240417741823,17.515391999950225,21.167423999941093,13442,0.0
5341,1774584470.6884515,38.01578293665736,15.392895999866596,26.3048639999397,13442,0.0
5342,1774584470.7068965,54.248951475001164,13.913983999827906,18.43353600042974,13442,0.0
5343,1774584470.726725,50.462397036680855,16.31808000001911,19.816735999938828,13442,0.0
5344,1774584470.7419052,65.92618377129774,11.644960000012361,15.168479999829287,13442,0.0
5345,1774584470.7565722,68.23397375163985,11.174879999998666,14.655455999672995,13442,0.0
5346,1774584470.771051,69.12248725878949,10.885440000038216,14.467072000115877,13442,0.0
5347,1774584470.7855349,69.09482463276565,10.905663999892568,14.472863999799301,13442,0.0
5348,1774584470.7998922,69.70498619116145,10.859264000373514,14.346176000344713,13442,0.0
5349,1774584470.8143766,69.09283866353819,10.916704000010213,14.473280000402156,13442,0.0
5350,1774584470.8296757,65.41173810959658,10.897440000007919,15.287776000150188,13442,0.0
5351,1774584470.8440251,69.7412321319614,10.862208000162354,14.33872000006886,13442,0.0
5352,1774584470.8584924,69.16792644456743,10.94751999971777,14.45756800012532,13442,0.0
5353,1774584470.8729138,69.39216901094932,10.897216000103072,14.410847999897669,13442,0.0
5354,1774584470.8872771,69.67499124853026,10.86659199972928,14.35235200005991,13442,0.0
5355,1774584470.902705,64.857168949471,10.91772800009494,15.418495999711013,13442,0.0
5356,1774584470.917365,68.26676686407596,11.076000000230124,14.648415999999997,13563,0.0
5357,1774584470.9317198,69.71058396377136,10.87459200016383,14.345023999794648,13563,0.0
5358,1774584470.9461155,69.51504083004588,10.924479999630421,14.385376000063843,13563,0.0
5359,1774584470.9604902,69.62453992043619,10.926624000148877,14.362752000124601,13563,0.0
5360,1774584470.9748964,69.47547682270769,10.907455999586091,14.393568000286905,13563,0.0
5361,1774584470.989857,66.88726980032737,10.96486400001595,14.950528000099439,13563,0.0
5362,1774584471.0148008,40.10878786742652,20.695168000202102,24.932192000051145,13563,0.0
5363,1774584471.0383825,42.42741856695748,14.227296000171918,23.569663999751356,13563,0.0
5364,1774584471.0609612,44.31492668556845,18.25222399975246,22.56575999990673,13563,0.0
5365,1774584471.0778456,59.270020939208514,10.866687999623537,16.871935999915877,13563,0.0
5366,1774584471.094731,59.2602425402064,12.708671999916987,16.87472000003254,13563,0.0
5367,1774584471.1166809,45.58370480965263,18.005888000061532,21.93766400023378,13563,0.0
5368,1774584471.1324,63.66481138750779,10.868479999771807,15.70726400041167,13563,0.0
5369,1774584471.1467917,69.53762486222024,10.855199999696197,14.380703999904654,13563,0.0
5370,1774584471.161158,69.64859220556436,10.855359999823122,14.357792000282643,13563,0.0
5371,1774584471.1755724,69.42762753036111,10.873824000100285,14.403487999970821,13563,0.0
5372,1774584471.1899374,69.67157377327352,10.897663999912766,14.353056000345532,13563,0.0
5373,1774584471.2043214,69.57958345663067,10.901183999976638,14.37203200021031,13563,0.0
5374,1774584471.2187405,69.40835210154097,10.85849600030997,14.407487999960722,13563,0.0
5375,1774584471.234325,64.21782686771809,10.957951999898796,15.572000000247499,13563,0.0
5376,1774584471.248788,69.19442193315263,10.9104639996076,14.45203200000833,13563,0.0
5377,1774584471.2632391,69.3308958448091,10.866944000099465,14.423583999814582,13563,0.0
5378,1774584471.2776263,69.55883007669138,10.929375999694457,14.37631999988298,13563,0.0
5379,1774584471.2929986,65.09236867488708,10.847296000065398,15.362783999989915,13563,0.0
5380,1774584471.3096435,60.120895907377545,12.800640000023122,16.63315199994031,13563,0.0
5381,1774584471.3240547,69.44320989827627,10.874783999952342,14.400256000044465,13563,0.0
5382,1774584471.3384318,69.6112019453897,10.892415999933291,14.365504000124929,13563,0.0
5383,1774584471.3527858,69.71773797780047,10.843968000244786,14.343551999900228,13563,0.0
5384,1774584471.3706627,55.96677454111473,10.945535999780986,17.867743999886443,13563,0.0
5385,1774584471.3886955,55.49074236827416,10.943167999812431,18.021024000063335,13563,0.0
5386,1774584471.4063797,56.585871096579815,13.434112000140885,17.67225599996891,13563,0.0
5387,1774584471.420753,69.6273322356453,10.85276799994972,14.362176000304316,13563,0.0
5388,1774584471.4362452,64.58372944831156,10.890752000250359,15.483775999655336,13563,0.0
5389,1774584471.4506319,69.56316558129328,10.841568000159896,14.375423999808845,13563,0.0
5390,1774584471.4665153,63.00009475248697,10.905055999955948,15.87299199991321,13563,0.0
5391,1774584471.4829717,60.810205996522974,10.906272000283934,16.44460799980152,13563,0.0
5392,1774584471.4986491,63.83478536275995,11.04265599997234,15.665439999793307,13563,0.0
5393,1774584471.5185077,50.38632200803197,15.103199999884964,19.846656000026996,13563,0.0
5394,1774584471.5396762,47.26669913584873,16.096767999897565,21.156543999950372,13563,0.0
5395,1774584471.557438,56.339704076497796,10.939807999875484,17.749472000105015,13563,0.0
5396,1774584471.5729809,64.3824129904639,11.90963199996986,15.532192000137002,13563,0.0
5397,1774584471.5896664,59.97505037866909,11.961663999954908,16.67360000010376,13563,0.0
5398,1774584471.6091094,51.46201526828895,15.514015999997355,19.431808000263118,13563,0.0
5399,1774584471.6246257,64.49762029674118,11.932192000131181,15.50444799977413,13563,0.0
5400,1774584471.6399195,65.434200416226,10.85769600013009,15.282527999715967,13563,0.0
5401,1774584471.6544983,68.64601501639885,10.887200000070152,14.567488000011508,13563,0.0
5402,1774584471.6689477,69.25683537284505,10.895647999859648,14.439007999953901,13563,0.0
5403,1774584471.683507,68.74250706553742,10.928575999969325,14.54704000025231,13563,0.0
5404,1774584471.7020082,54.084458289871904,14.195072000347864,18.489600000066275,13563,0.0
5405,1774584471.7195601,57.013374880795695,13.563968000198656,17.539744000259816,13563,0.0
5406,1774584471.734004,69.2827846144112,10.923167999862926,14.433599999847502,13563,0.0
5407,1774584471.7483711,69.65464669012692,10.876959999677638,14.356543999838323,13563,0.0
5408,1774584471.7627206,69.74387816178749,10.867359999792825,14.338175999910163,13563,0.0
5409,1774584471.7771664,69.26957724572945,10.96112000004723,14.43635199984783,13563,0.0
5410,1774584471.791592,69.37522338840441,10.909024000284262,14.414367999961541,13563,0.0
5411,1774584471.8059843,69.52772320588213,10.89062399978502,14.382752000074106,13563,0.0
5412,1774584471.8203297,69.75788989686913,10.840352000286657,14.335295999899245,13563,0.0
5413,1774584471.8347642,69.33597216765789,10.892799999965064,14.422528000068269,13563,0.0
5414,1774584471.8491576,69.53004365302674,10.877279999931488,14.382272000148077,13563,0.0
5415,1774584471.8635304,69.63167628400618,10.871039999983623,14.361280000230181,13563,0.0
5416,1774584471.8782818,67.83509451284009,10.896384000261605,14.741632000095706,13563,0.0
5417,1774584471.893757,64.65708983132838,10.888160000376956,15.466207999907056,13563,0.0
5418,1774584471.9106836,59.120886605100225,10.984319999806758,16.914496000026702,13563,0.0
5419,1774584471.9264362,63.52478178021091,10.926399999789282,15.741887999865867,13563,0.0
5420,1774584471.9413602,67.05116486633477,10.864479999781906,14.913984000031633,13563,0.0
5421,1774584471.9564438,66.3405894033716,10.947872000087955,15.07372799960649,13563,0.0
5422,1774584471.9709296,69.08489594116024,10.896320000028936,14.474944000085088,13563,0.0
5423,1774584471.9931896,44.945921067629996,15.928799999983312,22.24896000006993,13563,0.0
5424,1774584472.0087662,64.2443629423853,10.946016000161762,15.565568000056373,13563,0.0
5425,1774584472.0260792,57.791495681498496,11.26639999984036,17.30358399981924,13563,0.0
5426,1774584472.0445776,54.093258508522204,13.009312000122009,18.486592000044766,13563,0.0
5427,1774584472.0612109,60.16453315305032,10.962912000195502,16.621087999737938,13563,0.0
5428,1774584472.0775406,61.283161544422455,11.641376000170567,16.317695999987336,13563,0.0
5429,1774584472.1010325,42.58833502137977,17.86841600005573,23.480607999772474,13563,0.0
5430,1774584472.115496,69.18660901470706,10.900575999585271,14.453664000029676,13563,0.0
5431,1774584472.129928,69.33704905878207,10.926784000275802,14.422304000163422,13563,0.0
5432,1774584472.1443665,69.31013680129539,10.923360000106186,14.427904000058334,13563,0.0
5433,1774584472.1587632,69.51519546366337,10.87052799994126,14.385344000402256,13563,0.0
5434,1774584472.175136,61.11907560543565,10.897248000219406,16.361504000087734,13563,0.0
5435,1774584472.1895406,69.47671251850393,10.879968000153895,14.393311999810976,13563,0.0
5436,1774584472.2040033,69.19733307908189,10.91932799999995,14.451424000071711,13563,0.0
5437,1774584472.2184062,69.48381860872536,10.923840000032214,14.391839999916556,13563,0.0
5438,1774584472.2329714,68.70819793317976,10.927520000223012,14.554303999830154,13563,0.0
5439,1774584472.2482154,65.64767470668046,10.872031999952014,15.232832000037888,13563,0.0
5440,1774584472.262645,69.35874785757092,10.872672000004968,14.417792000131158,13563,0.0
5441,1774584472.2781758,64.43245828927519,10.92934400003287,15.52012799993463,13563,0.0
5442,1774584472.292568,69.5390175071827,10.875775999920734,14.380416000221885,13563,0.0
5443,1774584472.3069718,69.47084336644716,10.853920000045036,14.394527999684215,13563,0.0
5444,1774584472.322302,65.2779692602466,10.962400000153139,15.319103999900108,13563,0.0
5445,1774584472.3366933,69.54102920687548,10.898208000071463,14.380000000073778,13563,0.0
5446,1774584472.3510752,69.58531605094517,10.867936000067857,14.37084799999866,13563,0.0
5447,1774584472.3654726,69.51210289125636,10.90812799975538,14.385984000000462,13563,0.0
5448,1774584472.3798287,69.70856244242006,10.86271999974997,14.345439999942755,13563,0.0
5449,1774584472.3942862,69.22277772799498,10.932991999652586,14.446111999859568,13563,0.0
5450,1774584472.4099247,63.982342921306255,11.046240000268881,15.629311999873607,13563,0.0
5451,1774584472.4254882,64.29895619746237,10.901279999870894,15.552351999758685,13563,0.0
5452,1774584472.445433,50.1659892252404,13.95027199987453,19.93382399996335,13683,0.0
5453,1774584472.4622965,59.34205329187021,11.77215999996406,16.851456000040343,13683,0.0
5454,1774584472.4783819,62.21926666825667,12.082816000202001,16.072192000137875,13683,0.0
5455,1774584472.4985058,49.72108460394914,15.145855999890045,20.112191999942297,13683,0.0
5456,1774584472.5207405,44.9979552933971,17.165855999792257,22.223231999760173,13683,0.0
5457,1774584472.5435262,43.911294968648015,18.185407999681047,22.773184000016045,13683,0.0
5458,1774584472.5583532,67.49926560683976,11.073119999764458,14.8149760002525,13683,0.0
5459,1774584472.5731661,67.55836502282,10.882624000259966,14.802015999975993,13683,0.0
5460,1774584472.5875592,69.52942485402896,10.886143999869091,14.382399999703921,13683,0.0
5461,1774584472.6020508,69.0595525390489,10.95417600026849,14.480255999842484,13683,0.0
5462,1774584472.616377,69.8537876390215,10.853920000045036,14.31561600020359,13683,0.0
5463,1774584472.6308916,68.94801870991688,10.893151999880502,14.503679999961605,13683,0.0
5464,1774584472.6451983,69.94525245023956,10.85174400031974,14.296896000359993,13683,0.0
5465,1774584472.65958,69.58035807681824,10.862848000215308,14.371872000083386,13683,0.0
5466,1774584472.6739168,69.80105025470944,10.897535999902175,14.326431999961642,13683,0.0
5467,1774584472.6891623,65.6351275014209,10.914624000179174,15.235743999710394,13683,0.0
5468,1774584472.704216,66.47620789870645,10.872768000353972,15.042976000131603,13683,0.0
5469,1774584472.7186832,69.16639553475773,10.870207999687409,14.457887999924424,13683,0.0
5470,1774584472.7330709,69.55108944929067,10.90678399987155,14.377919999787991,13683,0.0
5471,1774584472.7474546,69.57834410328638,10.883744000238949,14.372287999776745,13683,0.0
5472,1774584472.7618008,69.74948217853273,10.882560000027297,14.337024000269594,13683,0.0
5473,1774584472.7761755,69.60980640550352,10.878783999942243,14.365792000262445,13683,0.0
5474,1774584472.7905114,69.81025015565218,10.901984000156517,14.324543999919115,13683,0.0
5475,1774584472.8047822,70.12764353047405,10.848192000139534,14.259712000239233,13683,0.0
5476,1774584472.8194184,68.36772868171208,11.093952000010177,14.626784000029147,13683,0.0
5477,1774584472.83391,69.06413129482685,10.955903999729344,14.479295999990427,13683,0.0
5478,1774584472.8491602,65.6235497198406,11.067167999954108,15.2384319999328,13683,0.0
5479,1774584472.8700836,47.820311926336466,13.727839999774005,20.911615999921196,13683,0.0
5480,1774584472.8882887,54.96651000456303,13.585856000190688,18.192896000073233,13683,0.0
5481,1774584472.9053333,58.712790182172604,13.400864000232104,17.032063999977254,13683,0.0
5482,1774584472.9208694,64.41359920672919,11.968448000061471,15.524671999628481,13683,0.0
5483,1774584472.9353044,69.33074202785139,10.879712000132713,14.423615999930917,13683,0.0
5484,1774584472.949693,69.55759145814936,10.915807999936078,14.37657600035891,13683,0.0
5485,1774584472.9640162,69.87221768771295,10.868639999898733,14.311840000118536,13723,0.0
5486,1774584472.9783854,69.64067639555033,10.928992000117432,14.359423999849241,13723,0.0
5487,1774584472.9930937,68.0392080004485,10.91312000016842,14.697408000301948,13723,0.0
5488,1774584473.008208,66.2045413142094,10.856448000140517,15.104703999895719,13723,0.0
5489,1774584473.0227494,68.81607719683994,10.871903999941424,14.5314880001024,13723,0.0
5490,1774584473.0388534,62.13662501656316,10.892064000017854,16.093568000087544,13723,0.0
5491,1774584473.0542536,64.98273018925244,11.133439999866823,15.388704000088183,13723,0.0
5492,1774584473.0705535,61.39585691016099,10.955167999782134,16.287743999782833,13723,0.0
5493,1774584473.08712,60.40328130082408,10.929791999842564,16.555391999645508,13723,0.0
5494,1774584473.1079788,47.96740979040435,15.050784000322892,20.84748800007219,13723,0.0
5495,1774584473.1246755,59.93088291223153,12.149503999808076,16.685887999756233,13723,0.0
5496,1774584473.1410644,61.06079701600872,11.119392000182415,16.37711999956082,13723,0.0
5497,1774584473.1565294,64.71091305553821,10.900415999913093,15.453343999979552,13723,0.0
5498,1774584473.1719646,64.82245906262,10.872704000121303,15.426752000166744,13723,0.0
5499,1774584473.1873918,64.86403460461432,10.862208000162354,15.416864000144415,13723,0.0
5500,1774584473.2028053,64.92022602694956,10.88035199973092,15.403519999836135,13723,0.0
5501,1774584473.2182424,64.81896322842694,10.910751999745116,15.42758400000821,13723,0.0
5502,1774584473.2336469,64.96071176173204,10.88796799967895,15.393919999951322,13723,0.0
5503,1774584473.248984,65.24376113060164,10.883232000196585,15.327135999996244,13723,0.0
5504,1774584473.2633414,69.70825144852154,10.849696000150288,14.345504000175424,13723,0.0
5505,1774584473.277673,69.83068572547482,10.89548800018747,14.320352000140701,13723,0.0
5506,1774584473.2920039,69.83068572547482,10.867552000036085,14.320352000140701,13723,0.0
5507,1774584473.3065453,68.82244250194337,10.950368000067101,14.53014400021857,13723,0.0
5508,1774584473.3210921,68.79229350335933,10.92902399977902,14.53651199972228,13723,0.0
5509,1774584473.3364925,64.97502879544338,10.897855999701278,15.390528000352788,13723,0.0
5510,1774584473.3512838,67.65548312701131,10.830912000074022,14.780767999582167,13723,0.0
5511,1774584473.3663588,66.38399476707465,10.942976000023918,15.063871999700496,13723,0.0
5512,1774584473.3815184,66.01838374267511,11.109311999916827,15.147296000122878,13723,0.0
5513,1774584473.3966885,65.97475858448524,10.881567999604158,15.157312000155798,13723,0.0
5514,1774584473.4125085,63.25232313170137,10.937856000055035,15.80969599990567,13723,0.0
5515,1774584473.4276237,66.2049620883841,11.20950399990761,15.104608000001463,13723,0.0
5516,1774584473.4425387,67.0968018980878,11.197631999948499,14.903839999988122,13723,0.0
5517,1774584473.4573107,67.74524319892258,10.874719999719673,14.761184000235517,13723,0.0
5518,1774584473.4719105,68.5461847749712,10.964351999973587,14.588703999834252,13683,0.0
5519,1774584473.4874358,64.45903911553188,10.898527999870566,15.513728000314586,13683,0.0
5520,1774584473.5018878,69.24471192178376,10.92640000024403,14.441535999594635,13683,0.0
5521,1774584473.5167522,67.32679240087934,10.88774400022885,14.852927999982057,13683,0.0
5522,1774584473.5312161,69.18921312553462,10.890368000218587,14.453119999870978,13683,0.0
5523,1774584473.5465634,65.33952508212494,10.927327999979752,15.30467199972918,13683,0.0
5524,1774584473.5610685,69.00358818541555,10.922943999958079,14.492000000245753,13683,0.0
5525,1774584473.5757096,68.35561544160608,10.948831999940012,14.62937599990255,13683,0.0
5526,1774584473.5907786,66.41277505684677,11.1199680000027,15.057343999615114,13683,0.0
5527,1774584473.6066818,62.927656352781504,10.984384000039427,15.891263999947114,13683,0.0
5528,1774584473.6212397,68.74538031110032,10.911135999776889,14.546431999860943,13683,0.0
5529,1774584473.6357882,68.79017346136423,10.856672000045364,14.53695999998672,13683,0.0
5530,1774584473.6503701,68.63078832097963,10.99638400000913,14.570719999937864,13683,0.0
5531,1774584473.6660073,64.00081921113576,10.960032000184583,15.624799999841343,13683,0.0
5532,1774584473.6828477,59.422395302584455,11.945568000101048,16.828671999974176,13683,0.0
5533,1774584473.6977293,67.25115994697885,11.329663999731565,14.869632000227284,13683,0.0
5534,1774584473.7124646,67.91839360571188,10.917791999872861,14.723551999850315,13683,0.0
5535,1774584473.7269902,68.89618392272202,10.943199999928765,14.51459200006866,13683,0.0
5536,1774584473.744219,58.083558542617894,11.598719999710738,17.21657600000981,13683,0.0
5537,1774584473.7620766,56.03682471259471,12.83084799979406,17.84540799962997,13683,0.0
5538,1774584473.7837498,46.164096003998374,18.023583999820403,21.66185599980963,13683,0.0
5539,1774584473.802583,53.13333662036663,13.853951999863057,18.820576000052824,13683,0.0
5540,1774584473.8207908,54.960129723431145,13.587360000201443,18.195008000020607,13683,0.0
5541,1774584473.8363514,64.31152709490547,10.926976000064315,15.549312000075588,13683,0.0
5542,1774584473.8599236,42.44343817709349,15.419871999711177,23.56076799969742,13683,0.0
5543,1774584473.8749123,66.76779762396006,11.361696000221855,14.977280000039173,13683,0.0
5544,1774584473.889432,68.92824845012034,10.893568000028608,14.507840000078431,13683,0.0
5545,1774584473.9038367,69.47717591438814,10.871488000248064,14.39321599991672,13683,0.0
5546,1774584473.918293,69.2249245169033,10.964896000132285,14.445664000049874,13683,0.0
5547,1774584473.9329147,68.44409595839083,10.902336000071955,14.610463999815693,13683,0.0
5548,1774584473.9486096,63.76353827540731,10.992767999596254,15.682943999763665,13683,0.0
5549,1774584473.9631743,68.71560097210573,10.927584000000934,14.55273599958673,13683,0.0
5550,1774584473.9778755,68.0773009584841,10.964351999973587,14.689183999962552,13723,0.0
5551,1774584473.99333,64.75060140505082,10.900736000166944,15.443871999650582,13723,0.0
5552,1774584474.0077906,69.20668104786684,10.913439999967522,14.449471999796515,13723,0.0
5553,1774584474.0222447,69.23949553589462,10.937311999896338,14.442624000366777,13723,0.0
5554,1774584474.0366645,69.3915526614135,10.888192000038543,14.41097599990826,13723,0.0
5555,1774584474.0511577,69.05268554144482,10.942335999970965,14.481696000075317,13723,0.0
5556,1774584474.0656686,68.96460405483113,10.952160000215372,14.500192000014067,13723,0.0
5557,1774584474.080199,68.87431814427323,10.956895999697736,14.51919999999518,13723,0.0
5558,1774584474.0972214,58.78900297545463,11.07830399996601,17.00998400019671,13723,0.0
5559,1774584474.112992,63.45937888931465,11.01360000029672,15.758112000185065,13723,0.0
5560,1774584474.1356933,44.07349060632019,17.411200000424287,22.689376000016637,13723,0.0
5561,1774584474.155311,51.00458633265494,15.614176000326552,19.60607999990316,13723,0.0
5562,1774584474.17443,52.33839578164175,15.055391999794665,19.10643200017148,13723,0.0
5563,1774584474.1956253,47.209217656572946,17.493215999820677,21.182303999921714,13723,0.0
5564,1774584474.210245,68.46073968226978,11.022687999684422,14.606912000090233,13723,0.0
5565,1774584474.2292717,52.592605058895,15.398816000015358,19.014080000033573,13723,0.0
5566,1774584474.244411,66.10440900407156,10.93475200013927,15.12758400031089,13723,0.0
5567,1774584474.2589824,68.68071489441476,10.943392000172025,14.56012800008466,13723,0.0
5568,1774584474.2735147,68.86733616788554,10.947039999791741,14.5206719998896,13723,0.0
5569,1774584474.2880108,69.0359052975386,10.939455999960046,14.48521600013919,13723,0.0
5570,1774584474.306657,53.66234791978209,15.09795199990549,18.63504000039029,13723,0.0
5571,1774584474.3246121,55.73012708209255,12.988896000024397,17.943616000138718,13723,0.0
5572,1774584474.3393161,68.0632149355446,10.931903999789938,14.692224000100396,13723,0.0
5573,1774584474.3545947,65.4997579146656,10.9589120002056,15.267231999587239,13723,0.0
5574,1774584474.369251,68.28302604126274,10.905152000304952,14.64492800005246,13723,0.0
5575,1774584474.3837454,69.04566735689937,10.926464000021952,14.483167999969737,13723,0.0
5576,1774584474.3983734,68.41457701184407,10.939839999991818,14.616767999996227,13723,0.0
5577,1774584474.4134667,66.3020232190392,10.88995200007048,15.082496000104584,13723,0.0
5578,1774584474.42793,69.19334946779296,10.905151999850204,14.452255999913177,13723,0.0
5579,1774584474.4423606,69.3561309718012,10.946463999971456,14.418335999835108,13723,0.0
5580,1774584474.4567966,69.32043788336784,10.89155199997549,14.425759999994625,13723,0.0
5581,1774584474.4722912,64.58493073406791,10.980192000261013,15.483487999972567,13723,0.0
5582,1774584474.490163,55.98943636115635,11.115840000002208,17.860511999970186,13603,0.0
5583,1774584474.511988,45.844103642044445,15.801504000137356,21.813055999700737,13603,0.0
5584,1774584474.5361972,41.32936395128707,18.948191999697883,24.195871999836527,13603,0.0
5585,1774584474.5554395,52.00264256681075,15.32489600003828,19.229791999805457,13603,0.0
5586,1774584474.575164,50.72640207734377,15.713536000021122,19.713600000159204,13603,0.0
5587,1774584474.5955923,48.980346734418056,16.778751999936503,20.416351999756444,13603,0.0
5588,1774584474.6103017,68.04054127535272,11.007168000105594,14.697120000164432,13603,0.0
5589,1774584474.6265965,61.41359353058951,10.972288000175467,16.283039999962057,13603,0.0
5590,1774584474.6410391,69.29369216638999,10.918175999904633,14.43132800022795,13603,0.0
5591,1774584474.6565816,64.38718849460925,10.89776000026177,15.531040000041685,13603,0.0
5592,1774584474.6717746,65.86740522502868,10.85603199999241,15.18201599992608,13603,0.0
5593,1774584474.6868873,66.22011353761127,10.914336000041658,15.10115200017026,13603,0.0
5594,1774584474.7012649,69.60903113170299,10.889312000017526,14.365951999934623,13603,0.0
5595,1774584474.7156448,69.60267452377028,10.86499199982427,14.367264000156865,13603,0.0
5596,1774584474.7301176,69.1443579295623,10.925024000243866,14.462496000305691,13603,0.0
5597,1774584474.745422,65.39366989256222,10.866880000321544,15.292000000044936,13603,0.0
5598,1774584474.759822,69.49679869874556,10.878080000111368,14.389152000148897,13603,0.0
5599,1774584474.7760563,61.64145777658744,10.873600000195438,16.222847999870282,13603,0.0
5600,1774584474.7904813,69.37891990946584,10.935360000075889,14.413599999897997,13603,0.0
5601,1774584474.8048391,69.70358689068502,10.891903999890928,14.346464000027481,13603,0.0
5602,1774584474.819286,69.27095917696589,10.899551999955293,14.436063999710314,13603,0.0
5603,1774584474.834444,66.01852321314054,10.973279999689112,15.147264000006544,13603,0.0
5604,1774584474.849521,66.37652161558194,10.950079999929585,15.06556799995451,13603,0.0
5605,1774584474.8661153,60.306530860314794,11.434944000029645,16.58195199979673,13603,0.0
5606,1774584474.8910573,40.111979811617005,18.80044800009273,24.930208000114362,13603,0.0
5607,1774584474.9107072,50.92263670194612,15.85308800031271,19.637631999557925,13603,0.0
5608,1774584474.9298806,52.19337436454938,13.458880000143836,19.15951999990284,13603,0.0
5609,1774584474.946635,59.731104901819585,12.037471999974514,16.741695999826334,13603,0.0
5610,1774584474.9697578,43.26960355352097,19.471487999908277,23.110911999992823,13603,0.0
5611,1774584474.9863296,60.38624005389071,12.715616000150476,16.560063999804697,13603,0.0
5612,1774584475.0008566,68.89572824455854,10.895807999986573,14.514687999962916,13442,0.0
5613,1774584475.0163643,64.52558723487968,10.911679999935586,15.497727999900235,13442,0.0
5614,1774584475.0309148,68.77896970225007,10.933183999895846,14.539327999955276,13442,0.0
5615,1774584475.0453317,69.41883660799745,10.872704000121303,14.405311999780679,13442,0.0
5616,1774584475.0597286,69.5104020930587,10.895967999658751,14.3863359999159,13442,0.0
5617,1774584475.074235,68.99201017332284,10.978463999890664,14.49443199999223,13442,0.0
5618,1774584475.0904427,61.74644636817896,11.034879999897385,16.195264000089082,13442,0.0
5619,1774584475.1062768,63.206778194007335,11.696768000092561,15.821087999938754,13442,0.0
5620,1774584475.1207886,68.96932244515902,10.896640000282787,14.499200000045676,13442,0.0
5621,1774584475.1353908,68.53551126437789,10.917247999714164,14.59097599990855,13442,0.0
5622,1774584475.1498928,69.01318869766104,10.966144000121858,14.489983999737888,13442,0.0
5623,1774584475.1643121,69.40835210154097,10.888895999869419,14.407487999960722,13442,0.0
5624,1774584475.1788266,68.95060488864164,10.90489600028377,14.503136000257655,13442,0.0
5625,1774584475.1932518,69.37691757777995,10.896576000050118,14.414016000046104,13442,0.0
5626,1774584475.207645,69.52988895114548,10.88748799975292,14.382304000264412,13442,0.0
5627,1774584475.2232914,63.948301125274035,10.90291199989224,15.637631999652513,13442,0.0
5628,1774584475.2379344,68.34186239707802,10.934272000213241,14.632320000146137,13442,0.0
5629,1774584475.252308,69.62485016564187,10.876895999899716,14.36268800034668,13442,0.0
5630,1774584475.2667217,69.4234631314866,10.903071999564418,14.404351999928622,13442,0.0
5631,1774584475.2812755,68.76262481677598,10.876831999667047,14.542784000241227,13442,0.0
5632,1774584475.2957106,69.33181875651667,10.932384000170714,14.42339200002607,13442,0.0
5633,1774584475.3113608,63.94502978186297,12.044191999848408,15.638432000287139,13442,0.0
5634,1774584475.327988,60.186897167955586,10.945215999981883,16.61491200002274,13442,0.0
5635,1774584475.3506198,44.21041611617612,16.86396800005241,22.619103999659274,13442,0.0
5636,1774584475.368477,56.036824711166744,12.046944000303483,17.845408000084717,13442,0.0
5637,1774584475.390405,45.629030869250556,15.4615679998642,21.915871999681258,13442,0.0
5638,1774584475.4057753,65.10877853843485,11.894463999851723,15.358912000010605,13442,0.0
5639,1774584475.420118,69.77159570371339,10.897055999976146,14.332480000120995,13442,0.0
5640,1774584475.4344645,69.75570992259502,10.92067199988378,14.335744000163686,13442,0.0
5641,1774584475.4488502,69.56533353516966,10.905279999860795,14.374975999999151,13442,0.0
5642,1774584475.463267,69.41112710494912,10.887263999848074,14.40691199968569,13442,0.0
5643,1774584475.4776785,69.44351853177163,10.933856000065134,14.400191999811796,13442,0.0
5644,1774584475.4920926,69.43318083796056,10.891968000123597,14.402336000330251,13442,0.0
5645,1774584475.5104299,54.567233816150875,13.333055999737553,18.326016000173695,13483,0.0
5646,1774584475.5252078,67.71544345395809,10.892864000197733,14.767680000204564,13483,0.0
5647,1774584475.539677,69.15705844505851,10.897407999891584,14.45984000019962,13483,0.0
5648,1774584475.5539978,69.8750299072769,10.891360000186978,14.311263999843504,13483,0.0
5649,1774584475.5683367,69.786865329899,10.864735999803088,14.329344000088895,13483,0.0
5650,1774584475.5827768,69.30229773115907,10.901311999987229,14.429536000079679,13483,0.0
5651,1774584475.5972202,69.2860104332806,10.933311999906437,14.43292800013296,13483,0.0
5652,1774584475.6129122,63.77355795271082,10.915616000147566,15.680479999900854,13483,0.0
5653,1774584475.6358092,43.69706537535255,16.805056000066543,22.884831999817834,13483,0.0
5654,1774584475.659379,42.44874229486903,17.67059200028598,23.557823999908578,13483,0.0
5655,1774584475.6798556,48.86324545700304,16.627775999950245,20.465280000280472,13483,0.0
5656,1774584475.7007046,47.99120340382765,16.35772800000268,20.837152000240167,13483,0.0
5657,1774584475.716209,64.54837823484021,11.934048000057373,15.492256000015914,13483,0.0
5658,1774584475.7309644,67.82567174632514,10.952799999813578,14.74367999981041,13483,0.0
5659,1774584475.7561738,39.68601693394981,17.72422399972129,25.197791999744368,13483,0.0
5660,1774584475.7706926,68.93296186902639,10.900159999891912,14.506847999655292,13483,0.0
5661,1774584475.7861798,64.61992113284154,10.938976000034017,15.475103999960993,13483,0.0
5662,1774584475.8014634,65.47231202063493,10.89068800001769,15.273632000116777,13483,0.0
5663,1774584475.815885,69.39293946381386,10.886848000154714,14.410687999770744,13483,0.0
5664,1774584475.8303757,69.06214709393656,11.007872000391217,14.479711999683786,13483,0.0
5665,1774584475.8453863,66.6672355610231,10.878944000069168,14.99987199986208,13483,0.0
5666,1774584475.8597825,69.51395840080116,10.861887999908504,14.385600000423437,13483,0.0
5667,1774584475.874153,69.6357105296853,10.920287999852007,14.360447999933967,13483,0.0
5668,1774584475.8884563,69.96388743908268,10.834784000053332,14.293088000158605,13483,0.0
5669,1774584475.9028826,69.36629175408507,10.881184000027133,14.416224000342481,13483,0.0
5670,1774584475.9172122,69.83599157137822,10.871135999877879,14.319263999823306,13483,0.0
5671,1774584475.9326506,64.81694657244502,10.891263999837975,15.428063999934238,13483,0.0
5672,1774584475.9470549,69.47439562741202,10.897279999880993,14.393792000191752,13483,0.0
5673,1774584475.9614782,69.38585194666724,10.92412800016973,14.412160000119911,13483,0.0
5674,1774584475.9771662,63.7906116545058,11.009887999989587,15.67628800012244,13483,0.0
5675,1774584475.9933145,61.97285886220038,11.334144000102242,16.136096000082034,13483,0.0
5676,1774584476.016019,44.06522499345977,17.81407999988005,22.69363200002772,13483,0.0
5677,1774584476.0453625,34.09428132548451,15.662239999983285,29.330431999824214,13523,0.0
5678,1774584476.0622478,59.26754793488497,10.967744000026869,16.8726400002015,13523,0.0
5679,1774584476.0866678,40.970549712805955,12.566624000101001,24.407776000316517,13523,0.0
5680,1774584476.1091466,44.51091407661208,12.975647999610374,22.466399999757414,13523,0.0
5681,1774584476.125725,60.36431068841829,11.582527999962622,16.566079999847716,13523,0.0
5682,1774584476.1407266,66.71434518531963,11.092671999904269,14.989280000008876,13523,0.0
5683,1774584476.155158,69.34905097122102,10.904223999659735,14.419808000184275,13523,0.0
5684,1774584476.169479,69.87112410888926,10.842400000001362,14.312064000023383,13523,0.0
5685,1774584476.1838033,69.85769149937684,10.833152000031987,14.314816000023711,13523,0.0
5686,1774584476.198267,69.18921312553462,10.951360000035493,14.453119999870978,13523,0.0
5687,1774584476.2126486,69.58872506914123,10.88921600012327,14.370143999713036,13523,0.0
5688,1774584476.2270849,69.3215142920011,10.914816000422434,14.425536000089778,13523,0.0
5689,1774584476.2414682,69.57571061879048,10.938240000086807,14.372831999935443,13523,0.0
5690,1774584476.2558107,69.7664553958812,10.859519999939948,14.333535999867308,13523,0.0
5691,1774584476.2705393,67.94261077966425,10.913600000094448,14.718303999870841,13523,0.0
5692,1774584476.284922,69.58361166819594,10.894848000134516,14.371199999914097,13523,0.0
5693,1774584476.2992527,69.83708404850718,10.83593600014865,14.319040000373207,13523,0.0
5694,1774584476.3135517,69.98786130487198,10.867039999993722,14.288192000094568,13523,0.0
5695,1774584476.3279176,69.65790723067032,10.866527999951359,14.355872000123782,13523,0.0
5696,1774584476.3423412,69.38215468909738,10.954079999919486,14.412927999728709,13523,0.0
5697,1774584476.356792,69.25760282343738,10.934399999769084,14.438847999826976,13523,0.0
5698,1774584476.3724737,63.81875066369348,10.978719999911846,15.669376000005286,13523,0.0
5699,1774584476.3928783,49.035991633010646,15.448575999926106,20.39318400011325,13523,0.0
5700,1774584476.4159975,43.277213751089846,17.473440000230767,23.106847999770252,13523,0.0
5701,1774584476.4381022,45.263943104603946,17.367840000133583,22.09264000020994,13523,0.0
5702,1774584476.4562178,55.239829243288135,13.44115200026863,18.102879999787547,13523,0.0
5703,1774584476.4782302,45.45196708856926,16.238528000030783,22.00124799992409,13523,0.0
5704,1774584476.492776,68.80637994644214,10.89948800017737,14.533536000271852,13523,0.0
5705,1774584476.5071929,69.42284622591167,10.905536000336724,14.404479999939213,13523,0.0
5706,1774584476.5215933,69.49278053406242,10.891295999954309,14.389983999990363,13523,0.0
5707,1774584476.5374613,63.05946356009559,11.083903999860922,15.858048000154668,13483,0.0
5708,1774584476.551981,68.9132002418925,10.987200000272423,14.511007999772119,13483,0.0
5709,1774584476.5664492,69.16976362710257,10.961632000089594,14.457184000093548,13483,0.0
5710,1774584476.5809615,68.96140809393948,10.975872000017262,14.500863999728608,13483,0.0
5711,1774584476.5962417,65.49234525486855,10.908511999787152,15.268959999957588,13483,0.0
5712,1774584476.610647,69.47424117525608,10.878336000132549,14.393823999853339,13483,0.0
5713,1774584476.6261117,64.71024306158071,10.917695999978605,15.453504000106477,13483,0.0
5714,1774584476.641524,64.92616077513772,10.89644799958478,15.402112000174384,13483,0.0
5715,1774584476.6569152,65.01368928124165,10.884640000313084,15.381376000277669,13483,0.0
5716,1774584476.672073,66.01922057232508,10.844832000202587,15.147103999879619,13483,0.0
5717,1774584476.6864884,69.41451907250763,10.902112000167108,14.406208000309562,13483,0.0
5718,1774584476.7071438,48.43669595147864,16.070207999746344,20.645503999730863,13483,0.0
5719,1774584476.7227328,64.19474116809074,12.055744000008417,15.577599999687664,13483,0.0
5720,1774584476.737143,69.45138958222007,10.89215999991211,14.398560000245197,13483,0.0
5721,1774584476.7516205,69.12630980562402,10.912511999777053,14.466271999935998,13483,0.0
5722,1774584476.7660036,69.57524590757352,10.890879999806202,14.372927999829699,13483,0.0
5723,1774584476.7811189,66.20510234630211,11.584192000100302,15.104576000339875,13483,0.0
5724,1774584476.7965436,64.8822154199164,10.899519999838958,15.41254400035541,13483,0.0
5725,1774584476.8118913,65.20713960833558,11.241791999964335,15.335743999912665,13483,0.0
5726,1774584476.8285103,60.21507862663039,10.967839999921125,16.607135999947786,13483,0.0
5727,1774584476.8430448,68.8545901218649,10.906271999829187,14.523360000112007,13483,0.0
5728,1774584476.8577464,68.11870310593854,10.941600000023755,14.680256000247027,13483,0.0
5729,1774584476.8728888,66.09308444382108,10.917855999650783,15.130175999729545,13483,0.0
5730,1774584476.888577,63.787747037376676,10.928352000064478,15.676991999953316,13483,0.0
5731,1774584476.9043658,63.38061019814668,11.27967999991597,15.777695999986463,13483,0.0
5732,1774584476.919452,66.3367870917327,10.927392000212421,15.074592000019038,13483,0.0
5733,1774584476.933945,69.05238037435603,10.97142399976292,14.481759999853239,13483,0.0
5734,1774584476.9484391,69.0748174212877,10.928191999937553,14.477056000032462,13483,0.0
5735,1774584476.9630654,68.42551253378484,10.92515199979971,14.614432000144006,13483,0.0
5736,1774584476.9775994,68.85853482346077,10.911328000020148,14.522527999815793,13483,0.0
5737,1774584476.992021,69.39540502620156,10.883104000185995,14.41017599972838,13483,0.0
5738,1774584477.006451,69.35536133606676,10.958015999676718,14.418495999962033,13483,0.0
5739,1774584477.0208447,69.52756851432652,10.887647999879846,14.38278400019044,13483,0.0
5740,1774584477.0352957,69.25253796905788,10.934303999874828,14.43990399957329,13483,0.0
5741,1774584477.0513122,62.478382480682264,11.05708799968852,16.00553599973864,13643,0.0
5742,1774584477.0658133,69.00754997826829,10.993024000072182,14.491167999949539,13643,0.0
5743,1774584477.0863256,48.77843197232941,11.769343999731063,20.500864000041474,13643,0.0
5744,1774584477.1047595,54.28117823967437,12.964256000032037,18.42259200020635,13643,0.0
5745,1774584477.1254635,48.326735123145276,14.908703999935824,20.692479999979696,13643,0.0
5746,1774584477.1436782,54.938100143294285,12.180351999631966,18.202304000169534,13643,0.0
5747,1774584477.1605477,59.317835401878234,10.756959999980609,16.858336000041163,13643,0.0
5748,1774584477.1752698,67.97896893896026,10.871583999687573,14.71043199990163,13643,0.0
5749,1774584477.189705,69.33289552081237,10.941504000129498,14.423167999666475,13643,0.0
5750,1774584477.204093,69.55495954653142,10.888352000165469,14.37712000006286,13643,0.0
5751,1774584477.2185602,69.1749695087446,10.905984000146418,14.456095999776153,13643,0.0
5752,1774584477.2329118,69.73033883353203,10.868928000036249,14.340960000026826,13643,0.0
5753,1774584477.247337,69.37245125719082,10.898079999606125,14.414943999781826,13643,0.0
5754,1774584477.2617202,69.5800482279945,10.919456000010541,14.371935999861307,13643,0.0
5755,1774584477.276107,69.56192681054557,10.874367999804235,14.375679999830027,13643,0.0
5756,1774584477.290496,69.55077985888447,10.90697600011481,14.37798400002066,13643,0.0
5757,1774584477.308866,54.47107280993309,14.840415999969991,18.35836800000834,13643,0.0
5758,1774584477.3245637,63.752221126022214,12.19932800040624,15.685728000335075,13643,0.0
5759,1774584477.3399763,64.92953327614926,10.843263999959163,15.401311999994505,13643,0.0
5760,1774584477.3553925,64.90701161942945,10.873247999825253,15.406655999868235,13643,0.0
5761,1774584477.3708515,64.7322260837585,10.889375999795448,15.448256000127003,13643,0.0
5762,1774584477.3863363,64.62205917967067,10.948703999929421,15.47459199991863,13643,0.0
5763,1774584477.4021533,63.27307037501198,10.937344000012672,15.804511999704118,13643,0.0
5764,1774584477.4179277,63.43129832164061,10.930944000392628,15.76508800008014,13643,0.0
5765,1774584477.4336379,63.693358770606096,10.921311999936734,15.700223999829177,13643,0.0
5766,1774584477.4483418,68.06010197122443,10.932191999927454,14.692895999814937,13643,0.0
5767,1774584477.462993,68.31258088323634,10.915071999988868,14.63859199975559,13643,0.0
5768,1774584477.477824,67.47638326436753,10.93763199969544,14.820000000327127,13643,0.0
5769,1774584477.4922812,69.22569125825265,10.928224000053888,14.445504000377696,13643,0.0
5770,1774584477.5077214,64.81439232154072,10.955071999887878,15.428671999870858,13643,0.0
5771,1774584477.5231345,64.9254863165926,10.854143999949883,15.40227200030131,13643,0.0
5772,1774584477.5381906,66.46320065541273,11.001375999967422,15.045919999920443,13643,0.0
5773,1774584477.5529826,67.65182151077163,11.055872000270028,14.781568000216794,13643,0.0
5774,1774584477.5689034,62.85298234919664,10.856288000013592,15.910143999917636,13683,0.0
5775,1774584477.5834398,68.84382035750141,10.932575999959226,14.525632000186306,13683,0.0
5776,1774584477.6047826,46.88151653127973,16.04364800004987,21.33036799978072,13683,0.0
5777,1774584477.6193264,68.81092519333153,10.88713600029223,14.532575999965047,13683,0.0
5778,1774584477.6337938,69.17527576032775,10.958240000036312,14.456031999998231,13683,0.0
5779,1774584477.6481786,69.57075401550105,10.88454399996408,14.373855999565421,13683,0.0
5780,1774584477.6627166,68.84124218290863,10.920383999746264,14.526175999890256,13683,0.0
5781,1774584477.6771185,69.48876283399676,10.907263999797578,14.39081599983183,13683,0.0
5782,1774584477.6916444,68.89269054057246,10.922815999947488,14.51532800001587,13683,0.0
5783,1774584477.7061293,69.09146383431865,10.889248000239604,14.473567999630177,13683,0.0
5784,1774584477.7218113,63.817838362545,11.210271999971155,15.669599999910133,13683,0.0
5785,1774584477.7405343,53.451879624060425,12.357535999854008,18.708416000208672,13683,0.0
5786,1774584477.7616878,47.301326859923314,16.45820800013098,21.141055999578384,13683,0.0
5787,1774584477.776534,67.4098649221805,10.897216000103072,14.83462399983182,13683,0.0
5788,1774584477.7959418,51.556171480106,13.71878400004789,19.396319999941625,13683,0.0
5789,1774584477.81122,65.50332757013132,11.005824000221764,15.266399999745772,13683,0.0
5790,1774584477.826634,65.02045283206787,10.892831999626651,15.379776000372658,13683,0.0
5791,1774584477.8411827,68.7913848973172,10.970463999910862,14.536703999965539,13683,0.0
5792,1774584477.8556178,69.33304934513971,10.87692800001605,14.423136000004888,13683,0.0
5793,1774584477.870466,67.38718845650344,10.925088000021788,14.839615999790112,13683,0.0
5794,1774584477.8854113,66.95921594549466,10.87920000009035,14.934463999907166,13683,0.0
5795,1774584477.9049456,51.22043965956074,16.00566400020398,19.523456000115402,13683,0.0
5796,1774584477.920891,62.75957359616648,11.91744000016115,15.933824000057939,13683,0.0
5797,1774584477.9354136,68.90666619518586,10.882047999984934,14.51238400022703,13683,0.0
5798,1774584477.9497728,69.69612489691394,10.92012800017983,14.347999999699823,13683,0.0
5799,1774584477.9641922,69.40449830138064,10.893791999933455,14.408287999685854,13683,0.0
5800,1774584477.9796956,64.54891155041169,10.917215999597829,15.492128000005323,13683,0.0
5801,1774584477.9940667,69.63819337188416,10.918495999703737,14.359936000346352,13683,0.0
5802,1774584478.0083601,70.01169475277173,10.847488000308658,14.283328000146867,13683,0.0
5803,1774584478.02268,69.88909439470596,10.887232000186486,14.308383999832586,13683,0.0
5804,1774584478.0370636,69.57524590537221,10.901472000114154,14.372928000284446,13683,0.0
5805,1774584478.0514517,69.55418549394804,10.883391999868763,14.377279999735038,13683,0.0
5806,1774584478.0658116,69.68928613729572,10.888799999975163,14.349407999816322,13683,0.0
5807,1774584478.0813417,64.43830419079147,10.83353600006376,15.518719999818131,13683,0.0
5808,1774584478.0969632,64.05723129151794,10.84348799986401,15.611040000294452,13683,0.0
5809,1774584478.1125462,64.21597940133287,10.857471999770496,15.572448000057193,13683,0.0
5810,1774584478.1282306,63.80259375457653,12.139680000018416,15.673343999878853,13683,0.0
5811,1774584478.143504,65.52145644302367,11.755775999972684,15.262175999851024,13683,0.0
5812,1774584478.1586223,66.19234117539465,10.871967999719345,15.107488000012381,13683,0.0
5813,1774584478.1733356,68.01403374334302,11.258623999765405,14.702848000069935,13683,0.0
5814,1774584478.1877954,69.20468864560281,10.931040000286885,14.449887999944622,13683,0.0
5815,1774584478.20518,57.56156324435719,12.014368000109243,17.372703999626538,13683,0.0
5816,1774584478.2195642,69.57090889488094,10.876096000174584,14.373824000358582,13683,0.0
5817,1774584478.2390654,51.30865811042235,15.45516799978941,19.48988799995277,13683,0.0
5818,1774584478.2546759,64.10769271721205,12.071520000063174,15.598752000187233,13683,0.0
5819,1774584478.2690747,69.50406348490029,10.872767999899224,14.387648000138142,13683,0.0
5820,1774584478.2833614,70.04103844416568,10.852063999664097,14.277344000220182,13683,0.0
5821,1774584478.2976978,69.80416859149084,10.918336000031559,14.325792000363435,13683,0.0
5822,1774584478.3120117,69.89972465048044,10.854688000108581,14.30620800010729,13683,0.0
5823,1774584478.3263311,69.88409303905365,10.898559999986901,14.309407999917312,13683,0.0
5824,1774584478.340621,70.03177762035442,10.83833600023354,14.279231999807962,13683,0.0
5825,1774584478.3552063,68.61888304027462,10.853215999759414,14.573247999578598,13683,0.0
5826,1774584478.3695364,69.83396277025717,10.86518400006753,14.319679999971413,13683,0.0
5827,1774584478.384941,64.96300746398515,10.85977599996113,15.393376000247372,13683,0.0
5828,1774584478.3993514,69.44552470759095,10.854079999717214,14.399776000118436,13683,0.0
5829,1774584478.4137585,69.46312230820216,10.864832000152091,14.396127999589226,13683,0.0
5830,1774584478.4282935,68.84973572839745,10.845343999790202,14.524383999741985,13683,0.0
5831,1774584478.4436672,65.09386014042263,10.871871999825089,15.36243199961973,13683,0.0
5832,1774584478.4581606,69.05039684643434,10.957087999940995,14.482176000001346,13683,0.0
5833,1774584478.4735098,65.1946242070908,10.959967999951914,15.338688000156253,13683,0.0
5834,1774584478.4891527,63.97304329512176,10.883232000196585,15.631583999947907,13683,0.0
5835,1774584478.5083377,52.153044570524486,15.639167999779602,19.174335999650793,13683,0.0
5836,1774584478.523316,66.81619239568853,11.356288000115455,14.966432000164787,13683,0.0
5837,1774584478.5385904,65.5145882634933,10.949407999760297,15.263776000210783,13683,0.0
5838,1774584478.5533338,67.87826657316732,10.955136000120547,14.73225600011574,13683,0.0
5839,1774584478.5747802,46.65348923313404,15.82825600007709,21.434623999994074,13683,0.0
5840,1774584478.5943992,51.001589617549165,13.985695999963355,19.607231999998476,13683,0.0
5841,1774584478.609478,66.36764062503276,10.931648000223504,15.067584000007628,13683,0.0
5842,1774584478.6238666,69.54938674056235,10.858335999728297,14.378272000158177,13683,0.0
5843,1774584478.6384385,68.66698161822316,10.918496000158484,14.563040000211913,13683,0.0
5844,1774584478.6527526,69.90738669255057,10.837727999842173,14.304640000318614,13683,0.0
5845,1774584478.6674657,68.01373768749673,10.869855999771971,14.702911999847856,13683,0.0
5846,1774584478.681774,69.9425911208949,10.85971199972846,14.297440000063943,13683,0.0
5847,1774584478.6961327,69.68648885081151,10.857440000108909,14.349983999636606,13683,0.0
5848,1774584478.7105157,69.57865393693292,10.927232000085496,14.372223999998823,13683,0.0
5849,1774584478.7251308,68.47123988754718,10.900863999722787,14.604672000132268,13683,0.0
5850,1774584478.7411463,62.479381803332444,11.428927999986627,16.005280000172206,13683,0.0
5851,1774584478.755501,69.71742690202629,10.85382400015078,14.343616000132897,13683,0.0
5852,1774584478.7697933,70.01451820889521,10.853248000330495,14.282752000326582,13683,0.0
5853,1774584478.7841094,69.89737946320427,10.843935999673704,14.306688000033319,13683,0.0
5854,1774584478.7985039,69.51117517143253,10.913023999819416,14.386176000243722,13683,0.0
5855,1774584478.8136866,65.91325183209368,10.890848000144615,15.17145600018921,13683,0.0
5856,1774584478.8281212,69.32997295548613,10.85737599987624,14.423776000057842,13683,0.0
5857,1774584478.8424253,69.95840552973446,10.898047999944538,14.294208000137587,13683,0.0
5858,1774584478.8566647,70.28031161752624,10.814272000061464,14.228735999950004,13683,0.0
5859,1774584478.872223,64.31457131455275,10.885215999678621,15.548576000128378,13683,0.0
5860,1774584478.887736,64.51053534513763,10.908000000199536,15.501343999858364,13683,0.0
5861,1774584478.9033957,63.89848218156293,10.87305600003674,15.649823999865475,13683,0.0
5862,1774584478.9190753,63.819011327013676,10.831711999799154,15.669311999772617,13683,0.0
5863,1774584478.934546,64.68412413533399,10.84809599979053,15.459744000054343,13683,0.0
5864,1774584478.9499385,65.00300573740867,10.892960000091989,15.38390400037315,13683,0.0
5865,1774584478.9643073,69.64828174873614,10.887295999964408,14.357856000060565,13683,0.0
5866,1774584478.97873,69.38569788576282,10.901472000114154,14.412192000236246,13683,0.0
5867,1774584478.9932399,68.9719102244922,10.955520000152319,14.498655999886978,13683,0.0
5868,1774584479.0080066,67.77198252033749,10.918719999608584,14.75535999998101,13683,0.0
5869,1774584479.0233552,65.20183357836555,10.860863999823778,15.336992000356986,13683,0.0
5870,1774584479.038763,64.94964064687687,10.925152000254457,15.39654399994106,13683,0.0
5871,1774584479.0531833,69.40511487871989,10.899744000198552,14.40816000013001,13683,0.0
5872,1774584479.0676413,69.22645801876646,10.899327999595698,14.44534400025077,13683,0.0
5873,1774584479.0820603,69.40881458816072,10.93308800000159,14.407391999611718,13683,0.0
5874,1774584479.099906,56.07050709342999,14.133503999801178,17.834687999766174,13643,0.0
5875,1774584479.1156716,63.474717766080694,12.02761600006852,15.754303999983676,13643,0.0
5876,1774584479.1300533,69.58609079877913,10.920863999672292,14.370687999871734,13643,0.0
5877,1774584479.145552,64.57398732505835,10.90751999981876,15.486111999962304,13643,0.0
5878,1774584479.1606345,66.35171718259144,10.952544000247144,15.071199999965756,13643,0.0
5879,1774584479.1751988,68.71968087640201,10.92767999989519,14.551872000083677,13643,0.0
5880,1774584479.1901584,66.9037378299216,10.928191999937553,14.946848000363389,13643,0.0
5881,1774584479.2045364,69.59817908944116,10.864511999898241,14.368191999892588,13643,0.0
5882,1774584479.2199922,64.74617427867618,10.860288000003493,15.444927999851643,13643,0.0
5883,1774584479.2410276,47.56439838996192,15.715040000031877,21.024128000135534,13643,0.0
5884,1774584479.2554028,69.62562579405933,10.875103999751445,14.362528000219754,13643,0.0
5885,1774584479.2697861,69.57106377935249,10.922752000169567,14.373792000242247,13643,0.0
5886,1774584479.2841733,69.55960423485608,10.8701120002479,14.376159999756055,13643,0.0
5887,1774584479.298597,69.38123043462795,10.85203200000251,14.413119999971968,13643,0.0
5888,1774584479.3133621,67.77007186821281,10.851936000108253,14.755776000129117,13643,0.0
5889,1774584479.3276553,70.01091049895037,10.829824000211374,14.283488000273792,13643,0.0
5890,1774584479.342017,69.67064179415426,10.903072000019165,14.353248000134045,13643,0.0
5891,1774584479.358663,60.109909767529864,11.746720000246569,16.636192000078154,13643,0.0
5892,1774584479.374089,64.87251771759782,10.917887999767117,15.414848000091297,13643,0.0
5893,1774584479.3908896,59.56192915884184,11.327552000238938,16.78924799989545,13643,0.0
5894,1774584479.4063356,64.790338463758,10.959936000290327,15.434400000231108,13643,0.0
5895,1774584479.4206386,69.96576714882825,10.855680000076973,14.292704000126832,13643,0.0
5896,1774584479.4349606,69.86862462741902,10.845856000287313,14.312576000065746,13643,0.0
5897,1774584479.4491732,70.40381374564328,10.838112000328692,14.203776000158541,13643,0.0
5898,1774584479.4634936,69.88268653618977,10.837280000032479,14.309696000054828,13643,0.0
5899,1774584479.4778414,69.74963786134697,10.91712000015832,14.336991999698512,13643,0.0
5900,1774584479.4921017,70.16496062926971,10.840416000064579,14.25212799995279,13643,0.0
5901,1774584479.5064402,69.79497029549829,10.87072000018452,14.327679999951215,13643,0.0
5902,1774584479.5206947,70.19711349534646,10.814623999976902,14.245599999867409,13643,0.0
5903,1774584479.5349793,70.05469870824375,10.81123199992362,14.27456000010352,13643,0.0
5904,1774584479.5492797,69.97407040909216,10.833887999979197,14.291007999872818,13643,0.0
5905,1774584479.5635722,70.01294959454104,10.836000000381318,14.283072000125685,13643,0.0
5906,1774584479.577836,70.15125733467367,10.844512000403483,14.254912000069453,13643,0.0
5907,1774584479.5920773,70.27019734061074,10.813440000219998,14.230784000119456,13643,0.0
5908,1774584479.6063943,69.89612876070464,10.864608000247244,14.3069440000545,13643,0.0
5909,1774584479.6226692,61.48173943044723,10.93561600009707,16.264992000287748,13643,0.0
5910,1774584479.6391556,60.698587324829184,10.902015999818104,16.47484800014354,13643,0.0
5911,1774584479.6535141,69.7026540527025,10.863839999728953,14.346656000270741,13643,0.0
5912,1774584479.6678307,69.89456544663133,10.843327999737085,14.307263999853603,13643,0.0
5913,1774584479.6824312,68.54483161015752,10.91827199979889,14.588991999971768,13643,0.0
5914,1774584479.7039623,46.46543046267044,15.691424000124243,21.52137600023707,13643,0.0
5915,1774584479.7195146,64.34675177574915,12.053152000135015,15.540800000053423,13643,0.0
5916,1774584479.7388234,51.82223563642225,15.41068799997447,19.29673599988746,13643,0.0
5917,1774584479.7532046,69.59073964368919,10.90176000025167,14.369728000019677,13643,0.0
5918,1774584479.7675505,69.76131584318762,10.851327999716887,14.334592000068369,13643,0.0
5919,1774584479.7818537,69.96952687134701,10.90051199980735,14.291936000063288,13643,0.0
5920,1774584479.796369,68.94147806134879,10.977183999784756,14.505055999961769,13643,0.0
5921,1774584479.8107786,69.45231570688188,10.889599999700295,14.398368000001938,13643,0.0
5922,1774584479.825118,69.79216451855324,10.854976000246097,14.3282559997715,13643,0.0
5923,1774584479.8406014,64.62753856908377,10.85462400033066,15.473280000151135,13643,0.0
5924,1774584479.8552957,68.10133478516121,10.850912000023527,14.684000000215747,13643,0.0
5925,1774584479.8695927,69.9949155677825,10.863168000014412,14.286752000316483,13643,0.0
5926,1774584479.8838563,70.15204473596116,10.826528000052349,14.254751999942528,13643,0.0
5927,1774584479.8981125,70.19853268128058,10.869407999962277,14.24531200018464,13643,0.0
5928,1774584479.9123921,70.07527766691683,10.833759999968606,14.27036799987036,13643,0.0
5929,1774584479.927618,65.72319703035315,11.442111999713234,15.215327999612782,13643,0.0
5930,1774584479.9428277,65.7903047194916,11.168416000145953,15.199808000033954,13643,0.0
5931,1774584479.958193,65.12994727057279,11.910784000065178,15.353920000052312,13643,0.0
5932,1774584479.9724846,70.02706966348654,10.852608000277542,14.280192000114766,13643,0.0
5933,1774584479.9867773,70.01326331089726,10.822816000199964,14.283008000347763,13643,0.0
5934,1774584480.0037868,58.82751584200764,10.888000000250031,16.99884799973006,13643,0.0
5935,1774584480.020652,59.33337763592957,12.049087999912445,16.853919999903155,13643,0.0
5936,1774584480.0359764,65.29856593872117,10.827999999946769,15.31427200006874,13643,0.0
5937,1774584480.0513961,64.89393734970675,10.860895999940112,15.409759999784,13643,0.0
5938,1774584480.0667362,65.22646629196599,10.835583999778464,15.331199999764067,13643,0.0
5939,1774584480.0822175,64.6320831599521,10.89750399978584,15.47219199983374,13643,0.0
5940,1774584480.0987797,60.41706139141227,10.865216000183864,16.5516160000152,13643,0.0
5941,1774584480.1152782,60.644637945853304,10.851391999949556,16.489504000219313,13723,0.0
5942,1774584480.1317418,60.772008704170275,10.830304000137403,16.45494400008829,13723,0.0
5943,1774584480.1464758,67.91898406314223,10.889503999806038,14.723423999839724,13723,0.0
5944,1774584480.1607673,70.01875382344542,10.853023999970901,14.281887999914034,13723,0.0
5945,1774584480.1750364,70.12780090600012,10.826816000189865,14.259679999668151,13723,0.0
5946,1774584480.190758,63.64497306536251,10.858079999707115,15.712160000020958,13723,0.0
5947,1774584480.2061377,65.06512759127133,10.862847999760561,15.369215999726293,13723,0.0
5948,1774584480.221522,65.03993972622348,10.863487999813515,15.37516799999139,13723,0.0
5949,1774584480.2412176,50.803343104222115,14.81625599990366,19.683743999848957,13723,0.0
5950,1774584480.2628062,46.34483822294081,15.856223999890062,21.577376000095683,13723,0.0
5951,1774584480.2803903,56.90664578490162,10.883871999794792,17.57264000025316,13723,0.0
5952,1774584480.2997935,51.56808224483468,14.296127999841701,19.391840000025695,13723,0.0
5953,1774584480.3163366,60.48921743373919,11.943615999825852,16.531872000086878,13723,0.0
5954,1774584480.332831,60.666535950672376,10.861407999982475,16.483551999954216,13723,0.0
5955,1774584480.347148,69.90003735519257,10.846559999663441,14.306143999874621,13723,0.0
5956,1774584480.3636882,60.49694611531391,10.968575999868335,16.529759999684757,13723,0.0
5957,1774584480.3791277,64.81573663832334,10.861856000246917,15.428352000071754,13723,0.0
5958,1774584480.3934588,69.83068572547482,10.835999999926571,14.320352000140701,13723,0.0
5959,1774584480.4133914,50.19749703244673,15.12646399987716,19.921311999951286,13723,0.0
5960,1774584480.4283442,66.926376701567,10.879231999751937,14.941792000172427,13723,0.0
5961,1774584480.4437408,64.99300155214931,10.847007999927882,15.386272000341705,13723,0.0
5962,1774584480.458129,69.55526917194877,10.918815999957587,14.377056000284938,13723,0.0
5963,1774584480.4724865,69.70436427437559,10.873759999867616,14.346303999900556,13723,0.0
5964,1774584480.4870079,68.91699967338592,10.885216000133369,14.510208000046987,13723,0.0
5965,1774584480.5012906,70.06443686047407,10.818879999987985,14.272576000166737,13723,0.0
5966,1774584480.5155435,70.20594492622986,10.803615999975591,14.243808000173885,13723,0.0
5967,1774584480.5299273,69.5690503438158,10.90124799975456,14.374207999935606,13723,0.0
5968,1774584480.5444138,69.07680235247878,10.923775999799545,14.476639999884355,13723,0.0
5969,1774584480.5626523,54.86132811813222,14.621983999859367,18.22777600000336,13723,0.0
5970,1774584480.5770423,69.54102920687548,10.878336000132549,14.380000000073778,13723,0.0
5971,1774584480.591438,69.51828831565324,10.883360000207176,14.384703999894555,13723,0.0
5972,1774584480.6057706,69.82678488499867,10.901023999849713,14.321151999865833,13723,0.0
5973,1774584480.6200485,70.08329259008727,10.852192000129435,14.268736000303761,13723,0.0
5974,1774584480.6343975,69.7471470639571,10.912000000189437,14.337503999740875,13683,0.0
5975,1774584480.6493022,67.13846206722154,10.888736000197241,14.894592000018747,13683,0.0
5976,1774584480.663939,68.36398957044433,10.864287999993394,14.627583999754279,13683,0.0
5977,1774584480.6785176,68.64239617939499,10.889503999806038,14.568256000075053,13683,0.0
5978,1774584480.6928272,69.9336693139469,10.840095999810728,14.299263999873801,13683,0.0
5979,1774584480.707143,69.89863021046419,10.854784000002837,14.306432000012137,13683,0.0
5980,1774584480.7215033,69.6920836483608,10.874368000258983,14.348831999996037,13683,0.0
5981,1774584480.7414293,50.215081235808086,12.929183999858651,19.91433600005621,13683,0.0
5982,1774584480.755832,69.48551810625297,10.868832000141992,14.391488000001118,13683,0.0
5983,1774584480.7703109,69.12141702212823,10.906559999966703,14.467296000020724,13683,0.0
5984,1774584480.7849684,68.27213601164748,10.885023999890109,14.64726399990468,13683,0.0
5985,1774584480.7994773,68.97525940405215,10.885952000080579,14.497951999601355,13683,0.0
5986,1774584480.8138885,69.44320989827627,10.913311999956932,14.400256000044465,13683,0.0
5987,1774584480.8283274,69.31275021951046,10.884096000154386,14.427359999899636,13683,0.0
5988,1774584480.8437057,65.07745779313618,10.8860159998585,15.366304000053788,13683,0.0
5989,1774584480.8588395,66.12497090485816,10.877919999984442,15.122880000035366,13683,0.0
5990,1774584480.8731983,69.69519225864603,10.88527999991129,14.348191999943083,13683,0.0
5991,1774584480.887623,69.38046024174503,10.909375999744952,14.413280000098894,13683,0.0
5992,1774584480.9067676,52.264779225801874,15.654815999823768,19.133343999783392,13683,0.0
5993,1774584480.922319,64.34555933199232,11.978399999861722,15.541088000190939,13683,0.0
5994,1774584480.9371996,67.24826553146805,10.891679999986081,14.870272000280238,13683,0.0
5995,1774584480.9515429,69.78125530469275,10.805727999922965,14.330495999729465,13683,0.0
5996,1774584480.9658854,69.76552087442194,10.893568000028608,14.333728000110568,13683,0.0
5997,1774584480.9802055,69.88503073760288,10.860192000109237,14.3092160001288,13683,0.0
5998,1774584480.9947898,68.61782833720319,10.827743999925588,14.57347200039294,13683,0.0
5999,1774584481.0092318,69.29077290729371,10.804575999827648,14.43193600016457,13683,0.0
6000,1774584481.025536,61.37475523697703,10.845184000118024,16.293344000132493,13683,0.0
6001,1774584481.050466,40.30162380122302,16.78425599993716,24.812895999730245,13683,0.0
6002,1774584481.0715942,47.35745406351028,17.57526399978815,21.115999999892665,13683,0.0
6003,1774584481.0923667,48.16814613564003,17.218527999830258,20.760607999818603,13683,0.0
6004,1774584481.1089413,60.37492344395841,12.301023999953031,16.56316800017521,13683,0.0
6005,1774584481.1264544,57.141080871262595,13.656736000029923,17.500544000085938,13683,0.0
6006,1774584481.1431715,59.859134696558144,10.7673600000453,16.705887999705737,13523,0.0
6007,1774584481.1639533,48.1445476492865,13.519583999823226,20.77078399997845,13523,0.0
6008,1774584481.1798303,63.029193104904216,10.876415999973688,15.865664000102697,13523,0.0
6009,1774584481.1966846,59.37283289119995,10.959167999772035,16.84272000011333,13523,0.0
6010,1774584481.2137616,58.59785184958497,10.9762239999327,17.06547200001296,13523,0.0
6011,1774584481.23485,47.44488422721477,17.3040959998616,21.077087999856303,13523,0.0
6012,1774584481.250412,64.30557184690551,11.032608000277833,15.550751999853674,13523,0.0
6013,1774584481.2658167,64.9567959372076,10.896288000367349,15.394847999687045,13523,0.0
6014,1774584481.2811236,65.37479106138589,10.825600000316626,15.296416000182944,13523,0.0
6015,1774584481.295514,69.54041021012698,10.884991999773774,14.380128000084369,13523,0.0
6016,1774584481.3109937,64.6473255651058,10.882591999688884,15.468544000214024,13523,0.0
6017,1774584481.3264132,64.89474591372664,10.904063999987557,15.409567999995488,13523,0.0
6018,1774584481.340859,69.27295539478557,10.835583999778464,14.435648000016954,13523,0.0
6019,1774584481.356287,64.85340018493868,10.882624000259966,15.419392000239895,13523,0.0
6020,1774584481.3715067,65.74130952356175,10.845503999917128,15.211136000289116,13523,0.0
6021,1774584481.3860722,68.70623412896254,10.878848000174912,14.55471999997826,13523,0.0
6022,1774584481.4004834,69.43904362992897,10.868479999771807,14.401120000002265,13523,0.0
6023,1774584481.4149716,69.07069523803644,10.895232000166288,14.477919999990263,13523,0.0
6024,1774584481.430474,64.5514449192568,10.930336000001262,15.491520000068704,13523,0.0
6025,1774584481.4460375,64.29683947681868,10.923136000201339,15.552863999801048,13523,0.0
6026,1774584481.4615207,64.63462306164963,10.874975999740855,15.47158399989712,13523,0.0
6027,1774584481.476959,64.82138338087454,10.895679999975982,15.427008000187925,13523,0.0
6028,1774584481.4924052,64.79195045457286,10.88495999965744,15.434016000199335,13523,0.0
6029,1774584481.5090425,60.15063644165268,12.701728000138246,16.62492800005566,13523,0.0
6030,1774584481.523333,70.0328762338942,10.747840000021824,14.279007999903115,13523,0.0
6031,1774584481.5377152,69.59104958774095,10.885888000302657,14.369664000241755,13523,0.0
6032,1774584481.5521765,69.20269635805468,10.899615999733214,14.450304000092729,13523,0.0
6033,1774584481.572116,50.18016687125472,15.511552000134543,19.928191999952105,13523,0.0
6034,1774584481.5948179,44.07137729688026,18.090464000124484,22.690464000334032,13523,0.0
6035,1774584481.612715,55.906999376742775,14.425919999666803,17.88684800021656,13523,0.0
6036,1774584481.634134,46.711928657447324,17.470336000315,21.40780799982167,13523,0.0
6037,1774584481.6537528,51.00292144745467,14.848895999875822,19.606719999956113,13402,0.0
6038,1774584481.6752844,46.46681228804514,17.59286400010751,21.520735999729368,13402,0.0
6039,1774584481.6955423,49.39493184341228,15.619327999957022,20.24499199978891,13402,0.0
6040,1774584481.7173696,45.839598078899016,17.2252480001589,21.815199999764445,13402,0.0
6041,1774584481.7363307,52.767641700306775,15.505440000197268,18.95100799993088,13402,0.0
6042,1774584481.7573576,47.580041048211406,17.398271999809367,21.01721600001838,13402,0.0
6043,1774584481.7787354,46.803507642339305,17.252799999823765,21.365919999880134,13402,0.0
6044,1774584481.7965393,56.20584468816535,14.44848000028287,17.791744000078324,13402,0.0
6045,1774584481.8185167,45.52500160185705,17.359967999709625,21.965952000300604,13402,0.0
6046,1774584481.839778,47.059284156398185,17.51375999992888,21.249792000162415,13402,0.0
6047,1774584481.8607209,47.7754964451063,17.494719999831432,20.93123199983893,13402,0.0
6048,1774584481.8797135,52.68268669881259,15.090752000105567,18.981568000072002,13402,0.0
6049,1774584481.9011562,46.662406077669715,17.771263999748044,21.430528000109916,13402,0.0
6050,1774584481.9237893,44.204662637277316,18.067903999963164,22.62204799990286,13402,0.0
6051,1774584481.9455807,45.912805338134184,17.2756480001226,21.780416000183322,13402,0.0
6052,1774584481.963575,55.61151309546631,14.409183999759989,17.981888000122126,13402,0.0
6053,1774584481.9845889,47.61411389011527,17.403008000201226,21.002175999910833,13402,0.0
6054,1774584482.0070555,44.53203599018479,18.701663999763696,22.455744000126288,13402,0.0
6055,1774584482.029155,45.272402233844694,14.372448000358418,22.0885119997547,13402,0.0
6056,1774584482.051417,44.94411109867521,17.688479999833362,22.249856000144064,13402,0.0
6057,1774584482.0757391,41.13622870967982,17.484416000115743,24.309471999913512,13402,0.0
6058,1774584482.0961132,49.10811800427757,16.623008000351547,20.36323199990875,13402,0.0
6059,1774584482.1176503,46.4596967708088,17.57231999999931,21.524031999888393,13402,0.0
6060,1774584482.13667,52.609516178628766,15.420031999838102,19.00796799964155,13402,0.0
6061,1774584482.1588197,45.174692342829,17.586431999916385,22.136287999728665,12881,0.0
6062,1774584482.1788104,50.052615309344375,16.451840000172524,19.97897599994758,12881,0.0
6063,1774584482.200641,45.83509340128095,17.480064000210405,21.817343999828154,12881,0.0
6064,1774584482.2195773,52.84080629142874,15.34265600002982,18.92476800003351,12881,0.0
6065,1774584482.2391179,51.204913050460945,15.878912000061973,19.529375999809417,12881,0.0
6066,1774584482.2610273,45.6660373284313,18.15286400005789,21.898111999689718,12881,0.0
6067,1774584482.2801423,52.347075347898326,14.66742399998111,19.103264000023046,12881,0.0
6068,1774584482.3011067,47.72580797898293,17.250655999760056,20.953023999936704,12881,0.0
6069,1774584482.3206837,51.11270310115037,15.960704000008263,19.56460800010973,12881,0.0
6070,1774584482.3422217,46.45299774243529,17.21731199995702,21.52713599980416,12881,0.0
6071,1774584482.362704,48.85010754881109,16.873567999937222,20.47078399982638,12881,0.0
6072,1774584482.3778625,66.01866268419525,10.909663999882468,15.14723199989021,12881,0.0
6073,1774584482.3923411,69.11851226016901,10.884031999921717,14.467903999957343,12881,0.0
6074,1774584482.4067533,69.43858074256961,10.87452799993116,14.401215999896522,12881,0.0
6075,1774584482.4210446,70.0250297475735,10.841152000011789,14.280607999808126,12881,0.0
6076,1774584482.436388,65.2185709091875,10.832032000053005,15.333056000145007,12881,0.0
6077,1774584482.4510012,68.4781417760294,10.890399999880174,14.603200000237848,12881,0.0
6078,1774584482.4664526,64.7640206339676,10.901055999966047,15.44067199984056,12881,0.0
6079,1774584482.4808428,69.54427912115518,10.91244799999913,14.37932799990449,12881,0.0
6080,1774584482.4952383,69.58903499524813,10.88380800001687,14.370079999935115,12881,0.0
6081,1774584482.509503,70.15897462463585,10.83740800004307,14.25334399982603,12881,0.0
6082,1774584482.5238822,69.59042970239828,10.855871999865485,14.369791999797599,12881,0.0
6083,1774584482.5382667,69.57090889708196,10.909567999988212,14.373823999903834,12881,0.0
6084,1774584482.5538812,64.09178353521344,10.85996800020439,15.602624000166543,12881,0.0
6085,1774584482.5687752,67.19057396734382,10.843904000012117,14.883040000313486,12881,0.0
6086,1774584482.5832553,69.11316202146051,10.917823999989196,14.469023999936326,12881,0.0
6087,1774584482.5975778,69.87909239915732,10.887328000080743,14.310432000002038,12881,0.0
6088,1774584482.6120028,69.36860144038742,10.864800000035757,14.415743999961705,12881,0.0
6089,1774584482.6263852,69.57958345663067,10.886495999784529,14.37203200021031,12881,0.0
6090,1774584482.641837,64.75824968361155,10.863071999665408,15.442047999840725,12881,0.0
6091,1774584482.656387,68.7786669496462,10.828192000190029,14.539391999733198,12881,0.0
6092,1774584482.6711693,67.69798682457063,10.82678400007353,14.771487999951205,13121,0.0
6093,1774584482.68922,55.42853798166083,11.919296000087343,18.041247999917687,13121,0.0
6094,1774584482.7082536,52.56694926625631,15.529568000147265,19.023360000119283,13121,0.0
6095,1774584482.7234967,65.64864007471773,11.451648000274872,15.232608000133041,13121,0.0
6096,1774584482.7406726,58.259522403482215,11.322975999974005,17.16457599968635,13121,0.0
6097,1774584482.7551317,69.21081947902266,10.894047999954637,14.448607999838714,13121,0.0
6098,1774584482.7695212,69.53530390903653,10.877056000026641,14.381183999830682,13121,0.0
6099,1774584482.7847407,65.75043868741545,10.836447999736265,15.209023999886995,13121,0.0
6100,1774584482.799157,69.41266886768726,10.863328000141337,14.406591999886587,13121,0.0
6101,1774584482.8136983,68.81668336574705,10.875424000005296,14.531360000091809,13121,0.0
6102,1774584482.8292634,64.28916753167529,10.85123199982263,15.554720000181987,13121,0.0
6103,1774584482.8437476,69.09085281281304,10.841536000043561,14.473696000095515,13121,0.0
6104,1774584482.859107,65.14922821659154,10.843968000244786,15.349375999903714,13121,0.0
6105,1774584482.8733609,70.20831086545212,10.847296000065398,14.243328000247857,13121,0.0
6106,1774584482.887606,70.23781963892858,10.81891200010432,14.237343999866425,13121,0.0
6107,1774584482.9018817,70.10514650268807,10.860575999686262,14.264288000049419,13121,0.0
6108,1774584482.9161308,70.22961150100566,10.81651200001943,14.239008000004105,13121,0.0
6109,1774584482.9304152,70.04543427199981,10.8467519999067,14.2764479996913,13121,0.0
6110,1774584482.944682,70.14275453410119,10.834944000180258,14.256639999985055,13121,0.0
6111,1774584482.9590328,69.7297164620558,10.870304000036413,14.341088000037416,13121,0.0
6112,1774584482.9733737,69.78141112494777,10.863487999813515,14.330464000067877,13121,0.0
6113,1774584482.9876542,70.07574908184473,10.816192000220326,14.270271999976103,13121,0.0
6114,1774584483.001931,70.08973729428378,10.86137599986614,14.267423999626772,13121,0.0
6115,1774584483.0161734,70.26071785181482,10.787455999889062,14.23270399982357,13121,0.0
6116,1774584483.030433,70.1701598320057,10.83753600005366,14.25107199975173,13121,0.0
6117,1774584483.0446396,70.43412212152964,10.785631999624457,14.197663999766519,13121,0.0
6118,1774584483.058927,70.03303317990625,10.808191999785777,14.278976000241528,13121,0.0
6119,1774584483.073147,70.37337296656634,10.818495999956212,14.20992000021215,13121,0.0
6120,1774584483.0875146,69.64517732164246,10.901311999987229,14.358496000113519,13121,0.0
6121,1774584483.1018648,69.7357850573412,10.909535999871878,14.339840000047843,13121,0.0
6122,1774584483.116656,67.65504371088569,10.86905600004684,14.78086399993117,13121,0.0
6123,1774584483.131001,69.7641191402809,10.844032000022708,14.334016000248084,13121,0.0
6124,1774584483.1452816,70.07810625386067,10.845216000234359,14.269792000050074,13121,0.0
6125,1774584483.1597674,69.08901981965043,10.835520000000542,14.474080000127287,13121,0.0
6126,1774584483.1741347,69.65123121028257,10.887360000197077,14.357248000123946,13121,0.0
6127,1774584483.189286,66.05005854637801,10.833951999757119,15.140032000090287,13483,0.0
6128,1774584483.2036917,69.45972558248276,10.930304000339675,14.396832000329596,13483,0.0
6129,1774584483.2180645,69.62857333921572,10.882688000037888,14.361919999828388,13483,0.0
6130,1774584483.2371519,52.42268283380785,15.562207999664679,19.075711999903433,13483,0.0
6131,1774584483.2527282,64.24898589368718,11.989439999979368,15.564448000077391,13483,0.0
6132,1774584483.2670803,69.73671878012034,10.857664000013756,14.33964800025933,13483,0.0
6133,1774584483.2813802,69.98080846371073,10.838208000222949,14.289631999872654,13483,0.0
6134,1774584483.2964857,66.24552180258532,11.5283840000302,15.095360000032088,13483,0.0
6135,1774584483.3107905,69.9580923047995,10.733952000009594,14.294271999915509,13483,0.0
6136,1774584483.325256,69.18094192227443,10.855552000066382,14.454848000241327,13483,0.0
6137,1774584483.3402853,66.5839959780504,10.831295999651047,15.018623999822012,13483,0.0
6138,1774584483.3546205,69.81461705920326,10.825247999946441,14.32364799984498,13483,0.0
6139,1774584483.3689234,69.96576714882825,10.8299840003383,14.292704000126832,13483,0.0
6140,1774584483.3832114,70.03978259756158,10.838015999979689,14.277599999786617,13483,0.0
6141,1774584483.3975062,69.99820804738096,10.856544000034773,14.286079999692447,13483,0.0
6142,1774584483.411778,70.1120671284273,10.791776000132813,14.26287999993292,13483,0.0
6143,1774584483.4260426,70.15204473596116,10.872831999677146,14.254751999942528,13483,0.0
6144,1774584483.4413915,65.18864028046917,10.843552000096679,15.340095999818004,13483,0.0
6145,1774584483.4567554,65.13171195358657,10.864224000215472,15.353503999904206,13483,0.0
6146,1774584483.472034,65.48754165034852,10.793919999741775,15.27007999993657,13483,0.0
6147,1774584483.4873874,65.17110282095913,10.824896000031003,15.344223999818496,13483,0.0
6148,1774584483.5027,65.34430699593945,10.820032000083302,15.303551999750198,13483,0.0
6149,1774584483.5169592,70.17189307006858,10.828223999851616,14.250719999836292,13483,0.0
6150,1774584483.5312412,70.14669076067537,10.835167999630357,14.255839999805175,13483,0.0
6151,1774584483.545468,70.3363088420522,10.81196799987083,14.217407999694842,13483,0.0
6152,1774584483.5597048,70.28125997914124,10.786880000068777,14.228544000161492,13483,0.0
6153,1774584483.575036,65.26365472165286,10.862944000109565,15.322464000291802,13483,0.0
6154,1774584483.5893571,69.87831111326409,10.846079999737412,14.310592000128963,13483,0.0
6155,1774584483.603631,70.10373108789881,10.833024000021396,14.264576000186935,13483,0.0
6156,1774584483.617876,70.24776668167883,10.86364799994044,14.235328000268055,13483,0.0
6157,1774584483.6321933,69.89300220026594,10.870111999793153,14.307584000107454,13483,0.0
6158,1774584483.6465135,69.88409303683277,10.891072000049462,14.30940800037206,13483,0.0
6159,1774584483.6608071,70.01232217026275,10.829440000179602,14.283199999681528,13483,0.0
6160,1774584483.6751776,69.63307270314007,10.85696000018288,14.360991999637918,13483,0.0
6161,1774584483.689451,70.11080873120876,10.84441600005448,14.263135999954102,13683,0.0
6162,1774584483.7040057,68.74462417044721,10.872895999909815,14.546591999987868,13683,0.0
6163,1774584483.7205303,60.55473954648788,10.926495999683539,16.513984000084747,13683,0.0
6164,1774584483.7391226,53.81658618589976,14.00476799972239,18.581631999950332,13683,0.0
6165,1774584483.7557085,60.33051469192925,11.875328000314767,16.575359999933426,13683,0.0
6166,1774584483.7713614,63.9268472316815,10.820544000125665,15.642879999631987,13683,0.0
6167,1774584483.7856925,69.8233525032946,10.884287999942899,14.321856000151456,13683,0.0
6168,1774584483.7999573,70.1523597000827,10.83446400025423,14.254688000164606,13683,0.0
6169,1774584483.8142915,69.81118587581686,10.896671999944374,14.324351999675855,13683,0.0
6170,1774584483.828523,70.3125703132396,10.818016000030184,14.222207999864622,13683,0.0
6171,1774584483.8428144,70.01765565293715,10.831136000433617,14.28211199981888,13683,0.0
6172,1774584483.857062,70.22487690830249,10.789087999910407,14.23996800031091,13683,0.0
6173,1774584483.8713753,69.91067094259105,10.827648000031331,14.303967999694578,13683,0.0
6174,1774584483.8856647,70.02989436209093,10.852319999685278,14.279615999839734,13683,0.0
6175,1774584483.9046946,52.576943201313696,15.620031999787898,19.019744000161154,13683,0.0
6176,1774584483.920981,61.438466180946406,11.867039999742701,16.276448000098753,13683,0.0
6177,1774584483.9356673,68.12969277194566,11.08351999982915,14.677888000278472,13683,0.0
6178,1774584483.9499612,70.00604852140545,10.876543999984278,14.284480000242183,13683,0.0
6179,1774584483.9644322,69.15323249905977,10.926720000043133,14.460639999924751,13683,0.0
6180,1774584483.9788585,69.37044929886319,10.901600000124745,14.415359999929933,13683,0.0
6181,1774584483.993222,69.67452521013792,10.895647999859648,14.352447999954165,13683,0.0
6182,1774584484.0075324,69.92928750473007,10.850463999759086,14.300159999947937,13683,0.0
6183,1774584484.0219815,69.25560748814661,10.87145600013173,14.439263999975083,13683,0.0
6184,1774584484.036314,69.81648875432948,10.848319999695377,14.323264000267955,13683,0.0
6185,1774584484.0506215,69.94400003617126,10.840800000096351,14.297151999926427,13683,0.0
6186,1774584484.0649142,70.01153790238504,10.84368000010727,14.283359999808454,13683,0.0
6187,1774584484.0793262,69.43364365552178,10.848447999705968,14.402239999981248,13683,0.0
6188,1774584484.0936677,69.77580197657706,10.890624000239768,14.331615999708447,13683,0.0
6189,1774584484.1079857,69.88940700431368,10.843424000086088,14.308319999599917,13683,0.0
6190,1774584484.122305,69.88284280976264,10.891199999605305,14.30966400039324,13683,0.0
6191,1774584484.136635,69.8235085138281,10.854623999875912,14.321824000035122,13683,0.0
6192,1774584484.1509256,70.02251924292136,10.82278400008363,14.281119999850489,13683,0.0
6193,1774584484.1652317,69.94666147496291,10.84121599978971,14.29660799976773,13683,0.0
6194,1774584484.179542,69.9252191724132,10.862207999707607,14.30099200024415,13683,0.0
6195,1774584484.1938598,69.89550342623917,10.892351999700622,14.30707200006509,13683,0.0
6196,1774584484.208313,69.23489350124827,10.875039999973524,14.443583999764087,13723,0.0
6197,1774584484.2226994,69.55743663585835,10.871039999983623,14.376608000020497,13723,0.0
6198,1774584484.2405877,55.93762194516187,13.394048000009207,17.87705599963374,13723,0.0
6199,1774584484.257175,60.326321966784455,10.877824000090186,16.576512000028742,13723,0.0
6200,1774584484.271545,69.64067639334489,10.839967999800137,14.359424000303989,13723,0.0
6201,1774584484.286597,66.48200624651807,10.856608000267443,15.04166399990936,13723,0.0
6202,1774584484.3013253,67.94659940899427,11.138176000258682,14.71743999991304,13723,0.0
6203,1774584484.3156435,69.89206428778806,10.86544000008871,14.307775999895966,13723,0.0
6204,1774584484.3299723,69.8380204881653,10.88588799984791,14.318848000129947,13723,0.0
6205,1774584484.3442388,70.14023558127717,10.817184000188718,14.257152000027418,13723,0.0
6206,1774584484.3586068,69.64486689525695,10.779424000247673,14.35855999989144,13723,0.0
6207,1774584484.3729072,69.97391372501644,10.834432000137895,14.291039999989152,13723,0.0
6208,1774584484.387166,70.17677811178363,10.799231999953918,14.2497279998679,13723,0.0
6209,1774584484.4014726,69.94337384484358,10.813727999902767,14.297279999937018,13723,0.0
6210,1774584484.4157393,70.14070787059123,10.80588800004989,14.257056000133161,13723,0.0
6211,1774584484.4300823,69.76552087442194,10.865663999993558,14.333728000110568,13723,0.0
6212,1774584484.4444175,69.79980299711971,10.869343999729608,14.326687999982823,13723,0.0
6213,1774584484.458747,69.83411882820866,10.806239999965328,14.319647999855079,13723,0.0
6214,1774584484.4730668,69.8750299072769,10.839168000075006,14.311263999843504,13723,0.0
6215,1774584484.4873917,69.85581759221836,10.828511999989132,14.315200000055484,13723,0.0
6216,1774584484.5064886,52.394644848894664,15.635711999948398,19.085919999724865,13723,0.0
6217,1774584484.521921,64.84855527844879,11.98995200002173,15.420543999880465,13723,0.0
6218,1774584484.5368574,66.99208743013563,10.885375999805547,14.927136000096652,13723,0.0
6219,1774584484.5511756,69.89003222747638,10.823967999840534,14.308192000044073,13723,0.0
6220,1774584484.5656538,69.12355752859315,10.878527999921062,14.46684800021103,13723,0.0
6221,1774584484.580008,69.714782878863,10.864287999993394,14.344160000291595,13723,0.0
6222,1774584484.59448,69.14894794025179,10.998879999988276,14.461535999998887,13723,0.0
6223,1774584484.6088283,69.7437225068957,10.840095999810728,14.338208000026498,13723,0.0
6224,1774584484.6232052,69.6032946294807,10.841471999810892,14.367136000146274,13723,0.0
6225,1774584484.6382866,66.35199894603412,10.884096000154386,15.071136000187835,13723,0.0
6226,1774584484.6526442,69.701099381161,10.842240000329184,14.346976000069844,13723,0.0
6227,1774584484.6670146,69.63664157669182,10.817727999892668,14.360255999690708,13723,0.0
6228,1774584484.6813025,70.03617228356595,10.823487999914505,14.278335999733827,13723,0.0
6229,1774584484.6958818,68.63787317073225,10.778816000311053,14.56921599992711,13723,0.0
6230,1774584484.7101724,70.02612814940922,10.855743999854894,14.280383999903279,13723,0.0
6231,1774584484.7253828,65.77908751289888,11.540959999820188,15.202399999907357,13723,0.0
6232,1774584484.7420573,60.01098440991243,11.267072000009648,16.663616000187176,13723,0.0
6233,1774584484.7568526,67.63381214477077,10.847519999970245,14.785503999974026,13723,0.0
6234,1774584484.7711651,69.91567610105189,10.822495999946113,14.302944000064599,13723,0.0
6235,1774584484.7854435,70.0815637260516,10.825440000189701,14.269088000219199,13723,0.0
6236,1774584484.7997699,69.85207007948647,10.836863999884372,14.315968000119028,13723,0.0
6237,1774584484.814308,68.83487339997129,10.8607040001516,14.527519999774086,13723,0.0
6238,1774584484.8287933,69.08077255494389,10.829535999619111,14.475808000042889,13723,0.0
6239,1774584484.8431191,69.85222621837733,10.7909439998366,14.315936000002694,13723,0.0
6240,1774584484.8584347,65.3329681662101,10.823903999607865,15.30620799985627,13723,0.0
6241,1774584484.872703,70.12968943162477,10.807136000039463,14.259296000091126,13723,0.0
6242,1774584484.8893487,60.10436040231359,10.793888000080187,16.637728000205243,13723,0.0
6243,1774584484.9036949,69.75197314492324,10.827839999819844,14.336511999772483,13723,0.0
6244,1774584484.9179912,69.99491557001045,10.85823999983404,14.286751999861735,13723,0.0
6245,1774584484.932297,69.9441565863113,10.817824000241671,14.297119999810093,13723,0.0
6246,1774584484.9466908,69.52107211468339,10.829247999936342,14.38412800007427,13723,0.0
6247,1774584484.9622247,64.41944168456732,10.909663999882468,15.52326399996673,13723,0.0
6248,1774584484.9772863,66.44030896284383,10.82038399999874,15.051104000121995,13723,0.0
6249,1774584484.9918,68.94695386905538,11.067615999763802,14.503903999866452,13723,0.0
6250,1774584485.0060904,70.02267614474577,10.872352000205865,14.281087999734154,13723,0.0
6251,1774584485.0209923,67.14928198645582,10.809440000230097,14.892191999933857,13723,0.0
6252,1774584485.0352907,69.97783102406584,10.836768000444863,14.290239999809273,13723,0.0
6253,1774584485.0496538,69.67219510948199,10.89516799993362,14.352927999880194,13723,0.0
6254,1774584485.0640392,69.56734675776946,10.826464000274427,14.374559999851044,13723,0.0
6255,1774584485.0783987,69.68866449842436,10.901183999976638,14.349535999826912,13723,0.0
6256,1774584485.0927298,69.82787707631267,10.86678399997254,14.320927999960986,13723,0.0
6257,1774584485.1099381,58.15251777170636,12.462400000003981,17.196159999912197,13723,0.0
6258,1774584485.124282,69.76629964019713,10.808416000145371,14.333567999983643,13723,0.0
6259,1774584485.1385152,70.30244674994633,10.800128000028053,14.224256000034075,13723,0.0
6260,1774584485.1527283,70.400483002009,10.787776000142912,14.20444800032783,13723,0.0
6261,1774584485.1691258,61.018709800299135,10.827040000094712,16.388416000154393,13723,0.0
6262,1774584485.1843288,65.8212064342081,10.82259199984037,15.192672000011953,13723,0.0
6263,1774584485.1986115,70.05642624926593,10.79353600016475,14.274207999733335,13723,0.0
6264,1774584485.2129545,69.75835705115045,10.813343999870995,14.335200000004988,13723,0.0
6265,1774584485.2316093,53.63260038373407,14.699903999826347,18.645375999767566,13683,0.0
6266,1774584485.2470262,64.90930352767371,10.843519999980344,15.406112000164285,13683,0.0
6267,1774584485.261394,69.65107596865592,10.857855999802268,14.35728000024028,13683,0.0
6268,1774584485.2764792,66.33411165377186,10.954303999824333,15.075199999955657,13683,0.0
6269,1774584485.2928886,60.97929825996406,10.95324800007802,16.399008000007598,13683,0.0
6270,1774584485.3074903,68.5337076190355,10.856223999780923,14.591359999940323,13683,0.0
6271,1774584485.3219092,69.40095318002842,10.915551999914896,14.409024000087811,13683,0.0
6272,1774584485.3362722,69.66955451595895,10.903072000019165,14.353472000038892,13683,0.0
6273,1774584485.3506167,69.76458637799816,10.848320000150125,14.333920000353828,13683,0.0
6274,1774584485.364903,70.04370727303692,10.828767999555566,14.276800000061485,13683,0.0
6275,1774584485.3792443,69.86831220591887,10.861792000014248,14.312639999843668,13683,0.0
6276,1774584485.393502,70.18733842971155,10.836639999979525,14.247583999804192,13683,0.0
6277,1774584485.4082763,67.72527593921822,10.957759999655536,14.765536000140855,13683,0.0
6278,1774584485.423203,67.03102946814866,10.81884799987165,14.918463999947562,13683,0.0
6279,1774584485.4375107,69.93742558750725,10.852704000171798,14.298495999810257,13683,0.0
6280,1774584485.4523041,67.64201034299006,10.837024000011297,14.783711999825755,13683,0.0
6281,1774584485.4666512,69.7501049028977,10.857599999781087,14.336896000259003,13683,0.0
6282,1774584485.4809742,69.85909699627891,10.843040000054316,14.314527999886195,13683,0.0
6283,1774584485.4953136,69.79076171356628,10.858079999707115,14.328543999909016,13683,0.0
6284,1774584485.509665,69.72582689146986,10.882784000386891,14.341888000217295,13683,0.0
6285,1774584485.5239854,69.87534238885749,10.833215999809909,14.311200000065583,13683,0.0
6286,1774584485.5383232,69.7915410429542,10.887519999869255,14.32838399978209,13683,0.0
6287,1774584485.5528824,68.73600534811804,10.888256000271213,14.548416000252473,13683,0.0
6288,1774584485.567447,68.70351520256548,10.859007999897585,14.555295999798545,13683,0.0
6289,1774584485.5819385,69.04841343463104,11.049184000057721,14.482591999694705,13683,0.0
6290,1774584485.5983481,60.97596668997239,10.87379199998395,16.399903999626986,13683,0.0
6291,1774584485.6133661,66.63212457352041,10.866432000057102,15.007775999947626,13683,0.0
6292,1774584485.627741,69.61616431623013,10.864031999972212,14.364480000040203,13683,0.0
6293,1774584485.6421716,69.34812760068566,10.954432000289671,14.419999999972788,13683,0.0
6294,1774584485.656496,69.86175197535977,10.88380800001687,14.313984000182245,13683,0.0
6295,1774584485.6708028,69.94681803479209,10.831103999862535,14.296576000106143,13683,0.0
6296,1774584485.6851351,69.82725296248996,10.840768000434764,14.321055999971577,13683,0.0
6297,1774584485.7048538,50.738838673550745,16.119135999815626,19.70876799987309,13683,0.0
6298,1774584485.7213426,60.68727120752278,11.794080000072427,16.477920000397717,13683,0.0
6299,1774584485.7388022,57.314315373155104,12.325952000082907,17.44764800014309,13643,0.0
6300,1774584485.7531657,69.66738005916625,10.881151999910799,14.353920000303333,13643,0.0
6301,1774584485.7675464,69.59151451229874,10.889983999732067,14.369567999892752,13643,0.0
6302,1774584485.7818987,69.7329840345974,10.908511999787152,14.340416000322875,13643,0.0
6303,1774584485.7961988,69.9801816131391,10.838080000212358,14.289759999883245,13643,0.0
6304,1774584485.8108804,68.15941232314795,10.89135999973223,14.67148800020368,13643,0.0
6305,1774584485.8261435,65.56489665955984,10.887903999901027,15.252063999923848,13643,0.0
6306,1774584485.840492,69.7343845200535,10.835520000000542,14.340127999730612,13643,0.0
6307,1774584485.8548648,69.61492365939645,10.831424000116385,14.364735999606637,13643,0.0
6308,1774584485.869188,69.8647195450493,10.857023999960802,14.313376000245626,13643,0.0
6309,1774584485.8835528,69.6648951353559,10.8757439998044,14.354431999890949,13643,0.0
6310,1774584485.897857,69.95981508221642,10.880639999868436,14.293920000000071,13643,0.0
6311,1774584485.9122198,69.6771661804769,10.862432000067201,14.351903999795468,13643,0.0
6312,1774584485.9266129,69.52493887418423,10.883263999858173,14.38332799989439,13643,0.0
6313,1774584485.941534,67.06685008965229,10.852319999685278,14.910496000084095,13643,0.0
6314,1774584485.9567246,65.87434758037014,10.836063999704493,15.180416000021069,13643,0.0
6315,1774584485.9712193,69.04231133652448,10.866975999761053,14.48387200025536,13643,0.0
6316,1774584485.9856184,69.56641756278228,10.935199999948964,14.374752000094304,13643,0.0
6317,1774584486.0009937,65.08559015492185,10.869088000163174,15.364383999894926,13643,0.0
6318,1774584486.0174882,60.666771498198976,10.861023999950703,16.483488000176294,13643,0.0
6319,1774584486.0328562,65.11583325399671,10.82918400015842,15.357247999872925,13643,0.0
6320,1774584486.047257,69.4946350143769,10.856928000066546,14.389599999958591,13643,0.0
6321,1774584486.061607,69.73905320088791,10.874655999941751,14.339167999878555,13643,0.0
6322,1774584486.0762384,68.38717866273495,10.830015999999887,14.62262399991232,13643,0.0
6323,1774584486.0907652,68.87811328943958,10.904320000008738,14.518400000270049,13643,0.0
6324,1774584486.1050532,70.0385267915303,10.830592000274919,14.277856000262545,13643,0.0
6325,1774584486.1194036,69.73422890532335,10.858080000161863,14.340160000301694,13643,0.0
6326,1774584486.1348703,64.69537278061702,10.866911999983131,15.457055999831937,13643,0.0
6327,1774584486.1492343,69.66691412258663,10.878880000291247,14.35401600019759,13643,0.0
6328,1774584486.163703,69.15981339058582,10.841952000191668,14.459263999924588,13643,0.0
6329,1774584486.1780553,69.72800499833262,10.879167999974015,14.341439999952854,13643,0.0
6330,1774584486.1923265,70.11222443181471,10.823647999586683,14.262847999816586,13643,0.0
6331,1774584486.20663,69.95950184243368,10.840959999768529,14.29398400023274,13643,0.0
6332,1774584486.2210371,69.46744588778391,10.895647999859648,14.395231999969837,13643,0.0
6333,1774584486.240794,50.64444037440997,14.856543999940186,19.745504000184155,13643,0.0
6334,1774584486.255284,69.06733678427904,10.870495999824925,14.478624000275886,13683,0.0
6335,1774584486.26963,69.74963785913462,10.896671999944374,14.33699200015326,13683,0.0
6336,1774584486.2839885,69.69084028189108,10.857664000013756,14.349088000017218,13683,0.0
6337,1774584486.3052323,47.09346659146683,15.916543999992427,21.234368000023096,13683,0.0
6338,1774584486.320656,64.88477501936336,11.912287999621185,15.411936000418791,13683,0.0
6339,1774584486.335083,69.36336637484855,10.853279999992083,14.4168320002791,13683,0.0
6340,1774584486.349462,69.59275433708571,10.83907200018075,14.36931199987157,13683,0.0
6341,1774584486.3637614,69.98268908280797,10.852608000277542,14.289247999840882,13683,0.0
6342,1774584486.3781438,69.57571061879048,10.917055999925651,14.372831999935443,13683,0.0
6343,1774584486.3934197,65.50222917091196,10.84630399964226,15.266656000221701,13683,0.0
6344,1774584486.4087508,65.26706237603796,10.820416000115074,15.321664000111923,13683,0.0
6345,1774584486.423107,69.69970023452186,10.82038399999874,14.34726400020736,13683,0.0
6346,1774584486.4375944,69.06733678644832,10.925248000148713,14.478623999821139,13683,0.0
6347,1774584486.451876,70.07370632665337,10.837599999831582,14.27068800012421,13683,0.0
6348,1774584486.466323,69.25975177296675,10.912864000147238,14.438400000017282,13683,0.0
6349,1774584486.480632,69.93210431793491,10.844383999938145,14.299584000127652,13683,0.0
6350,1774584486.4949973,69.65914942227857,10.837439999704657,14.3556160001026,13683,0.0
6351,1774584486.509244,70.24381910590286,10.841375999916636,14.236127999993187,13683,0.0
6352,1774584486.52352,70.09665487564656,10.824768000020413,14.26601599996502,13683,0.0
6353,1774584486.5382714,67.83126619839544,10.91532800001005,14.742463999937172,13683,0.0
6354,1774584486.5532677,66.72417400938511,10.819487999924604,14.987071999712498,13683,0.0
6355,1774584486.567825,68.73872684890338,10.829024000031495,14.547839999977441,13683,0.0
6356,1774584486.5821936,69.64548775300105,10.892608000176551,14.35843199988085,13683,0.0
6357,1774584486.5974712,65.49234525486855,10.810463999860076,15.268959999957588,13683,0.0
6358,1774584486.6122835,67.56040981528206,10.861248000310297,14.801568000166299,13683,0.0
6359,1774584486.6284397,61.930855439092724,10.829856000327709,16.147039999850676,13683,0.0
6360,1774584486.643903,64.70997506902488,10.828992000369908,15.453567999884399,13683,0.0
6361,1774584486.658223,69.87612360836714,10.908128000210127,14.311039999938657,13683,0.0
6362,1774584486.672489,70.14275453410119,10.826944000200456,14.256639999985055,13683,0.0
6363,1774584486.6867695,70.07543480303268,10.819264000019757,14.270336000208772,13683,0.0
6364,1774584486.7010803,69.92036908901163,10.846912000033626,14.301984000212542,13683,0.0
6365,1774584486.715737,68.27541757210983,11.082496000199171,14.646560000073805,13683,0.0
6366,1774584486.7384958,43.958177135394884,17.70556800011036,22.748895999939123,13683,0.0
6367,1774584486.7533276,67.47215828831767,10.89235200015537,14.82092800006285,13603,0.0
6368,1774584486.7677388,69.43348938231583,10.892127999795775,14.402272000097582,13603,0.0
6369,1774584486.7821043,69.66784600418549,10.91097600010471,14.35382399995433,13603,0.0
6370,1774584486.798614,60.611820564304935,10.847007999927882,16.498432000389585,13603,0.0
6371,1774584486.812975,69.6847795061751,10.856800000055955,14.350336000006791,13603,0.0
6372,1774584486.8283823,64.95031560735768,10.867872000289935,15.396383999814134,13603,0.0
6373,1774584486.8439548,64.25902659449504,10.876704000111204,15.562015999876166,13603,0.0
6374,1774584486.8584142,69.20836701530823,10.975583999879746,14.449119999881077,13603,0.0
6375,1774584486.8727152,69.96482728244317,10.845471999800793,14.292895999915345,13603,0.0
6376,1774584486.8881648,64.76724207514434,10.867680000046676,15.439904000231763,13603,0.0
6377,1774584486.9075682,51.566890919990385,15.879263999977411,19.392288000290137,13603,0.0
6378,1774584486.9231317,64.30146998378069,11.931840000215743,15.551743999822065,13603,0.0
6379,1774584486.9374244,70.01844005565403,10.828575999767054,14.281952000146703,13603,0.0
6380,1774584486.9517164,70.01467507486527,10.8584320000773,14.282720000210247,13603,0.0
6381,1774584486.9666882,66.83920092362965,10.836928000117041,14.961280000079569,13603,0.0
6382,1774584486.9810061,69.89878655757447,10.863296000025002,14.306399999895802,13603,0.0
6383,1774584486.9953988,69.53514918374664,10.879968000153895,14.381215999947017,13603,0.0
6384,1774584487.0096958,69.99961920202412,10.882623999805219,14.285792000009678,13603,0.0
6385,1774584487.023921,70.34707558780204,10.817536000104155,14.215231999969546,13603,0.0
6386,1774584487.03845,68.86870209610666,10.904096000103891,14.520383999752084,13603,0.0
6387,1774584487.0529072,69.21971111392912,10.850208000192652,14.446752000367269,13603,0.0
6388,1774584487.0671544,70.24002984892319,10.824768000020413,14.236896000056731,13603,0.0
6389,1774584487.0814247,70.12308003019193,10.84889599997041,14.260639999974956,13603,0.0
6390,1774584487.0957706,69.7553985100856,10.884255999826564,14.335807999941608,13603,0.0
6391,1774584487.1100795,69.93679951389234,10.888704000080907,14.298623999820848,13603,0.0
6392,1774584487.1243582,70.07967779146142,10.842784000033134,14.269471999796224,13603,0.0
6393,1774584487.1388144,69.22170438347187,10.910943999988376,14.446335999764415,13603,0.0
6394,1774584487.153451,68.36623298642387,10.839584000223113,14.627104000282998,13603,0.0
6395,1774584487.168784,65.25970229227839,10.816991999945458,15.323391999572777,13603,0.0
6396,1774584487.1842954,64.50241290570631,10.796543999731512,15.50329600013356,13603,0.0
6397,1774584487.1985831,70.03020823031922,10.827263999999559,14.279552000061813,13603,0.0
6398,1774584487.2137537,65.95888386914893,10.899391999828367,15.160960000230261,13603,0.0
6399,1774584487.2332864,51.22312629893799,15.975711999999476,19.522432000030676,13603,0.0
6400,1774584487.2494018,62.09415261989634,11.884512000051473,16.104575999634108,13603,0.0
6401,1774584487.2637727,69.63493467656521,10.854655999992247,14.360608000060893,13563,0.0
6402,1774584487.2780936,69.86643772893153,10.855775999971229,14.31302399987544,13563,0.0
6403,1774584487.2932825,65.87740268177869,10.83942399964144,15.179711999735446,13563,0.0
6404,1774584487.3090637,63.40375715462216,11.108992000117723,15.771935999964626,13563,0.0
6405,1774584487.3242972,65.69749718867422,11.044864000268717,15.22127999987788,13563,0.0
6406,1774584487.338619,69.87956117819094,10.853247999875748,14.310336000107782,13563,0.0
6407,1774584487.3529809,69.67856442035149,10.862143999929685,14.3516160001127,13563,0.0
6408,1774584487.3673227,69.77580197657706,10.867680000046676,14.331615999708447,13563,0.0
6409,1774584487.3816645,69.78141112494777,10.896159999902011,14.330464000067877,13563,0.0
6410,1774584487.3959694,69.95355084172215,10.854848000235506,14.295200000105979,13563,0.0
6411,1774584487.4107704,67.6008929797108,10.86351999992985,14.792704000228696,13563,0.0
6412,1774584487.425006,70.29722792607085,10.829503999957524,14.225312000235135,13563,0.0
6413,1774584487.439314,69.94149533813236,10.842943999705312,14.29766399996879,13563,0.0
6414,1774584487.453593,70.08344976661753,10.85657599969636,14.26870399973268,13563,0.0
6415,1774584487.4679048,69.92162066139255,10.876832000121794,14.301727999736613,13563,0.0
6416,1774584487.4823077,69.47702144767487,10.915199999999459,14.393248000033054,13563,0.0
6417,1774584487.5009058,53.79750104205899,14.591520000067248,18.588223999813636,13563,0.0
6418,1774584487.5163422,64.8263587068061,11.991264000243973,15.425824000431021,13563,0.0
6419,1774584487.530686,69.77097259555407,10.850208000192652,14.332608000131586,13563,0.0
6420,1774584487.544988,69.97156355698588,10.83606400015924,14.291519999915181,13563,0.0
6421,1774584487.559316,69.84223477187689,10.834848000286001,14.317984000172146,13563,0.0
6422,1774584487.5737133,69.51179365002848,10.891840000113007,14.386047999778384,13563,0.0
6423,1774584487.5886784,66.86594501304269,10.84575999993831,14.955296000152885,13563,0.0
6424,1774584487.604102,64.8784437479002,10.899295999934111,15.413439999974798,13563,0.0
6425,1774584487.6183689,70.14480131705544,10.860768000384269,14.256223999836948,13563,0.0
6426,1774584487.6326237,70.19348694380173,10.8427519999168,14.246335999814619,13563,0.0
6427,1774584487.6469316,69.9367995116681,10.831007999968278,14.298624000275595,13563,0.0
6428,1774584487.6614,69.16134401120665,10.81750399998782,14.458943999670737,13563,0.0
6429,1774584487.6756742,70.10656197463378,10.818592000305216,14.263999999911903,13563,0.0
6430,1774584487.6913006,64.03517939141098,10.86585599978207,15.61641599982977,13563,0.0
6431,1774584487.7067375,64.82245906453083,10.884767999868927,15.426751999711996,13563,0.0
6432,1774584487.7211726,69.32551267702348,10.8521600000131,14.424703999793564,13563,0.0
6433,1774584487.7411065,50.19370755629652,16.372735999993893,19.92281599996204,13563,0.0
6434,1774584487.7554998,69.53190012270386,10.85049599987542,14.381888000116305,13563,0.0
6435,1774584487.7698586,69.69690211196063,10.897311999997328,14.347840000027645,13563,0.0
6436,1774584487.7843864,68.88646408422316,10.807296000166389,14.516640000238112,13603,0.0
6437,1774584487.7987676,69.58206230018216,10.84528000001228,14.371520000167948,13603,0.0
6438,1774584487.813113,69.7594471028772,10.837759999958507,14.334976000100141,13603,0.0
6439,1774584487.8274698,69.69892295706853,10.83273599988388,14.347423999879538,13603,0.0
6440,1774584487.8429146,64.78026533864076,10.838688000148977,15.436800000315998,13603,0.0
6441,1774584487.8572776,69.67343780852369,10.805599999912374,14.35267200031376,13603,0.0
6442,1774584487.8715332,70.19585204117598,10.804319999806467,14.245856000343338,13603,0.0
6443,1774584487.8869314,64.98191943125826,10.832351999852108,15.388895999876695,13603,0.0
6444,1774584487.9011915,70.17929968780948,10.818592000305216,14.249216000280285,13603,0.0
6445,1774584487.9154987,69.94462623871141,10.828672000116057,14.297023999915837,13603,0.0
6446,1774584487.9298918,69.52896076090953,10.887232000186486,14.382495999598177,13603,0.0
6447,1774584487.944417,68.8949687929085,10.807648000081826,14.514848000089842,13603,0.0
6448,1774584487.9599426,64.45172720172683,10.831168000095204,15.515488000346522,13603,0.0
6449,1774584487.97431,69.65899414755965,10.88006400004815,14.355647999764187,13603,0.0
6450,1774584487.9885676,70.18828428605161,10.837599999831582,14.247391999560932,13603,0.0
6451,1774584488.002859,70.02016580661878,10.795648000112124,14.281600000231265,13603,0.0
6452,1774584488.0171332,70.10215847356888,10.799807999774202,14.264895999986038,13603,0.0
6453,1774584488.0322297,66.27586879748254,10.798656000133633,15.088447999914933,13603,0.0
6454,1774584488.0476253,64.98881152489794,10.88534400014396,15.387264000310097,13603,0.0
6455,1774584488.0620127,69.5555788023228,10.89443199998641,14.376992000052269,13603,0.0
6456,1774584488.0763392,69.85066486753553,10.851647999970737,14.316255999801797,13603,0.0
6457,1774584488.0906987,69.69286077548654,10.849471999790694,14.348671999869111,13603,0.0
6458,1774584488.1093023,53.78352004074183,12.711551999927906,18.59305600009975,13603,0.0
6459,1774584488.1242576,66.91562849184362,11.091935999957059,14.944192000257317,13603,0.0
6460,1774584488.1387784,68.9212555358842,10.849504000361776,14.509311999972851,13603,0.0
6461,1774584488.1530952,69.90238272082956,10.860255999887158,14.305663999948592,13603,0.0
6462,1774584488.1675344,69.30337357650063,10.824288000094384,14.429312000174832,13603,0.0
6463,1774584488.1819,69.66147865040776,10.907424000379251,14.355136000176572,13603,0.0
6464,1774584488.196166,70.14621839078708,10.812256000008347,14.255935999699432,13603,0.0
6465,1774584488.210496,69.82834516844694,10.821759999998903,14.32083200006673,13603,0.0
6466,1774584488.2273903,59.22755891401451,13.33459200031939,16.884032000234583,13603,0.0
6467,1774584488.2418063,69.41575260083808,10.834848000286001,14.405951999833633,13603,0.0
6468,1774584488.2561798,69.62593605114688,10.876576000100613,14.362463999987085,13603,0.0
6469,1774584488.2708223,68.34201185747322,10.88796799967895,14.632288000029803,13603,0.0
6470,1774584488.2863626,64.39236275647764,10.923551999894698,15.529792000052112,13603,0.0
6471,1774584488.300739,69.60562012375529,10.851743999864993,14.366656000220246,13603,0.0
6472,1774584488.315669,67.02211622652024,10.828928000137239,14.920447999884345,13603,0.0
6473,1774584488.330217,68.7780614502832,10.863391999919259,14.539519999743789,13603,0.0
6474,1774584488.3446026,69.55852041737029,10.832416000084777,14.37638400011565,13603,0.0
6475,1774584488.3589382,69.80572786658271,10.841440000149305,14.325472000109585,13603,0.0
6476,1774584488.3733523,69.41482745102802,10.840192000159732,14.406144000076893,13603,0.0
6477,1774584488.3882856,67.00961293102812,10.839871999905881,14.923232000001008,13603,0.0
6478,1774584488.4025812,70.0002464008718,10.82217600014701,14.285663999999088,13603,0.0
6479,1774584488.4168491,70.13944844506275,10.820479999892996,14.257312000154343,13603,0.0
6480,1774584488.4321878,65.24021970693832,10.818144000040775,15.327968000292458,13603,0.0
6481,1774584488.4464605,70.11788780153904,10.845792000054644,14.261696000176016,13603,0.0
6482,1774584488.4607365,70.09382478893164,10.827776000041922,14.266592000240053,13603,0.0
6483,1774584488.47612,65.04169953506847,10.824928000147338,15.374751999843284,13603,0.0
6484,1774584488.4910252,67.1329813063683,10.826400000041758,14.895807999891986,13603,0.0
6485,1774584488.5053174,70.01985202840207,10.826943999745708,14.281664000009187,13603,0.0
6486,1774584488.5196135,70.00165763993122,10.81183999986024,14.285375999861571,13603,0.0
6487,1774584488.534824,65.78808867148713,10.794847999932244,15.200320000076317,13603,0.0
6488,1774584488.5491192,70.00071680682642,10.773471999982576,14.285568000104831,13603,0.0
6489,1774584488.563406,70.04260831965809,10.817599999882077,14.277023999966332,13603,0.0
6490,1774584488.5776606,70.19963653522406,10.854271999960474,14.245087999825046,13603,0.0
6491,1774584488.5919695,69.93413882551981,10.810719999881258,14.299167999979545,13603,0.0
6492,1774584488.6063344,69.65790723067032,10.861472000215144,14.355872000123782,13603,0.0
6493,1774584488.6208007,69.16869192597393,10.788351999963197,14.457407999998395,13603,0.0
6494,1774584488.6351335,69.81789259375238,10.844160000033298,14.322976000130438,13603,0.0
6495,1774584488.6495018,69.64688472174427,10.849887999938801,14.358144000198081,13603,0.0
6496,1774584488.6640172,68.93874048257085,10.80742400017698,14.505632000236801,13603,0.0
6497,1774584488.6783454,69.83895695293704,10.867263999898569,14.318655999886687,13603,0.0
6498,1774584488.6933804,66.5566263777578,10.838656000032643,15.024799999991956,13603,0.0
6499,1774584488.710145,59.6890059535934,13.228448000063509,16.753504000007524,13603,0.0
6500,1774584488.727933,56.25289139974772,14.213695999842457,17.776863999642956,13603,0.0
6501,1774584488.7433162,65.0537500106257,10.77036800006681,15.3719039999487,13603,0.0
6502,1774584488.7576833,69.66116807868717,10.874495999814826,14.355199999954493,13603,0.0
6503,1774584488.7720778,69.5199894976039,10.811679999733315,14.384352000433864,13603,0.0
6504,1774584488.7863803,69.96623709149006,10.819200000241835,14.292608000232576,13603,0.0
6505,1774584488.8010514,68.20225405769995,10.798943999816402,14.662271999895893,13643,0.0
6506,1774584488.815403,69.72255998962197,10.854336000193143,14.342559999931837,13643,0.0
6507,1774584488.8297882,69.56146228123939,10.845696000160387,14.37577600017903,13643,0.0
6508,1774584488.844075,70.0452772659382,10.801024000102188,14.276480000262382,13643,0.0
6509,1774584488.859352,65.50058164407753,10.829311999714264,15.267040000253473,13643,0.0
6510,1774584488.8736463,70.00840100657145,10.846048000075825,14.284000000316155,13643,0.0
6511,1774584488.8886688,66.61294998496838,10.822432000168192,15.01209599973663,13643,0.0
6512,1774584488.9030185,69.73345085756957,10.826720000295609,14.340319999973872,13643,0.0
6513,1774584488.9173126,70.01091050117932,10.837535999598913,14.283487999819044,13643,0.0
6514,1774584488.9316196,69.94337384484358,10.80620800030374,14.297279999937018,13643,0.0
6515,1774584488.946347,67.94142905334056,10.891072000049462,14.718559999892022,13643,0.0
6516,1774584488.9611564,67.57282729112782,10.937184000340494,14.798847999827558,13643,0.0
6517,1774584488.9764569,65.39709113796333,10.835808000138059,15.291199999865057,13643,0.0
6518,1774584488.9917085,65.60632843925899,10.816127999987657,15.242431999922701,13643,0.0
6519,1774584489.005993,70.05375644884806,10.893183999996836,14.27475200034678,13643,0.0
6520,1774584489.0202699,70.09539703161184,10.799040000165405,14.266271999986202,13643,0.0
6521,1774584489.0345693,69.97751762515948,10.801536000144552,14.290303999587195,13643,0.0
6522,1774584489.0488925,69.85940933537128,10.840255999937654,14.314464000108273,13643,0.0
6523,1774584489.0633411,69.25744932934074,10.85014400041473,14.438880000398058,13643,0.0
6524,1774584489.0777192,69.59972917308099,10.908511999787152,14.367872000093485,13643,0.0
6525,1774584489.0920472,69.84426405366617,10.833887999979197,14.317568000024039,13643,0.0
6526,1774584489.106598,68.77215839069417,10.846560000118188,14.540767999733362,13643,0.0
6527,1774584489.120949,69.73096121611827,10.848096000245278,14.340832000016235,13643,0.0
6528,1774584489.1363451,64.9994904030885,10.855871999865485,15.384736000214616,13643,0.0
6529,1774584489.1506274,70.06537940720777,10.816703999807942,14.272383999923477,13643,0.0
6530,1774584489.1649714,69.76396339724143,10.821087999829615,14.334047999909671,13643,0.0
6531,1774584489.1792889,69.89362748997655,10.82947199984119,14.307456000096863,13643,0.0
6532,1774584489.1943731,66.33692791076186,10.881120000249211,15.074559999902704,13643,0.0
6533,1774584489.2086523,70.08140656244777,10.821759999998903,14.269119999880786,13643,0.0
6534,1774584489.22301,69.69519225643712,10.854943999675015,14.34819200039783,13643,0.0
6535,1774584489.2401547,58.3629972993914,13.400543999978254,17.134144000010565,13643,0.0
6536,1774584489.2555308,65.08369242108392,10.823904000062612,15.364832000159367,13643,0.0
6537,1774584489.269867,69.80401266958559,10.879232000206684,14.325824000025023,13643,0.0
6538,1774584489.2841384,70.1204051516701,10.820768000030512,14.261183999678906,13643,0.0
6539,1774584489.3033977,51.95301784639228,15.799167999830388,19.248160000188363,13643,0.0
6540,1774584489.3188562,64.73276244166699,11.961087999679876,15.448128000116412,13723,0.0
6541,1774584489.3331587,69.96827358783787,10.843776000001526,14.292191999629722,13723,0.0
6542,1774584489.3476105,69.24148994505178,10.911007999766298,14.442207999763923,13723,0.0
6543,1774584489.3641636,60.44990202255394,10.900448000029428,16.542624000067008,13723,0.0
6544,1774584489.3785295,69.6597705346966,10.874496000269573,14.35548800009201,13723,0.0
6545,1774584489.3929439,69.42377158948142,10.813343999870995,14.404287999695953,13723,0.0
6546,1774584489.407288,69.76318468362165,10.833152000031987,14.334208000036597,13723,0.0
6547,1774584489.4216912,69.48057434268844,10.89782400003969,14.392512000085844,13723,0.0
6548,1774584489.4359584,70.13929101949248,10.820255999988149,14.257344000270677,13723,0.0
6549,1774584489.4502873,69.8333385476437,10.896064000007755,14.319807999982004,13723,0.0
6550,1774584489.4645505,70.15535201261032,10.823743999935687,14.25407999977324,13723,0.0
6551,1774584489.4797838,65.68451674105276,10.873279999941587,15.224287999899389,13723,0.0
6552,1774584489.4951787,64.99705693311462,10.793568000281084,15.3853120000349,13723,0.0
6553,1774584489.5095778,69.49618048914999,10.84601599995949,14.389280000159488,13723,0.0
6554,1774584489.5240383,69.20131715126521,10.828672000116057,14.450591999775497,13723,0.0
6555,1774584489.5394619,64.87777028036282,10.826496000390762,15.413600000101724,13723,0.0
6556,1774584489.5537658,69.95777908044374,10.86291199999323,14.294336000148178,13723,0.0
6557,1774584489.568069,69.96341752798408,10.824319999755971,14.293184000052861,13723,0.0
6558,1774584489.5823593,70.02236234180009,10.863999999855878,14.281151999966823,13723,0.0
6559,1774584489.5966575,69.98284580618538,10.828064000179438,14.289215999724547,13723,0.0
6560,1774584489.6110015,69.7589799339962,10.825919999660982,14.335071999994398,13723,0.0
6561,1774584489.6274097,60.98108317984552,10.809504000008019,16.39852800008157,13723,0.0
6562,1774584489.6417232,69.91755322108104,10.894303999975818,14.302560000032827,13723,0.0
6563,1774584489.656273,68.77579092100639,10.832416000084777,14.540000000124564,13723,0.0
6564,1774584489.6706133,69.77860643803966,10.826495999936014,14.331039999888162,13723,0.0
6565,1774584489.684923,69.92740975458129,10.831232000327873,14.300543999979709,13723,0.0
6566,1774584489.6994326,68.96156027429171,10.80835200036745,14.500832000067021,13723,0.0
6567,1774584489.714821,65.0224821734706,10.836383999958343,15.379295999991882,13723,0.0
6568,1774584489.7385402,42.17854549458346,17.810016000112228,23.708736000116915,13723,0.0
6569,1774584489.753091,68.77215839069417,10.842367999885028,14.540767999733362,13723,0.0
6570,1774584489.7683024,65.78421094668364,10.825952000232064,15.201216000150453,13723,0.0
6571,1774584489.7834551,66.03819437851841,10.82425599997805,15.14275199997428,13723,0.0
6572,1774584489.7978435,69.54675544979425,10.908895999818924,14.378815999862127,13723,0.0
6573,1774584489.8132725,64.85218889140471,10.830591999820172,15.419679999922664,13723,0.0
6574,1774584489.8290045,63.60831121378668,10.9770879998905,15.72121600020182,13683,0.0
6575,1774584489.8433743,69.63121082487746,10.822111999914341,14.361376000124437,13683,0.0
6576,1774584489.8576944,69.88081128784384,10.905344000093464,14.3100800000866,13683,0.0
6577,1774584489.8719857,70.01985202840207,10.806752000007691,14.281664000009187,13683,0.0
6578,1774584489.8866315,68.32303568421675,10.81904000011491,14.636352000252373,13683,0.0
6579,1774584489.9069343,49.278406438563174,15.71548799984157,20.292864000111877,13683,0.0
6580,1774584489.9224272,64.58653251982444,11.939263999920513,15.483103999940795,13683,0.0
6581,1774584489.9367414,69.90785585350532,10.82832000020062,14.30454399996961,13683,0.0
6582,1774584489.951186,69.27356963930355,10.851168000044709,14.435520000006363,13683,0.0
6583,1774584489.9655128,69.84332744878333,10.8237120002741,14.317759999812552,13683,0.0
6584,1774584489.9808514,65.23218482990397,10.83740800004307,15.329855999880238,13683,0.0
6585,1774584489.9951758,69.85737917564502,10.854080000171962,14.314879999801633,13683,0.0
6586,1774584490.010655,64.64344743008996,10.793631999604258,15.469471999949747,13683,0.0
6587,1774584490.0250957,69.29292391795776,10.878144000344037,14.431487999900128,13683,0.0
6588,1774584490.0393834,70.03617228356595,10.798719999911555,14.278335999733827,13683,0.0
6589,1774584490.0548334,64.76093371885156,10.827168000105303,15.44140799978777,13683,0.0
6590,1774584490.070238,64.95774109287423,10.885919999964244,15.394623999782198,13683,0.0
6591,1774584490.0852957,66.45641628703491,10.829375999946933,15.047456000047532,13683,0.0
6592,1774584490.0995808,70.05250014613509,10.830912000074022,14.275007999913214,13683,0.0
6593,1774584490.1138637,70.06270892659464,10.878176000005624,14.272928000082175,13683,0.0
6594,1774584490.128138,70.10294477303167,10.851487999843812,14.264735999859113,13683,0.0
6595,1774584490.1424131,70.0996424356043,10.873023999920406,14.265408000028401,13683,0.0
6596,1774584490.156701,70.02816812931931,10.83587199991598,14.27996800020992,13683,0.0
6597,1774584490.1720223,65.30961984687127,10.840767999980017,15.31167999974059,13683,0.0
6598,1774584490.1863303,69.94149533813236,10.868000000300526,14.29766399996879,13683,0.0
6599,1774584490.2006316,69.97187690256303,10.828736000348727,14.29145600013726,13683,0.0
6600,1774584490.2149749,69.7664553958812,10.842528000011953,14.333535999867308,13683,0.0
6601,1774584490.2361412,47.267914539059944,17.657024000072852,21.156000000246422,13683,0.0
6602,1774584490.2516627,64.46981059291043,10.90143999999782,15.511135999986436,13683,0.0
6603,1774584490.2671957,64.41984007546823,10.85916800002451,15.523167999617726,13683,0.0
6604,1774584490.2815173,69.86956191312382,10.863423999580846,14.312383999822487,13683,0.0
6605,1774584490.2959073,69.54164821684294,10.842592000244622,14.37987199960844,13683,0.0
6606,1774584490.3102837,69.61058169877708,10.874271999909979,14.36563200013552,13683,0.0
6607,1774584490.3245716,70.03413183506994,10.846271999980672,14.278751999881933,13683,0.0
6608,1774584490.3389232,69.72287110899445,10.82332799978758,14.342496000153915,13603,0.0
6609,1774584490.3532875,69.66536104492958,10.863552000046184,14.354335999996692,13603,0.0
6610,1774584490.3675756,70.03789890874788,10.821568000210391,14.277983999818389,13603,0.0
6611,1774584490.3818836,69.93899081947376,10.865856000236818,14.298176000011154,13603,0.0
6612,1774584490.3961618,70.0872221478418,10.801568000260886,14.267935999669135,13603,0.0
6613,1774584490.4104831,69.87846736948921,10.851711999748659,14.310560000012629,13603,0.0
6614,1774584490.4247327,70.2226676540534,10.812576000262197,14.240415999665856,13603,0.0
6615,1774584490.4390285,69.99397491812462,10.80428800014488,14.286944000104995,13603,0.0
6616,1774584490.4554312,60.999295336075036,10.823776000052021,16.393632000017533,13603,0.0
6617,1774584490.4697752,69.80385674837692,10.886464000122942,14.32585599968661,13603,0.0
6618,1774584490.4840505,70.10137219174472,10.83660799986319,14.265056000112963,13603,0.0
6619,1774584490.5032725,52.05262228623043,15.770720000091387,19.21132799998304,13603,0.0
6620,1774584490.518721,64.77838537162296,12.013088000003336,15.437247999670944,13603,0.0
6621,1774584490.5333521,68.39735690851002,10.827007999978377,14.620447999732278,13603,0.0
6622,1774584490.5486069,65.59641308464741,10.799359999964508,15.244735999658587,13603,0.0
6623,1774584490.5638225,65.75957038509662,10.815647999606881,15.20691199993962,13603,0.0
6624,1774584490.5790954,65.51280277438072,10.808799999722396,15.264191999904142,13603,0.0
6625,1774584490.5943573,65.55829443519305,10.834591999810073,15.253600000050938,13603,0.0
6626,1774584490.6086283,70.11442674441305,10.83520000020144,14.262400000006892,13603,0.0
6627,1774584490.622965,69.79855578410304,10.840511999958835,14.326944000004005,13603,0.0
6628,1774584490.6383324,65.11759717225006,10.850624000340758,15.356831999724818,13603,0.0
6629,1774584490.653672,65.2325933348542,10.86396800019429,15.329759999985981,13603,0.0
6630,1774584490.6689682,65.41365502247834,10.800575999837747,15.287327999885747,13603,0.0
6631,1774584490.684187,65.7460121100117,10.790304000238393,15.21004799997172,13603,0.0
6632,1774584490.6984754,70.02989435986076,10.859552000056283,14.279616000294482,13603,0.0
6633,1774584490.712744,70.121034514651,10.828607999883388,14.261056000123062,13603,0.0
6634,1774584490.7317224,52.718325564035965,14.815200000157347,18.968736000260833,13603,0.0
6635,1774584490.7459548,70.3149434445883,10.781760000099894,14.221727999938594,13603,0.0
6636,1774584490.7603285,69.62143760941973,10.869759999877715,14.363392000177555,13603,0.0
6637,1774584490.7746582,69.83302643941292,10.840832000212686,14.319872000214673,13603,0.0
6638,1774584490.7889342,70.09539703161184,10.809408000113763,14.266271999986202,13603,0.0
6639,1774584490.8031995,70.14590347733335,10.820351999882405,14.256000000386848,13603,0.0
6640,1774584490.8174047,70.43634470328838,10.788064000280428,14.197215999956825,13603,0.0
6641,1774584490.8317552,69.72551574571813,10.83407999976771,14.341951999995217,13603,0.0
6642,1774584490.8461325,69.60127932576897,10.893472000134352,14.367552000294381,13563,0.0
6643,1774584490.8604836,69.72769383314137,10.84575999993831,14.341503999730776,13563,0.0
6644,1774584490.8756957,65.78393398481653,10.815071999786596,15.201279999928374,13563,0.0
6645,1774584490.8899884,70.01200846011159,10.877184000037232,14.283263999914197,13563,0.0
6646,1774584490.9052866,65.41146427518227,10.83660799986319,15.28783999992811,13563,0.0
6647,1774584490.9195952,69.93742558750725,10.835423999651539,14.298495999810257,13563,0.0
6648,1774584490.9338484,70.20767993258482,10.82844800021121,14.243456000258448,13563,0.0
6649,1774584490.9481444,69.99507234815414,10.829216000274755,14.2867199997454,13563,0.0
6650,1774584490.9624736,69.83177804104025,10.879359999762528,14.320127999781107,13563,0.0
6651,1774584490.9773066,67.45890403479638,10.826687999724527,14.823840000190103,13563,0.0
6652,1774584490.9926164,65.35934042430627,10.838047999641276,15.300032000141073,13563,0.0
6653,1774584491.0078976,65.47889693535838,10.795424000207277,15.272096000444435,13563,0.0
6654,1774584491.023178,65.4864437824267,10.794368000006216,15.270335999957751,13563,0.0
6655,1774584491.0384855,65.36795359569832,10.805280000113271,15.298016000087955,13563,0.0
6656,1774584491.0527391,70.20626037453361,10.82511999993585,14.243744000395964,13563,0.0
6657,1774584491.0670526,69.91317343112895,10.83052800004225,14.303456000106962,13563,0.0
6658,1774584491.081315,70.15897462239745,10.809087999859912,14.253344000280777,13563,0.0
6659,1774584491.0956576,69.7666111500473,10.80463999960557,14.333504000205721,13563,0.0
6660,1774584491.1100616,69.46852686897262,10.823264000009658,14.395007999610243,13563,0.0
6661,1774584491.1254284,65.11189870436908,10.853568000129599,15.358176000063395,13563,0.0
6662,1774584491.139792,69.66893322905422,10.858016000383941,14.353600000049482,13563,0.0
6663,1774584491.1541657,69.61880086186616,10.894047999954637,14.363936000336253,13563,0.0
6664,1774584491.1694505,65.46449415354951,10.827168000105303,15.275455999926635,13563,0.0
6665,1774584491.1838334,69.5695149722726,10.860416000014084,14.37411200004135,13563,0.0
6666,1774584491.1982172,69.56765649348075,10.889823999605142,14.374496000073123,13563,0.0
6667,1774584491.2125583,69.77253038792765,10.821215999840206,14.332287999877735,13563,0.0
6668,1774584491.2342503,46.12083215261241,16.107295999972848,21.682176000012987,13563,0.0
6669,1774584491.2495923,65.22524101879468,11.897536000105902,15.33148800035633,13563,0.0
6670,1774584491.2639356,69.7692591060548,10.840928000106942,14.332960000047024,13563,0.0
6671,1774584491.2782815,69.75415288342711,10.888064000027953,14.33606399996279,13563,0.0
6672,1774584491.2926395,69.70032207250152,10.83379200008494,14.347135999742022,13563,0.0
6673,1774584491.3079047,65.5492185484434,10.846112000308494,15.255711999998312,13563,0.0
6674,1774584491.3222232,69.8923769239647,10.885503999816137,14.307711999663297,13563,0.0
6675,1774584491.3365278,69.94994941193633,10.831552000126976,14.295936000053189,13563,0.0
6676,1774584491.3508706,69.77066104675484,10.810751999997592,14.332671999909508,13563,0.0
6677,1774584491.3658538,66.78206607785359,10.863391999919259,14.974079999774403,13563,0.0
6678,1774584491.3802555,69.48088330620374,10.887423999974999,14.392448000307922,13563,0.0
6679,1774584491.3947637,68.97693411256328,10.924319999958243,14.497600000140665,13563,0.0
6680,1774584491.4094126,68.31287954646297,10.858048000045528,14.638527999977669,13563,0.0
6681,1774584491.4236977,70.04810343365199,10.830912000074022,14.27590399998735,13563,0.0
6682,1774584491.438042,69.76318468362165,10.86710400022639,14.334208000036597,13563,0.0
6683,1774584491.4523978,69.70312046967742,10.886848000154714,14.346559999921737,13563,0.0
6684,1774584491.466752,69.71400526497774,10.847007999927882,14.344319999963773,13563,0.0
6685,1774584491.4810889,69.80105025470944,10.856416000024183,14.326431999961642,13563,0.0
6686,1774584491.4954255,69.79917938503989,10.830847999841353,14.326815999993414,13563,0.0
6687,1774584491.5103562,67.02039135656925,10.86832000009963,14.920831999916118,13563,0.0
6688,1774584491.5246232,70.14039301108755,10.832032000053005,14.257119999911083,13563,0.0
6689,1774584491.5389764,69.7112059937593,10.833152000031987,14.344895999784057,13563,0.0
6690,1774584491.5532227,70.24224019802183,10.804640000060317,14.236448000247037,13563,0.0
6691,1774584491.5675445,69.87128033297401,10.841567999705148,14.312031999907049,13563,0.0
6692,1774584491.5818658,69.87659234756963,10.863231999792333,14.310944000044401,13563,0.0
6693,1774584491.5961354,70.11898912067929,10.836575999746856,14.261471999816422,13563,0.0
6694,1774584491.6104147,70.07150657135013,10.838496000360465,14.271135999933904,13563,0.0
6695,1774584491.6246526,70.27715059323698,10.826687999724527,14.229376000002958,13563,0.0
6696,1774584491.6399531,65.39791228903903,10.843743999885191,15.291008000076545,13563,0.0
6697,1774584491.6544054,69.24087626929693,10.910272000273835,14.442335999774514,13563,0.0
6698,1774584491.6693218,67.08067067867724,10.841759999948408,14.907423999829916,13563,0.0
6699,1774584491.6836734,69.72629361862057,10.829119999925751,14.341791999868292,13563,0.0
6700,1774584491.7037263,49.89430390584715,15.641503999631823,20.042368000304123,13563,0.0
6701,1774584491.7197828,62.32287837842358,11.891839999861986,16.045472000314476,13563,0.0
6702,1774584491.7382102,54.298343769000226,14.828832000148395,18.41676800040659,13563,0.0
6703,1774584491.7540581,63.139093909537245,10.931999999684194,15.838047999750415,13563,0.0
6704,1774584491.7685392,69.10628435883673,10.867680000046676,14.470464000169159,13563,0.0
6705,1774584491.7829723,69.33074202785139,10.902144000283442,14.423615999930917,13563,0.0
6706,1774584491.7973003,69.83942519363181,10.8364799998526,14.31855999999243,13563,0.0
6707,1774584491.811623,69.86284526304689,10.844191999694885,14.31375999982265,13563,0.0
6708,1774584491.82603,69.46157830118236,10.876704000111204,14.396447999843076,13563,0.0
6709,1774584491.8403573,69.84176649350768,10.838751999926899,14.318080000066402,13563,0.0
6710,1774584491.8546114,70.19900575601068,10.795072000291839,14.245216000290384,13563,0.0
6711,1774584491.8688865,70.09712657823958,10.862016000373842,14.265920000070764,13661,0.0
6712,1774584491.8840094,66.1578685523347,10.820351999882405,15.115359999981592,13661,0.0
6713,1774584491.898374,69.65340465689508,10.881984000207012,14.356800000314252,13661,0.0
6714,1774584491.9126515,70.08360693938565,10.864031999972212,14.268672000071092,13661,0.0
6715,1774584491.927008,69.70343141779519,10.857119999855058,14.346495999689068,13661,0.0
6716,1774584491.942121,66.21225636398502,10.865535999982967,15.10294400031853,13661,0.0
6717,1774584491.9566429,68.90241213637319,10.810816000230261,14.513279999846418,13661,0.0
6718,1774584491.970959,69.89550342623917,10.819936000189045,14.30707200006509,13661,0.0
6719,1774584491.9852738,69.90535374340115,10.814303999723052,14.305056000011973,13661,0.0
6720,1774584491.9995472,70.10373109013368,10.817536000104155,14.264575999732187,13661,0.0
6721,1774584492.0139806,69.32397478137388,10.946079999939684,14.425024000047415,13661,0.0
6722,1774584492.0284195,69.29937774694906,10.811903999638162,14.430144000016298,13661,0.0
6723,1774584492.0433507,67.01263053931785,10.824511999999231,14.922560000286467,13661,0.0
6724,1774584492.057699,69.74574606804742,10.872255999856861,14.337791999878391,13661,0.0
6725,1774584492.0720088,69.92553210527296,10.836576000201603,14.300928000011481,13661,0.0
6726,1774584492.0863903,69.58531605094517,10.89708800009248,14.37084799999866,13661,0.0
6727,1774584492.1007407,69.72878292456662,10.85916800002451,14.341280000280676,13661,0.0
6728,1774584492.115158,69.4100479093733,10.890368000218587,14.407136000045284,13661,0.0
6729,1774584492.1306367,64.6470580934316,10.859743999844795,15.468607999991946,13661,0.0
6730,1774584492.145365,67.94482662679957,10.86144000009881,14.717823999944812,13661,0.0
6731,1774584492.1597097,69.76567662662877,10.85916800002451,14.333695999994234,13661,0.0
6732,1774584492.175188,64.65000041308679,10.845247999895946,15.46790400016107,13661,0.0
6733,1774584492.1903334,66.06877071932857,10.899647999849549,15.13574399996287,13661,0.0
6734,1774584492.2053413,66.67520109165716,10.82665600006294,14.998080000168557,13661,0.0
6735,1774584492.2197855,69.28048063916681,10.830783999608684,14.434080000228278,13661,0.0
6736,1774584492.2405412,48.20091064933699,16.138815999966027,20.746496000356274,13661,0.0
6737,1774584492.254983,69.29430677871129,10.860672000035265,14.431200000217359,13661,0.0
6738,1774584492.2703118,65.28015107454304,10.897984000166616,15.318591999857745,13661,0.0
6739,1774584492.2849433,68.39271644854205,10.863743999834696,14.621440000155417,13661,0.0
6740,1774584492.303994,52.522067671677,15.428479999627598,19.039616000100068,13661,0.0
6741,1774584492.3209894,58.87583886316042,11.898879999989731,16.98489599993991,13661,0.0
6742,1774584492.3363736,65.043053297652,10.848767999959819,15.37443200004418,13661,0.0
6743,1774584492.351498,66.16038972103921,10.839904000022216,15.114784000161308,13661,0.0
6744,1774584492.3669615,64.71077905525595,10.84441600005448,15.453376000095886,13661,0.0
6745,1774584492.3813245,69.66986516467033,10.8436159998746,14.353407999806223,13563,0.0
6746,1774584492.3956633,69.77907386983198,10.873312000057922,14.330943999993906,13563,0.0
6747,1774584492.4110773,64.91725905778154,10.823264000009658,15.404224000121758,13563,0.0
6748,1774584492.425352,70.10027142816345,10.81631999977617,14.26528000001781,13563,0.0
6749,1774584492.439694,69.77876224867934,10.852191999674687,14.331007999771828,13563,0.0
6750,1774584492.4539773,70.06318017466295,10.892864000197733,14.272831999733171,13563,0.0
6751,1774584492.4682722,70.00526439630227,10.859104000246589,14.284639999914361,13563,0.0
6752,1774584492.482579,69.9450958974187,10.83846400024413,14.29692800002158,13563,0.0
6753,1774584492.4968479,70.12953205209546,10.836096000275575,14.259327999752713,13563,0.0
6754,1774584492.511347,69.01425558326284,10.852383999917947,14.489760000287788,13563,0.0
6755,1774584492.5256805,69.8099382537661,10.880639999868436,14.324608000151784,13563,0.0
6756,1774584492.5399692,70.03177761812414,10.820320000220818,14.27923200026271,13563,0.0
6757,1774584492.5543096,69.77112837210393,10.872287999973196,14.332576000015251,13563,0.0
6758,1774584492.5686502,69.77954131010102,10.846335999758594,14.330847999644902,13563,0.0
6759,1774584492.5830405,69.54041021012698,10.798208000323939,14.380128000084369,13563,0.0
6760,1774584492.5983963,65.16009575015924,10.852672000055463,15.346815999691898,13563,0.0
6761,1774584492.6133978,66.70352258541156,10.830784000063431,14.9917120002101,13563,0.0
6762,1774584492.6276338,70.29374914209009,10.798175999752857,14.22601600006601,13563,0.0
6763,1774584492.6429954,65.14135152221529,10.87126399988847,15.351231999829906,13563,0.0
6764,1774584492.6572988,69.96623709149006,10.825664000094548,14.292608000232576,13563,0.0
6765,1774584492.671617,69.8853433108586,10.84508799976902,14.30915199989613,13563,0.0
6766,1774584492.6859334,69.89831751834191,10.879423999995197,14.306496000244806,13563,0.0
6767,1774584492.7002094,70.09351035019981,10.82739200001015,14.266656000017974,13563,0.0
6768,1774584492.7145398,69.83271433618957,10.840160000043397,14.319935999992595,13563,0.0
6769,1774584492.736309,45.96000523616405,17.75289600027463,21.758047999810515,13563,0.0
6770,1774584492.7506945,69.56548839261684,10.866911999983131,14.374944000337564,13563,0.0
6771,1774584492.7650032,69.9391473471911,10.829087999809417,14.298143999894819,13563,0.0
6772,1774584492.7793508,69.75275160605734,10.842911999588978,14.336352000100305,13563,0.0
6773,1774584492.7936962,69.76053718867101,10.893855999711377,14.334752000195294,13563,0.0
6774,1774584492.808042,69.76084864927701,10.849247999885847,14.334687999962625,13563,0.0
6775,1774584492.8224993,69.21817791096244,10.906015999808005,14.447072000166372,13563,0.0
6776,1774584492.837334,67.45628293211006,10.813568000230589,14.824416000010388,13563,0.0
6777,1774584492.8521698,67.44973106332577,10.842688000138878,14.82585600024322,13563,0.0
6778,1774584492.8675635,65.00354659389168,10.80703999969046,15.383775999907812,13563,0.0
6779,1774584492.8829393,65.07285035778601,10.83980800012796,15.367391999916435,13563,0.0
6780,1774584492.9035454,48.54942097998593,15.590336000059324,20.59756800008472,13643,0.0
6781,1774584492.9193678,63.24374645847267,11.976160000358504,15.81183999996938,13643,0.0
6782,1774584492.9348876,64.47712661056987,10.869023999930505,15.5093759999545,13643,0.0
6783,1774584492.9504025,64.4950911508256,10.898591999648488,15.505055999710748,13643,0.0
6784,1774584492.9656048,65.82148371198203,10.894848000134516,15.192607999779284,13643,0.0
6785,1774584492.9799433,69.78920310700371,10.819103999892832,14.328864000162866,13643,0.0
6786,1774584492.9942892,69.76007000740267,10.871616000258655,14.334847999634803,13643,0.0
6787,1774584493.008658,69.6405212009701,10.854623999875912,14.359455999965576,13643,0.0
6788,1774584493.0230136,69.70623006244618,10.811871999976574,14.345920000323531,13643,0.0
6789,1774584493.0373745,69.68307024760202,10.840192000159732,14.35068799992223,13643,0.0
6790,1774584493.0523376,66.8749598745779,10.833920000095532,14.953280000099767,13643,0.0
6791,1774584493.0676947,65.16145444582175,10.848224000255868,15.346495999892795,13643,0.0
6792,1774584493.0820608,69.65449143327479,10.879359999762528,14.356575999954657,13643,0.0
6793,1774584493.09644,69.59414919332784,10.846847999800957,14.369023999734054,13643,0.0
6794,1774584493.1108398,69.494325926353,10.868159999972704,14.38966400019126,13643,0.0
6795,1774584493.1252425,69.47856614132584,10.848063999674196,14.392927999779204,13643,0.0
6796,1774584493.1395686,69.84847909317234,10.819871999956376,14.31670399961149,13643,0.0
6797,1774584493.1539118,69.7698821836088,10.87859200015373,14.332832000036433,13643,0.0
6798,1774584493.168203,70.02283304504363,10.816959999829123,14.281056000072567,13643,0.0
6799,1774584493.1825798,69.60391474624055,10.858143999939784,14.367008000135684,13643,0.0
6800,1774584493.196886,69.944469686469,10.838048000096023,14.297056000032171,13643,0.0
6801,1774584493.2111707,70.05391349069238,10.83158400024331,14.274720000230445,13643,0.0
6802,1774584493.2283063,58.39538816575599,13.561631999891688,17.12464000002001,13643,0.0
6803,1774584493.2427225,69.41883660580604,10.870592000173929,14.405312000235426,13643,0.0
6804,1774584493.2571175,69.5159686508605,10.91839999980948,14.38518400027533,13643,0.0
6805,1774584493.2715,69.57958345883225,10.871871999825089,14.372031999755563,13643,0.0
6806,1774584493.2860324,68.86111429565084,10.895391999838466,14.521983999657095,13643,0.0
6807,1774584493.3024528,60.936253854242935,11.893375999989075,16.410591999829194,13643,0.0
6808,1774584493.3175817,66.14610563390897,10.83139200000005,15.118048000203999,13643,0.0
6809,1774584493.3320372,69.22001776398044,10.808704000282887,14.4466880001346,13643,0.0
6810,1774584493.3482568,61.69049729343141,10.800064000250131,16.20995200028119,13643,0.0
6811,1774584493.3637002,64.79463728418949,10.862143999929685,15.433376000146382,13643,0.0
6812,1774584493.3780599,69.68757665542857,10.898015999828203,14.349760000186507,13643,0.0
6813,1774584493.3934994,64.80888120130042,10.879968000153895,15.4299840000931,13643,0.0
6814,1774584493.4080343,68.84776382299643,10.857952000151272,14.52480000034484,13603,0.0
6815,1774584493.422465,69.35043607531715,10.957567999867024,14.41952000004676,13603,0.0
6816,1774584493.4369078,69.29215568437682,10.932640000191896,14.431648000027053,13603,0.0
6817,1774584493.4527426,63.197830444172496,10.90499199972328,15.82332799989672,13603,0.0
6818,1774584493.4671388,69.51132979004973,10.840639999969426,14.386144000127388,13603,0.0
6819,1774584493.483671,60.52682548893667,10.871424000015395,16.521600000032777,13603,0.0
6820,1774584493.5037897,49.73160845565755,15.553727999758848,20.107935999931215,13603,0.0
6821,1774584493.519283,64.5901368278168,11.947455999688827,15.482239999982994,13603,0.0
6822,1774584493.5335991,69.90551012059088,10.857920000034937,14.305023999895639,13603,0.0
6823,1774584493.5479393,69.78374853664187,10.847135999938473,14.329984000141849,13603,0.0
6824,1774584493.562249,69.93586042559886,10.881663999953162,14.29881599960936,13603,0.0
6825,1774584493.577389,66.09028885252287,10.84460800029774,15.130815999782499,13603,0.0
6826,1774584493.5916727,70.06066693158003,10.800415999710822,14.273344000230281,13603,0.0
6827,1774584493.6059651,70.01247902416354,10.87385600021662,14.283168000019941,13603,0.0
6828,1774584493.6202054,70.26419336709621,10.803776000102516,14.231999999992695,13603,0.0
6829,1774584493.641426,47.14291317557838,10.8584320000773,21.212095999999292,13603,0.0
6830,1774584493.6558673,69.29461409005229,10.951744000067265,14.43113599998469,13603,0.0
6831,1774584493.6702187,69.73096121611827,10.887232000186486,14.340832000016235,13603,0.0
6832,1774584493.685383,65.99036224018853,10.87126399988847,15.153727999859257,13603,0.0
6833,1774584493.7002988,67.09579346996775,10.870783999962441,14.90406399989297,13603,0.0
6834,1774584493.7147167,69.41297722757747,10.870656000406598,14.406528000108665,13603,0.0
6835,1774584493.7370062,44.88497954621696,17.649536000135413,22.279168000295613,13603,0.0
6836,1774584493.7525046,64.56558210256296,10.89363199980653,15.488128000015422,13603,0.0
6837,1774584493.7685132,62.508376122350825,10.921951999989687,15.997856000012689,13603,0.0
6838,1774584493.7839806,64.69564065223722,10.848735999843484,15.456992000054015,13603,0.0
6839,1774584493.7993538,65.08775912801124,10.824896000031003,15.363871999852563,13603,0.0
6840,1774584493.81472,65.11732579117268,10.815520000051038,15.356896000412235,13603,0.0
6841,1774584493.8300977,65.06973393303808,10.904543999913585,15.368127999863646,13603,0.0
6842,1774584493.8444393,69.77377667102675,10.847391999959655,14.332031999856554,13603,0.0
6843,1774584493.858783,69.77019372766597,10.845664000044053,14.332767999803764,13603,0.0
6844,1774584493.873071,70.03821284873187,10.819936000189045,14.277920000040467,13603,0.0
6845,1774584493.8873289,70.17914208553879,10.79942399974243,14.249247999941872,13603,0.0
6846,1774584493.9021535,67.49066469198743,10.883071999614913,14.81686399984028,13603,0.0
6847,1774584493.917145,66.74084689240937,10.804735999954573,14.983328000198526,13523,0.0
6848,1774584493.9314668,69.86628152650103,10.851680000087072,14.313055999991775,13523,0.0
6849,1774584493.9457874,69.8779986051308,10.872608000227046,14.310655999906885,13523,0.0
6850,1774584493.961143,65.1651232092778,10.842784000033134,15.345631999934994,13523,0.0
6851,1774584493.9764662,65.30675365912992,10.84681600013937,15.312351999909879,13523,0.0
6852,1774584493.991683,65.75804825770288,10.793951999858109,15.207264000309806,13523,0.0
6853,1774584494.007034,65.17925860369763,10.834623999926407,15.342304000114382,13523,0.0
6854,1774584494.0236712,60.13813489072683,10.810016000050382,16.628383999886864,13523,0.0
6855,1774584494.038,69.83489912621069,10.912672000358725,14.319487999728153,13523,0.0
6856,1774584494.054444,60.84643722157886,10.868672000015067,16.434816000128194,13523,0.0
6857,1774584494.0708447,61.00596394352164,10.811584000293806,16.391839999869262,13523,0.0
6858,1774584494.0870914,61.58715518571941,10.821567999755644,16.23715200003062,13523,0.0
6859,1774584494.106426,51.748177636752125,15.786752000167326,19.324351999784994,13523,0.0
6860,1774584494.122514,62.20341412138359,11.991615999704663,16.076288000022032,13523,0.0
6861,1774584494.1367915,70.08297824584236,10.829440000179602,14.268800000081683,13523,0.0
6862,1774584494.152098,65.3706884107256,10.81577600007222,15.297376000035001,13523,0.0
6863,1774584494.1674523,65.16947190894403,10.814048000156617,15.344607999850268,13523,0.0
6864,1774584494.1828208,65.10932115459134,10.83040000003166,15.358784000000014,13523,0.0
6865,1774584494.1981459,65.29542785736439,10.854687999653834,15.31500800001595,13523,0.0
6866,1774584494.2125003,69.70436427437559,10.846079999737412,14.346303999900556,13523,0.0
6867,1774584494.229647,58.357111911451526,13.568832000146358,17.135871999926167,13523,0.0
6868,1774584494.2459283,61.45864472466764,10.876320000079431,16.271103999770276,13523,0.0
6869,1774584494.2611692,65.65015713927828,10.795199999847682,15.232256000217603,13523,0.0
6870,1774584494.2765641,64.99340706881777,10.832639999989624,15.386175999992702,13523,0.0
6871,1774584494.2908826,69.88643733483103,10.824831999798334,14.308927999991283,13523,0.0
6872,1774584494.3051507,70.12685667685673,10.78927999969892,14.259872000366158,13523,0.0
6873,1774584494.3205616,64.93074746067266,10.85196799976984,15.401024000311736,13523,0.0
6874,1774584494.336973,60.96787724555453,10.816735999924276,16.40207999980703,13523,0.0
6875,1774584494.3532155,61.59795948256433,10.822528000062448,16.234303999681288,13523,0.0
6876,1774584494.367605,69.54567203486505,10.846304000097007,14.379039999766974,13523,0.0
6877,1774584494.3819797,69.61693974893203,10.926495999683539,14.364320000368025,13523,0.0
6878,1774584494.3962963,69.89143902604678,10.827456000242819,14.307903999906557,13523,0.0
6879,1774584494.412446,61.95627175953767,10.84755200008658,16.14041599987104,13523,0.0
6880,1774584494.427834,65.02911223402818,10.824032000073203,15.377727999748458,13442,0.0
6881,1774584494.4432738,64.80579000833323,10.868383999877551,15.43072000004031,13442,0.0
6882,1774584494.4587288,64.7472474657265,10.831423999661638,15.444671999830462,13442,0.0
6883,1774584494.4731393,69.4436728473551,10.889088000112679,14.400160000150208,13442,0.0
6884,1774584494.4874594,69.88424932113801,10.860320000119827,14.309375999800977,13442,0.0
6885,1774584494.5018296,69.63105567468729,10.893440000018018,14.361407999786024,13442,0.0
6886,1774584494.518291,60.789741415330695,10.882655999921553,16.45014399991851,13442,0.0
6887,1774584494.5334349,66.07282176506395,10.838208000222949,15.1348159997724,13442,0.0
6888,1774584494.5478373,69.48381860652984,10.8999680001034,14.391840000371303,13442,0.0
6889,1774584494.5622604,69.377071599696,10.92435199961983,14.41398399992977,13442,0.0
6890,1774584494.5781395,63.015212377533686,10.885824000069988,15.869183999711822,13442,0.0
6891,1774584494.592492,69.72318223335422,10.871712000152911,14.342431999921246,13442,0.0
6892,1774584494.6068373,69.7574227488446,10.82518400016852,14.3353919997935,13442,0.0
6893,1774584494.6211073,70.11332557081981,10.819487999924604,14.262623999911739,13442,0.0
6894,1774584494.635435,69.84254696242381,10.803871999996773,14.317919999939477,13442,0.0
6895,1774584494.6498606,69.36906339523004,10.894368000208488,14.41564800006745,13442,0.0
6896,1774584494.6641855,69.85222621837733,10.852320000140026,14.315936000002694,13442,0.0
6897,1774584494.678512,69.84395184998691,10.841727999832074,14.31763199980196,13442,0.0
6898,1774584494.693421,67.12086911476467,10.839296000085596,14.898495999659644,13442,0.0
6899,1774584494.7109013,57.23883522287303,12.373984000078053,17.470655999659357,13442,0.0
6900,1774584494.7290077,55.25907221325113,14.582144000087283,18.09657600006176,13442,0.0
6901,1774584494.743421,69.4299413009345,10.872576000110712,14.403008000044792,13442,0.0
6902,1774584494.7577908,69.6405212009701,10.927295999863418,14.359455999965576,13442,0.0
6903,1774584494.7721448,69.71540498599784,10.872352000205865,14.344031999826257,13442,0.0
6904,1774584494.7884758,61.26610073246885,10.878623999815318,16.322239999681187,13442,0.0
6905,1774584494.8028646,69.54273150640495,10.871296000004804,14.379647999703593,13442,0.0
6906,1774584494.8172278,69.6717291084941,10.887775999890437,14.35302399977445,13442,0.0
6907,1774584494.8315349,69.93867776614097,10.842079999747511,14.298240000243823,13442,0.0
6908,1774584494.8458307,69.99585624495153,10.858688000098482,14.286560000073223,13442,0.0
6909,1774584494.8601642,69.8099382537661,10.831231999873125,14.324608000151784,13442,0.0
6910,1774584494.8745267,69.67685546665373,10.89196799966885,14.351968000028137,13442,0.0
6911,1774584494.8888867,69.68648884860316,10.875424000005296,14.349984000091354,13442,0.0
6912,1774584494.903201,69.91067094036848,10.858400000415713,14.303968000149325,13442,0.0
6913,1774584494.9175544,69.71804905414032,10.911007999766298,14.343488000122306,13442,0.0
6914,1774584494.9318845,69.82616079069949,10.853920000045036,14.321279999876424,13442,0.0
6915,1774584494.9464066,68.90438717132523,10.86659199972928,14.512863999698311,13643,0.0
6916,1774584494.960679,70.10593286918301,10.826912000084121,14.264127999922493,13643,0.0
6917,1774584494.974965,70.04637630306965,10.801920000176324,14.276256000357535,13643,0.0
6918,1774584494.9892335,70.1271714170793,10.819392000030348,14.25980800013349,13643,0.0
6919,1774584495.0034842,70.2125699606166,10.822239999924932,14.242463999835309,13643,0.0
6920,1774584495.0178301,69.75882421168869,10.89209599967944,14.335104000110732,13643,0.0
6921,1774584495.0321324,69.96874356194438,10.84883199973774,14.292096000190213,13643,0.0
6922,1774584495.0522585,49.709932601347845,10.835776000021724,20.11670399997456,13643,0.0
6923,1774584495.0676126,65.17259789486761,10.839424000096187,15.343871999903058,13643,0.0
6924,1774584495.0829153,65.38559717413133,10.823231999893324,15.293888000087463,13643,0.0
6925,1774584495.0972207,69.96185120250128,10.851903999991919,14.293503999851964,13643,0.0
6926,1774584495.1124854,65.56187047597399,10.829696000200784,15.252767999754724,13643,0.0
6927,1774584495.1278107,65.29297217664053,10.842495999895618,15.315584000290983,13643,0.0
6928,1774584495.1431558,65.20986098360652,10.840096000265476,15.335103999859712,13643,0.0
6929,1774584495.1592553,62.15479228438278,10.853247999875748,16.08886399981202,13643,0.0
6930,1774584495.174119,67.32911332432786,11.16297599992322,14.852415999939694,13643,0.0
6931,1774584495.188481,69.6771661804769,10.8552960000452,14.351903999795468,13643,0.0
6932,1774584495.202831,69.73485135735402,10.85382400015078,14.340032000291103,13643,0.0
6933,1774584495.2171862,69.70996194488401,10.868608000237145,14.345151999805239,13643,0.0
6934,1774584495.2400076,43.84008260193464,17.431999999644177,22.810175999893545,13643,0.0
6935,1774584495.255422,64.92211423979623,10.841887999958999,15.403071999571694,13643,0.0
6936,1774584495.2707903,65.11515484904808,10.829567999735445,15.35740799999985,13643,0.0
6937,1774584495.2861521,65.14338841551617,10.89843199997631,15.350751999903878,13643,0.0
6938,1774584495.3053446,52.13312046360401,15.702623999914067,19.181663999916054,13643,0.0
6939,1774584495.3212876,62.76789336846285,11.993472000085603,15.931712000110565,13643,0.0
6940,1774584495.336656,65.11081339517557,10.901504000230489,15.358432000084576,13643,0.0
6941,1774584495.3509905,69.81414914888575,10.850048000065726,14.323744000193983,13643,0.0
6942,1774584495.3673465,61.1750703277661,10.81331199975466,16.34652799975811,13643,0.0
6943,1774584495.3836744,61.281599243325445,10.826847999851452,16.318112000135443,13643,0.0
6944,1774584495.3980026,69.8363037038962,10.903231999691343,14.319200000045385,13643,0.0
6945,1774584495.4122875,70.05611214374937,10.855008000362432,14.274271999966004,13643,0.0
6946,1774584495.4265857,69.98911529243018,10.841759999948408,14.287936000073387,13643,0.0
6947,1774584495.4408593,70.10577559402572,10.833728000307019,14.264160000038828,13643,0.0
6948,1774584495.4562066,65.20006509553097,10.867231999782234,15.337408000050345,13483,0.0
6949,1774584495.4716923,64.62246007872727,10.881440000048315,15.474496000024374,13483,0.0
6950,1774584495.4883852,59.94398833844112,10.894751999785512,16.68223999968177,13483,0.0
6951,1774584495.5039184,64.42475394955738,10.87907200007976,15.521983999860822,13483,0.0
6952,1774584495.518208,70.03444574128349,10.921503999725246,14.278688000104012,13483,0.0
6953,1774584495.5325425,69.81165374419774,10.85676799993962,14.324255999781599,13483,0.0
6954,1774584495.5468934,69.73080561887734,10.819680000167864,14.34086400013257,13483,0.0
6955,1774584495.5612795,69.55960423485608,10.81811199992444,14.376159999756055,13483,0.0
6956,1774584495.5755303,70.22298325265201,10.805536000134452,14.240351999887935,13483,0.0
6957,1774584495.5899494,69.39771664951962,10.885184000017034,14.409695999802352,13483,0.0
6958,1774584495.6041706,70.3635487538841,10.800991999985854,14.211904000148934,13483,0.0
6959,1774584495.6184387,70.13535562554944,10.864959999707935,14.25814399999581,13483,0.0
6960,1774584495.632715,70.09618317940193,10.853664000023855,14.266111999859277,13483,0.0
6961,1774584495.6480687,65.17178239027575,10.844064000139042,15.344064000146318,13483,0.0
6962,1774584495.6623676,69.98080846371073,10.897728000145435,14.289631999872654,13483,0.0
6963,1774584495.6766386,70.1171011668298,10.838048000096023,14.261856000302942,13483,0.0
6964,1774584495.6908774,70.27604430247365,10.79126400009045,14.229599999907805,13483,0.0
6965,1774584495.705187,69.92615797717174,10.833824000201275,14.30080000000089,13483,0.0
6966,1774584495.719554,69.65480194767119,10.87673599977279,14.356511999721988,13483,0.0
6967,1774584495.7407014,47.31006334263753,17.47436799996649,21.137151999937487,13483,0.0
6968,1774584495.7551436,69.28969745313177,10.839616000339447,14.432160000069416,13483,0.0
6969,1774584495.769601,69.21357870737859,10.872159999962605,14.44803200001843,13483,0.0
6970,1774584495.7838824,70.06820719733848,10.821311999734462,14.271807999648445,13483,0.0
6971,1774584495.7981634,70.06930695191943,10.859647999950539,14.271584000198345,13483,0.0
6972,1774584495.8124127,70.2278754105276,10.803199999827484,14.239359999919543,13483,0.0
6973,1774584495.8267884,69.60593020257447,10.851583999738068,14.366591999987577,13483,0.0
6974,1774584495.8410926,69.95699603405077,10.82979200009504,14.294496000275103,13483,0.0
6975,1774584495.856158,66.41955051524309,10.830144000010478,15.055807999942772,13483,0.0
6976,1774584495.870605,69.2642035954768,10.887328000080743,14.437471999826812,13483,0.0
6977,1774584495.8863797,63.43696395780087,10.885983999742166,15.763679999963642,13483,0.0
6978,1774584495.9010885,68.0283955979402,11.262431999966793,14.699743999699422,13483,0.0
6979,1774584495.9202962,52.09114700615216,15.668288000142638,19.19711999971696,13483,0.0
6980,1774584495.9356952,64.98543286522012,11.898079999809852,15.388064000035229,13483,0.0
6981,1774584495.950183,69.06642090040734,10.94563200012999,14.478816000064398,13483,0.0
6982,1774584495.9654038,65.74518219211966,10.851391999949556,15.21024000021498,13603,0.0
6983,1774584495.9797022,69.98159204327455,10.830464000264328,14.289471999745729,13603,0.0
6984,1774584495.9940615,69.68493489587011,10.882623999805219,14.350304000345204,13603,0.0
6985,1774584496.0083692,69.9317913284721,10.827936000168847,14.299647999905574,13603,0.0
6986,1774584496.0228105,69.28969745313177,10.882720000154222,14.432160000069416,13603,0.0
6987,1774584496.03715,69.78889139537391,10.859296000035101,14.328927999940788,13603,0.0
6988,1774584496.051505,69.71105048466913,10.861279999971885,14.344927999900392,13603,0.0
6989,1774584496.0658069,69.96921354681713,10.877887999868108,14.29199999984121,13603,0.0
6990,1774584496.0802255,69.4026486263298,10.872608000227046,14.408672000172373,13603,0.0
6991,1774584496.0945542,69.83770834030088,10.836351999842009,14.318911999907868,13603,0.0
6992,1774584496.108895,69.77439982927235,10.84755200008658,14.331903999845963,13603,0.0
6993,1774584496.1232758,69.5851611052101,10.8607040001516,14.370879999660247,13603,0.0
6994,1774584496.1376529,69.60189940882228,10.871167999994213,14.367423999829043,13603,0.0
6995,1774584496.1520305,69.60375971546391,10.873919999994541,14.367040000252018,13603,0.0
6996,1774584496.1664236,69.52633101105793,10.905760000241571,14.383040000211622,13603,0.0
6997,1774584496.1807497,69.85035260441178,10.854079999717214,14.316320000034466,13603,0.0
6998,1774584496.1958668,66.19220097154137,10.809375999997428,15.107519999673968,13603,0.0
6999,1774584496.2104995,68.38508351650816,10.90825599976597,14.623072000176762,13603,0.0
7000,1774584496.2273798,59.2758670407417,13.192607999826578,16.870271999778197,13603,0.0
7001,1774584496.2436104,61.92091559664808,11.684032000175648,16.149632000178826,13603,0.0
7002,1774584496.2649338,46.92234464560654,13.79158399959124,21.311808000064048,13603,0.0
7003,1774584496.288293,42.831688596510965,17.255071999898064,23.347199999989243,13603,0.0
7004,1774584496.3085291,49.44432489921446,16.665696000018215,20.224767999934556,13603,0.0
7005,1774584496.3251855,60.08044049950952,11.896512000021175,16.64435200018488,13603,0.0
7006,1774584496.3435333,54.5339052559554,13.722111999868503,18.33721599996352,13603,0.0
7007,1774584496.3598077,61.493837825412285,11.644767999769101,16.26179200002298,13603,0.0
7008,1774584496.3793797,51.12424254329639,13.16960000031031,19.56019199997172,13603,0.0
7009,1774584496.3936973,69.90582287706924,10.892288000377448,14.30495999966297,13603,0.0
7010,1774584496.410114,60.953606990183786,10.906271999829187,16.405920000124752,13603,0.0
7011,1774584496.4254835,65.09969106259115,10.868415999993886,15.361056000074313,13603,0.0
7012,1774584496.4398158,69.8297494847223,10.835103999852436,14.320543999929214,13603,0.0
7013,1774584496.4541776,69.68182720272222,10.893663999922865,14.35094399994341,13603,0.0
7014,1774584496.468897,67.99050526227951,10.86531200007812,14.707935999922483,13483,0.0
7015,1774584496.4832144,69.89534709603733,10.843360000308166,14.307103999726678,13483,0.0
7016,1774584496.5015926,54.44393146272411,14.849984000193217,18.367519999628712,13483,0.0
7017,1774584496.5171633,64.26840955819927,12.049439999827882,15.559743999801867,13483,0.0
7018,1774584496.5314817,69.89003222747638,10.823711999819352,14.308192000044073,13483,0.0
7019,1774584496.545877,69.5216907672117,10.925856000085332,14.38400000006368,13483,0.0
7020,1774584496.5601795,69.97078020198141,10.873088000153075,14.291680000042106,13483,0.0
7021,1774584496.5744882,69.92944398679339,10.837247999916144,14.30012800028635,13483,0.0
7022,1774584496.590577,62.190044817201525,10.836511999968934,16.079743999853235,13483,0.0
7023,1774584496.6060073,64.85003558793416,10.891647999869747,15.420192000419775,13483,0.0
7024,1774584496.6213381,65.2662445056799,10.829183999703673,15.321856000355183,13483,0.0
7025,1774584496.635672,69.8158648440644,10.828319999745872,14.323392000278545,13483,0.0
7026,1774584496.6500103,69.7926321320091,10.888639999848237,14.328159999877244,13483,0.0
7027,1774584496.6643398,69.83942519363181,10.85510399980194,14.31855999999243,13483,0.0
7028,1774584496.6787684,69.35967151094734,10.833887999979197,14.417600000342645,13483,0.0
7029,1774584496.693125,69.69923386773685,10.850879999907193,14.34735999964687,13483,0.0
7030,1774584496.7074487,69.86550052704486,10.825567999745545,14.3132160001187,13483,0.0
7031,1774584496.7218444,69.51766972367797,10.907072000009066,14.384831999905145,13483,0.0
7032,1774584496.739795,55.7438458794127,13.788063999982114,17.93920000000071,13483,0.0
7033,1774584496.7603657,48.637375293329654,15.291008000076545,20.56032000018604,13483,0.0
7034,1774584496.7794511,52.42927919437975,14.948543999707908,19.073311999818543,13483,0.0
7035,1774584496.7981973,53.37473504829618,14.97983999979624,18.735455999831174,13483,0.0
7036,1774584496.8165367,54.56256536606533,14.695872000174859,18.32758399996237,13483,0.0
7037,1774584496.8376167,47.4663596421594,17.523807999623386,21.067551999749412,13483,0.0
7038,1774584496.8590434,46.69580484918706,17.883296000036353,21.415199999864853,13483,0.0
7039,1774584496.8795116,48.88556553959951,16.88879999983328,20.455935999962094,13483,0.0
7040,1774584496.8960798,60.39837803785488,11.897503999989567,16.556735999984085,13483,0.0
7041,1774584496.9137352,56.67474319483472,12.237248000019463,17.64454400017712,13483,0.0
7042,1774584496.9297533,62.47176276325968,12.447583999801282,16.007231999992655,13483,0.0
7043,1774584496.9463222,60.39417587528099,12.558368000100018,16.5578880000794,13483,0.0
7044,1774584496.9626067,61.45151426434079,12.134655999943789,16.272991999812803,13483,0.0
7045,1774584496.9793096,59.90905326430578,13.129024000136269,16.69196800003192,13362,0.0
7046,1774584496.9960856,59.645600158016045,12.44572799987509,16.765696000220487,13362,0.0
7047,1774584497.0125096,60.929956872718655,12.927039999794943,16.41228799962846,13362,0.0
7048,1774584497.0289707,60.83826366633253,12.652863999846886,16.437023999969824,13362,0.0
7049,1774584497.0457802,59.53390193772916,12.901119999696675,16.797151999980997,13362,0.0
7050,1774584497.0635695,56.251170023525205,13.99452800023937,17.7774080002564,13362,0.0
7051,1774584497.0798602,61.42892526016397,12.069088000316697,16.278975999739487,13362,0.0
7052,1774584497.09642,60.42629056083641,11.965728000177478,16.54908799991972,13362,0.0
7053,1774584497.1133142,59.2301408451237,13.283583999964321,16.883295999832626,13362,0.0
7054,1774584497.133231,50.23695768222884,16.130303999943862,19.90566399990712,13362,0.0
7055,1774584497.1552417,45.48895164358633,17.66931200018007,21.98335999992196,13362,0.0
7056,1774584497.17619,47.76111190920796,16.71305600029882,20.937536000019463,13362,0.0
7057,1774584497.1961832,50.04195517532242,16.391072000260465,19.98323199995866,13362,0.0
7058,1774584497.2128546,60.018821902522944,13.004064000142534,16.661440000007133,13362,0.0
7059,1774584497.2288811,62.44005754482313,11.913056000139477,16.015359999983048,13362,0.0
7060,1774584497.2526808,42.03839820912038,19.190080000043963,23.787776000062877,13362,0.0
7061,1774584497.272097,51.535000924024864,15.728159999980562,19.404287999805092,13362,0.0
7062,1774584497.2934692,46.81500656830279,17.40211200012709,21.360672000355407,13362,0.0
7063,1774584497.3124027,52.84786579196094,15.324960000270949,18.92223999993803,13362,0.0
7064,1774584497.3333633,47.73244171721351,17.350592000184406,20.95011199980945,13362,0.0
7065,1774584497.354348,47.67884142717747,17.426240000077087,20.973663999939163,13362,0.0
7066,1774584497.3767138,44.732705978053666,17.609279999760474,22.355007999976806,13362,0.0
7067,1774584497.3945718,56.032705169817255,14.278879999892524,17.846719999852212,13362,0.0
7068,1774584497.4135022,52.85608935935642,15.412543999900663,18.91929600014919,13362,0.0
7069,1774584497.4346478,47.31600886096251,17.622207999920647,21.134495999831415,13362,0.0
7070,1774584497.4545202,50.350114557553496,15.252703999976802,19.86092799961625,13362,0.0
7071,1774584497.476516,45.48564109223696,17.403039999862813,21.984960000281717,13362,0.0
7072,1774584497.5035126,37.05644912652096,18.48515200026668,26.985856000010244,12961,0.0
7073,1774584497.522172,53.626065872140025,15.045919999920443,18.647647999841865,12961,0.0
7074,1774584497.5433784,47.180778626377155,17.288704000293365,21.195071999954962,12961,0.0
7075,1774584497.5648117,46.68038945611908,17.854367999916576,21.422272000108933,12961,0.0
7076,1774584497.5802639,64.76294689081861,10.889568000038707,15.440927999861742,12961,0.0
7077,1774584497.5946758,69.43364365552178,10.882816000048479,14.402239999981248,12961,0.0
7078,1774584497.6090326,69.7014103112467,10.858751999876404,14.346911999837175,12961,0.0
7079,1774584497.6244426,64.93560465865863,10.83199999993667,15.399872000216419,12961,0.0
7080,1774584497.6389003,69.2114326199311,10.858175999601372,14.44848000028287,12961,0.0
7081,1774584497.6533568,69.22354442396787,10.862015999919095,14.445951999732642,12961,0.0
7082,1774584497.6677077,69.73422890532335,10.88035199973092,14.340160000301694,12961,0.0
7083,1774584497.6821485,69.30460315555996,10.9557760001735,14.42905600015365,12961,0.0
7084,1774584497.700167,55.531072523382235,14.492832000087219,18.007935999776237,12961,0.0
7085,1774584497.7168834,59.86475354745011,12.091935999706038,16.70432000037181,12961,0.0
7086,1774584497.7375567,48.39738824519904,17.15132800018182,20.66227199975401,12961,0.0
7087,1774584497.7519748,69.41343977364535,10.870880000311445,14.406432000214409,12961,0.0
7088,1774584497.7674327,64.7359807757816,10.861631999887322,15.447360000052868,12961,0.0
7089,1774584497.7830098,64.23379869325157,10.908704000030411,15.568128000268189,12961,0.0
7090,1774584497.797394,69.5723028755499,10.884096000154386,14.373536000221065,12961,0.0
7091,1774584497.8117368,69.77066104675484,10.87212799984627,14.332671999909508,12961,0.0
7092,1774584497.8268666,66.13602646313893,10.887999999795284,15.120351999939885,12961,0.0
7093,1774584497.8412595,69.52849667178715,10.864800000035757,14.38259199994718,12961,0.0
7094,1774584497.8556826,69.38585194666724,10.87292800002615,14.412160000119911,12961,0.0
7095,1774584497.8711777,64.58119354292582,10.863359999802924,15.484384000046703,12961,0.0
7096,1774584497.8874788,61.384158761446116,10.85916800002451,16.290848000153346,12961,0.0
7097,1774584497.90328,63.326666301147135,10.850623999886011,15.791136000188999,12961,0.0
7098,1774584497.9176626,69.57385180896753,10.905088000072283,14.373215999967215,12961,0.0
7099,1774584497.9320557,69.52988895114548,10.808704000282887,14.382304000264412,12961,0.0
7100,1774584497.9463854,69.83552337450602,10.896287999912602,14.31936000017231,12961,0.0
7101,1774584497.960893,68.98272010543609,10.88454399996408,14.496383999812679,12961,0.0
7102,1774584497.9752991,69.47238778100116,10.86864000035348,14.394208000339859,12961,0.0
7103,1774584497.9896867,69.5571269911438,10.89801600028295,14.376671999798418,12961,0.0
7104,1774584498.0040407,69.72038222291415,10.891487999742822,14.343008000196278,13322,0.0
7105,1774584498.0186605,68.44334642879065,10.943199999928765,14.610624000397365,13322,0.0
7106,1774584498.0330908,69.35197514524815,10.890047999964736,14.419199999792909,13322,0.0
7107,1774584498.0475507,69.21189248600932,10.89635200014527,14.448383999933867,13322,0.0
7108,1774584498.0619853,69.33581832817478,10.934048000308394,14.422560000184603,13322,0.0
7109,1774584498.077156,65.96417459334711,11.633439999968687,15.159743999902275,13322,0.0
7110,1774584498.0918667,68.03165376847352,10.886527999900864,14.699039999868546,13322,0.0
7111,1774584498.1062863,69.40095318002842,10.932736000086152,14.409024000087811,13322,0.0
7112,1774584498.1206448,69.69892295706853,10.85088000036194,14.347423999879538,13322,0.0
7113,1774584498.1350296,69.5695149722726,10.860991999834368,14.37411200004135,13322,0.0
7114,1774584498.1504152,65.0414287881598,10.897407999891584,15.374816000075953,13322,0.0
7115,1774584498.165405,66.75952471303775,10.849664000033954,14.979136000420112,13322,0.0
7116,1774584498.1797674,69.6771661804769,10.874911999962933,14.351903999795468,13322,0.0
7117,1774584498.194318,68.77488275084008,11.073183999997127,14.540192000367824,13322,0.0
7118,1774584498.2086763,69.69752389780415,10.830912000074022,14.347712000017054,13322,0.0
7119,1774584498.2230713,69.52339211788927,10.849023999981,14.383648000148241,13322,0.0
7120,1774584498.2411804,55.25428463731625,13.434976000098686,18.098144000305183,13322,0.0
7121,1774584498.256552,65.10077600102476,10.865024000395351,15.360800000053132,13322,0.0
7122,1774584498.2721045,64.33814067968314,10.924384000190912,15.542879999884462,13322,0.0
7123,1774584498.2872174,66.21478168172831,10.904671999924176,15.102368000043498,13322,0.0
7124,1774584498.3064518,52.05583050227152,15.634112000043388,19.210144000226137,13322,0.0
7125,1774584498.3220766,64.05211074833716,11.998528000276565,15.612287999829277,13322,0.0
7126,1774584498.3365252,69.26558531012854,10.856352000246261,14.437184000144043,13322,0.0
7127,1774584498.3509378,69.4344150296426,10.883359999752429,14.402079999854323,13322,0.0
7128,1774584498.3653054,69.64828174873614,10.873503999846434,14.357856000060565,13322,0.0
7129,1774584498.3796964,69.53948173676523,10.877344000164157,14.380319999872881,13322,0.0
7130,1774584498.3942375,68.82623193430736,10.959807999824989,14.52934400003869,13322,0.0
7131,1774584498.40861,69.62112739462562,10.834912000063923,14.363455999955477,13322,0.0
7132,1774584498.4229698,69.68151644953566,10.837535999598913,14.351007999721332,13322,0.0
7133,1774584498.4372785,69.92803566009265,10.852223999791022,14.300415999969118,13322,0.0
7134,1774584498.452765,64.61617989129815,11.000000000422006,15.476000000035128,13322,0.0
7135,1774584498.4680538,65.4535248549902,10.825439999734954,15.27801600013845,13322,0.0
7136,1774584498.4833908,65.24362491444309,10.85183999975925,15.327168000112579,13322,0.0
7137,1774584498.4977489,69.69565857355548,10.903967999638553,14.348096000048827,13322,0.0
7138,1774584498.512084,69.80837879278894,10.867936000067857,14.324927999950887,13563,0.0
7139,1774584498.5264513,69.64471168199908,10.936671999843384,14.358592000007775,13563,0.0
7140,1774584498.5408504,69.49772603485992,10.873312000057922,14.388959999905637,13563,0.0
7141,1774584498.5552015,69.7314280097963,10.861823999675835,14.340736000121979,13563,0.0
7142,1774584498.5695946,69.5275685165248,10.908832000041002,14.382783999735693,13563,0.0
7143,1774584498.583989,69.52725913547857,10.8788799998365,14.382847999968362,13563,0.0
7144,1774584498.5984404,69.2531518493633,10.962112000015622,14.439776000017446,13563,0.0
7145,1774584498.6134558,66.6447716374557,10.89801600028295,15.004928000053042,13563,0.0
7146,1774584498.6288133,65.1643078917355,11.01027200002136,15.345824000178254,13563,0.0
7147,1774584498.6431856,69.63431400695774,10.863135999898077,14.360736000071483,13563,0.0
7148,1774584498.6575081,69.87893614013691,10.872255999856861,14.310464000118372,13563,0.0
7149,1774584498.6717823,70.10624741937954,10.836511999968934,14.264064000144572,13563,0.0
7150,1774584498.686146,69.66939919484939,10.923231999640848,14.353503999700479,13563,0.0
7151,1774584498.7004817,69.80962635688323,10.858879999886994,14.324671999929706,13563,0.0
7152,1774584498.7148893,69.46096071583807,10.89497599969036,14.396576000308414,13563,0.0
7153,1774584498.7363057,46.7180739893746,17.697215999760374,21.40499200004342,13563,0.0
7154,1774584498.7507906,69.09314419050263,10.929695999948308,14.473216000169487,13563,0.0
7155,1774584498.765137,69.75960282796568,10.871839999708754,14.334943999983807,13563,0.0
7156,1774584498.7795792,69.29399947227957,10.920512000211602,14.43126399999528,13563,0.0
7157,1774584498.7939844,69.47130668184754,10.941631999685342,14.394432000244706,13563,0.0
7158,1774584498.8091152,66.13854596735361,10.859391999929358,15.1197760001196,13563,0.0
7159,1774584498.823834,67.99375980637902,10.926687999926799,14.70723199963686,13563,0.0
7160,1774584498.839065,65.70081216796113,10.87913599985768,15.220511999814335,13563,0.0
7161,1774584498.8547676,63.726869696073095,10.873375999835844,15.691967999828194,13563,0.0
7162,1774584498.869359,68.58123529612132,10.873312000057922,14.581248000013147,13563,0.0
7163,1774584498.8837023,69.77377667102675,10.883039999953326,14.332031999856554,13563,0.0
7164,1774584498.9032035,51.30503593707847,15.999647999706212,19.491264000407682,13563,0.0
7165,1774584498.9187133,64.52345556680653,12.019776000215643,15.498239999942598,13563,0.0
7166,1774584498.9332182,68.99124859969518,10.993920000146318,14.494591999664408,13563,0.0
7167,1774584498.9476125,69.51411303180048,10.866592000184028,14.385568000307103,13563,0.0
7168,1774584498.9621005,69.07206924517567,11.024832000202878,14.477631999852747,13563,0.0
7169,1774584498.9773512,65.62120709383595,10.868480000226555,15.238976000091498,13563,0.0
7170,1774584498.9919672,68.46943962342687,11.086624000199663,14.60505600016404,13563,0.0
7171,1774584499.0063937,69.37352927958274,10.932191999927454,14.414720000331727,13563,0.0
7172,1774584499.0208232,69.35705455548012,10.895104000155698,14.418144000046595,13643,0.0
7173,1774584499.0351837,69.68058420218986,10.840095999810728,14.351199999964592,13643,0.0
7174,1774584499.0501714,66.76751231605883,10.884224000164977,14.977344000271842,13643,0.0
7175,1774584499.0655558,65.04576099381146,10.879039999963425,15.373791999991226,13643,0.0
7176,1774584499.0803854,67.48177452388198,10.87564800036489,14.818815999660728,13643,0.0
7177,1774584499.0954268,66.52984582040438,10.97007999987909,15.030848000151309,13643,0.0
7178,1774584499.1100132,68.61948573801894,11.02022399982161,14.573120000022755,13643,0.0
7179,1774584499.1249466,67.0190977618574,10.917984000116121,14.921120000053634,13643,0.0
7180,1774584499.1398876,66.98821007478244,10.89203199990152,14.928000000054453,13643,0.0
7181,1774584499.1555364,63.94895543226281,10.888320000049134,15.637471999980335,13643,0.0
7182,1774584499.1701665,68.40813717529714,10.937120000107825,14.618143999996391,13643,0.0
7183,1774584499.1854367,65.53739616255537,10.876383999857353,15.25846399999864,13643,0.0
7184,1774584499.1997728,69.80837879278894,10.848576000171306,14.324927999950887,13643,0.0
7185,1774584499.2142112,69.30583277825038,10.957792000226618,14.428800000132469,13643,0.0
7186,1774584499.236354,45.18475141156542,17.429856000035215,22.131360000003042,13643,0.0
7187,1774584499.2508936,68.83138623240006,10.954335999940668,14.528255999721296,13643,0.0
7188,1774584499.2652915,69.51132979004973,10.875936000047659,14.386144000127388,13643,0.0
7189,1774584499.279693,69.49108068126735,10.885824000069988,14.390335999905801,13643,0.0
7190,1774584499.2941988,68.9857657520169,10.986144000071363,14.495744000214472,13643,0.0
7191,1774584499.3085978,69.50514560600925,10.900479999691015,14.387423999778548,13643,0.0
7192,1774584499.323016,69.40758130639482,10.888352000165469,14.407648000087647,13643,0.0
7193,1774584499.338395,65.06119916481128,10.926719999588386,15.37014400037151,13643,0.0
7194,1774584499.3527,69.96012832257848,10.847232000287477,14.29385600022215,13643,0.0
7195,1774584499.3671167,69.40727299444426,10.885343999689212,14.407711999865569,13643,0.0
7196,1774584499.3815665,69.25361227000609,10.89203199990152,14.439679999668442,13643,0.0
7197,1774584499.3959372,69.63850374098622,10.865983999792661,14.359872000113683,13643,0.0
7198,1774584499.410333,69.51442229586296,10.921503999725246,14.385504000074434,13643,0.0
7199,1774584499.4254277,66.29541235695794,10.872415999983787,15.084000000115338,13643,0.0
7200,1774584499.439769,69.78187859431694,10.863999999855878,14.330368000173621,13643,0.0
7201,1774584499.454223,69.24210362950434,10.936799999853974,14.44208000020808,13643,0.0
7202,1774584499.468582,69.69286077327779,10.874816000068677,14.348672000323859,13643,0.0
7203,1774584499.4830577,69.12845061513737,10.869407999962277,14.465824000126304,13643,0.0
7204,1774584499.5012233,55.07889059601763,14.622656000028655,18.155776000185142,13643,0.0
7205,1774584499.51694,63.67324317830244,12.034272000164492,15.705184000125882,13643,0.0
7206,1774584499.5315123,68.68011111847609,10.897311999997328,14.56025600009525,13683,0.0
7207,1774584499.5461323,68.45024269695467,11.016192000170122,14.609152000048198,13683,0.0
7208,1774584499.5610554,67.05994193050537,11.034495999865612,14.912032000211184,13683,0.0
7209,1774584499.5754647,69.45077218023165,10.871039999983623,14.398688000255788,13683,0.0
7210,1774584499.5899916,68.88676778874199,10.982175999743049,14.516576000005443,13683,0.0
7211,1774584499.6053576,65.12858988850488,10.841247999906045,15.354239999851416,13683,0.0
7212,1774584499.619641,70.06647907525523,10.833823999746528,14.27216000001863,13683,0.0
7213,1774584499.6341531,68.95912544330078,10.944544000267342,14.501344000109384,13683,0.0
7214,1774584499.648518,69.66147865261452,10.878080000111368,14.355135999721824,13683,0.0
7215,1774584499.6629736,69.21603154047591,10.892671999954473,14.447519999976066,13683,0.0
7216,1774584499.6782236,65.61955357848042,10.92828799983181,15.239359999668523,13683,0.0
7217,1774584499.6925788,69.7115170118111,10.856608000267443,14.344832000006136,13683,0.0
7218,1774584499.706931,69.72084887717698,10.868544000004476,14.342911999847274,13683,0.0
7219,1774584499.721347,69.42176666808466,10.88995200007048,14.40470399984406,13683,0.0
7220,1774584499.7396073,54.7987963549992,13.886560000173631,18.248576000132744,13683,0.0
7221,1774584499.754365,67.81978384516982,11.028064000129234,14.744959999916318,13683,0.0
7222,1774584499.7701478,63.41636649613661,11.003264000009949,15.768799999932526,13683,0.0
7223,1774584499.7871287,58.93768824638419,10.937535999801185,16.967072000170447,13683,0.0
7224,1774584499.8027225,64.17272628510675,10.88192000042909,15.582943999561394,13683,0.0
7225,1774584499.8216207,52.939452512686884,13.807807999910438,18.88950400007161,13683,0.0
7226,1774584499.8360174,69.51782436899146,10.875295999994705,14.384800000243558,13683,0.0
7227,1774584499.8504875,69.15583409575775,10.95587199961301,14.460096000220801,13683,0.0
7228,1774584499.8648849,69.5134945163256,10.872415999983787,14.385695999862946,13683,0.0
7229,1774584499.8792617,69.6088760781338,10.86044799967567,14.365984000050958,13683,0.0
7230,1774584499.8936493,69.56068808171638,10.918976000084513,14.375936000305956,13683,0.0
7231,1774584499.9080126,69.68089494706152,10.880415999963589,14.35113600018667,13683,0.0
7232,1774584499.922372,69.68944154929856,10.932031999800529,14.349375999699987,13683,0.0
7233,1774584499.936741,69.63384851256428,10.853247999875748,14.36083199996574,13683,0.0
7234,1774584499.9510481,69.93805167010716,10.838751999926899,14.298368000254413,13683,0.0
7235,1774584499.965412,69.6625656787551,10.873087999698328,14.354911999816977,13683,0.0
7236,1774584499.9797668,69.71073946857022,10.835776000021724,14.344992000133061,13683,0.0
7237,1774584499.9941952,69.35690062461713,10.946112000056019,14.418175999708183,13683,0.0
7238,1774584500.0085714,69.61352796808093,10.875391999888961,14.3650240001989,13683,0.0
7239,1774584500.0230227,69.25207756269954,10.909728000115138,14.439999999922293,13683,0.0
7240,1774584500.037548,68.8973990953998,11.00892800013753,14.514336000047479,13683,0.0
7241,1774584500.0531485,64.1483561592058,10.887712000112515,15.588864000164904,13782,0.0
7242,1774584500.0676122,69.18737490969168,10.937951999949291,14.45350399990275,13782,0.0
7243,1774584500.0829065,65.4322822990288,10.866432000057102,15.282975999980408,13782,0.0
7244,1774584500.1009214,55.535908185409234,14.479008000307658,18.00636799998756,13782,0.0
7245,1774584500.116503,64.22983799831339,12.051679999785847,15.569087999665499,13782,0.0
7246,1774584500.1309385,69.32812725273341,10.893919999944046,14.424160000089614,13782,0.0
7247,1774584500.1457064,67.75963867423592,10.89289599985932,14.758047999748669,13782,0.0
7248,1774584500.1600616,69.71229457239737,10.836288000064087,14.34467199987921,13782,0.0
7249,1774584500.1744664,69.466982621684,10.934271999758494,14.395327999864094,13782,0.0
7250,1774584500.1888938,69.36521395661315,10.897631999796431,14.416447999792581,13782,0.0
7251,1774584500.2032185,69.85847232425357,10.867999999845779,14.314655999896786,13782,0.0
7252,1774584500.2175853,69.74761407436392,10.873631999857025,14.337407999846619,13782,0.0
7253,1774584500.240013,44.611501630735425,18.54185599995617,22.41574399977253,13782,0.0
7254,1774584500.254397,69.58454132256448,10.913344000073266,14.371007999670837,13782,0.0
7255,1774584500.2691574,67.79374214928289,10.847840000224096,14.7506240000439,13782,0.0
7256,1774584500.2835062,69.73905319867623,10.847808000107761,14.339168000333302,13782,0.0
7257,1774584500.2979538,69.26220787983237,10.925024000243866,14.437887999974919,13782,0.0
7258,1774584500.31231,69.70980643913433,10.856895999950211,14.345184000376321,13782,0.0
7259,1774584500.3267105,69.49401684327471,10.889152000345348,14.389727999969182,13782,0.0
7260,1774584500.3413725,68.2500682508052,10.848576000171306,14.651999999841792,13782,0.0
7261,1774584500.3556454,70.10624742161457,10.861951999686426,14.264063999689824,13782,0.0
7262,1774584500.3699646,69.87924865887655,10.853247999875748,14.310399999885703,13782,0.0
7263,1774584500.3849068,66.96839948857338,10.84748799985391,14.932415999737714,13782,0.0
7264,1774584500.3992577,69.89112640048204,10.843776000001526,14.307967999684479,13782,0.0
7265,1774584500.4136038,69.75353008678015,10.894111999732559,14.33619199997338,13782,0.0
7266,1774584500.4283156,68.0110732903405,10.860448000130418,14.703488000122888,13782,0.0
7267,1774584500.4426985,69.57540081135652,10.866208000152255,14.372895999713364,13782,0.0
7268,1774584500.457021,69.86721874712137,10.855840000203898,14.312864000203263,13782,0.0
7269,1774584500.4714084,69.55635288811838,10.85945599970728,14.376831999925344,13782,0.0
7270,1774584500.4858267,69.4078896232752,10.876223999730428,14.407583999854978,13782,0.0
7271,1774584500.5000997,70.1120671284273,10.810016000050382,14.26287999993292,13782,0.0
7272,1774584500.514417,69.89253324088045,10.875552000015887,14.30768000000171,13782,0.0
7273,1774584500.5290773,68.25960931416876,10.831520000010642,14.649952000127087,13782,0.0
7274,1774584500.5434372,69.68509029067465,10.832096000285674,14.350271999774122,13782,0.0
7275,1774584500.5589056,64.69081928531263,10.859231999802432,15.458144000149332,13701,0.0
7276,1774584500.5732627,69.69799024612425,10.850527999991755,14.34761599966805,13701,0.0
7277,1774584500.5876474,69.56827597537851,10.868383999877551,14.374368000062532,13701,0.0
7278,1774584500.6020153,69.65107597086202,10.89155199997549,14.357279999785533,13701,0.0
7279,1774584500.6163192,69.96294762319775,10.872063999613601,14.293279999947117,13701,0.0
7280,1774584500.6306658,69.7569556048639,10.82499199992526,14.335488000142504,13701,0.0
7281,1774584500.6448965,70.31842432671694,10.829664000084449,14.221024000107718,13701,0.0
7282,1774584500.6591365,70.27304168786098,10.83292800012714,14.230207999844424,13701,0.0
7283,1774584500.673433,69.9941316920545,10.852448000150616,14.28691199998866,13701,0.0
7284,1774584500.6877897,69.69876750277454,10.83126399998946,14.347455999995873,13701,0.0
7285,1774584500.7071068,51.79655308412563,15.842463999888423,19.306304000110686,13701,0.0
7286,1774584500.7232418,62.09094485380878,11.933279999993829,16.10540800038507,13701,0.0
7287,1774584500.7396808,60.87535843434428,11.132000000088738,16.427007999936905,13701,0.0
7288,1774584500.7541418,69.20576146249819,10.910623999734526,14.449664000039775,13701,0.0
7289,1774584500.7684398,69.98629388249913,10.831648000021232,14.288512000348419,13701,0.0
7290,1774584500.7827637,69.86112725585271,10.808927999732987,14.314112000192836,13701,0.0
7291,1774584500.7970603,69.9977376729153,10.853695999685442,14.28617600004145,13701,0.0
7292,1774584500.8114119,69.72800499833262,10.86531200007812,14.341439999952854,13701,0.0
7293,1774584500.8257124,69.97469715018534,10.881919999974343,14.290879999862227,13701,0.0
7294,1774584500.839982,70.11804513328187,10.821536000094056,14.261663999604934,13701,0.0
7295,1774584500.854291,69.92881805829457,10.87366399997336,14.300255999842193,13701,0.0
7296,1774584500.8693414,66.48568377038491,10.855263999928866,15.040832000067894,13701,0.0
7297,1774584500.8836358,70.00291211969795,10.811136000029364,14.285120000295137,13701,0.0
7298,1774584500.89802,69.56579811398097,10.896512000272196,14.374880000104895,13701,0.0
7299,1774584500.9123201,69.97532390027905,10.826303999692755,14.290752000306384,13701,0.0
7300,1774584500.9266768,69.70265405491187,10.858720000214817,14.346655999815994,13701,0.0
7301,1774584500.940922,70.24981959787132,10.841696000170487,14.234912000119948,13701,0.0
7302,1774584500.9554248,69.00358818541555,10.817280000082974,14.492000000245753,13701,0.0
7303,1774584500.9697704,69.75166176356478,10.89395200006038,14.336576000005152,13701,0.0
7304,1774584500.9840896,69.88800028532258,10.829119999925751,14.30860800019218,13701,0.0
7305,1774584500.998446,69.70436427437559,10.872607999772299,14.346303999900556,13701,0.0
7306,1774584501.0127683,69.87018678127122,10.828223999851616,14.312256000266643,13701,0.0
7307,1774584501.0271053,69.79450265071043,10.81577600007222,14.327775999845471,13701,0.0
7308,1774584501.0422802,65.94037302100318,10.885568000048806,15.165216000241344,13701,0.0
7309,1774584501.056659,69.60655036629764,10.858879999886994,14.366463999976986,13701,0.0
7310,1774584501.0728166,61.933801190341875,10.860064000098646,16.146271999787132,13804,0.0
7311,1774584501.0881565,65.22959774617934,10.847135999938473,15.330464000271604,13804,0.0
7312,1774584501.102527,69.6414523744162,10.904927999945357,14.359264000177063,13804,0.0
7313,1774584501.1168885,69.68602265638957,10.866816000088875,14.35007999998561,13804,0.0
7314,1774584501.1322548,65.1200396767426,10.840255999937654,15.356255999904533,13804,0.0
7315,1774584501.1476676,64.92400255865026,10.864480000236654,15.402624000216747,13804,0.0
7316,1774584501.163094,64.87063239047909,10.839903999567468,15.41529599990099,13804,0.0
7317,1774584501.1785953,64.5543785417532,10.832480000317446,15.490816000237828,13804,0.0
7318,1774584501.192884,70.03303318213662,10.857887999918603,14.27897599978678,13804,0.0
7319,1774584501.2072525,69.63477950757479,10.857536000003165,14.360640000177227,13804,0.0
7320,1774584501.2217288,69.13319145283423,10.929823999958899,14.464832000157912,13804,0.0
7321,1774584501.239953,54.90566767003751,13.7354239996057,18.213056000149663,13804,0.0
7322,1774584501.255361,64.94235197360514,10.832927999672393,15.39827199985666,13804,0.0
7323,1774584501.2696555,70.00369619433478,10.873440000068513,14.284960000168212,13804,0.0
7324,1774584501.2849352,65.48658101244122,10.818144000040775,15.270304000296164,13804,0.0
7325,1774584501.3048654,50.1979002010521,15.87913599996682,19.921152000279108,13804,0.0
7326,1774584501.320299,64.83658069603528,11.947552000037831,15.423391999775049,13804,0.0
7327,1774584501.3346891,69.59476914713876,10.852383999917947,14.368895999723463,13804,0.0
7328,1774584501.348996,69.93852124274986,10.831552000126976,14.29827199990541,13804,0.0
7329,1774584501.3633246,69.84473236552762,10.827424000126484,14.317472000129783,13804,0.0
7330,1774584501.3775985,70.10750565286278,10.842847999811056,14.26380800012339,13804,0.0
7331,1774584501.3927026,66.24313456269235,10.833855999862863,15.095903999736038,13804,0.0
7332,1774584501.4070144,69.91677107493055,10.811743999965984,14.302720000159752,13804,0.0
7333,1774584501.4212468,70.30576822111325,10.810751999997592,14.223584000319534,13804,0.0
7334,1774584501.4356425,69.50916519859355,10.840704000202095,14.386592000391829,13804,0.0
7335,1774584501.4500377,69.51519546586087,10.865887999898405,14.385343999947509,13804,0.0
7336,1774584501.4643538,69.90066277078849,10.82111999994595,14.30601599986403,13804,0.0
7337,1774584501.478675,69.87409247708356,10.84454400006507,14.311455999632017,13804,0.0
7338,1774584501.4929817,69.94947968804743,10.827648000031331,14.296031999947445,13804,0.0
7339,1774584501.5072877,69.94947968804743,10.836863999884372,14.296031999947445,13804,0.0
7340,1774584501.5216064,69.88753139305692,10.866432000057102,14.308704000086436,13804,0.0
7341,1774584501.5358968,70.02942356390861,10.851552000076481,14.27971199973399,13804,0.0
7342,1774584501.5501754,70.08502154165849,10.86419199964439,14.268383999933576,13804,0.0
7343,1774584501.564463,70.03758496934763,10.830304000137403,14.278048000051058,13804,0.0
7344,1774584501.5820405,56.921572092269194,10.961151999708818,17.56803199987189,13723,0.0
7345,1774584501.5984638,60.92128580002404,10.894080000070971,16.41462399993543,13723,0.0
7346,1774584501.613393,67.02657255101214,10.847904000002018,14.919455999915954,13723,0.0
7347,1774584501.6278155,69.38492759588122,10.847904000002018,14.412351999908424,13723,0.0
7348,1774584501.642178,69.67188443999248,10.870239999803744,14.352992000112863,13723,0.0
7349,1774584501.6564713,70.00400982999892,10.82179199966049,14.284895999935543,13723,0.0
7350,1774584501.6707864,69.9009754816723,10.830208000243147,14.305952000086108,13723,0.0
7351,1774584501.6851263,69.78250189729016,10.833440000169503,14.33024000016303,13723,0.0
7352,1774584501.6994383,69.92287227635714,10.832448000201111,14.301471999715432,13723,0.0
7353,1774584501.7137535,69.9075430788358,10.88025600029141,14.304608000202279,13723,0.0
7354,1774584501.7349916,47.109227076766366,17.67206399972565,21.22726400011743,13723,0.0
7355,1774584501.7493153,69.86378239147744,10.852192000129435,14.313568000034138,13723,0.0
7356,1774584501.7645316,65.76316841641929,10.828992000369908,15.206080000098154,13723,0.0
7357,1774584501.7788506,69.88378047698187,10.823072000221146,14.30947200014998,13723,0.0
7358,1774584501.794158,65.36521901142912,10.87545600012163,15.298655999686162,13723,0.0
7359,1774584501.809174,66.63311911210766,10.830751999947097,15.007552000042779,13723,0.0
7360,1774584501.8245661,65.00787375249492,10.832768000000215,15.382752000277833,13723,0.0
7361,1774584501.8398082,65.64919172858359,10.821184000178619,15.232479999667703,13723,0.0
7362,1774584501.856312,60.62604883080823,10.858208000172453,16.494559999955527,13723,0.0
7363,1774584501.8706486,69.80089434451915,10.823040000104811,14.326464000077976,13723,0.0
7364,1774584501.8849976,69.74045392571426,10.829055999693082,14.338880000195786,13723,0.0
7365,1774584501.9041195,52.322534520712594,15.569344000141427,19.112223999854905,13723,0.0
7366,1774584501.9196095,64.60148635058479,11.88559999991412,15.479520000099,13723,0.0
7367,1774584501.9340956,69.08077255494389,10.903200000029756,14.475808000042889,13723,0.0
7368,1774584501.949703,64.1129536885712,11.012639999989915,15.597472000081325,13723,0.0
7369,1774584501.9640157,69.92271581925692,10.827999999946769,14.301504000286513,13723,0.0
7370,1774584501.9783275,69.92209000897421,10.860736000267934,14.301632000297104,13723,0.0
7371,1774584501.9925888,70.16811156891325,10.83699200034971,14.251487999899837,13723,0.0
7372,1774584502.007924,65.25152636484732,10.809792000145535,15.325311999731639,13723,0.0
7373,1774584502.023324,64.97786594089153,10.824416000104975,15.389855999728752,13723,0.0
7374,1774584502.0387585,64.83496648372777,10.828032000063104,15.423775999806821,13723,0.0
7375,1774584502.0542374,64.6481279972094,10.923360000106186,15.468351999970764,13723,0.0
7376,1774584502.0686321,69.52401081170882,10.853951999706624,14.38352000013765,13723,0.0
7377,1774584502.0830588,69.36613778221736,10.862847999760561,14.416256000004068,13723,0.0
7378,1774584502.0995655,60.6213445326989,10.822528000062448,16.495840000061435,13523,0.0
7379,1774584502.1153617,63.341427523225654,10.933343999568024,15.787455999998201,13523,0.0
7380,1774584502.1319056,60.481724841084066,10.84220800021285,16.53392000025633,13523,0.0
7381,1774584502.1481624,61.55258264792392,10.835071999736101,16.246271999989403,13523,0.0
7382,1774584502.163614,64.76549708845732,10.830623999936506,15.440319999925123,13523,0.0
7383,1774584502.1789608,65.20128942107016,10.827424000126484,15.33711999991283,13523,0.0
7384,1774584502.1933765,69.41714036850557,10.852383999917947,14.405664000150864,13523,0.0
7385,1774584502.2093148,62.78214294981834,10.83500799995818,15.928096000152436,13523,0.0
7386,1774584502.2243183,66.69270349628279,10.849599999801285,14.994144000411325,13523,0.0
7387,1774584502.241157,59.426689334026584,12.229183999806992,16.827456000100938,13523,0.0
7388,1774584502.2555606,69.47887508698136,10.881663999953162,14.392864000001282,13523,0.0
7389,1774584502.271651,62.19561466155423,10.846847999800957,16.07830400007515,13523,0.0
7390,1774584502.2859616,69.93226081482892,10.853632000362268,14.299552000011317,13523,0.0
7391,1774584502.3002687,69.94869682743474,10.837855999852763,14.29619200007437,13523,0.0
7392,1774584502.314574,69.95730925139463,10.81644799978676,14.294432000042434,13523,0.0
7393,1774584502.3288684,70.00855784513175,10.806335999859584,14.28396800019982,13523,0.0
7394,1774584502.3442788,64.93169186036488,10.811584000293806,15.400799999952142,13523,0.0
7395,1774584502.3586137,69.8086906785241,10.818400000061956,14.324864000172965,13523,0.0
7396,1774584502.3730135,69.48891735072739,10.918367999693146,14.390784000170243,13523,0.0
7397,1774584502.3873017,70.03319012885213,10.839359999863518,14.278944000125193,13523,0.0
7398,1774584502.4016337,69.81695669600877,10.896992000198225,14.323167999918951,13523,0.0
7399,1774584502.4160118,69.59166948632948,10.824799999682,14.369536000231165,13523,0.0
7400,1774584502.430338,69.84910358649141,10.864479999781906,14.3165759996009,13523,0.0
7401,1774584502.444653,69.90128819757605,10.832288000074186,14.30588799985344,13523,0.0
7402,1774584502.4591084,69.22354442178876,10.836863999884372,14.44595200018739,13523,0.0
7403,1774584502.4734147,69.94994941193633,10.85276799994972,14.295936000053189,13523,0.0
7404,1774584502.4877372,69.86862462963893,10.850624000340758,14.312575999611,13523,0.0
7405,1774584502.5089502,47.164614313212425,15.343231999850104,21.2023360004423,13523,0.0
7406,1774584502.523217,70.14669076067537,10.77331199985565,14.255839999805175,13523,0.0
7407,1774584502.5376043,69.63493467877029,10.892096000134188,14.360607999606145,13523,0.0
7408,1774584502.5530345,64.85097764120505,10.804511999594979,15.41996800006018,13523,0.0
7409,1774584502.5673873,69.71851567717071,10.822431999713444,14.343391999773303,13523,0.0
7410,1774584502.5828555,64.68988188122415,10.830560000158584,15.458368000054179,13523,0.0
7411,1774584502.5971355,70.07417772267277,10.823776000052021,14.270591999775206,13523,0.0
7412,1774584502.611473,69.78546273792654,10.806912000134616,14.329632000226411,13563,0.0
7413,1774584502.626407,67.00386585660597,10.991423999712424,14.924511999652168,13563,0.0
7414,1774584502.641688,65.48328761572502,10.920736000116449,15.271072000359709,13563,0.0
7415,1774584502.656029,69.7733093102006,10.841375999916636,14.33212799975081,13563,0.0
7416,1774584502.6703236,70.0024416864663,10.857631999897421,14.285215999734646,13563,0.0
7417,1774584502.685793,64.68666813085808,10.885056000006443,15.459135999662976,13563,0.0
7418,1774584502.704148,54.51174052126637,10.886752000260458,18.344671999784623,13563,0.0
7419,1774584502.7205987,60.828434616451375,10.835839999799646,16.439680000075896,13563,0.0
7420,1774584502.739484,52.98046928076628,13.228543999957765,18.874879999657423,13563,0.0
7421,1774584502.7580254,53.966121363833395,13.536928000121407,18.530144000123983,13563,0.0
7422,1774584502.7731237,66.28078875227246,10.841759999948408,15.087327999935951,13563,0.0
7423,1774584502.788591,64.6989892451337,10.965248000047723,15.456192000328883,13563,0.0
7424,1774584502.804341,63.53343485208969,10.958527999719081,15.739743999802158,13563,0.0
7425,1774584502.818963,68.44424586628084,10.939071999928274,14.610431999699358,13563,0.0
7426,1774584502.8390033,49.929220336548646,16.330879999713943,20.028352000281302,13563,0.0
7427,1774584502.8598692,47.95754567814403,14.587008000034984,20.851776000199607,13563,0.0
7428,1774584502.8799703,49.78326358360291,14.96988799999599,20.08707200002391,13563,0.0
7429,1774584502.899962,50.05141281155634,13.590783999916312,19.979455999873608,13563,0.0
7430,1774584502.9216254,46.188932687865865,16.878880000149366,21.650208000210114,13563,0.0
7431,1774584502.9426048,47.69317644240915,17.046815999947285,20.967359999758628,13563,0.0
7432,1774584502.961071,54.18696148926646,14.48348799976884,18.454624000241893,13563,0.0
7433,1774584502.9843502,42.97783443951857,19.386848000067403,23.267808000127843,13563,0.0
7434,1774584503.0025413,55.00443555785028,14.638463999745,18.180351999944833,13563,0.0
7435,1774584503.0240586,46.49889369861285,17.959904000235838,21.50588799986508,13563,0.0
7436,1774584503.045981,45.63749372046116,18.342624000069918,21.911807999913435,13563,0.0
7437,1774584503.067849,45.75034221186899,18.311551999886433,21.857760000330018,13563,0.0
7438,1774584503.0896523,45.88691701528493,17.914976000156457,21.79270400029054,13563,0.0
7439,1774584503.1104562,48.095569359143894,17.09398399998463,20.79193600002327,13563,0.0
7440,1774584503.1299176,51.41367027717773,15.607488000114245,19.45008000029702,13121,0.0
7441,1774584503.1519818,45.34433398936411,18.411136000395345,22.053472000152397,13121,0.0
7442,1774584503.173868,45.716609684856905,17.367839999678836,21.873888000300212,13121,0.0
7443,1774584503.1961195,44.96435226130235,18.57782400020369,22.239840000111144,13121,0.0
7444,1774584503.217896,45.946760568897275,18.237887999930535,21.764320000329462,13121,0.0
7445,1774584503.2338543,62.708694536344396,12.123872000302072,15.946751999763364,13121,0.0
7446,1774584503.25804,41.366346987766995,19.536543999947753,24.174239999865677,13121,0.0
7447,1774584503.2795086,46.60610607082372,17.741759999807982,21.45641600009185,13121,0.0
7448,1774584503.3007014,47.21064407433693,17.63299200001711,21.18166399986876,13121,0.0
7449,1774584503.318959,54.807253848596666,14.610560000164696,18.245760000354494,13121,0.0
7450,1774584503.340523,46.398648277305426,17.909312000028876,21.55235200007155,13121,0.0
7451,1774584503.3615708,47.53791624206756,17.428000000109023,21.03583999996772,13121,0.0
7452,1774584503.3835983,45.41946511159402,17.6629759998832,22.016991999862512,13121,0.0
7453,1774584503.4024155,53.17438304957305,15.28009599996949,18.80604799998764,13121,0.0
7454,1774584503.4182389,63.245154409034015,12.108032000014646,15.811488000053942,13121,0.0
7455,1774584503.4413817,43.233267342695925,16.239648000009765,23.130335999667295,13121,0.0
7456,1774584503.461051,50.86991626436494,14.253024000026926,19.657983999877615,13121,0.0
7457,1774584503.47921,55.102587793869745,14.541984000061348,18.147967999993853,13121,0.0
7458,1774584503.4967701,56.98488851833844,13.978271999803837,17.548512000303162,13121,0.0
7459,1774584503.5171604,49.07002488812438,14.004735999606055,20.37904000007984,13121,0.0
7460,1774584503.5391502,45.498886186837765,16.82163200030118,21.978560000206926,13121,0.0
7461,1774584503.5593123,49.6257030970662,16.47836800020741,20.150847999957477,13121,0.0
7462,1774584503.5786452,51.757434023887484,15.76415999988967,19.32089599995379,13121,0.0
7463,1774584503.596573,55.81722671515699,14.244640000015352,17.915615999754664,13121,0.0
7464,1774584503.6124482,63.03694872996142,10.856831999717542,15.863711999827501,13121,0.0
7465,1774584503.6288986,60.83826366633253,11.733215999811364,16.437023999969824,13121,0.0
7466,1774584503.6531103,41.322805824863785,15.327135999996244,24.19971200015425,12961,0.0
7467,1774584503.667669,68.74538031110032,10.942655999770068,14.546431999860943,12961,0.0
7468,1774584503.6822112,68.81835038692137,10.941215999991982,14.531007999721623,12961,0.0
7469,1774584503.6967552,68.80986458280253,10.898880000240752,14.532799999869894,12961,0.0
7470,1774584503.7161708,51.53517090000792,14.45484799978658,19.404223999572423,12961,0.0
7471,1774584503.7339654,56.238313678341015,12.17177599983188,17.781472000024223,12961,0.0
7472,1774584503.751684,56.47481494368218,12.602591999893775,17.707007999888447,12961,0.0
7473,1774584503.7661715,69.08321598397461,10.870911999973032,14.475296000000526,12961,0.0
7474,1774584503.781398,65.72969425676727,10.882688000037888,15.213824000056775,12961,0.0
7475,1774584503.7961016,68.06484564985394,11.089855999671272,14.691872000184958,12961,0.0
7476,1774584503.8117828,63.81562288104101,10.917439999957423,15.67014400006883,12961,0.0
7477,1774584503.8279345,61.957991490206126,12.509568000041327,16.139968000061344,12961,0.0
7478,1774584503.843373,64.82689662769347,10.971904000143695,15.425695999965683,12961,0.0
7479,1774584503.8580334,68.26691599619056,11.046240000268881,14.648383999883663,12961,0.0
7480,1774584503.8726509,68.46463938401696,10.946208000405022,14.60607999979402,12961,0.0
7481,1774584503.8887515,62.15479228438278,10.959776000163401,16.08886399981202,12961,0.0
7482,1774584503.9048448,62.18051650728907,10.846463999769185,16.082207999716047,12961,0.0
7483,1774584503.9199955,66.05005854637801,11.62019200000941,15.140032000090287,12961,0.0
7484,1774584503.9346287,68.39002227884731,10.967008000079659,14.622015999975702,12961,0.0
7485,1774584503.9490917,69.19457514582572,10.874623999825417,14.451999999891996,12961,0.0
7486,1774584503.9687161,50.985696268992974,15.11369600029866,19.61334399993575,12961,0.0
7487,1774584503.9832115,69.03651534537602,10.92367999990529,14.485088000128599,12961,0.0
7488,1774584503.9977164,68.99307640638048,10.925632000180485,14.494208000087383,12961,0.0
7489,1774584504.012104,69.56239134165503,10.899935999987065,14.375584000390518,12961,0.0
7490,1774584504.0264995,69.5230827740098,10.945312000330887,14.38371200038091,12961,0.0
7491,1774584504.0408504,69.7381194133842,10.871039999983623,14.339360000121815,12961,0.0
7492,1774584504.0552144,69.67405917577238,10.885440000038216,14.352544000303169,12961,0.0
7493,1774584504.069658,69.28493512694806,10.894336000092153,14.433152000037808,12961,0.0
7494,1774584504.0847104,66.47733920412395,10.896927999965556,15.042720000110421,12961,0.0
7495,1774584504.0990658,69.71042845745639,10.848735999843484,14.345055999910983,12961,0.0
7496,1774584504.1133375,70.11568527151331,10.82905600014783,14.26214399998571,12961,0.0
7497,1774584504.1279,68.71529877497183,10.890655999901355,14.552799999819399,12961,0.0
7498,1774584504.1424773,68.64676898933854,10.9440960000029,14.567327999884583,13523,0.0
7499,1774584504.1568384,69.67374849186643,10.880415999963589,14.35260800008109,13523,0.0
7500,1774584504.1715589,67.98044773507029,10.853536000013264,14.710112000102527,13523,0.0
7501,1774584504.1872551,63.75105061724165,10.847743999875092,15.686016000017844,13523,0.0
7502,1774584504.201691,69.33151111727935,10.952256000109628,14.423455999803991,13523,0.0
7503,1774584504.2160401,69.74450078387854,10.847871999885683,14.33804800035432,13523,0.0
7504,1774584504.230911,67.29533067418731,11.128800000278716,14.859871999760799,13523,0.0
7505,1774584504.2523599,46.64534166041629,17.493024000032165,21.438367999962793,13523,0.0
7506,1774584504.2667499,69.54845802748525,10.899392000283115,14.378463999946689,13523,0.0
7507,1774584504.2812016,69.23995577497024,10.935263999726885,14.442528000017774,13523,0.0
7508,1774584504.2965133,65.35482967010972,10.936575999949127,15.301087999887386,13523,0.0
7509,1774584504.3111773,68.24962107721505,10.790048000217212,14.652096000190795,13523,0.0
7510,1774584504.3257082,68.87553254574098,10.963167999761936,14.518943999973999,13523,0.0
7511,1774584504.3402438,68.85079756625535,10.916319999978441,14.524160000291886,13523,0.0
7512,1774584504.355749,64.53944651126926,10.908736000146746,15.494399999624875,13523,0.0
7513,1774584504.3710976,65.19652841378186,10.85510399980194,15.338240000346559,13523,0.0
7514,1774584504.3855145,69.40603976965109,10.904543999913585,14.40796799988675,13523,0.0
7515,1774584504.4007514,65.67996099092424,10.904832000051101,15.22534400010045,13523,0.0
7516,1774584504.4154243,68.20582663357284,11.161183999774948,14.661503999832348,13523,0.0
7517,1774584504.431155,63.615951012019494,11.178111999925022,15.719328000159294,13523,0.0
7518,1774584504.4468377,63.81145298290589,11.218592000204808,15.67116799969881,13523,0.0
7519,1774584504.4622533,64.91644993265729,10.950784000215208,15.40441599991027,13523,0.0
7520,1774584504.4776452,65.01910001009306,10.89321600011317,15.380096000171761,13523,0.0
7521,1774584504.4934723,63.22237890195366,10.883456000101432,15.81718399984311,13523,0.0
7522,1774584504.5083487,67.26693889227575,10.982752000018081,14.866143999824999,13523,0.0
7523,1774584504.522858,68.97708636361091,10.94249600009789,14.49756800002433,13523,0.0
7524,1774584504.5375545,68.09732796900141,10.922048000338691,14.684864000173548,13523,0.0
7525,1774584504.5520287,69.13625040325402,10.874240000248392,14.464192000104958,13523,0.0
7526,1774584504.5664184,69.54505295326155,10.932543999842892,14.379168000232312,13523,0.0
7527,1774584504.5807252,69.9482271203682,10.853856000267115,14.296287999968627,13523,0.0
7528,1774584504.5951824,69.21204577388168,10.841056000117533,14.44835200027228,13523,0.0
7529,1774584504.6095653,69.5760204289835,10.881663999953162,14.37276800015752,13523,0.0
7530,1774584504.6238823,69.89737946320427,10.850271999970573,14.306688000033319,13523,0.0
7531,1774584504.6382666,69.56595297569726,10.928384000180813,14.37484799998856,13523,0.0
7532,1774584504.6526535,69.5617719645537,10.90764799982935,14.375712000401109,13603,0.0
7533,1774584504.667518,67.31664024291328,11.171552000178053,14.855167999940022,13603,0.0
7534,1774584504.6818905,69.62655657141266,10.928960000001098,14.362335999976494,13603,0.0
7535,1774584504.6962438,69.72660477131478,10.871232000226883,14.34172800009037,13603,0.0
7536,1774584504.7105992,69.70980644134416,10.87065599995185,14.345183999921574,13603,0.0
7537,1774584504.7274742,59.296900051863425,13.27798400006941,16.86428800030626,13603,0.0
7538,1774584504.7426345,66.01043492984675,11.263840000083292,15.149119999932736,13603,0.0
7539,1774584504.758039,64.9626023284935,10.955616000046575,15.393472000141628,13603,0.0
7540,1774584504.772525,69.07970360963628,10.894816000018182,14.476031999947736,13603,0.0
7541,1774584504.7870014,69.13410911062428,10.86198399980276,14.464639999914652,13603,0.0
7542,1774584504.8025446,64.38188242261927,10.91913599975669,15.532320000147593,13603,0.0
7543,1774584504.8188252,61.464688780944435,10.875295999994705,16.269504000320012,13603,0.0
7544,1774584504.8332303,69.47316001622384,10.9125120002318,14.394048000212933,13603,0.0
7545,1774584504.847573,69.77502299643511,10.834047999651375,14.33177600029012,13603,0.0
7546,1774584504.8612595,73.11600526846324,10.855007999907684,13.676896000106353,13603,0.0
7547,1774584504.8756325,69.62298873147137,10.855584000182716,14.363071999923704,13603,0.0
7548,1774584504.8900087,69.60934124091366,10.931968000022607,14.365887999701954,13603,0.0
7549,1774584504.9091313,52.32288494198365,14.53990399977556,19.112095999844314,13603,0.0
7550,1774584504.9245148,65.04887512262603,10.893055999986245,15.373056000044016,13603,0.0
7551,1774584504.9398513,65.24880151093095,10.862336000172945,15.325951999784593,13603,0.0
7552,1774584504.9553094,64.7366513028118,10.87139199989906,15.447199999925942,13603,0.0
7553,1774584504.9706643,65.16797697652086,10.891104000165797,15.344960000220453,13603,0.0
7554,1774584504.9860036,65.23109550709287,10.89801600028295,15.330111999901419,13603,0.0
7555,1774584505.0013068,65.39175415273644,10.85990399997172,15.29244799985463,13603,0.0
7556,1774584505.0165899,65.47258636669491,10.834495999915816,15.273567999884108,13603,0.0
7557,1774584505.0401812,42.40726718071792,11.951520000366145,23.580863999995927,13603,0.0
7558,1774584505.0631874,43.49151254410404,16.2564479996945,22.992992000126833,13603,0.0
7559,1774584505.084999,45.87398379974361,16.985056000066834,21.798847999889404,13603,0.0
7560,1774584505.0994713,69.15889505029732,10.895456000071135,14.459456000167847,13603,0.0
7561,1774584505.120021,48.69133278666746,16.964064000148937,20.53753600011987,13603,0.0
7562,1774584505.1356044,64.2190145818865,11.933279999993829,15.571712000109983,13603,0.0
7563,1774584505.150027,69.38816293576467,10.917823999989196,14.411679999739135,13603,0.0
7564,1774584505.1645408,68.95592999015733,10.922911999841745,14.502015999823925,13442,0.0
7565,1774584505.1821792,56.723916981442144,11.540512000010494,17.629248000048392,13442,0.0
7566,1774584505.202461,49.3351983359491,13.399584000126197,20.269503999770677,13442,0.0
7567,1774584505.2250555,44.281959175485575,17.234240000107093,22.582560000046215,13442,0.0
7568,1774584505.2467847,46.04709623269938,17.359903999931703,21.716896000270935,13442,0.0
7569,1774584505.2769008,33.21800043574906,19.052864000059344,30.10416000006444,13442,0.0
7570,1774584505.296675,50.60540255276693,15.953887999785366,19.760735999625467,13442,0.0
7571,1774584505.3134818,59.543090143093565,12.99120000021503,16.794560000107595,13442,0.0
7572,1774584505.3343415,47.96601090092724,15.928352000173618,20.84809600000881,13442,0.0
7573,1774584505.3508208,60.72831221956796,12.107680000099208,16.466783999931067,13442,0.0
7574,1774584505.3676367,59.51043384548465,12.64495999976134,16.803775999960635,13442,0.0
7575,1774584505.3846407,58.84867510361092,13.505471999906149,16.992736000247533,13442,0.0
7576,1774584505.399172,68.87037163416248,10.93081599992729,14.520032000291394,13442,0.0
7577,1774584505.4146938,64.47380094337133,11.910815999726765,15.510175999679632,13442,0.0
7578,1774584505.429138,69.28785389415677,10.782207999909588,14.432544000101188,13442,0.0
7579,1774584505.4446793,64.39594542481791,11.46361600012824,15.52892800009431,13442,0.0
7580,1774584505.4591699,69.06107872496186,10.965311999825644,14.479935999588633,13442,0.0
7581,1774584505.473605,69.3284348641272,10.92140799983099,14.424095999856945,13442,0.0
7582,1774584505.4879863,69.58469626553939,10.897759999807022,14.37097600000925,13442,0.0
7583,1774584505.5024064,69.40203209061836,10.963744000036968,14.408800000182964,13442,0.0
7584,1774584505.5167968,69.54133871048171,10.889663999932964,14.37993599984111,13442,0.0
7585,1774584505.5312555,69.21327211437553,10.91545600002064,14.448096000251098,13442,0.0
7586,1774584505.545657,69.49556229055291,10.918175999904633,14.389408000170079,13442,0.0
7587,1774584505.5600095,69.72613804220941,10.855135999918275,14.341823999984626,13442,0.0
7588,1774584505.5744247,69.42731903810062,10.917855999650783,14.40355200020349,13442,0.0
7589,1774584505.5895298,66.25282501892627,10.869023999930505,15.093696000349155,13442,0.0
7590,1774584505.6039562,69.36475205085068,10.921663999852171,14.416544000141585,13442,0.0
7591,1774584505.6192787,65.3141243622973,10.971968000376364,15.310623999994277,13442,0.0
7592,1774584505.633652,69.62345408068285,10.917536000306427,14.362976000029448,13442,0.0
7593,1774584505.6480484,69.51333988807798,10.859424000045692,14.38572799997928,13442,0.0
7594,1774584505.6637034,63.919786293133754,10.963008000089758,15.644608000002336,13442,0.0
7595,1774584505.6794405,63.59109602658535,10.952896000162582,15.725471999758156,13523,0.0
7596,1774584505.6959863,60.478096285841225,10.886848000154714,16.534911999769974,13523,0.0
7597,1774584505.7117307,63.556435063575144,10.870560000057594,15.73404800001299,13523,0.0
7598,1774584505.7261965,69.18385193620558,10.961824000332854,14.45423999984996,13523,0.0
7599,1774584505.7409842,67.67643517251642,10.924480000085168,14.776192000226729,13523,0.0
7600,1774584505.7553973,69.43564926300904,10.881696000069496,14.401823999833141,13523,0.0
7601,1774584505.7697875,69.54180296885751,10.970496000027197,14.379839999946853,13523,0.0
7602,1774584505.784086,69.98519672994694,10.85423999984414,14.288736000253266,13523,0.0
7603,1774584505.7985275,69.2949214019355,10.966367999571958,14.431072000206768,13523,0.0
7604,1774584505.813282,68.1161789550528,11.028511999938928,14.680799999950978,13523,0.0
7605,1774584505.8288696,64.20120348862213,11.001311999734753,15.576032000353734,13523,0.0
7606,1774584505.8446145,63.55914966889693,11.008640000000014,15.733376000298449,13523,0.0
7607,1774584505.8597455,66.3073691367585,10.914175999914733,15.081279999776598,13523,0.0
7608,1774584505.8742497,68.99932214913623,10.935776000223996,14.492896000319888,13523,0.0
7609,1774584505.8895621,65.35756338514402,10.942112000066118,15.30044800028918,13523,0.0
7610,1774584505.906995,57.3976897663904,10.908511999787152,17.422303999865107,13523,0.0
7611,1774584505.922831,63.18952408610682,10.896448000039527,15.825408000182506,13523,0.0
7612,1774584505.9383051,64.67354862336664,10.95993599983558,15.462271999695076,13523,0.0
7613,1774584505.9541838,63.01686432108885,10.976863999985653,15.868768000018463,13523,0.0
7614,1774584505.9695673,65.05266663903832,10.90384000008271,15.372159999969881,13523,0.0
7615,1774584505.9849505,65.04630256009625,10.873504000301182,15.373663999980636,13523,0.0
7616,1774584506.000341,65.01842362117684,10.904640000262589,15.38025599984394,13523,0.0
7617,1774584506.0157022,65.13958631681967,10.852544000044873,15.351647999978013,13523,0.0
7618,1774584506.031036,65.25370640991086,10.840095999810728,15.324800000144023,13523,0.0
7619,1774584506.046436,64.97151648635202,10.918527999820071,15.391360000194254,13523,0.0
7620,1774584506.0618138,65.06919197651206,10.886624000249867,15.368255999874236,13523,0.0
7621,1774584506.0771372,65.2973379572467,10.859072000130254,15.314560000206257,13523,0.0
7622,1774584506.0925603,64.87170970547574,10.857472000225243,15.415040000334557,13523,0.0
7623,1774584506.107822,65.56489665955984,10.87532800011104,15.252063999923848,13523,0.0
7624,1774584506.1222057,69.57276754745301,10.917280000285245,14.37344000032681,13523,0.0
7625,1774584506.138068,63.08517811096677,11.575136000374187,15.851584000301955,13523,0.0
7626,1774584506.153422,65.17463674274222,11.849056000301061,15.34339199997703,13523,0.0
7627,1774584506.1677682,69.75602134009772,10.880287999952998,14.335679999931017,13523,0.0
7628,1774584506.1821458,69.60624028195308,10.921503999725246,14.366528000209655,13523,0.0
7629,1774584506.1966128,69.17374452517613,10.834688000159076,14.456351999797334,13563,0.0
7630,1774584506.2113078,68.10014753106083,10.870624000290263,14.684256000236928,13563,0.0
7631,1774584506.2256575,69.73952010291147,10.894559999997,14.339071999984299,13563,0.0
7632,1774584506.2400105,69.71976003136845,10.876704000111204,14.343135999752121,13563,0.0
7633,1774584506.2543929,69.58206230238389,10.915392000242718,14.3715199997132,13563,0.0
7634,1774584506.2687905,69.50885598570021,10.917280000285245,14.386655999715003,13563,0.0
7635,1774584506.28313,69.7930997517311,10.881952000090678,14.328063999982987,13563,0.0
7636,1774584506.2975054,69.60949629655516,10.887743999774102,14.36585599958562,13563,0.0
7637,1774584506.3118625,69.70016661196638,10.871903999941424,14.347167999858357,13563,0.0
7638,1774584506.3268998,66.55180712179383,10.871647999920242,15.025887999854604,13563,0.0
7639,1774584506.34128,69.5943041790932,10.903999999754888,14.368992000072467,13563,0.0
7640,1774584506.3557973,68.93387421671703,10.866912000437878,14.50665599986678,13563,0.0
7641,1774584506.370268,69.15614018010615,10.975103999953717,14.460031999988132,13563,0.0
7642,1774584506.384639,69.63664157669182,10.875391999888961,14.360255999690708,13563,0.0
7643,1774584506.3990262,69.55852041737029,10.882911999942735,14.37638400011565,13563,0.0
7644,1774584506.4133072,70.07622050311534,10.86217600004602,14.270176000081847,13563,0.0
7645,1774584506.427611,69.96326089161198,10.88079999999536,14.293216000169195,13563,0.0
7646,1774584506.4419136,69.97156355698588,10.9062400001676,14.291519999915181,13563,0.0
7647,1774584506.456204,70.02738350639515,10.85769600013009,14.280128000336845,13563,0.0
7648,1774584506.4705398,69.80245347333354,10.858080000161863,14.326143999824126,13563,0.0
7649,1774584506.4848185,70.08329259008727,10.835263999979361,14.268736000303761,13563,0.0
7650,1774584506.4991806,69.67840905685823,10.858016000383941,14.351648000229034,13563,0.0
7651,1774584506.5134683,70.0421373505136,10.836960000233375,14.277119999860588,13563,0.0
7652,1774584506.5277667,69.98535346455611,10.86259199973938,14.288704000136931,13563,0.0
7653,1774584506.5421069,69.78530689957671,10.925535999831482,14.329663999887998,13563,0.0
7654,1774584506.556418,69.92803566009265,10.838591999799974,14.300415999969118,13563,0.0
7655,1774584506.5714693,66.4787533910503,11.503583999910916,15.04239999985657,13563,0.0
7656,1774584506.5868943,64.87628870252655,10.874240000248392,15.413952000017161,13563,0.0
7657,1774584506.603338,60.84892526209461,10.853120000319905,16.434143999958906,13563,0.0
7658,1774584506.6187549,64.90471987111557,10.864384000342397,15.407200000026933,13563,0.0
7659,1774584506.6341636,64.93317596979105,10.897535999902175,15.400448000036704,13563,0.0
7660,1774584506.6485791,69.42068714164084,10.843103999832238,14.404928000203654,13563,0.0
7661,1774584506.6629317,69.72349335827995,10.87286399979348,14.342368000143324,13563,0.0
7662,1774584506.677227,70.00510757249806,10.858208000172453,14.284672000030696,13563,0.0
7663,1774584506.691534,69.94947968804743,10.854912000013428,14.296031999947445,13563,0.0
7664,1774584506.7059216,69.55836558874364,10.919712000031723,14.376416000231984,13603,0.0
7665,1774584506.7208853,66.87267015553616,10.87199999983568,14.95379200014213,13603,0.0
7666,1774584506.7352395,69.78670948528485,10.883999999805383,14.329375999750482,13603,0.0
7667,1774584506.7496881,69.26251490434815,11.046591999729571,14.437824000196997,13603,0.0
7668,1774584506.766336,60.10621007850971,10.96038400010002,16.637215999708133,13603,0.0
7669,1774584506.781588,65.61142499545456,10.897984000166616,15.241248000165797,13603,0.0
7670,1774584506.7959156,69.84363964688043,10.84195199973692,14.31769600003463,13603,0.0
7671,1774584506.810247,69.82631681378271,10.928447999958735,14.32124799976009,13603,0.0
7672,1774584506.824616,69.64812652025697,10.886527999900864,14.3578880001769,13603,0.0
7673,1774584506.8393853,67.75963867214801,10.873023999920406,14.758048000203416,13603,0.0
7674,1774584506.8538194,69.33351082658923,10.889471999689704,14.423040000110632,13603,0.0
7675,1774584506.8688369,66.63652918582581,11.362944000211428,15.006783999979234,13603,0.0
7676,1774584506.8831975,69.68415794770041,10.883648000344692,14.350464000017382,13603,0.0
7677,1774584506.8975704,69.62438479997238,10.889184000006935,14.362783999786188,13603,0.0
7678,1774584506.9131126,64.38891315679605,10.9062400001676,15.530623999893578,13603,0.0
7679,1774584506.9275131,69.49169880013423,10.892735999732395,14.39020799989521,13603,0.0
7680,1774584506.9427373,65.72831176104768,10.854399999971065,15.214143999855878,13603,0.0
7681,1774584506.957094,69.69845659847599,10.868608000237145,14.347519999773795,13603,0.0
7682,1774584506.9722137,66.17902431933935,10.883360000207176,15.110528000150225,13603,0.0
7683,1774584506.9866688,69.22937186101923,10.983072000271932,14.444736000314151,13603,0.0
7684,1774584507.0009665,69.99538590432053,10.843904000012117,14.28665599996748,13603,0.0
7685,1774584507.015321,69.71804905635067,10.851936000108253,14.343487999667559,13603,0.0
7686,1774584507.0296707,69.73267282717747,10.898527999870566,14.34047999964605,13603,0.0
7687,1774584507.0439875,69.90160091405579,10.845311999673868,14.305824000075518,13603,0.0
7688,1774584507.0583427,69.71089497627278,10.9409599999708,14.344960000016727,13603,0.0
7689,1774584507.0726368,70.00400982999892,10.863808000067365,14.284895999935543,13603,0.0
7690,1774584507.086976,69.78608610492999,10.832416000084777,14.32950400021582,13603,0.0
7691,1774584507.1013417,69.66287626293774,10.906400000294525,14.354848000039055,13603,0.0
7692,1774584507.1177201,61.098522099738666,11.489120000078401,16.36700800008839,13603,0.0
7693,1774584507.1372283,51.28676440370515,14.705439999943337,19.498208000186423,13603,0.0
7694,1774584507.1554797,54.81984881964909,13.649471999997331,18.241568000121333,13603,0.0
7695,1774584507.1703672,67.21731087662987,11.001568000210682,14.877120000164723,13603,0.0
7696,1774584507.1848044,69.31582508086574,10.903200000029756,14.426719999846682,13603,0.0
7697,1774584507.199802,66.72787837433577,10.878336000132549,14.986239999871032,13603,0.0
7698,1774584507.2150717,65.53176140891749,11.49827200015352,15.259776000220882,13643,0.0
7699,1774584507.2306516,64.2266697917696,11.12143999989712,15.569855999729043,13643,0.0
7700,1774584507.2458565,65.81774067095223,11.52419199979704,15.193472000191832,13643,0.0
7701,1774584507.2671294,47.036051439862504,11.970751999797358,21.260288000121363,13643,0.0
7702,1774584507.292456,39.50510532381861,19.78179200023078,25.313183999969624,13643,0.0
7703,1774584507.3115942,52.28410429383785,15.517856000315078,19.12627199999406,13643,0.0
7704,1774584507.3260248,69.35551526228464,10.911423999914405,14.418463999845699,13643,0.0
7705,1774584507.341756,63.618023138165185,12.089952000224002,15.71881600011693,13643,0.0
7706,1774584507.3585265,59.671225865071925,13.259071999982552,16.758496000420564,13643,0.0
7707,1774584507.379778,47.081475811887245,16.013376000046264,21.239776000129496,13643,0.0
7708,1774584507.4071846,36.50393892082002,18.426719999752095,27.39430400015408,13643,0.0
7709,1774584507.4377015,32.78158860099903,23.8775039997563,30.504928000027576,13643,0.0
7710,1774584507.4602215,44.42864759193536,17.962752000130422,22.50800000001618,13643,0.0
7711,1774584507.497256,27.011211597697315,20.885407999685413,37.02166399989437,13643,0.0
7712,1774584507.512557,65.41392887523541,10.907872000188945,15.287264000107825,13643,0.0
7713,1774584507.5284183,63.09893509182852,11.024928000097134,15.848128000016004,13643,0.0
7714,1774584507.5521116,42.22967266277931,15.542527999969025,23.680031999901985,13643,0.0
7715,1774584507.5719047,50.553827288312974,14.094784000008076,19.780896000156645,13643,0.0
7716,1774584507.5920482,49.675006239161114,11.956768000345619,20.130848000007973,13643,0.0
7717,1774584507.609659,56.826860829953965,11.709504000009474,17.597311999907106,13643,0.0
7718,1774584507.6340003,41.10657586826919,19.6583360002478,24.327008000000205,13643,0.0
7719,1774584507.6558971,45.69775722643002,18.25593600005959,21.88291200036474,13643,0.0
7720,1774584507.6795292,42.33849388831998,18.106559999978344,23.619167999640922,13643,0.0
7721,1774584507.705643,38.31380044692173,15.081823999935295,26.100256000063382,13643,0.0
7722,1774584507.7286503,43.492541551094774,18.91075200001069,22.992447999968135,13442,0.0
7723,1774584507.7514954,43.79934434187921,13.895167999635305,22.83139199971629,13442,0.0
7724,1774584507.7694921,55.604685384353786,13.213504000304965,17.984095999963756,13442,0.0
7725,1774584507.7867415,58.01713222614728,12.915999999677297,17.236288000276545,13442,0.0
7726,1774584507.8045044,56.33523521017104,13.120031999733328,17.750880000221514,13442,0.0
7727,1774584507.8226223,55.230456813190244,13.008160000026692,18.105952000041725,13442,0.0
7728,1774584507.839775,58.341423344538455,13.327839999874413,17.140479999852687,13442,0.0
7729,1774584507.8574839,56.51250056460762,12.926431999858323,17.695200000162004,13442,0.0
7730,1774584507.8741667,59.980691016450606,12.939839999944525,16.672031999860337,13442,0.0
7731,1774584507.8908617,59.939734194035246,12.079392000032385,16.68342399989342,13442,0.0
7732,1774584507.907369,60.62122693418229,10.79260799997428,16.49587200017777,13442,0.0
7733,1774584507.9240756,59.89768516945278,11.112063999917154,16.695136000180355,13442,0.0
7734,1774584507.940744,60.027699182628886,11.031519999960437,16.658975999689574,13442,0.0
7735,1774584507.962518,45.95027371618554,10.842784000033134,21.762656000191782,13442,0.0
7736,1774584507.9779143,64.99705693311462,10.789504000058514,15.3853120000349,13442,0.0
7737,1774584507.9927726,67.35305718291492,10.790911999720265,14.847135999843886,13442,0.0
7738,1774584508.0091033,61.279195861075756,10.79020799988939,16.31875199973365,13442,0.0
7739,1774584508.0244777,65.08938595077272,10.828192000190029,15.363488000275538,13442,0.0
7740,1774584508.040977,60.651817807967454,10.80422399991221,16.487551999944117,13442,0.0
7741,1774584508.0575156,60.505848253494726,10.908000000199536,16.52732799993828,13442,0.0
7742,1774584508.0756226,55.259365356729255,10.767008000129863,18.096480000167503,13442,0.0
7743,1774584508.092007,61.073327079131396,10.744352000074286,16.37376000007862,13442,0.0
7744,1774584508.106662,68.28317524442383,11.18627200003175,14.644895999936125,13442,0.0
7745,1774584508.1221273,64.70381183188857,10.939647999748559,15.455039999778819,13442,0.0
7746,1774584508.1375484,64.92710503949255,10.888767999858828,15.401888000269537,13442,0.0
7747,1774584508.1550741,57.09493654658226,10.87305600003674,17.51468800011935,13442,0.0
7748,1774584508.17222,58.360708397221366,10.856703999706951,17.134815999725106,13442,0.0
7749,1774584508.1875815,65.13958631681967,10.848479999822302,15.351647999978013,13442,0.0
7750,1774584508.2030313,64.76670514570847,10.885856000186322,15.440032000242354,13442,0.0
7751,1774584508.2184598,64.85905349217397,10.928960000001098,15.418048000356066,13442,0.0
7752,1774584508.2338994,64.81560220356253,10.945023999738623,15.428384000188089,13603,0.0
7753,1774584508.2503352,60.87666290684441,10.90249600019888,16.426656000021467,13603,0.0
7754,1774584508.2667618,60.91012394495277,10.857056000077137,16.41763199995694,13603,0.0
7755,1774584508.2822666,64.5315833051191,10.988991999965947,15.49628800012215,13603,0.0
7756,1774584508.2978063,64.40231559827374,10.916224000084185,15.527391999967222,13603,0.0
7757,1774584508.3132367,64.8497664362498,10.880383999847254,15.420256000197696,13603,0.0
7758,1774584508.3285816,65.21149391780354,10.859519999939948,15.33471999982794,13603,0.0
7759,1774584508.3439438,65.13415551708012,10.834175999661966,15.35292800008392,13603,0.0
7760,1774584508.3592863,65.22170160726488,10.829919999650883,15.332320000197797,13603,0.0
7761,1774584508.3752978,62.497250121356856,10.863679999602027,16.000703999907273,13603,0.0
7762,1774584508.3896933,69.51859761467036,10.919712000031723,14.384640000116633,13603,0.0
7763,1774584508.4041004,69.45679231954395,10.889312000017526,14.397439999811468,13603,0.0
7764,1774584508.418844,67.875317927212,10.871968000174093,14.732896000168694,13603,0.0
7765,1774584508.433208,69.67126311153247,10.872159999962605,14.353120000123454,13603,0.0
7766,1774584508.447609,69.49138974042427,10.880063999593403,14.390271999673132,13603,0.0
7767,1774584508.4621773,68.68630032353224,10.906271999829187,14.558944000327756,13603,0.0
7768,1774584508.4765615,69.56270103544217,10.901535999892076,14.375520000157849,13603,0.0
7769,1774584508.4908967,69.80089434451915,10.82271999985096,14.326464000077976,13603,0.0
7770,1774584508.506391,64.57812403135352,11.04432000011002,15.485119999993913,13603,0.0
7771,1774584508.5237436,57.66512523980066,13.35718399968755,17.34150399988721,13603,0.0
7772,1774584508.5401602,60.95491481838613,12.128672000017104,16.405568000209314,13603,0.0
7773,1774584508.5552793,66.19023815604963,11.15401600009136,15.107968000393157,13603,0.0
7774,1774584508.569921,68.34903721015768,11.160671999732585,14.6307839995643,13603,0.0
7775,1774584508.5879388,55.53255273861662,12.001280000276893,18.007455999850208,13603,0.0
7776,1774584508.6025088,68.6749794526447,11.078239999733341,14.561343999957899,13603,0.0
7777,1774584508.6169565,69.26896307200974,10.916319999978441,14.43647999985842,13603,0.0
7778,1774584508.6331072,61.95602609226919,11.253791999934037,16.14047999964896,13603,0.0
7779,1774584508.6498733,59.683192067093756,12.157568000020547,16.75513600002887,13603,0.0
7780,1774584508.667523,56.695513344274985,12.298080000164191,17.63807999986966,13603,0.0
7781,1774584508.6876688,49.66379596755844,11.038112000278488,20.135391999701824,13603,0.0
7782,1774584508.702504,67.45803031195848,11.32521599993197,14.824031999978615,13603,0.0
7783,1774584508.7192018,59.92858430370793,10.890911999922537,16.686528000263934,13603,0.0
7784,1774584508.7336464,69.28339903325404,10.941503999674751,14.433471999836911,13603,0.0
7785,1774584508.749287,63.977889242557694,11.050111999793444,15.630399999736255,13844,0.0
7786,1774584508.763714,69.35936362448435,10.934079999969981,14.417664000120567,13844,0.0
7787,1774584508.7780895,69.6153888985986,10.929791999842564,14.364640000167128,13844,0.0
7788,1774584508.7923658,70.10341656028218,10.847296000065398,14.264639999964857,13844,0.0
7789,1774584508.8066955,69.83474306477173,10.86230400005661,14.319519999844488,13844,0.0
7790,1774584508.821008,69.92162065916928,10.880287999952998,14.30172800019136,13844,0.0
7791,1774584508.8372285,61.68635695125835,11.41856000003827,16.21104000014384,13844,0.0
7792,1774584508.851638,69.44660500665212,10.868607999782398,14.399551999758842,13844,0.0
7793,1774584508.8683646,59.82029027663738,10.896991999743477,16.71673600003487,13844,0.0
7794,1774584508.8848329,60.760074506379695,10.859712000183208,16.458176000014646,13844,0.0
7795,1774584508.9012067,61.107960656277086,10.8669760002158,16.36447999999291,13844,0.0
7796,1774584508.9176064,61.01537392088553,10.905600000114646,16.38931200022853,13844,0.0
7797,1774584508.931972,69.6560440285295,10.877248000269901,14.356255999700807,13844,0.0
7798,1774584508.9463792,69.4584904952461,10.929760000180977,14.39708799989603,13844,0.0
7799,1774584508.9629173,60.50256821297006,10.88582399961524,16.528224000012415,13844,0.0
7800,1774584508.9794853,60.39510963865387,10.900576000040019,16.55763200005822,13844,0.0
7801,1774584508.9952946,63.298318391641104,10.886592000133533,15.798207999978331,13844,0.0
7802,1774584509.009926,68.3951114473288,11.083840000083,14.620927999658306,13844,0.0
7803,1774584509.0255146,64.19843376524398,10.858687999643735,15.576703999613528,13844,0.0
7804,1774584509.041556,62.380479001796765,10.85663999992903,16.030656000111776,13844,0.0
7805,1774584509.0568,65.64795052238266,10.857792000024347,15.232768000259966,13844,0.0
7806,1774584509.0712137,69.43163816608497,10.880447999625176,14.402655999674607,13844,0.0
7807,1774584509.085767,68.76413790681332,10.895904000335577,14.542463999987376,13844,0.0
7808,1774584509.1003835,68.46688941289904,10.897728000145435,14.60559999986799,13844,0.0
7809,1774584509.114887,69.0003886103777,10.926143999768101,14.492671999960294,13844,0.0
7810,1774584509.1298325,66.96007679464087,11.031007999918074,14.934272000118654,13844,0.0
7811,1774584509.146538,59.903426093234344,10.868287999983295,16.693535999820597,13844,0.0
7812,1774584509.1636121,58.61027076988496,10.90499199972328,17.06185600005483,13844,0.0
7813,1774584509.1818244,55.05957886866735,11.971712000104162,18.1621440001436,13844,0.0
7814,1774584509.1994798,56.68111657187944,12.287680000099499,17.642560000240337,13844,0.0
7815,1774584509.2151206,63.98522504353976,10.957568000321771,15.628608000042732,13844,0.0
7816,1774584509.2306619,64.39395500451081,10.924287999841908,15.52940800002034,13844,0.0
7817,1774584509.2464023,63.57932258058333,10.94115200021406,15.72838399988541,13844,0.0
7818,1774584509.2627347,61.27679266562604,11.706207999850449,16.319391999786603,13782,0.0
7819,1774584509.2774506,68.00870511349031,10.976799999752984,14.704000000165252,13782,0.0
7820,1774584509.2972016,50.662174890519324,15.932192000036594,19.738592000067,13782,0.0
7821,1774584509.3176048,49.04322552171696,15.719903999979579,20.390176000091742,13782,0.0
7822,1774584509.3332198,64.09086341130956,10.940864000076544,15.60284800007139,13782,0.0
7823,1774584509.3500304,59.52936559923554,11.882560000231024,16.798431999632157,13782,0.0
7824,1774584509.3692214,52.142602091129085,12.017951999951038,19.178175999968516,13782,0.0
7825,1774584509.384491,65.54289441662569,10.928447999958735,15.257183999892732,13782,0.0
7826,1774584509.4059627,46.59762762117542,16.615424000065104,21.460320000187494,13782,0.0
7827,1774584509.4252682,51.829455384053716,15.610911999829113,19.2940480001198,13782,0.0
7828,1774584509.443078,56.18765417860685,13.83014400016691,17.79750400010016,13782,0.0
7829,1774584509.45952,60.863265075662895,12.711840000065422,16.430271999979595,13782,0.0
7830,1774584509.4766812,58.312791680649966,13.613920000352664,17.148895999980596,13782,0.0
7831,1774584509.4931552,60.747554546193506,11.851679999836051,16.461568000067928,13782,0.0
7832,1774584509.5106087,57.33282207701455,11.053919999994832,17.442016000131844,13782,0.0
7833,1774584509.5273046,59.93766482797311,11.261472000114736,16.684000000168453,13782,0.0
7834,1774584509.5421145,67.57341175536588,11.001120000400988,14.798719999816967,13782,0.0
7835,1774584509.5566409,68.88783077133085,10.935264000181633,14.516352000100596,13782,0.0
7836,1774584509.5711896,68.785782365299,10.891903999890928,14.537887999722443,13782,0.0
7837,1774584509.5855627,69.62934904838427,10.885375999805547,14.36176000015621,13782,0.0
7838,1774584509.6000204,69.20974650312739,10.934176000318985,14.448832000198308,13782,0.0
7839,1774584509.614531,68.9714535419134,10.952415999781806,14.498752000235982,13782,0.0
7840,1774584509.6289854,69.23750124598673,10.91913599975669,14.443040000060137,13782,0.0
7841,1774584509.6434484,69.1965669636114,10.903103999680752,14.451584000198636,13782,0.0
7842,1774584509.658963,64.49975025619106,10.884671999974671,15.503936000186513,13782,0.0
7843,1774584509.6744573,64.58292861407031,10.982048000187206,15.483967999898596,13782,0.0
7844,1774584509.6889515,69.03331271613146,10.943488000066282,14.48575999984314,13782,0.0
7845,1774584509.7033792,69.36213470980907,10.846271999980672,14.417088000300282,13782,0.0
7846,1774584509.7177434,69.65821777552227,10.869215999719017,14.355807999891113,13782,0.0
7847,1774584509.7321565,69.42176666808466,10.860159999992902,14.40470399984406,13782,0.0
7848,1774584509.7465878,69.34905097340804,10.94083199996021,14.419807999729528,13782,0.0
7849,1774584509.7612135,68.42581218743547,10.990175999722851,14.614367999911337,13782,0.0
7850,1774584509.7757635,68.8142587541899,10.977791999721376,14.531872000134172,13723,0.0
7851,1774584509.7902167,69.24609285887917,10.948736000045756,14.441247999911866,13723,0.0
7852,1774584509.8046856,69.16853882790205,10.886591999678785,14.45744000011473,13723,0.0
7853,1774584509.819152,69.17206024415165,10.870336000152747,14.456703999712772,13723,0.0
7854,1774584509.8346708,64.48537574847256,10.865056000056939,15.507392000017717,13723,0.0
7855,1774584509.8493617,68.12315795008645,10.855936000098154,14.679295999940223,13723,0.0
7856,1774584509.8674777,55.2280165977731,14.525055999911274,18.106752000221604,13723,0.0
7857,1774584509.882842,65.13157620489913,11.90102400005344,15.35353600002054,13723,0.0
7858,1774584509.8972218,69.5884151435928,10.837375999926735,14.370207999945706,13723,0.0
7859,1774584509.9116507,69.34597316141281,10.881663999953162,14.42044800023723,13723,0.0
7860,1774584509.9261086,69.20422887742646,10.93862400011858,14.449983999838878,13723,0.0
7861,1774584509.9405475,69.31121289222389,10.905376000209799,14.42767999969874,13723,0.0
7862,1774584509.9550035,69.23013870524967,10.906687999977294,14.444575999732479,13723,0.0
7863,1774584509.9694264,69.38631413348539,10.90764799982935,14.412063999770908,13723,0.0
7864,1774584509.9838803,69.23903530511748,10.89830399996572,14.442720000261033,13723,0.0
7865,1774584509.9984226,68.81925970328186,10.956351999993785,14.530815999933111,13723,0.0
7866,1774584510.0148838,60.78784943301826,10.892863999742985,16.450655999960873,13723,0.0
7867,1774584510.03058,63.764058698817124,11.014944000180549,15.682816000207822,13723,0.0
7868,1774584510.0488567,54.75021637321224,12.905472000056761,18.26476799988086,13723,0.0
7869,1774584510.0633106,69.23949553807473,10.917344000063167,14.44262399991203,13723,0.0
7870,1774584510.0777032,69.524320163847,10.9062400001676,14.383455999904982,13723,0.0
7871,1774584510.0921881,69.07970360963628,10.855040000024019,14.476031999947736,13723,0.0
7872,1774584510.1065657,69.60639532378002,10.895072000039363,14.36649600009332,13723,0.0
7873,1774584510.1209917,69.36505998734214,10.910015999797906,14.416479999908915,13723,0.0
7874,1774584510.135381,69.55248263362712,10.883647999889945,14.377632000105223,13723,0.0
7875,1774584510.1498017,69.39293946162408,10.919263999767281,14.410688000225491,13723,0.0
7876,1774584510.1650827,65.48740441435763,10.906271999829187,15.270112000052904,13723,0.0
7877,1774584510.1794543,69.6355553594423,10.891584000091825,14.360479999595555,13723,0.0
7878,1774584510.193776,69.87518614660767,10.866175999581174,14.311232000181917,13723,0.0
7879,1774584510.2081304,69.71696029578027,10.885631999826728,14.343712000027153,13723,0.0
7880,1774584510.2224376,69.94368693799353,10.9102400001575,14.297216000159096,13723,0.0
7881,1774584510.2367122,70.10624742161457,10.853023999970901,14.264063999689824,13723,0.0
7882,1774584510.251183,69.14787688404846,10.90678399987155,14.461759999903734,13723,0.0
7883,1774584510.2667127,64.4396329517717,10.905472000104055,15.518400000019028,13723,0.0
7884,1774584510.2822363,64.46741662122531,10.975904000133596,15.511711999806721,13782,0.0
7885,1774584510.2991753,59.07405902073466,12.369023999781348,16.927904000112903,13782,0.0
7886,1774584510.31368,69.0020645437227,10.944031999770232,14.492319999590109,13782,0.0
7887,1774584510.3300505,61.13019459873407,12.562368000089918,16.35852800018256,13782,0.0
7888,1774584510.346373,61.30792863685226,12.72006399995007,16.311103999669285,13782,0.0
7889,1774584510.3608062,69.33720290372662,10.904287999892404,14.422272000047087,13782,0.0
7890,1774584510.3751602,69.71369422472289,10.855616000299051,14.344383999741694,13782,0.0
7891,1774584510.3899412,67.7038535957296,10.952416000236553,14.770207999845297,13782,0.0
7892,1774584510.4043067,69.66473983281386,10.86377599995103,14.354464000007283,13782,0.0
7893,1774584510.4188013,69.04139611623995,10.93228799982171,14.484064000043873,13782,0.0
7894,1774584510.4334822,68.16952287867275,10.925376000159304,14.669312000023638,13782,0.0
7895,1774584510.4486365,66.0388921533434,10.938879999685014,15.142591999847355,13782,0.0
7896,1774584510.464612,62.644834857411595,10.938879999685014,15.963008000198897,13782,0.0
7897,1774584510.4801729,64.31483604390615,10.942399999748886,15.548511999895709,13782,0.0
7898,1774584510.4948099,68.37790113829499,10.968992000016442,14.624607999849104,13782,0.0
7899,1774584510.5154686,48.435945206194745,14.091647999975976,20.645823999984714,13782,0.0
7900,1774584510.5338693,54.3859435398996,12.734720000025845,18.387103999884857,13782,0.0
7901,1774584510.5484993,68.40828692571279,10.947039999791741,14.618111999880057,13782,0.0
7902,1774584510.5645566,62.326731684568756,11.32982399985849,16.044480000346084,13782,0.0
7903,1774584510.5801032,64.37220109669708,10.922496000148385,15.534655999999814,13782,0.0
7904,1774584510.5949996,67.18017400180226,10.870080000131566,14.885344000049372,13782,0.0
7905,1774584510.6094189,69.40033667662958,10.911679999935586,14.409151999643655,13782,0.0
7906,1774584510.623855,69.32443614203012,10.890079999626323,14.424928000153159,13782,0.0
7907,1774584510.6383255,69.1562932232964,10.97027200012235,14.459999999871798,13782,0.0
7908,1774584510.6528466,68.91988752221933,10.883263999858173,14.509600000110368,13782,0.0
7909,1774584510.6671977,69.73609629696371,10.869535999972868,14.339775999815174,13782,0.0
7910,1774584510.6816218,69.3755314156869,10.893183999996836,14.41430400018362,13782,0.0
7911,1774584510.6959586,69.7996470925012,10.864703999686753,14.326720000099158,13782,0.0
7912,1774584510.710451,69.05497439034771,10.953535999760788,14.481215999694541,13782,0.0
7913,1774584510.725421,66.84978158789748,10.878111999772955,14.958912000111013,13782,0.0
7914,1774584510.7403376,67.08772713202337,10.857280000436731,14.90585600004124,13782,0.0
7915,1774584510.7548513,68.94436796203938,10.86905600004684,14.50444800002515,13782,0.0
7916,1774584510.769345,69.03865059879834,10.893919999944046,14.484639999864157,13782,0.0
7917,1774584510.7848148,64.68666812895526,10.861824000130582,15.459136000117724,13844,0.0
7918,1774584510.8034065,53.81278660640172,10.883647999889945,18.582944000172574,13844,0.0
7919,1774584510.817885,69.1214170243009,10.948224000003393,14.467295999565977,13844,0.0
7920,1774584510.8339922,62.12476640955942,11.66800000009971,16.096640000341722,13844,0.0
7921,1774584510.8508234,59.45619933230733,12.295071999687934,16.81910399975095,13844,0.0
7922,1774584510.865865,66.5408955032996,11.067679999996471,15.028351999717415,13844,0.0
7923,1774584510.8804874,68.44049837879962,11.02220800021314,14.611231999879237,13844,0.0
7924,1774584510.900234,50.67260792783287,12.143711999669904,19.73452800029918,13844,0.0
7925,1774584510.9240127,42.07722820751658,14.453216000219982,23.765824000292923,13844,0.0
7926,1774584510.942481,54.17803683088304,11.644351999620994,18.45766399992499,13844,0.0
7927,1774584510.9576495,65.9801911623646,11.396639999929903,15.156064000166225,13844,0.0
7928,1774584510.9756594,55.564248272733195,10.987040000145498,17.997184000250854,13844,0.0
7929,1774584510.9959447,49.32468586090558,13.252383999770245,20.27382400001443,13844,0.0
7930,1774584511.0125518,60.25699366848361,11.369759999979578,16.595583999787777,13844,0.0
7931,1774584511.02843,63.028048995327964,11.056384000312391,15.865951999785466,13844,0.0
7932,1774584511.0477788,51.71657661095837,12.15267199995651,19.336159999966185,13844,0.0
7933,1774584511.0650432,57.95967119829944,12.443680000160384,17.25337599964405,13844,0.0
7934,1774584511.0832906,54.840532505595434,12.930623999636737,18.234688000120514,13844,0.0
7935,1774584511.1004333,58.375644001115226,12.518847999672289,17.130431999703433,13844,0.0
7936,1774584511.1149302,69.03605780902902,10.930943999937881,14.485184000022855,13844,0.0
7937,1774584511.13153,60.28105438867569,10.871424000015395,16.58895999980814,13844,0.0
7938,1774584511.1566074,39.890578547112106,12.567136000143364,25.068576000194298,13844,0.0
7939,1774584511.1720634,64.74764991956597,11.925280000014027,15.444575999936205,13844,0.0
7940,1774584511.1864843,69.39355583798574,10.898879999786004,14.410559999760153,13844,0.0
7941,1774584511.2008386,69.71789351672857,10.855487999833713,14.343519999783894,13844,0.0
7942,1774584511.2152767,69.3181314053766,10.888096000144287,14.426239999920654,13844,0.0
7943,1774584511.2296667,69.54737455731001,10.90230399995562,14.378688000306283,13844,0.0
7944,1774584511.2443473,68.16818454416034,10.977407999689603,14.669600000161154,13844,0.0
7945,1774584511.2601974,63.13960418967357,10.923360000106186,15.837920000194572,13844,0.0
7946,1774584511.2758174,64.06826293995574,10.940671999833285,15.608352000072045,13844,0.0
7947,1774584511.2913754,64.32277890980394,10.931295999853319,15.546591999736847,13844,0.0
7948,1774584511.309392,55.53738865845343,13.35676799999419,18.005888000061532,13804,0.0
7949,1774584511.3296635,49.35428797970675,10.762656000224524,20.2616639999178,13804,0.0
7950,1774584511.3440092,69.7597585537494,10.887616000218259,14.334911999867472,13804,0.0
7951,1774584511.3584566,69.26957724354745,10.940768000182288,14.436352000302577,13804,0.0
7952,1774584511.3727677,69.93038290499949,10.84956799968495,14.29993600004309,13804,0.0
7953,1774584511.387152,69.57555571362796,10.866080000141665,14.372864000051777,13804,0.0
7954,1774584511.4017503,68.55520723355322,10.911232000125892,14.586784000130137,13804,0.0
7955,1774584511.416051,69.98080846371073,10.867136000342725,14.289631999872654,13804,0.0
7956,1774584511.431447,64.98800061707047,10.836928000117041,15.387455999643862,13804,0.0
7957,1774584511.445804,69.69596945289214,10.89248000016596,14.348032000270905,13804,0.0
7958,1774584511.460485,68.16744104957145,10.866719999739871,14.669759999833332,13804,0.0
7959,1774584511.474865,69.59445916775138,10.888127999805874,14.368959999956132,13804,0.0
7960,1774584511.4905832,63.66766497514255,11.134880000099656,15.706560000126046,13804,0.0
7961,1774584511.5050623,69.12080547289106,10.922399999799381,14.467424000031315,13804,0.0
7962,1774584511.5195544,69.05695817910049,10.930112000096415,14.480800000001182,13804,0.0
7963,1774584511.5365303,58.95825944048686,12.200383999697806,16.961151999566937,13804,0.0
7964,1774584511.5524402,62.91270736195603,11.097376000179793,15.89503999957742,13804,0.0
7965,1774584511.5776718,39.65222775725308,13.14857600027608,25.21926400004304,13804,0.0
7966,1774584511.5956578,55.63567092189686,14.379488000031415,17.974079999930836,13804,0.0
7967,1774584511.6112819,64.04777861796018,10.940319999917847,15.613344000030338,13804,0.0
7968,1774584511.6267986,64.49562358432166,10.96927999969921,15.504928000154905,13804,0.0
7969,1774584511.6427777,62.63240490438836,11.045855999782361,15.966175999892585,13804,0.0
7970,1774584511.658538,63.503223930888836,11.104703999990306,15.747232000194344,13804,0.0
7971,1774584511.6742804,63.571174285142085,11.092287999872497,15.730400000393274,13804,0.0
7972,1774584511.69306,53.28436287291757,14.039776000117854,18.767231999845535,13804,0.0
7973,1774584511.7099748,59.163979832226445,11.050944000089657,16.902176000257896,13804,0.0
7974,1774584511.726055,62.23698649556398,11.074175999965519,16.06761599987294,13804,0.0
7975,1774584511.7433286,57.94258399836852,11.02041600006487,17.258463999951346,13804,0.0
7976,1774584511.7616913,54.49558019044238,11.001472000316426,18.350112000007357,13804,0.0
7977,1774584511.7794144,56.4622642358493,12.866975999713759,17.710944000100426,13804,0.0
7978,1774584511.800183,48.17817135696777,13.621056000374665,20.7562880000296,13804,0.0
7979,1774584511.8194764,51.8633463055108,10.90918399995644,19.28144000021348,13804,0.0
7980,1774584511.8351083,64.01747011122225,10.929856000075233,15.62073600007352,13804,0.0
7981,1774584511.8495677,69.21066619440384,10.895231999711541,14.448639999955049,13804,0.0
7982,1774584511.8640404,69.14787688404846,10.890592000123434,14.461759999903734,13804,0.0
7983,1774584511.8785524,68.96079937275913,10.970655999699375,14.500991999739199,13804,0.0
7984,1774584511.8934114,67.3473961867224,10.892832000081398,14.848384000288206,13804,0.0
7985,1774584511.9077573,69.74917082162611,10.875775999920734,14.337088000047515,13804,0.0
7986,1774584511.9221919,69.32643544541747,11.018207999768492,14.424512000005052,13804,0.0
7987,1774584511.9366188,69.36167284943083,10.88755199998559,14.417183999739791,13804,0.0
7988,1774584511.9510918,69.14833590376216,10.87692800001605,14.461664000009478,13804,0.0
7989,1774584511.965566,69.13181501508554,10.900864000177535,14.465119999840681,13804,0.0
7990,1774584511.9800272,69.19105143905801,10.928831999990507,14.452735999839206,13804,0.0
7991,1774584511.994818,67.66046355665193,11.258848000124999,14.77967999971952,13804,0.0
7992,1774584512.0092788,69.20637451814727,10.898879999786004,14.449535999574437,13804,0.0
7993,1774584512.0237513,69.14802989066735,10.924447999968834,14.4617279997874,13804,0.0
7994,1774584512.039244,64.59240641408726,10.903616000177863,15.481695999824296,13804,0.0
7995,1774584512.0568826,56.73267021109734,10.912799999914569,17.6265280001644,13804,0.0
7996,1774584512.0753603,54.1571927689084,10.83660799986319,18.464767999830656,13804,0.0
7997,1774584512.0914848,62.06406202723403,10.909472000093956,16.112384000280144,13804,0.0
7998,1774584512.112496,47.61803176771406,14.895423999860213,21.00044799999523,13804,0.0
7999,1774584512.1278837,65.03777393896105,10.75855999988562,15.375680000033753,13804,0.0
8000,1774584512.142356,69.1529264404495,10.935679999874992,14.46070400015742,13804,0.0
8001,1774584512.158731,61.379697756885626,11.4080000003014,16.29203199991025,13804,0.0
8002,1774584512.1750903,61.1656110303222,12.135520000356337,16.34905599985359,13804,0.0
8003,1774584512.1908505,63.50090120473091,11.075488000187761,15.74780800001463,13804,0.0
8004,1774584512.207429,60.35498387458797,12.978367999949114,16.568639999604784,13804,0.0
8005,1774584512.2242658,59.4378793327137,12.13209600018672,16.824287999952503,13804,0.0
8006,1774584512.2425346,54.77430357687613,13.484991999575868,18.25673600023947,13804,0.0
8007,1774584512.2655828,43.40916857206997,12.206271999730234,23.03660799998397,13804,0.0
8008,1774584512.2825406,59.013037632088086,12.255968000317807,16.945408000083262,13804,0.0
8009,1774584512.3013117,53.30954164055786,11.882912000146462,18.758367999907932,13804,0.0
8010,1774584512.3205032,52.13781735246543,12.084991999927297,19.179936000000453,13603,0.0
8011,1774584512.3349383,69.3215142920011,10.907200000019657,14.425536000089778,13603,0.0
8012,1774584512.3493302,69.54071970822334,10.890303999985917,14.3800639998517,13603,0.0
8013,1774584512.3638084,69.12416912652935,10.910175999924832,14.46672000020044,13603,0.0
8014,1774584512.3782558,69.2715733839011,10.955935999845678,14.43593600015447,13603,0.0
8015,1774584512.3926682,69.43996942535472,10.89622400013468,14.400927999759006,13603,0.0
8016,1774584512.4092016,60.52553596591579,10.934719999568188,16.521951999948215,13603,0.0
8017,1774584512.4237952,68.57506501019317,10.92307199996867,14.582559999780642,13603,0.0
8018,1774584512.4381952,69.49988991171095,10.91712000015832,14.388512000095943,13603,0.0
8019,1774584512.4526706,69.13609745093412,10.922303999905125,14.464223999766546,13603,0.0
8020,1774584512.467177,68.99079166099158,10.909632000220881,14.494688000013412,13603,0.0
8021,1774584512.4817038,68.8914755339811,10.98409599990191,14.515584000037052,13603,0.0
8022,1774584512.4962473,68.81562257770592,10.96419200030141,14.531583999996656,13603,0.0
8023,1774584512.5120354,63.3879382381402,10.98950400000831,15.775872000176605,13603,0.0
8024,1774584512.5267286,68.11068585750559,10.994879999998375,14.681984000162629,13603,0.0
8025,1774584512.5417044,66.83205372234694,10.987392000060936,14.96287999998458,13603,0.0
8026,1774584512.5620475,49.1847141774816,13.49577600012708,20.331520000127057,13603,0.0
8027,1774584512.5784004,61.20022952577448,11.527776000093581,16.339807999884215,13603,0.0
8028,1774584512.5942912,62.97381498436409,11.02710399982243,15.879615999892849,13603,0.0
8029,1774584512.6095934,65.40325027955389,11.673376000089775,15.289760000086972,13603,0.0
8030,1774584512.6268847,57.87862343278825,10.993152000082773,17.277536000165128,13603,0.0
8031,1774584512.6445012,56.803206426840255,11.672256000110792,17.604640000172367,13603,0.0
8032,1774584512.6616447,58.376843541441495,11.33155200022884,17.130079999787995,13603,0.0
8033,1774584512.680359,53.47904733776248,13.523679999707383,18.698911999763368,13603,0.0
8034,1774584512.7032857,43.642020911555726,17.808896000133245,22.91369600015969,13603,0.0
8035,1774584512.722344,52.50547737100492,13.5630080003466,19.045632000143087,13603,0.0
8036,1774584512.7407753,54.2886278784906,13.75577599992539,18.42006400011087,13603,0.0
8037,1774584512.758656,55.959558698201974,12.2344639999028,17.870048000077077,13603,0.0
8038,1774584512.7745957,62.7854225313919,12.347551999937423,15.927263999856223,13603,0.0
8039,1774584512.791077,60.72017036538663,10.919167999873025,16.468992000227445,13603,0.0
8040,1774584512.8074532,61.10867762700764,11.16697599991312,16.364288000204397,13603,0.0
8041,1774584512.8234153,62.69535873854778,11.766112000259454,15.950143999816646,13603,0.0
8042,1774584512.8400278,60.23724801550596,11.914720000277157,16.60102400001051,13643,0.0
8043,1774584512.8557773,63.53253068810073,12.234719999923982,15.739968000161753,13643,0.0
8044,1774584512.8725634,59.61146676599465,12.167200000021694,16.7752960001053,13643,0.0
8045,1774584512.8890262,60.78607580697618,12.13571200014485,16.4511359998869,13643,0.0
8046,1774584512.905882,59.36493764281824,12.193823999950837,16.844960000071296,13643,0.0
8047,1774584512.9229126,58.75573221012118,12.162175999947067,17.01961599974311,13643,0.0
8048,1774584512.9400387,58.432075750271935,11.308064000331797,17.11388800003988,13643,0.0
8049,1774584512.9560902,62.33941367097328,12.309279999954015,16.041215999848646,13643,0.0
8050,1774584512.9733682,57.91337641550612,11.859711999932188,17.267167999762023,13643,0.0
8051,1774584512.9899254,60.43973046880342,11.946847999752208,16.545407999728923,13643,0.0
8052,1774584513.007583,56.66631609198222,13.85686399999031,17.64716799971211,13643,0.0
8053,1774584513.0258763,54.704116375636765,11.028159999568743,18.280159999903844,13643,0.0
8054,1774584513.0413368,64.7359807757816,10.893440000018018,15.447360000052868,13643,0.0
8055,1774584513.0582933,59.019836329996004,11.262431999966793,16.943456000262813,13643,0.0
8056,1774584513.0737157,64.89178127493581,10.875200000100449,15.410271999826364,13643,0.0
8057,1774584513.0935616,50.42087311280977,11.484447999919212,19.833055999697535,13643,0.0
8058,1774584513.1116877,55.207039647693,12.031839999963267,18.113632000222424,13643,0.0
8059,1774584513.1281018,60.9700183593412,11.581984000258672,16.401503999986744,13643,0.0
8060,1774584513.151157,43.40006527318945,15.458368000054179,23.041440000270086,13643,0.0
8061,1774584513.1740153,43.77351513226172,15.94076799983668,22.84486400003516,13643,0.0
8062,1774584513.1911218,58.500332282736224,12.407648000134941,17.09391999975196,13643,0.0
8063,1774584513.2155213,41.00490221789751,13.744064000093204,24.38732800010257,13643,0.0
8064,1774584513.23715,46.26463072656144,15.961216000050626,21.61478400012129,13643,0.0
8065,1774584513.2547414,56.88541003003508,13.300864000029833,17.579200000000128,13643,0.0
8066,1774584513.2736387,52.951203560129386,13.024832000155584,18.88531199983845,13643,0.0
8067,1774584513.2904975,59.36471209592525,12.682335999670613,16.845023999849218,13643,0.0
8068,1774584513.3099608,51.41214774421845,14.90585600004124,19.450656000117306,13643,0.0
8069,1774584513.33663,37.513339743311214,20.307775999754085,26.65718400021433,13643,0.0
8070,1774584513.353737,58.49649956883036,13.554176000070584,17.09504000018569,13442,0.0
8071,1774584513.3707442,58.835047237466235,13.50886399995943,16.996672000004764,13442,0.0
8072,1774584513.3894193,53.5800932371995,14.39520000030825,18.663648000256217,13442,0.0
8073,1774584513.4066298,58.14429460233752,12.257599999884405,17.198592000113422,13442,0.0
8074,1774584513.4231946,60.41238946905022,12.189695999950345,16.55289600012111,13442,0.0
8075,1774584513.4400363,59.41719809455033,11.951200000112294,16.830143999868596,13442,0.0
8076,1774584513.459193,52.23149667892246,14.30588799985344,19.145535999996355,13442,0.0
8077,1774584513.477668,54.16207372238162,12.88025599978937,18.463104000147723,13442,0.0
8078,1774584513.4920642,69.51952553263101,10.895807999986573,14.384447999873373,13442,0.0
8079,1774584513.5065212,69.22569125825265,10.93708799999149,14.445504000377696,13442,0.0
8080,1774584513.5210009,69.11392629118451,10.94243199986522,14.4688639998094,13442,0.0
8081,1774584513.5355215,68.92718421983474,10.953407999750198,14.508063999983278,13442,0.0
8082,1774584513.5565486,47.585112635728215,10.92620800000077,21.014976000060415,13442,0.0
8083,1774584513.571068,68.93250570207645,10.93254400029764,14.506944000004296,13442,0.0
8084,1774584513.5866818,64.09651602075975,10.879775999910635,15.601472000071226,13442,0.0
8085,1774584513.602342,63.90148742061927,11.023487999864301,15.649088000373013,13442,0.0
8086,1774584513.6207583,54.33714765519124,13.115583999933733,18.40361600034157,13442,0.0
8087,1774584513.6354594,68.075521349599,10.964351999973587,14.689567999994324,13442,0.0
8088,1774584513.6498842,69.38261682228271,10.927552000339347,14.4128320002892,13442,0.0
8089,1774584513.6642458,69.67530194351956,10.877056000026641,14.352288000281987,13442,0.0
8090,1774584513.6786647,69.39555912802571,10.878015999878698,14.410144000066794,13442,0.0
8091,1774584513.6930397,69.61383811735993,10.890303999985917,14.364959999966231,13442,0.0
8092,1774584513.708113,66.39104645126433,10.674655999991955,15.062271999795485,13442,0.0
8093,1774584513.7222927,70.58047642356776,10.709504000260495,14.168224000059126,13442,0.0
8094,1774584513.7366219,69.83880087336136,10.706688000027498,14.318688000003021,13442,0.0
8095,1774584513.751902,65.49714956414276,10.747584000000643,15.267839999978605,13442,0.0
8096,1774584513.767505,64.13966643222327,10.951552000278753,15.590976000112278,13442,0.0
8097,1774584513.7818487,69.77299773831894,10.79500800005917,14.332191999983479,13442,0.0
8098,1774584513.7964265,68.65234890046769,10.852064000118844,14.566143999672931,13442,0.0
8099,1774584513.8107922,69.66722474775197,10.780479999993986,14.35395199996492,13442,0.0
8100,1774584513.8330162,45.02447170100517,13.180959999772313,22.210143999927823,13442,0.0
8101,1774584513.850815,56.22000100694914,13.26777599979323,17.787264000162395,13442,0.0
8102,1774584513.8662145,64.98800061707047,10.737695999978314,15.387455999643862,13723,0.0
8103,1774584513.881505,65.4472191736954,10.742047999883653,15.27948800003287,13723,0.0
8104,1774584513.9061081,40.663736275210645,17.75359999965076,24.591935999978887,13723,0.0
8105,1774584513.92383,56.4566539356457,12.043424000239611,17.712704000132362,13723,0.0
8106,1774584513.9398327,62.5340185050282,11.388095999791403,15.99129600026572,13723,0.0
8107,1774584513.955166,65.26365472358978,10.713055999985954,15.322463999837055,13723,0.0
8108,1774584513.9741528,52.701344431826776,13.065759999790316,18.974848000198108,13723,0.0
8109,1774584513.9932277,52.45946771704607,13.876351999897452,19.062335999933566,13723,0.0
8110,1774584514.0096357,60.99322340876174,11.754367999856186,16.39526400003888,13723,0.0
8111,1774584514.0248299,65.86879357824292,10.655040000074223,15.181696000126976,13723,0.0
8112,1774584514.0391066,70.10152944714544,10.726784000326006,14.265023999996629,13723,0.0
8113,1774584514.0579638,53.06548705563309,14.121375999820884,18.8446400002249,13723,0.0
8114,1774584514.0733373,65.09833494136466,10.780287999750726,15.361375999873417,13723,0.0
8115,1774584514.0874932,70.70263715083541,10.637760000008711,14.143744000193692,13723,0.0
8116,1774584514.1016073,70.90508928465289,10.6321600001138,14.103359999808163,13723,0.0
8117,1774584514.1157255,70.87839309033201,10.641215999839915,14.108672000020306,13723,0.0
8118,1774584514.1299438,70.39176112349516,10.732287999871915,14.206207999905018,13723,0.0
8119,1774584514.1441164,70.61412824847126,10.676959999727842,14.161472000068898,13723,0.0
8120,1774584514.158273,70.69639912041264,10.716031999891129,14.144992000183265,13723,0.0
8121,1774584514.1723495,71.08347132857823,10.651711999798863,14.06796800029042,13723,0.0
8122,1774584514.186586,70.28853161164795,10.68211199981306,14.227071999812324,13723,0.0
8123,1774584514.2007852,70.47987207664278,10.665983999842865,14.188447999913478,13723,0.0
8124,1774584514.2148786,71.00287874004168,10.604416000205674,14.08393600013369,13723,0.0
8125,1774584514.2290514,70.61109667503717,10.695295999994414,14.162080000005517,13723,0.0
8126,1774584514.2434015,69.74496776106024,10.695135999867489,14.337952000005316,13723,0.0
8127,1774584514.2575986,70.48925179952691,10.726784000326006,14.186559999870951,13723,0.0
8128,1774584514.2728667,65.54591884864304,10.661440000149014,15.256480000061856,13723,0.0
8129,1774584514.288092,65.72623812552544,10.65004800011593,15.214623999781907,13723,0.0
8130,1774584514.303383,65.44612265732086,10.670207999737613,15.279744000054052,13723,0.0
8131,1774584514.3174038,71.37131124499756,10.667263999948773,14.01123200002985,13723,0.0
8132,1774584514.331537,70.80740838060882,10.647584000253119,14.122816000053717,13723,0.0
8133,1774584514.345704,70.63391965039904,10.7021439998789,14.157504000195331,13723,0.0
8134,1774584514.360154,69.26036578335251,10.681824000130291,14.438272000006691,13723,0.0
8135,1774584514.374601,69.2743374586328,10.825568000200292,14.435360000334185,13701,0.0
8136,1774584514.3887234,70.8562151685729,10.620384000048944,14.113087999703566,13701,0.0
8137,1774584514.4029412,70.39366389509843,10.691039999983332,14.205823999873246,13701,0.0
8138,1774584514.4170897,70.73336351220091,10.67823999983375,14.137600000140083,13701,0.0
8139,1774584514.4322617,65.95025345928755,10.66121599978942,15.162944000167045,13701,0.0
8140,1774584514.447892,64.02232279189847,10.629568000240397,15.61955199986187,13701,0.0
8141,1774584514.4627502,67.35363785156095,10.684479999781615,14.847007999833295,13701,0.0
8142,1774584514.478093,65.22769160730276,10.731807999945886,15.330912000081298,13701,0.0
8143,1774584514.493259,65.98395270179525,10.705312000027334,15.155200000208424,13701,0.0
8144,1774584514.5082238,66.8749598745779,11.332800000218413,14.953280000099767,13701,0.0
8145,1774584514.5232618,66.55350795632488,11.232480000217038,15.025503999822831,13701,0.0
8146,1774584514.5465522,42.95857418800849,11.033759999918402,23.278239999854122,13701,0.0
8147,1774584514.5633125,59.71033323113948,10.839584000223113,16.74752000008084,13701,0.0
8148,1774584514.578812,64.56264745983195,10.824223999861715,15.488832000301045,13701,0.0
8149,1774584514.5944724,63.90789083456792,10.784544000216556,15.647520000129589,13701,0.0
8150,1774584514.6108232,61.205024099217255,11.540447999777825,16.338528000233055,13701,0.0
8151,1774584514.6252937,69.16073175308823,10.800704000303085,14.459072000136075,13701,0.0
8152,1774584514.6396263,69.83521124896333,10.746592000032251,14.319423999950232,13701,0.0
8153,1774584514.6607592,47.34590234477017,10.741055999915261,21.121151999977883,13701,0.0
8154,1774584514.682274,46.50401422673181,13.735967999764398,21.503519999896525,13701,0.0
8155,1774584514.6997778,57.167945705000236,12.498911999955453,17.49231999974654,13701,0.0
8156,1774584514.7140162,70.29232610140298,10.740767999777745,14.226304000203527,13701,0.0
8157,1774584514.7282019,70.54701591799764,10.674655999991955,14.17494399993302,13701,0.0
8158,1774584514.7423432,70.77068712177373,10.643743999935396,14.13014399986423,13701,0.0
8159,1774584514.7564821,70.78463350446786,10.607071999856998,14.127360000202316,13701,0.0
8160,1774584514.7736135,58.40575647175978,10.727423999924213,17.121599999882164,13701,0.0
8161,1774584514.790627,58.81699726570187,10.710911999922246,17.001887999867904,13701,0.0
8162,1774584514.805587,66.89987069652767,11.351743999966857,14.947711999866442,13701,0.0
8163,1774584514.8210607,64.67555636406996,11.90073600037067,15.461792000223795,13701,0.0
8164,1774584514.8352575,70.48368725390796,10.669983999832766,14.187680000304681,13701,0.0
8165,1774584514.8525171,57.968379872665224,13.057728000148927,17.250783999770647,13701,0.0
8166,1774584514.8690264,60.61240837731852,12.918240000090009,16.49827200026266,13701,0.0
8167,1774584514.883446,69.40742714898181,10.707968000133405,14.407680000203982,13741,0.0
8168,1774584514.8987608,65.34813303136193,10.733855999660591,15.302655999676062,13741,0.0
8169,1774584514.914114,65.17504452723881,10.73478399985106,15.343296000082773,13741,0.0
8170,1774584514.929389,65.50840813524874,10.721728000135045,15.265215999988868,13741,0.0
8171,1774584514.9471467,56.344681601961334,14.208160000180214,17.74790400031634,13741,0.0
8172,1774584514.9616892,68.81835038692137,10.791423999762628,14.531007999721623,13741,0.0
8173,1774584514.9759817,70.01263588099621,10.777504000088811,14.283135999903607,13741,0.0
8174,1774584514.9901602,70.58366479419246,10.70047999974122,14.167584000006173,13741,0.0
8175,1774584515.0052037,66.51908299296959,10.682271999939985,15.033280000352534,13741,0.0
8176,1774584515.0193987,70.49974732928541,10.670720000234724,14.184447999923577,13741,0.0
8177,1774584515.0335033,70.9525809708323,10.634463999849686,14.093920000050275,13741,0.0
8178,1774584515.047705,70.46874682954478,10.650208000242856,14.190687999871443,13741,0.0
8179,1774584515.0618346,70.82698723548738,10.693279999941296,14.118911999958073,13741,0.0
8180,1774584515.0766988,67.32722756132222,10.715167999933328,14.852832000087801,13741,0.0
8181,1774584515.09198,65.48960025143485,10.675104000256397,15.269600000010541,13741,0.0
8182,1774584515.1073573,65.08016835458238,10.681120000299416,15.365664000000834,13741,0.0
8183,1774584515.1226676,65.35947712407733,10.736480000105075,15.300000000024738,13741,0.0
8184,1774584515.1419764,51.8239544405775,14.316927999971085,19.296096000289253,13741,0.0
8185,1774584515.158172,61.790887771796406,10.80128000012337,16.183616000034817,13741,0.0
8186,1774584515.173668,64.58346249882871,10.820928000157437,15.483840000342752,13741,0.0
8187,1774584515.190153,60.70495449640193,10.791487999995297,16.47311999977319,13741,0.0
8188,1774584515.207983,56.11934294516367,12.088448000213248,17.819168000187346,13741,0.0
8189,1774584515.2246137,60.17391706253992,12.013888000183215,16.618495999864535,13741,0.0
8190,1774584515.2421136,57.18363724520105,11.797631999797886,17.48752000003151,13741,0.0
8191,1774584515.2575269,64.93182677520588,10.80764799962708,15.400768000290554,13741,0.0
8192,1774584515.278392,47.95320381157937,14.018016000136413,20.853663999787386,13741,0.0
8193,1774584515.296084,56.56354303216867,10.78499200002625,17.679231999863987,13741,0.0
8194,1774584515.3149238,53.11301770362156,12.09145599978001,18.827775999852747,13741,0.0
8195,1774584515.3302436,65.31999481623033,10.740575999989233,15.309247999994113,13741,0.0
8196,1774584515.3469777,59.794536406374576,12.131103999763582,16.723935999834794,13741,0.0
8197,1774584515.3653615,54.4352064273908,13.446016000216332,18.3704639998723,13741,0.0
8198,1774584515.3806477,65.46737420222209,10.658751999926608,15.274784000212094,13741,0.0
8199,1774584515.3972013,60.45060363619174,10.750495999673149,16.542431999823748,13822,0.0
8200,1774584515.4135368,61.25769396600982,10.70822399969984,16.3244800000939,13822,0.0
8201,1774584515.4288666,65.28233303469183,10.729376000199409,15.318079999815382,13822,0.0
8202,1774584515.4483542,51.34254596588795,12.066175999734696,19.477024000025267,13822,0.0
8203,1774584515.4636102,65.60247211109068,10.621024000101897,15.243327999996836,13822,0.0
8204,1774584515.47779,70.57681015399527,10.690271999919787,14.168960000006336,13822,0.0
8205,1774584515.4919786,70.53857613784959,10.66934400023456,14.176639999732288,13822,0.0
8206,1774584515.5070336,66.46984502462595,10.647072000210756,15.044415999909688,13822,0.0
8207,1774584515.5212789,70.25913818416666,10.724191999997856,14.233024000077421,13822,0.0
8208,1774584515.535402,70.87180254653798,10.661472000265348,14.109984000242548,13822,0.0
8209,1774584515.5495324,70.81944328001438,10.667199999716104,14.120415999968827,13822,0.0
8210,1774584515.5647151,65.91019340678427,10.629088000314368,15.172160000020085,13822,0.0
8211,1774584515.5789578,70.26845924299705,10.695968000163703,14.231136000034894,13822,0.0
8212,1774584515.5931485,70.52027034689091,10.674464000203443,14.180319999923086,13822,0.0
8213,1774584515.6083848,65.68037512337777,10.644607999893196,15.225248000206193,13822,0.0
8214,1774584515.6226165,70.31874078886281,10.706975999710266,14.220959999875049,13822,0.0
8215,1774584515.6368139,70.4927499614528,10.687871999834897,14.185856000040076,13822,0.0
8216,1774584515.65095,70.7940945257396,10.66860800028735,14.125472000159789,13822,0.0
8217,1774584515.6661434,65.8668498997356,10.693023999920115,15.18214399993667,13822,0.0
8218,1774584515.680264,70.87244547241025,10.633503999997629,14.109856000231957,13822,0.0
8219,1774584515.6946585,69.5172057874704,10.683072000119864,14.384927999799402,13822,0.0
8220,1774584515.7088127,70.7063165074025,10.67503999956898,14.143007999791735,13822,0.0
8221,1774584515.7230194,70.44873023219708,10.680511999908049,14.194719999977679,13822,0.0
8222,1774584515.7371788,70.67865075066743,10.657472000275447,14.148543999908725,13822,0.0
8223,1774584515.7542706,58.55283620583276,11.857215999953041,17.078591999961645,13822,0.0
8224,1774584515.7696607,65.02410573664729,10.760896000192588,15.37891199996011,13822,0.0
8225,1774584515.7845712,67.1197157984038,11.329407999710384,14.898752000135573,13822,0.0
8226,1774584515.8010812,60.6124083789892,11.841856000046391,16.498271999807912,13822,0.0
8227,1774584515.816571,64.60843155553967,11.800032000337524,15.47785599996132,13822,0.0
8228,1774584515.8341572,56.903640740493486,11.831199999960518,17.57356799998888,13822,0.0
8229,1774584515.8519394,56.27365744591951,12.098623999918345,17.770303999895987,13822,0.0
8230,1774584515.8676677,63.62955180455875,10.960640000121202,15.7159679997676,13822,0.0
8231,1774584515.8864946,53.15547935258029,12.92457599993213,18.8127359997452,13822,0.0
8232,1774584515.904267,56.30579904588143,11.870624000039243,17.760160000307224,13862,0.0
8233,1774584515.9212124,59.05061724433797,12.25750399999015,16.934623999986798,13862,0.0
8234,1774584515.9375353,61.3093719972033,11.882655999670533,16.310719999637513,13862,0.0
8235,1774584515.9535968,62.299395944982855,11.904255999979796,16.05152000001908,13862,0.0
8236,1774584515.9713929,56.23325373726088,12.101024000003235,17.783071999929234,13862,0.0
8237,1774584515.9863546,66.88999004604098,10.955711999940831,14.94992000016282,13862,0.0
8238,1774584516.0009854,68.4024471665598,10.907679999945685,14.61935999986963,13862,0.0
8239,1774584516.0154462,69.20606798896506,10.896192000018345,14.449599999807106,13862,0.0
8240,1774584516.0393233,41.900808383436484,17.995648000123765,23.865888000273117,13862,0.0
8241,1774584516.0546224,65.41105352494108,11.759680000068329,15.287936000277114,13862,0.0
8242,1774584516.0689538,69.83130990288069,10.851391999949556,14.320223999675363,13862,0.0
8243,1774584516.0833063,69.72318223335422,10.853375999886339,14.342431999921246,13862,0.0
8244,1774584516.0976698,69.66908855029338,10.905407999871386,14.353567999933148,13862,0.0
8245,1774584516.1119747,69.95997170315968,10.873696000089694,14.293887999883736,13862,0.0
8246,1774584516.126347,69.62112739462562,10.926911999831646,14.363455999955477,13862,0.0
8247,1774584516.1418025,64.74443042511815,10.920159999841417,15.44534399999975,13862,0.0
8248,1774584516.1571565,65.17273381460572,10.871072000099957,15.343839999786724,13862,0.0
8249,1774584516.1716685,68.95212626290906,10.939648000203306,14.502816000003804,13862,0.0
8250,1774584516.1872098,64.39090326353754,10.893407999901683,15.530144000422297,13862,0.0
8251,1774584516.2027667,64.32754556923489,10.89977599986014,15.545440000096278,13862,0.0
8252,1774584516.2183278,64.30993892054839,11.000672000136547,15.54969600010736,13862,0.0
8253,1774584516.236442,55.238950442493795,12.319903999923554,18.103167999925063,13862,0.0
8254,1774584516.2530568,60.228076497945516,11.96057600009226,16.603552000105992,13862,0.0
8255,1774584516.2675173,69.20576146249819,10.900543999923684,14.449664000039775,13862,0.0
8256,1774584516.2819293,69.44074093784239,10.950079999929585,14.400768000086828,13862,0.0
8257,1774584516.2962973,69.65014453784026,10.880575999635766,14.357472000028793,13862,0.0
8258,1774584516.311666,65.1067438088777,10.873824000100285,15.359391999936634,13862,0.0
8259,1774584516.3270998,64.84182744071836,10.864608000247244,15.422143999785476,13862,0.0
8260,1774584516.3425784,64.64906419159051,10.920927999904961,15.468128000065917,13862,0.0
8261,1774584516.357001,69.38831700542637,10.87366399997336,14.411648000077548,13862,0.0
8262,1774584516.371382,69.57756952794001,10.876991999793972,14.37244799990367,13862,0.0
8263,1774584516.3857431,69.6847795061751,10.888895999869419,14.350336000006791,13862,0.0
8264,1774584516.4000397,69.9917801657553,10.837503999937326,14.28739199991469,13862,0.0
8265,1774584516.4146435,68.52393952245023,10.858335999728297,14.59344000022611,13723,0.0
8266,1774584516.4301178,64.66203996775504,10.886879999816301,15.465024000150152,13723,0.0
8267,1774584516.4444938,69.61120194759329,10.881024000354955,14.365503999670182,13723,0.0
8268,1774584516.458844,69.73796378640776,10.837503999937326,14.339391999783402,13723,0.0
8269,1774584516.4732716,69.3572084892139,10.925567999947816,14.418111999930261,13723,0.0
8270,1774584516.4887846,64.50654044646174,10.925536000286229,15.502304000165168,13723,0.0
8271,1774584516.506685,55.89949896208992,10.919712000031723,17.889247999846702,13723,0.0
8272,1774584516.5218616,65.93800772289731,11.574015999940457,15.165759999945294,13723,0.0
8273,1774584516.5374885,64.03859119202644,12.008992000119179,15.615583999988303,13723,0.0
8274,1774584516.5563042,53.18080794009717,11.992671999905724,18.80377599991334,13723,0.0
8275,1774584516.5708327,68.88661593614783,10.923584000011033,14.516608000121778,13723,0.0
8276,1774584516.5890374,54.97076434881953,12.865696000062599,18.191487999956735,13723,0.0
8277,1774584516.6075494,54.055924096605665,10.912864000147238,18.499360000078013,13723,0.0
8278,1774584516.623167,64.07745888230778,10.925856000085332,15.60611200011408,13723,0.0
8279,1774584516.640353,58.224895288475345,10.967680000248947,17.17478399996253,13723,0.0
8280,1774584516.6580384,56.57798256401188,12.545216000034998,17.67472000028647,13723,0.0
8281,1774584516.6756482,56.826654155259114,11.660352000035346,17.597376000139775,13723,0.0
8282,1774584516.6898806,70.31399417147706,10.774431999834633,14.221920000181854,13723,0.0
8283,1774584516.7042232,69.76738994016348,10.874911999962933,14.333344000078796,13723,0.0
8284,1774584516.718568,69.76053718867101,10.866720000194618,14.334752000195294,13723,0.0
8285,1774584516.7350504,60.70684132037467,10.892000000239932,16.472608000185573,13723,0.0
8286,1774584516.7504802,64.85878426754223,10.912960000041494,15.41811199967924,13723,0.0
8287,1774584516.7654052,67.05015780749257,10.892096000134188,14.914208000391227,13723,0.0
8288,1774584516.780376,66.84363295833379,10.907072000009066,14.96028799965643,13723,0.0
8289,1774584516.7947814,69.4714611231508,10.916000000179338,14.394400000128371,13723,0.0
8290,1774584516.8091283,69.75135038498641,10.861279999971885,14.336640000237821,13723,0.0
8291,1774584516.8235953,69.17098846968003,10.851391999949556,14.456928000072367,13723,0.0
8292,1774584516.8379543,69.69317162986435,10.915519999798562,14.34860800009119,13723,0.0
8293,1774584516.8547657,59.5153073371871,10.902624000209471,16.80239999996047,13723,0.0
8294,1774584516.8704789,63.68154742936797,12.248768000063137,15.703136000411178,13723,0.0
8295,1774584516.884866,69.55836559094388,10.880511999857845,14.376415999777237,13723,0.0
8296,1774584516.8991764,69.92772270704822,10.869151999941096,14.30047999974704,13723,0.0
8297,1774584516.9135504,69.61368304237499,10.918368000147893,14.364992000082566,13723,0.0
8298,1774584516.92785,69.98394288280049,10.846879999917292,14.288992000274447,13603,0.0
8299,1774584516.942255,69.46312230600795,10.9486400001515,14.396128000043973,13603,0.0
8300,1774584516.9566827,69.3629044958798,10.941503999674751,14.416928000173357,13603,0.0
8301,1774584516.9710772,69.52478419501801,10.904031999871222,14.383360000010725,13603,0.0
8302,1774584516.9853914,69.90597925413559,10.871712000152911,14.304928000001382,13603,0.0
8303,1774584517.0008354,64.79423424601845,10.858431999622553,15.433472000040638,13603,0.0
8304,1774584517.0172377,61.001438657195315,10.87545600012163,16.393056000197248,13603,0.0
8305,1774584517.0316772,69.3072161564789,10.870176000025822,14.428511999994953,13603,0.0
8306,1774584517.0461476,69.1578236859303,10.965727999973751,14.459680000072694,13603,0.0
8307,1774584517.0605834,69.32320585913595,10.919456000010541,14.42518400017434,13603,0.0
8308,1774584517.0756872,66.25703914765315,10.896864000187634,15.09273600004235,13603,0.0
8309,1774584517.0901089,69.38970367849815,10.94070399994962,14.411359999940032,13603,0.0
8310,1774584517.1044414,69.82491263556854,10.849664000033954,14.321535999897606,13603,0.0
8311,1774584517.1188524,69.44151246966686,10.850015999949392,14.400607999959902,13603,0.0
8312,1774584517.1343186,64.70006086852919,10.937376000129007,15.455936000307702,13603,0.0
8313,1774584517.1489604,68.34993416426641,11.05126399988876,14.630592000230536,13603,0.0
8314,1774584517.164321,65.14732676993854,10.883200000080251,15.349824000168155,13603,0.0
8315,1774584517.1810474,59.82429842828745,10.860128000331315,16.71561600005589,13603,0.0
8316,1774584517.1966653,64.06905105930707,10.865023999940604,15.608160000283533,13603,0.0
8317,1774584517.2121277,64.7174797245085,10.871072000099957,15.451776000190875,13603,0.0
8318,1774584517.2264411,69.91614537105409,10.850912000023527,14.302848000170343,13603,0.0
8319,1774584517.2446723,54.880501001763186,14.695520000259421,18.221408000044903,13603,0.0
8320,1774584517.2596793,66.68900303764863,10.929407999810792,14.994975999798044,13603,0.0
8321,1774584517.2765918,59.171373552699805,12.296447999688098,16.900063999855774,13603,0.0
8322,1774584517.292065,64.67850128037554,10.881311999582977,15.461087999938172,13603,0.0
8323,1774584517.3065462,69.10827109893106,10.929856000075233,14.470048000021052,13603,0.0
8324,1774584517.3211625,68.47168996996834,10.926784000275802,14.604575999783265,13603,0.0
8325,1774584517.3426826,46.49266754868364,16.69484800004284,21.508767999876,13603,0.0
8326,1774584517.3574393,67.82419967414823,10.910271999819088,14.744000000064261,13603,0.0
8327,1774584517.3717797,69.78608610492999,10.86998400023731,14.32950400021582,13603,0.0
8328,1774584517.3872101,64.84720959806727,10.849120000330004,15.420864000134316,13603,0.0
8329,1774584517.4015434,69.81882851658777,10.855359999823122,14.322784000341926,13603,0.0
8330,1774584517.415895,69.73454013326676,10.877216000153567,14.340095999614277,13603,0.0
8331,1774584517.430305,69.44969175371334,10.940512000161107,14.398912000160635,13603,0.0
8332,1774584517.4457355,64.85151596882874,10.893279999891092,15.41984000004959,13563,0.0
8333,1774584517.4604192,68.15108823705441,10.87587199981499,14.673279999897204,13563,0.0
8334,1774584517.4748812,69.1954944339356,10.846176000086416,14.451807999648736,13563,0.0
8335,1774584517.4892323,69.72909410168933,10.845760000393057,14.341216000048007,13563,0.0
8336,1774584517.5036492,69.41158962416901,10.87513599986778,14.406816000246181,13563,0.0
8337,1774584517.517983,69.81555289422174,10.886367999773938,14.323456000056467,13563,0.0
8338,1774584517.5322757,70.01467507486527,10.815871999966475,14.282720000210247,13563,0.0
8339,1774584517.5466838,69.45602044595586,10.879039999963425,14.39760000039314,13563,0.0
8340,1774584517.5622225,64.4009883739319,10.946591999982047,15.527712000221072,13563,0.0
8341,1774584517.57728,66.46164578248404,11.516767999637523,15.04627199983588,13563,0.0
8342,1774584517.5928464,64.28599347146483,10.897663999912766,15.555487999790785,13563,0.0
8343,1774584517.607495,68.30496582457856,11.106752000159759,14.640224000231683,13563,0.0
8344,1774584517.6248055,57.80314745117114,12.412447999849974,17.3000959998717,13563,0.0
8345,1774584517.64018,65.08735243310065,10.755424000308267,15.363968000201567,13563,0.0
8346,1774584517.6555545,65.09006382080278,11.83712000010928,15.363327999693865,13563,0.0
8347,1774584517.669974,69.40095318002842,10.91625600020052,14.409024000087811,13563,0.0
8348,1774584517.684306,69.82584874884198,10.851584000192815,14.321343999654346,13563,0.0
8349,1774584517.6986675,69.678098334158,10.85996800020439,14.351712000006955,13563,0.0
8350,1774584517.7130518,69.56936009469712,10.892799999965064,14.374144000157685,13563,0.0
8351,1774584517.7274532,69.48690866487011,10.880192000058742,14.39120000031835,13563,0.0
8352,1774584517.7418177,69.66567165624558,10.900192000008246,14.354271999764023,13563,0.0
8353,1774584517.7566965,67.25275198325745,10.830176000126812,14.869279999857099,13563,0.0
8354,1774584517.771033,69.80759908953529,10.85008000018206,14.325087999623065,13563,0.0
8355,1774584517.7854075,69.62236827479771,10.86992000000464,14.363199999934295,13563,0.0
8356,1774584517.7997758,69.64766084117689,10.85830400006671,14.357984000071156,13563,0.0
8357,1774584517.81418,69.47964746643366,10.944831999950111,14.392703999874357,13563,0.0
8358,1774584517.8285549,69.6163194000662,10.888320000049134,14.364448000378616,13563,0.0
8359,1774584517.8439958,64.8084779859093,10.897887999817613,15.430079999987356,13563,0.0
8360,1774584517.859051,66.47337980562389,10.904159999881813,15.04361599972981,13563,0.0
8361,1774584517.8735857,68.84700543057113,10.901919999923848,14.524960000017018,13563,0.0
8362,1774584517.888461,67.27591737491525,11.012416000085068,14.864159999888216,13563,0.0
8363,1774584517.9042196,63.50528871983171,10.925695999958407,15.746720000151981,13563,0.0
8364,1774584517.9249458,48.275894030756184,10.982943999806594,20.71427200007747,13563,0.0
8365,1774584517.9447606,50.49860300748095,11.031071999695996,19.802527999672748,13563,0.0
8366,1774584517.9615617,59.56522153601866,11.669728000015311,16.78831999970498,13723,0.0
8367,1774584517.9762125,68.29854660796796,10.904256000230816,14.6415999997771,13723,0.0
8368,1774584517.9920578,63.15389543372326,10.907872000188945,15.83433599989803,13723,0.0
8369,1774584518.0065854,68.88707149378078,10.960191999856761,14.516512000227522,13723,0.0
8370,1774584518.0210655,69.11683066551782,10.896992000198225,14.468256000327528,13723,0.0
8371,1774584518.0367098,63.96924563314892,10.875167999984114,15.632512000138377,13723,0.0
8372,1774584518.0521686,64.72833775424323,10.89737599977525,15.449184000317473,13723,0.0
8373,1774584518.0699375,56.30924859140009,13.21248000022024,17.75907199998983,13723,0.0
8374,1774584518.0864003,60.78051911463574,11.914975999843591,16.452639999897656,13723,0.0
8375,1774584518.1007714,69.62903876087903,10.878047999995033,14.361824000388879,13723,0.0
8376,1774584518.1151724,69.48922639064189,10.891584000091825,14.390719999937573,13723,0.0
8377,1774584518.1306288,64.73799239663859,10.868896000374662,15.44688000012684,13723,0.0
8378,1774584518.1460407,64.92791443216993,10.905408000326133,15.401696000026277,13723,0.0
8379,1774584518.1616702,64.0228474500418,10.925375999704556,15.619423999851278,13723,0.0
8380,1774584518.1780822,60.9700183593412,10.867295999560156,16.401503999986744,13723,0.0
8381,1774584518.192429,69.75010490511009,10.853983999822958,14.336895999804256,13723,0.0
8382,1774584518.206828,69.49834426975657,10.888832000091497,14.388832000349794,13723,0.0
8383,1774584518.223959,58.40870392513604,11.506719999943016,17.120735999924364,13723,0.0
8384,1774584518.2400055,62.36342410069932,10.87526399987837,16.03504000013345,13723,0.0
8385,1774584518.255404,64.98908183392483,10.870879999856697,15.387200000077428,13723,0.0
8386,1774584518.2697563,69.71836013546655,10.896895999849221,14.343423999889637,13723,0.0
8387,1774584518.285755,62.54227858085383,12.461472000268259,15.989183999863599,13723,0.0
8388,1774584518.3030484,57.863941042962296,13.397536000411492,17.2819200001868,13723,0.0
8389,1774584518.3183236,65.51554972327212,10.938335999981064,15.263551999851188,13723,0.0
8390,1774584518.3327193,69.52323744560542,10.900224000124581,14.383680000264576,13723,0.0
8391,1774584518.3471205,69.494325926353,10.87859200015373,14.38966400019126,13723,0.0
8392,1774584518.3621523,66.5771869276618,10.998463999840169,15.020159999949101,13723,0.0
8393,1774584518.377668,64.49868525793566,10.94336000005569,15.504192000207695,13723,0.0
8394,1774584518.3924985,67.47915164160142,10.898592000103235,14.81939199993576,13723,0.0
8395,1774584518.406992,69.05009169740602,10.895679999975982,14.482240000234015,13723,0.0
8396,1774584518.4236462,60.08794952869046,10.991424000167171,16.64227200035384,13723,0.0
8397,1774584518.4401445,60.651111517513634,10.796735999974771,16.48774399973263,13723,0.0
8398,1774584518.4592068,52.49066086125263,10.744160000285774,19.05100800013315,13723,0.0
8399,1774584518.4735043,69.99585624495153,10.774880000099074,14.286560000073223,13804,0.0
8400,1774584518.489632,62.04496224641133,11.978783999893494,16.117344000122102,13804,0.0
8401,1774584518.5076694,55.47596603696426,12.318400000367546,18.025823999778368,13804,0.0
8402,1774584518.5243015,60.166618212781565,10.993311999754951,16.620511999917653,13804,0.0
8403,1774584518.5413213,58.796967017232376,11.351424000167754,17.007680000006076,13804,0.0
8404,1774584518.5578494,60.54265593443793,10.924224000063987,16.517279999789025,13804,0.0
8405,1774584518.575666,56.15605092637979,13.089023999782512,17.80752000013308,13804,0.0
8406,1774584518.5921395,60.74070618604958,10.752672000307939,16.46342399999412,13804,0.0
8407,1774584518.6086748,60.51205787419132,10.860159999992902,16.525632000139012,13804,0.0
8408,1774584518.6251771,60.641342842489045,10.84963199991762,16.4903999998387,13804,0.0
8409,1774584518.6417475,60.38624005389071,10.939263999716786,16.560063999804697,13804,0.0
8410,1774584518.6596487,55.89459977791848,12.329952000072808,17.89081599963538,13804,0.0
8411,1774584518.67567,62.457154392237705,10.884927999995853,16.010975999961374,13804,0.0
8412,1774584518.692116,60.84513404410257,10.899456000061036,16.43516800004363,13804,0.0
8413,1774584518.7078373,63.65106587524738,10.882080000101269,15.710656000010204,13804,0.0
8414,1774584518.7229621,66.16207060958534,10.884288000397646,15.114399999674788,13804,0.0
8415,1774584518.737258,70.0002464008718,10.832960000243474,14.285663999999088,13804,0.0
8416,1774584518.7526343,65.07434092707086,10.846367999874929,15.367040000000998,13804,0.0
8417,1774584518.7680285,65.00638622848794,10.84201599996959,15.383103999738523,13804,0.0
8418,1774584518.7833912,65.13388400182835,10.838367999895127,15.352991999861842,13804,0.0
8419,1774584518.7988677,64.6574911651469,10.884031999921717,15.4661120000128,13804,0.0
8420,1774584518.8153377,60.75593998676414,10.899263999817776,16.45929599999363,13804,0.0
8421,1774584518.829736,69.50839216712428,10.904927999945357,14.38675199960926,13804,0.0
8422,1774584518.8442483,68.95775592804539,10.766464000425913,14.501631999792153,13804,0.0
8423,1774584518.8586957,69.27188049363536,10.867263999898569,14.435871999921801,13804,0.0
8424,1774584518.874279,64.21729900906453,11.886079999840149,15.57212800025809,13804,0.0
8425,1774584518.8909369,60.07385720301864,11.662272000194207,16.64617599999474,13804,0.0
8426,1774584518.9069767,62.38969501864856,12.146144000325876,16.02828800014322,13804,0.0
8427,1774584518.922616,63.98915562903636,12.084543999662856,15.627648000190675,13804,0.0
8428,1774584518.9382682,63.94084295549024,11.00259199984066,15.639455999917118,13804,0.0
8429,1774584518.9562964,55.50542798678322,11.58214399993085,18.01625600000989,13804,0.0
8430,1774584518.9720864,63.375468724595684,12.252512000031857,15.77897600009237,13804,0.0
8431,1774584518.9876404,64.34383699334663,11.898784000095475,15.541503999884299,13782,0.0
8432,1774584519.002069,69.35767029232751,10.932096000033198,14.418016000036005,13782,0.0
8433,1774584519.0197463,56.605448251650685,13.973984000131168,17.666144000031636,13782,0.0
8434,1774584519.0363653,60.21368633012219,11.941983999804506,16.60751999997956,13782,0.0
8435,1774584519.050853,69.07741312332142,10.898911999902339,14.476511999873765,13782,0.0
8436,1774584519.065284,69.34535763442108,10.902112000167108,14.420575999793073,13782,0.0
8437,1774584519.0806682,65.04467788829545,10.941344000002573,15.374048000012408,13782,0.0
8438,1774584519.0956256,66.90244873646108,11.023904000012408,14.947136000046157,13782,0.0
8439,1774584519.118395,43.941673580006764,18.12534400005461,22.757440000077622,13782,0.0
8440,1774584519.134115,63.66143929753708,12.108351999813749,15.708096000253136,13782,0.0
8441,1774584519.149454,65.24348870078907,10.879840000143304,15.327199999774166,13782,0.0
8442,1774584519.1639602,68.99779869366398,10.926559999916208,14.493216000118991,13782,0.0
8443,1774584519.1783779,69.42022449898057,10.952288000225963,14.40502400009791,13782,0.0
8444,1774584519.1927252,69.7558656309988,10.867456000141829,14.335712000047351,13782,0.0
8445,1774584519.2071147,69.54892238312307,10.889184000006935,14.378367999597685,13782,0.0
8446,1774584519.2215996,69.0916165892129,11.004703999788035,14.47353599996859,13782,0.0
8447,1774584519.2403529,53.357601793856574,12.866207999650214,18.741471999874193,13782,0.0
8448,1774584519.2572196,59.33134992523229,10.802560000229278,16.854496000178187,13782,0.0
8449,1774584519.274484,57.96289632627096,10.776864000035857,17.25241600024674,13782,0.0
8450,1774584519.2899115,64.87090171539529,10.807904000103008,15.41523200012307,13782,0.0
8451,1774584519.3071754,57.95977869571351,12.390079999931913,17.253343999982462,13782,0.0
8452,1774584519.3241792,58.84712364655337,12.335167999935948,16.993184000057227,13782,0.0
8453,1774584519.3424866,54.65685117048216,10.769536000225344,18.295968000074936,13782,0.0
8454,1774584519.3580196,64.42900439241039,10.950208000394923,15.520959999776096,13782,0.0
8455,1774584519.3780634,49.91558276601276,14.269408000018302,20.033824000165623,13782,0.0
8456,1774584519.3940399,62.63667322263483,12.461183999675995,15.96508799957519,13782,0.0
8457,1774584519.4105523,60.603239801499235,10.784767999666656,16.500767999787058,13782,0.0
8458,1774584519.4260678,64.49881838126718,10.934879999695113,15.50416000009136,13782,0.0
8459,1774584519.4415605,64.59107134335427,10.918784000296,15.482016000078147,13782,0.0
8460,1774584519.4603548,53.23933679900445,13.824864000071102,18.783104000249295,13782,0.0
8461,1774584519.4758227,64.69684610673804,10.895872000219242,15.456703999916499,13782,0.0
8462,1774584519.4917161,62.96100044597688,10.86377599995103,15.882847999819205,13741,0.0
8463,1774584519.5061243,69.44645067584374,10.925951999979588,14.399583999875176,13741,0.0
8464,1774584519.5205212,69.50653695032442,10.902592000093136,14.38713600009578,13741,0.0
8465,1774584519.5350206,69.02020027863573,10.924127999714983,14.488512000298215,13741,0.0
8466,1774584519.5493867,69.65961525500204,10.847456000192324,14.355520000208344,13741,0.0
8467,1774584519.563839,69.23504689102123,10.893984000176715,14.4435520001025,13741,0.0
8468,1774584519.5783317,69.05375365074963,10.984927999743377,14.48147200017047,13741,0.0
8469,1774584519.5938685,64.41174045720078,10.926047999873845,15.525119999892922,13741,0.0
8470,1774584519.6092546,65.0408873030283,10.8427519999168,15.374944000086543,13741,0.0
8471,1774584519.6246493,65.00165364134085,10.855328000161535,15.384224000172253,13741,0.0
8472,1774584519.640063,64.91698934780449,10.861216000193963,15.40428799989968,13741,0.0
8473,1774584519.6554773,64.91604537574244,10.841247999906045,15.404512000259274,13741,0.0
8474,1774584519.6709287,64.75865227423752,10.86351999992985,15.441951999946468,13741,0.0
8475,1774584519.686386,64.73826062130938,10.932256000160123,15.446816000348917,13741,0.0
8476,1774584519.701415,66.58314476957797,10.850304000086908,15.018816000065272,13741,0.0
8477,1774584519.7158244,69.44984609892737,10.91145600003074,14.3988800000443,13741,0.0
8478,1774584519.7302334,69.44768533713099,10.9423680000873,14.399327999853995,13741,0.0
8479,1774584519.7445853,69.72847175464328,10.898687999997492,14.34134399960385,13741,0.0
8480,1774584519.759007,69.38354111368996,10.866432000057102,14.41264000004594,13741,0.0
8481,1774584519.773417,69.44459876622378,10.86979199999405,14.399967999906949,13741,0.0
8482,1774584519.787775,69.70358689068502,10.851168000044709,14.346464000027481,13741,0.0
8483,1774584519.8022833,68.98104511162967,10.983711999870138,14.496736000182864,13741,0.0
8484,1774584519.816832,68.79395933878027,10.941984000055527,14.536160000261589,13741,0.0
8485,1774584519.832509,63.83400299443175,11.274080000021058,15.665632000036567,13741,0.0
8486,1774584519.8491542,60.11892967107538,11.848959999952058,16.633696000099008,13741,0.0
8487,1774584519.8637474,68.58529926209104,10.942335999970965,14.580384000055346,13741,0.0
8488,1774584519.8828669,52.341376318983706,14.225696000266908,19.105343999854085,13741,0.0
8489,1774584519.901588,53.44959403983246,12.015488000088226,18.709215999933804,13741,0.0
8490,1774584519.9171379,64.35536517716314,10.926144000222848,15.538720000222384,13741,0.0
8491,1774584519.9362628,52.31789188288394,14.416928000173357,19.113919999654172,13741,0.0
8492,1774584519.9530287,59.688093896432,12.047616000018024,16.753760000028706,13741,0.0
8493,1774584519.9686506,64.0613020523135,10.954944000332034,15.61004800032606,13741,0.0
8494,1774584519.985125,60.73952558937617,10.896319999574189,16.46374400024797,13741,0.0
8495,1774584520.0006983,64.25876232438121,10.945663999791577,15.562080000108836,13741,0.0
8496,1774584520.0255103,40.32065565918588,15.762879999783763,24.801183999898058,13741,0.0
8497,1774584520.0398223,69.93085237244556,10.740608000105567,14.299840000148833,13741,0.0
8498,1774584520.0541568,69.81383721437494,10.91766399986227,14.323807999971905,13741,0.0
8499,1774584520.0685318,69.6192661573011,10.886496000239276,14.363839999987249,13741,0.0
8500,1774584520.0829492,69.41544421409762,10.896255999796267,14.406016000066302,13741,0.0
8501,1774584520.0973802,69.3482814947963,10.900159999891912,14.419967999856453,13741,0.0
8502,1774584520.111789,69.4563291955262,10.89561600019806,14.397535999705724,13741,0.0
8503,1774584520.126222,69.33797213650371,10.951744000067265,14.422111999920162,13741,0.0
8504,1774584520.1406097,69.55124424552734,10.882719999699475,14.377887999671657,13741,0.0
8505,1774584520.1551726,68.72164544939199,10.996768000040902,14.55145599993557,13741,0.0
8506,1774584520.170437,65.55911963954519,10.909247999734362,15.253408000262425,13741,0.0
8507,1774584520.184909,69.15598713976813,10.911679999935586,14.46006399964972,13741,0.0
8508,1774584520.1999831,66.39245696708105,10.917823999989196,15.061951999996381,13741,0.0
8509,1774584520.2161136,62.041390043585785,11.567551999632997,16.118272000312572,13741,0.0
8510,1774584520.2327862,60.022626128205985,11.920511999960581,16.66038400026082,13741,0.0
8511,1774584520.2484953,63.70296682609898,10.966719999942143,15.697855999860622,13741,0.0
8512,1774584520.2689629,48.88464787411909,15.266016000168747,20.456319999993866,13741,0.0
8513,1774584520.2834008,69.31705510179735,10.865280000416533,14.4264639998255,13741,0.0
8514,1774584520.297776,69.61756011105774,10.918976000084513,14.364191999902687,13741,0.0
8515,1774584520.312239,69.18875356078397,10.869695999645046,14.453216000219982,13741,0.0
8516,1774584520.3267074,69.16792644674304,10.851263999938965,14.457567999670573,13741,0.0
8517,1774584520.342156,64.77194058700653,10.904927999945357,15.438784000252781,13741,0.0
8518,1774584520.3574195,65.56214556918607,10.876832000121794,15.25270400043155,13741,0.0
8519,1774584520.371757,69.79419088952321,10.859135999908176,14.32784000007814,13741,0.0
8520,1774584520.3861232,69.65992581508344,10.902112000167108,14.355455999975675,13741,0.0
8521,1774584520.400462,69.7960614917794,10.881856000196422,14.327456000046368,13741,0.0
8522,1774584520.4148865,69.37075728375295,10.908159999871714,14.415296000152011,13741,0.0
8523,1774584520.4292107,69.86659392984072,10.864800000035757,14.312992000213853,13741,0.0
8524,1774584520.4435678,69.69923386552769,10.879872000259638,14.347360000101617,13741,0.0
8525,1774584520.4579515,69.57679496983924,10.919039999862434,14.372608000030596,13741,0.0
8526,1774584520.4723828,69.33935679807708,10.888832000091497,14.421823999782646,13741,0.0
8527,1774584520.4866998,69.8930022024874,10.833920000095532,14.307583999652707,13741,0.0
8528,1774584520.5018334,66.11489817149055,10.920096000063495,15.125184000226,13741,0.0
8529,1774584520.5163064,69.146040863959,10.88012800028082,14.462143999935506,13723,0.0
8530,1774584520.5312126,67.13110651379226,10.869855999771971,14.896224000040093,13723,0.0
8531,1774584520.5468242,64.10059177624075,10.92079999989437,15.600480000102834,13723,0.0
8532,1774584520.5631797,61.18549091456268,11.676543999783462,16.343743999641447,13723,0.0
8533,1774584520.5787964,64.08665746675814,10.894944000028772,15.603871999701369,13723,0.0
8534,1774584520.5963817,56.90747481882929,12.85100799987049,17.572384000231978,13723,0.0
8535,1774584520.6129405,60.43867843383997,11.969184000008681,16.54569599986644,13723,0.0
8536,1774584520.6275024,68.72542378960716,10.88735999974233,14.55065599975569,13723,0.0
8537,1774584520.6418924,69.54737455731001,10.907936000421614,14.378688000306283,13723,0.0
8538,1774584520.6562312,69.7976204024825,10.857887999918603,14.327136000247265,13723,0.0
8539,1774584520.6706026,69.63741746564297,10.893855999711377,14.36009600001853,13723,0.0
8540,1774584520.6849616,69.69425964533797,10.884927999995853,14.348384000186343,13723,0.0
8541,1774584520.6994503,69.06138396893789,10.87305600003674,14.479871999810712,13723,0.0
8542,1774584520.7138605,69.44413580260654,10.94691199978115,14.400064000255952,13723,0.0
8543,1774584520.7282305,69.6437804191857,10.8968320000713,14.358784000251035,13723,0.0
8544,1774584520.7426145,69.56920521781122,10.847615999864502,14.37417600027402,13723,0.0
8545,1774584520.7570114,69.51086593845893,10.854271999960474,14.386240000021644,13723,0.0
8546,1774584520.771444,69.33981836349562,10.87366399997336,14.42172799988839,13723,0.0
8547,1774584520.7858222,69.60127932576897,10.945503999664652,14.367552000294381,13723,0.0
8548,1774584520.800164,69.77626937079704,10.866720000194618,14.33151999981419,13723,0.0
8549,1774584520.8145535,69.54582680478867,10.926175999884435,14.379008000105387,13723,0.0
8550,1774584520.8289278,69.61585414842695,10.862495999845123,14.364543999818125,13723,0.0
8551,1774584520.843463,68.84821886905831,10.891328000070644,14.524703999995836,13723,0.0
8552,1774584520.858619,66.02786904123232,10.878304000016215,15.145120000397583,13723,0.0
8553,1774584520.8730338,69.43086685146892,10.950624000088283,14.40281600025628,13723,0.0
8554,1774584520.8873904,69.7051416731967,10.855872000320232,14.346144000228378,13723,0.0
8555,1774584520.9017503,69.69332705919754,10.88435199972082,14.348575999974855,13723,0.0
8556,1774584520.9160671,69.90332091248708,10.830239999904734,14.305471999705333,13723,0.0
8557,1774584520.9303916,69.86019019865046,10.894783999901847,14.314303999981348,13723,0.0
8558,1774584520.9447474,69.70405332014427,10.854816000119172,14.346367999678478,13723,0.0
8559,1774584520.9592216,69.1423691162655,10.903391999818268,14.46291199999905,13723,0.0
8560,1774584520.9744372,65.87448644094374,10.97407999986899,15.180384000359481,13723,0.0
8561,1774584520.9889858,68.79199063129441,10.915903999830334,14.536575999954948,13723,0.0
8562,1774584521.0035179,68.87219304582581,10.903423999934603,14.519647999804874,13723,0.0
8563,1774584521.018826,65.37369697059958,11.775456000123086,15.296672000204126,13723,0.0
8564,1774584521.0337746,66.93411755219039,10.94063999971695,14.940063999802078,13782,0.0
8565,1774584521.0502088,60.88947342881438,12.837952000154473,16.423199999735516,13782,0.0
8566,1774584521.069068,53.06215318581801,15.243392000229505,18.845823999981803,13782,0.0
8567,1774584521.0850766,62.51400313578579,12.361344000055396,15.996416000234603,13782,0.0
8568,1774584521.1006305,64.34118741756467,11.92006399969614,15.542144000392,13782,0.0
8569,1774584521.1241605,42.52070928621433,17.793695999898773,23.51795200002016,13782,0.0
8570,1774584521.140572,60.976561585519605,11.641632000191748,16.399743999954808,13782,0.0
8571,1774584521.1583538,56.27213745943992,10.966591999931552,17.770783999822015,13782,0.0
8572,1774584521.173859,64.54197913720029,10.901791999913257,15.493791999688256,13782,0.0
8573,1774584521.194365,48.792597890193974,13.722176000101172,20.494911999776377,13782,0.0
8574,1774584521.2097895,64.87319107608998,11.244671999975253,15.414687999964372,13782,0.0
8575,1774584521.2263753,60.32550678110415,10.936256000150024,16.576736000388337,13782,0.0
8576,1774584521.2429833,60.24746767759549,10.901279999870894,16.598208000232262,13782,0.0
8577,1774584521.257532,68.78502533346165,10.873888000332954,14.538048000304116,13782,0.0
8578,1774584521.273839,61.36523409032731,11.86636800002816,16.295872000227973,13782,0.0
8579,1774584521.2909484,58.48828830577979,10.82812799995736,17.097439999815833,13782,0.0
8580,1774584521.3064022,64.75194307693056,10.935679999874992,15.44355199985148,13782,0.0
8581,1774584521.321817,64.91402267638249,10.928864000106842,15.404991999730555,13782,0.0
8582,1774584521.3371515,65.2516626120651,10.820575999787252,15.325280000070052,13782,0.0
8583,1774584521.3515856,69.32705063872287,10.90070400005061,14.424383999994461,13782,0.0
8584,1774584521.3659987,69.43364365552178,10.932703999969817,14.402239999981248,13782,0.0
8585,1774584521.380344,69.75757846268235,10.865535999982967,14.335360000131914,13782,0.0
8586,1774584521.3957007,65.15873710922578,10.852864000298723,15.347135999945749,13782,0.0
8587,1774584521.410056,69.70887343688375,10.90691199988214,14.345376000164833,13782,0.0
8588,1774584521.4245095,69.23535367696586,10.840447999726166,14.44348799986983,13782,0.0
8589,1774584521.438896,69.55666252594087,10.884832000101596,14.376768000147422,13782,0.0
8590,1774584521.453206,69.92678386027443,10.8481600000232,14.3006719999903,13782,0.0
8591,1774584521.468564,65.16009574822846,10.84035199983191,15.346816000146646,13782,0.0
8592,1774584521.4838638,65.40174460460737,10.817216000305052,15.29011200000241,13782,0.0
8593,1774584521.4991295,65.54523145251027,10.831680000137567,15.256640000188781,13782,0.0
8594,1774584521.5144918,65.13673503548819,10.869887999888306,15.352319999692554,13782,0.0
8595,1774584521.52889,69.49648959367111,10.886239999763347,14.389215999926819,13782,0.0
8596,1774584521.543205,69.90769946582071,10.847712000213505,14.304576000085945,13683,0.0
8597,1774584521.5587804,64.2479291603404,10.901311999987229,15.564704000098573,13683,0.0
8598,1774584521.5731676,69.56208165282588,10.892064000017854,14.37564800016844,13683,0.0
8599,1774584521.58867,64.5549119564819,10.884927999995853,15.490688000227237,13683,0.0
8600,1774584521.6041272,64.7401382657704,10.849375999896438,15.446367999629729,13683,0.0
8601,1774584521.620103,62.639937619905005,10.860736000267934,15.96425600018847,13683,0.0
8602,1774584521.6362374,62.02144254906128,10.848128000361612,16.123456000059377,13683,0.0
8603,1774584521.6511877,66.93254056570245,10.871327999666391,14.940416000172263,13683,0.0
8604,1774584521.6667824,64.16798253950876,10.89715200032515,15.58409599965671,13683,0.0
8605,1774584521.6829576,61.86097611760122,10.873952000110876,16.165279999768245,13683,0.0
8606,1774584521.6977084,67.8479077877336,11.148511999635957,14.738847999979043,13683,0.0
8607,1774584521.713193,64.63101378717683,10.917248000168911,15.472447999854921,13683,0.0
8608,1774584521.728702,64.53251612706148,10.901472000114154,15.496064000217302,13683,0.0
8609,1774584521.7434192,68.00100967759091,10.989792000145826,14.705664000302932,13683,0.0
8610,1774584521.7614775,55.411534819615426,12.528543999906105,18.046784000034677,13683,0.0
8611,1774584521.7786436,58.28853664995779,10.863296000025002,17.156032000002597,13683,0.0
8612,1774584521.7950473,61.00441574356455,10.904224000114482,16.39225600001737,13683,0.0
8613,1774584521.8105803,64.42687910088013,10.776896000152192,15.52147199981846,13683,0.0
8614,1774584521.8260975,64.4901665397288,10.95798400001513,15.5062399999224,13683,0.0
8615,1774584521.8435266,57.41319125467658,12.819103999845538,17.41760000004433,13683,0.0
8616,1774584521.8594868,62.703158233146205,10.732224000093993,15.948159999879863,13683,0.0
8617,1774584521.8749712,64.62433100992799,10.866399999940768,15.474047999759932,13683,0.0
8618,1774584521.8905387,64.2828197208976,11.045952000131365,15.556256000309077,13683,0.0
8619,1774584521.9099498,51.54443625210381,11.393408000003546,19.400736000079633,13683,0.0
8620,1774584521.9282432,54.69932873040973,10.904128000220226,18.281759999808855,13683,0.0
8621,1774584521.9443476,62.14280316668893,10.930560000360856,16.091968000182533,13683,0.0
8622,1774584521.9597888,64.81318248277637,10.904767999818432,15.428960000008374,13683,0.0
8623,1774584521.9798903,49.77517548832036,15.544672000032733,20.090335999611852,13683,0.0
8624,1774584521.998326,54.28004682778041,12.736607999613625,18.422976000238123,13683,0.0
8625,1774584522.014057,63.61478550176081,11.037087999739015,15.719615999842063,13683,0.0
8626,1774584522.0304403,61.07822116819502,10.994591999860859,16.372447999856377,13683,0.0
8627,1774584522.0462022,63.482970311231924,10.962399999698391,15.752256000268972,13782,0.0
8628,1774584522.0616064,64.95828119253117,10.908063999977458,15.394496000226354,13782,0.0
8629,1774584522.0766728,66.41602145661587,10.920639999767445,15.056608000122651,13782,0.0
8630,1774584522.0911906,68.93645933443607,10.894527999880665,14.50611200016283,13782,0.0
8631,1774584522.1067276,64.41174045720078,10.859999999865977,15.525119999892922,13782,0.0
8632,1774584522.12108,69.7304944286898,10.901664000357414,14.340927999910491,13782,0.0
8633,1774584522.1364791,64.98191943125826,10.894400000324822,15.388895999876695,13782,0.0
8634,1774584522.1530879,60.247119223287974,11.528512000040791,16.598304000126518,13782,0.0
8635,1774584522.168658,64.27250720435052,10.924832000000606,15.558751999833476,13782,0.0
8636,1774584522.1834495,67.66251453432096,11.09145600003103,14.779231999909825,13782,0.0
8637,1774584522.200222,59.66837747948605,12.083936000180984,16.75929599969095,13782,0.0
8638,1774584522.2160149,63.363903459355804,10.936608000065462,15.78185600010329,13782,0.0
8639,1774584522.234881,53.03747755446875,13.776159999906668,18.85459200002515,13782,0.0
8640,1774584522.2533603,54.150623642522184,11.826399999790738,18.46700799978862,13782,0.0
8641,1774584522.2688944,64.42249612941542,10.876224000185175,15.52252800001952,13782,0.0
8642,1774584522.2859552,58.651081431770606,12.41961599998831,17.04998400009572,13782,0.0
8643,1774584522.3025572,60.275705901927594,11.998336000033305,16.59043199970256,13782,0.0
8644,1774584522.3191524,60.301294210389365,10.912639999787643,16.583392000029562,13782,0.0
8645,1774584522.3356593,60.62369659049214,10.907295999913913,16.49520000000848,13782,0.0
8646,1774584522.3523138,60.083905971811674,10.967520000122022,16.643392000332824,13782,0.0
8647,1774584522.3710444,53.42309553069635,12.069312000221544,18.718496000019513,13782,0.0
8648,1774584522.3854496,69.47439562741202,10.884799999985262,14.393792000191752,13782,0.0
8649,1774584522.3997962,69.7564884693526,10.881791999963752,14.33558400003676,13782,0.0
8650,1774584522.415183,65.03818001260488,10.871615999803907,15.375584000139497,13782,0.0
8651,1774584522.4295242,69.78172277197423,10.898687999997492,14.330399999835208,13782,0.0
8652,1774584522.4438589,69.81274546221373,10.867647999930341,14.324031999876752,13782,0.0
8653,1774584522.458229,69.64114198123582,10.897376000229997,14.359327999954985,13782,0.0
8654,1774584522.472827,68.54347849876822,10.895744000208651,14.589280000109284,13782,0.0
8655,1774584522.487178,69.73422890753471,10.892064000017854,14.340159999846946,13782,0.0
8656,1774584522.502574,65.00151843617272,10.879359999762528,15.38425599983384,13782,0.0
8657,1774584522.516952,69.60763568105729,10.906367999723443,14.366239999617392,13782,0.0
8658,1774584522.5318413,67.21254003219074,10.883231999741838,14.878175999911036,13782,0.0
8659,1774584522.5464983,68.27034620195259,11.123935999876267,14.647647999936453,13782,0.0
8660,1774584522.56221,63.6959552549474,11.701280000124825,15.69958400023097,13701,0.0
8661,1774584522.5770767,67.31475517852867,11.24428799994348,14.855584000088129,13701,0.0
8662,1774584522.5915842,68.9866795001657,10.964704000343772,14.495551999971212,13701,0.0
8663,1774584522.6101377,53.933708999199155,12.733759999719041,18.541280000135885,13701,0.0
8664,1774584522.6246324,69.04688780844295,10.88460800019675,14.482911999948556,13701,0.0
8665,1774584522.6390707,69.31413387172172,10.926687999926799,14.427072000216867,13701,0.0
8666,1774584522.6556113,60.5001084155292,11.625632000232144,16.528896000181703,13701,0.0
8667,1774584522.671342,63.616987060059486,10.905728000125237,15.719071999683365,13701,0.0
8668,1774584522.68774,61.025859341757545,10.905888000252162,16.38649599999553,13701,0.0
8669,1774584522.7037957,62.32946657920377,10.954880000099365,16.04377600006046,13701,0.0
8670,1774584522.720015,61.698901463457034,11.633695999989868,16.207743999984814,13701,0.0
8671,1774584522.7366185,60.27291576342263,13.04569600006289,16.591199999766104,13701,0.0
8672,1774584522.7552187,53.798890279855726,13.744128000325873,18.587743999887607,13701,0.0
8673,1774584522.770933,63.774859439795954,12.150175999977364,15.68016000010175,13701,0.0
8674,1774584522.785355,69.38924144871265,10.914976000094612,14.411455999834288,13701,0.0
8675,1774584522.7997022,69.75368578323982,10.880287999952998,14.336160000311793,13701,0.0
8676,1774584522.8140721,69.63803819057586,10.917951999999786,14.359968000007939,13701,0.0
8677,1774584522.8284817,69.44074093784239,10.905023999839614,14.400768000086828,13701,0.0
8678,1774584522.843025,68.80834947977347,10.919488000126876,14.533120000123745,13701,0.0
8679,1774584522.85743,69.47254222711125,10.903263999807677,14.394176000223524,13701,0.0
8680,1774584522.872864,64.83510099691642,10.913504000200192,15.423744000145234,13701,0.0
8681,1774584522.8883204,64.74188188430719,10.888383999827056,15.445952000391117,13701,0.0
8682,1774584522.903774,64.75757870908713,10.875295999994705,15.44220799996765,13701,0.0
8683,1774584522.9181798,69.47501345168314,10.929888000191568,14.393663999726414,13701,0.0
8684,1774584522.9325204,69.78016456910647,10.84848000027705,14.330720000089059,13701,0.0
8685,1774584522.947413,67.19418582088599,11.303392000172607,14.882240000133606,13701,0.0
8686,1774584522.9639175,60.634871357532546,10.88307200006966,16.492159999870637,13701,0.0
8687,1774584522.9783778,69.21664477591455,10.960575999888533,14.447391999965475,13701,0.0
8688,1774584522.993866,64.60669511572803,10.909728000115138,15.47827199965468,13701,0.0
8689,1774584523.0093493,64.63007811550108,10.932959999990999,15.472671999759768,13701,0.0
8690,1774584523.0263958,58.69768158245562,12.531647999821871,17.036447999998927,13701,0.0
8691,1774584523.0426316,61.63319080433399,10.833600000296428,16.225024000050325,13701,0.0
8692,1774584523.058215,64.20819481444327,10.872543999994377,15.57433600009972,13701,0.0
8693,1774584523.0735927,65.07556053350058,10.91030400039017,15.366752000318229,13701,0.0
8694,1774584523.0891132,64.46994359707566,10.885791999953653,15.511103999870102,13701,0.0
8695,1774584523.1044574,65.22074875462972,10.85296000019298,15.332544000102644,13701,0.0
8696,1774584523.119837,65.0613346202941,10.85904000001392,15.370112000255176,13701,0.0
8697,1774584523.1351712,65.25779439165527,10.842271999990771,15.323839999837219,13701,0.0
8698,1774584523.1504903,65.31972174940915,10.822751999967295,15.309311999772035,13701,0.0
8699,1774584523.1648571,69.64843697790725,10.880159999942407,14.35782399994423,13701,0.0
8700,1774584523.1792867,69.35489956369992,10.898399999859976,14.41859199985629,13701,0.0
8701,1774584523.1936061,69.88253026331581,10.883328000090842,14.309727999716415,13701,0.0
8702,1774584523.2079272,69.87518614660767,10.883584000112023,14.311232000181917,13701,0.0
8703,1774584523.2223048,69.60282954971278,10.937279999780003,14.36723200004053,13701,0.0
8704,1774584523.2366467,69.7779832046533,10.863007999887486,14.331167999898753,13701,0.0
8705,1774584523.251061,69.43009555837399,10.905792000357906,14.402975999928458,13701,0.0
8706,1774584523.2653623,69.9725036043632,10.852192000129435,14.291328000126668,13701,0.0
8707,1774584523.2804003,66.5435876479255,10.95324800007802,15.027743999780796,13701,0.0
8708,1774584523.2959366,64.41399752348275,10.926464000021952,15.524575999734225,13701,0.0
8709,1774584523.3114243,64.61524464907451,10.916511999766954,15.476223999939975,13701,0.0
8710,1774584523.3268425,64.91159559969729,10.894047999954637,15.405568000005587,13701,0.0
8711,1774584523.3433633,60.57528102014714,11.889535999671352,16.508384000189835,13701,0.0
8712,1774584523.3594186,62.33046114553113,11.471488000097452,16.04352000003928,13701,0.0
8713,1774584523.3738942,69.13609744876052,10.99283200028367,14.464224000221293,13701,0.0
8714,1774584523.3883832,69.07558084319491,10.956511999665963,14.476895999905537,13701,0.0
8715,1774584523.4046676,61.45284354636416,10.910336000051757,16.272639999897365,13701,0.0
8716,1774584523.4202306,64.30385164637701,10.934527999779675,15.55116800000178,13701,0.0
8717,1774584523.437693,57.30180908574395,12.205695999909949,17.45145600034448,13701,0.0
8718,1774584523.4539013,61.74229851283673,11.60649600024044,16.19635199995173,13701,0.0
8719,1774584523.4727764,53.013274524105,13.902848000270751,18.86319999994157,13701,0.0
8720,1774584523.4884338,63.9116812149183,11.967808000008517,15.646591999939119,13701,0.0
8721,1774584523.503048,68.4839944696531,10.919039999862434,14.601951999793528,13701,0.0
8722,1774584523.5181658,66.19570628193193,10.97574400000667,15.106719999948837,13701,0.0
8723,1774584523.5386922,48.74358534389013,15.126624000004085,20.51552000011725,13701,0.0
8724,1774584523.556441,56.37883691705663,11.97312000022066,17.73715200033621,13701,0.0
8725,1774584523.5721076,63.87627829172127,12.03088000011121,15.65526400008821,13701,0.0
8726,1774584523.5876489,64.39607812438297,10.880703999646357,15.528895999977976,13782,0.0
8727,1774584523.6021986,68.7815432166811,10.981792000166024,14.538783999796578,13782,0.0
8728,1774584523.6215973,51.58459626250215,14.176512000176444,19.385631999739417,13782,0.0
8729,1774584523.6367369,66.10259122155732,10.906751999755215,15.12800000000425,13782,0.0
8730,1774584523.6511338,69.51055670603948,10.862464000183536,14.386304000254313,13782,0.0
8731,1774584523.6655147,69.58671060902725,10.889312000017526,14.370559999861143,13782,0.0
8732,1774584523.6798613,69.76443063287253,10.86886399980358,14.333952000015415,13782,0.0
8733,1774584523.6941807,69.8865936274007,10.897631999796431,14.308895999874949,13782,0.0
8734,1774584523.7093272,66.06430117689956,10.84735999984332,15.136768000047596,13782,0.0
8735,1774584523.7236378,69.92944398901716,10.836127999937162,14.300127999831602,13782,0.0
8736,1774584523.7380307,69.52432016164892,10.926431999905617,14.383456000359729,13782,0.0
8737,1774584523.752429,69.49618048914999,10.899200000039855,14.389280000159488,13782,0.0
8738,1774584523.768365,62.79538951320915,10.84495999975843,15.924735999760742,13782,0.0
8739,1774584523.7832994,67.01205573758341,10.87065599995185,14.92268799984231,13782,0.0
8740,1774584523.797904,68.52574265581141,10.918047999894043,14.59305599973959,13782,0.0
8741,1774584523.8122532,69.7357850573412,10.837631999947916,14.339840000047843,13782,0.0
8742,1774584523.8266275,69.6144584198013,10.865535999982967,14.364832000410388,13782,0.0
8743,1774584523.840927,69.9801816131391,10.838335999778792,14.289759999883245,13782,0.0
8744,1774584523.8554358,68.97099686754544,10.862240000278689,14.498848000130238,13782,0.0
8745,1774584523.8697205,70.05564099298753,10.871135999877879,14.27436799986026,13782,0.0
8746,1774584523.8840725,69.72007112575318,10.857407999992574,14.3430719999742,13782,0.0
8747,1774584523.898603,68.87431814427323,11.007295999661437,14.51919999999518,13782,0.0
8748,1774584523.9164643,56.023262650366334,10.931903999789938,17.84972800032847,13782,0.0
8749,1774584523.9309196,69.23857508045855,10.86364799994044,14.44281600015529,13782,0.0
8750,1774584523.9454763,68.75702696816498,10.9824959999969,14.54396799999813,13782,0.0
8751,1774584523.9633882,55.875910777293186,13.033088000156567,17.89680000001681,13782,0.0
8752,1774584523.979763,61.110709138275894,10.83494399972551,16.3637440000457,13782,0.0
8753,1774584523.9961782,60.96014669415209,10.86812799985637,16.404160000092816,13782,0.0
8754,1774584524.0126183,60.86788843942326,10.884703999636258,16.429023999990022,13782,0.0
8755,1774584524.0291517,60.52436372039472,10.899008000251342,16.522271999747318,13782,0.0
8756,1774584524.0457733,60.20568187410336,11.012544000095659,16.609728000275936,13782,0.0
8757,1774584524.062339,60.40783504077975,11.023072000170941,16.554144000110682,13782,0.0
8758,1774584524.0789514,60.23666745647306,10.928960000001098,16.601184000137437,13782,0.0
8759,1774584524.096315,57.628012561933396,11.692896000113251,17.352672000015446,13723,0.0
8760,1774584524.1127853,60.75440445078194,10.9135999996397,16.459712000141735,13723,0.0
8761,1774584524.1308167,55.49428985964911,12.421471999914502,18.019871999968018,13723,0.0
8762,1774584524.1486018,56.26484266545511,12.131296000006841,17.77308800001265,13723,0.0
8763,1774584524.166975,54.46044080760922,12.182400000256166,18.361951999850135,13723,0.0
8764,1774584524.182453,64.65374557214811,10.906399999839778,15.467008000086935,13723,0.0
8765,1774584524.2000482,56.86791539475557,12.981472000319627,17.584608000106527,13723,0.0
8766,1774584524.2199302,50.32854473982715,14.096928000071784,19.869440000093164,13723,0.0
8767,1774584524.2396994,50.61236917664551,11.214527999982238,19.75801600019622,13723,0.0
8768,1774584524.255052,65.18714446851438,10.912160000316362,15.34044800018819,13723,0.0
8769,1774584524.2699494,67.18060727104644,11.061056000016833,14.885247999700368,13723,0.0
8770,1774584524.2891943,51.997104801272506,14.551296000263392,19.23183999997491,13723,0.0
8771,1774584524.3050258,63.21329886289862,10.885568000048806,15.819456000372156,13723,0.0
8772,1774584524.3205996,64.26233014118525,10.926720000043133,15.561216000151035,13723,0.0
8773,1774584524.336111,64.51746100680923,10.908191999988048,15.499679999720684,13723,0.0
8774,1774584524.351641,64.43936719405869,10.913695999988704,15.518464000251697,13723,0.0
8775,1774584524.3672826,63.981163945288955,10.956768000141892,15.629600000011123,13723,0.0
8776,1774584524.3879724,48.3621855676745,12.058687999797257,20.677312000316306,13723,0.0
8777,1774584524.4034579,64.62393008575854,10.892864000197733,15.474144000108936,13723,0.0
8778,1774584524.4188964,64.8176187777996,10.886495999784529,15.427903999807313,13723,0.0
8779,1774584524.434298,64.97232698477711,10.904736000156845,15.391168000405742,13723,0.0
8780,1774584524.4487011,69.47949298873034,10.87439999992057,14.392735999990691,13723,0.0
8781,1774584524.4631107,69.44922872438072,10.927616000117268,14.399008000054891,13723,0.0
8782,1774584524.477509,69.49556229055291,10.872224000195274,14.389408000170079,13723,0.0
8783,1774584524.4921308,68.43914938342166,10.910431999946013,14.611520000016753,13723,0.0
8784,1774584524.506408,70.09083772482455,10.901535999892076,14.267200000176672,13723,0.0
8785,1774584524.52067,70.160077232601,10.869759999877715,14.253119999921182,13723,0.0
8786,1774584524.536169,64.5670495230267,10.89884799966967,15.487776000099984,13723,0.0
8787,1774584524.5505178,69.74792541737219,10.922176000349282,14.337344000068697,13723,0.0
8788,1774584524.5650377,68.91791160075404,10.885535999932472,14.510015999803727,13723,0.0
8789,1774584524.579368,69.8297494847223,10.856800000055955,14.320543999929214,13723,0.0
8790,1774584524.593722,69.719760029158,10.893535999912274,14.343136000206869,13723,0.0
8791,1774584524.6093385,64.08337195473318,10.93855999988591,15.604671999881248,13741,0.0
8792,1774584524.6237922,69.24210362950434,10.918624000169075,14.44208000020808,13741,0.0
8793,1774584524.6387062,67.10184449546034,11.281823999979679,14.90272000000914,13741,0.0
8794,1774584524.654277,64.26986350156221,12.025823999920249,15.55939199988643,13741,0.0
8795,1774584524.6688666,68.59252527865911,10.965343999941979,14.578848000383005,13741,0.0
8796,1774584524.6868749,55.573635511292984,14.10764799993558,17.99414400011301,13741,0.0
8797,1774584524.7036867,59.52619057086176,12.119040000015957,16.79932800016104,13741,0.0
8798,1774584524.7206154,59.11126916141457,12.186112000108551,16.91724800002703,13741,0.0
8799,1774584524.7375124,59.21869226221229,10.91619199996785,16.886559999875317,13741,0.0
8800,1774584524.7575183,50.01736602897741,14.65686400024424,19.99305600020307,13741,0.0
8801,1774584524.7731166,64.15665309579128,11.750367999866285,15.586848000111786,13741,0.0
8802,1774584524.7877862,68.21833359499068,10.897407999891584,14.65881600006469,13741,0.0
8803,1774584524.8033292,64.38373944927714,10.870783999962441,15.531871999883151,13741,0.0
8804,1774584524.8188305,64.55664561570589,11.93260799982454,15.49027200007913,13741,0.0
8805,1774584524.8373208,54.12117601436951,13.27030399988871,18.477055999937875,13741,0.0
8806,1774584524.8531866,63.07168172353438,12.395232000017131,15.85497599990049,13741,0.0
8807,1774584524.8683696,65.91158356438208,10.938112000076217,15.171840000220982,13741,0.0
8808,1774584524.8828452,69.13655631427137,10.926399999789282,14.46412799987229,13741,0.0
8809,1774584524.8972673,69.38862515118142,10.905952000030084,14.41158399984488,13741,0.0
8810,1774584524.9117236,69.23013870524967,10.912832000030903,14.444575999732479,13741,0.0
8811,1774584524.9262986,68.66471841907233,11.028928000087035,14.563520000137942,13741,0.0
8812,1774584524.9411278,67.49547510499266,10.90931199996703,14.815807999639219,13741,0.0
8813,1774584524.9555385,69.44722233235873,10.86051199990834,14.399424000202998,13741,0.0
8814,1774584524.9785626,43.45323180785965,17.843296000137343,23.01324800009752,13741,0.0
8815,1774584524.9937592,65.85630049801317,10.922368000137794,15.184576000137895,13741,0.0
8816,1774584525.0081515,69.53576808683881,10.889824000059889,14.381087999936426,13741,0.0
8817,1774584525.0224824,69.83130990066316,10.88012800028082,14.32022400013011,13741,0.0
8818,1774584525.03723,67.85792613241574,10.901279999870894,14.736671999799,13741,0.0
8819,1774584525.0517154,69.09039455594683,10.889088000112679,14.473791999989771,13741,0.0
8820,1774584525.0662441,68.88297168766825,10.9910400001354,14.517376000185322,13741,0.0
8821,1774584525.0826159,61.12302059082559,11.730623999937961,16.36044800034142,13741,0.0
8822,1774584525.0981512,64.41399752159592,10.947232000035001,15.524576000188972,13741,0.0
8823,1774584525.1134782,65.2902438621448,10.886592000133533,15.31622399988919,13804,0.0
8824,1774584525.1317286,54.82840901047703,13.554111999837914,18.23872000022675,13804,0.0
8825,1774584525.1490488,57.77343937788498,12.263648000043759,17.308991999925638,13804,0.0
8826,1774584525.1635263,69.12845061513737,10.90156800000841,14.465824000126304,13804,0.0
8827,1774584525.1779904,69.18860037606731,10.965760000090086,14.453247999881569,13804,0.0
8828,1774584525.1926897,68.08338198935284,10.998623999967094,14.687872000195057,13804,0.0
8829,1774584525.2082033,64.50880416156505,10.973504000048706,15.50176000000647,13804,0.0
8830,1774584525.2246528,60.832223753604744,11.026015999959782,16.43865599999117,13804,0.0
8831,1774584525.2403061,63.92998592507952,11.018239999884827,15.64211200002319,13804,0.0
8832,1774584525.2558417,64.41545806165081,10.954528000183927,15.524223999818787,13804,0.0
8833,1774584525.2709296,66.32608663257356,10.947136000140745,15.077024000220263,13804,0.0
8834,1774584525.289959,52.58410933502458,13.33366400012892,19.017151999833004,13804,0.0
8835,1774584525.306392,60.89588071099634,11.930560000109836,16.421471999819914,13804,0.0
8836,1774584525.324901,54.06181557734203,13.085664000300312,18.497344000024896,13804,0.0
8837,1774584525.341709,59.53673750180044,12.202976000025956,16.796351999801118,13804,0.0
8838,1774584525.356469,67.80242049216332,11.001631999988604,14.748736000001372,13804,0.0
8839,1774584525.3717904,65.3146704065672,10.92860800008566,15.310495999983686,13804,0.0
8840,1774584525.3905065,53.45892045514823,13.766144000328495,18.705951999891113,13804,0.0
8841,1774584525.4062674,63.49832059797793,11.114720000023226,15.748447999612836,13804,0.0
8842,1774584525.420637,69.64098678458046,10.860928000056447,14.35936000007132,13804,0.0
8843,1774584525.4350026,69.65604402632307,10.857407999992574,14.356256000155554,13804,0.0
8844,1774584525.4495206,68.93554691831595,10.880416000418336,14.506303999951342,13804,0.0
8845,1774584525.4639115,69.54211247715209,10.873696000089694,14.379776000168931,13804,0.0
8846,1774584525.4782312,69.88565588691041,10.893343999669014,14.309087999663461,13804,0.0
8847,1774584525.4926116,69.58872506693908,10.895168000388367,14.370144000167784,13804,0.0
8848,1774584525.5070014,69.54737455950955,10.86739199990916,14.378687999851536,13804,0.0
8849,1774584525.521276,70.10986496182119,10.854623999875912,14.263328000197362,13804,0.0
8850,1774584525.5356667,69.53948173676523,10.894879999796103,14.380319999872881,13804,0.0
8851,1774584525.550167,69.01364592876133,10.899999999764987,14.489888000298379,13804,0.0
8852,1774584525.5645227,69.70654103830864,10.852288000023691,14.345856000090862,13804,0.0
8853,1774584525.578881,69.6916173812877,10.888671999964572,14.348927999890293,13804,0.0
8854,1774584525.5931733,70.01373389404674,10.853312000108417,14.28291199999876,13804,0.0
8855,1774584525.6074715,69.98707758713704,10.847007999927882,14.288351999766746,13804,0.0
8856,1774584525.6228566,65.03845073246691,11.899264000021503,15.375519999906828,13723,0.0
8857,1774584525.6379695,66.20790765936796,10.958368000046903,15.103936000286922,13723,0.0
8858,1774584525.6539419,62.64583951547671,11.220095999760815,15.962751999722968,13723,0.0
8859,1774584525.6695764,64.00081921113576,11.956031999943662,15.624799999841343,13723,0.0
8860,1774584525.6851695,64.17430768763305,10.966784000174812,15.582559999984369,13723,0.0
8861,1774584525.7032144,55.46060699718776,13.086623999697622,18.03081599973666,13723,0.0
8862,1774584525.720747,57.07345582063582,11.998047999895789,17.521279999982653,13723,0.0
8863,1774584525.7351995,69.23949553807473,10.904480000135663,14.44262399991203,13723,0.0
8864,1774584525.7497947,68.55911770526778,10.977311999795347,14.585951999833924,13723,0.0
8865,1774584525.77157,45.94790903895325,12.863519999882556,21.763776000170765,13723,0.0
8866,1774584525.789567,55.60290451706446,11.453504000201065,17.98467200023879,13723,0.0
8867,1774584525.804126,68.74159977631442,10.918047999894043,14.547232000040822,13723,0.0
8868,1774584525.8196914,64.28639021161612,10.933439999917027,15.555391999896528,13723,0.0
8869,1774584525.8415937,45.68038929894116,13.562143999934051,21.891232000143646,13723,0.0
8870,1774584525.8580186,60.920573218068,10.808768000060809,16.41481600017869,13723,0.0
8871,1774584525.8732445,65.72015621462131,10.735103999650164,15.216031999898405,13723,0.0
8872,1774584525.888809,64.29313554913975,10.868832000141992,15.55376000032993,13723,0.0
8873,1774584525.90458,63.45190548565457,10.91532800001005,15.759968000111257,13723,0.0
8874,1774584525.9199393,65.14732677186858,10.890336000102252,15.349823999713408,13723,0.0
8875,1774584525.9343097,69.63431400916278,10.934079999969981,14.360735999616736,13723,0.0
8876,1774584525.9486344,69.85269463701923,10.88275199981581,14.315840000108437,13723,0.0
8877,1774584525.9640596,64.87440315621969,10.873184000047331,15.414399999826855,13723,0.0
8878,1774584525.9815211,57.309165065290635,10.930143999758002,17.449215999931766,13723,0.0
8879,1774584525.9959097,69.55495954653142,10.89049599977443,14.37712000006286,13723,0.0
8880,1774584526.0103428,69.33474147527953,10.949920000257407,14.42278400008945,13723,0.0
8881,1774584526.026992,60.09846532477105,12.371808000352758,16.63936000022659,13723,0.0
8882,1774584526.0438213,59.46310052838268,11.559648000002198,16.81715200038525,13723,0.0
8883,1774584526.0583375,68.94269483233799,11.011552000127267,14.504799999940587,13723,0.0
8884,1774584526.0729754,68.37311372284796,10.989792000145826,14.62563199993383,13723,0.0
8885,1774584526.088379,64.96800455696494,11.151904000143986,15.39219200003572,13723,0.0
8886,1774584526.1031065,67.95147503758882,10.917759999756527,14.71638399971198,13723,0.0
8887,1774584526.1174948,69.55387587597863,10.905216000082874,14.377343999967707,13723,0.0
8888,1774584526.1335952,62.15627579394658,11.027200000171433,16.088480000234995,13701,0.0
8889,1774584526.1505654,58.95881561681091,11.02409599980092,16.96099199989476,13701,0.0
8890,1774584526.1686795,55.24129397249259,12.397695999879943,18.102399999861518,13701,0.0
8891,1774584526.185176,60.65735099182303,10.950399999728688,16.486047999933362,13701,0.0
8892,1774584526.2040002,53.152495786221955,14.20979200020156,18.81379199994626,13701,0.0
8893,1774584526.2208133,59.5153073371871,12.174143999800435,16.80239999996047,13701,0.0
8894,1774584526.235199,69.5701344872695,10.87472000017442,14.37398400003076,13701,0.0
8895,1774584526.2534573,54.80369753937399,13.59846400009701,18.246944000111398,13701,0.0
8896,1774584526.273273,50.4971341867738,11.22486399981426,19.80310399994778,13701,0.0
8897,1774584526.2888372,64.30371932663748,12.007743999674858,15.551200000118115,13701,0.0
8898,1774584526.3043916,64.34092247311753,10.946048000278097,15.542208000169921,13701,0.0
8899,1774584526.3200254,64.01379830164659,10.9654079997199,15.621632000147656,13701,0.0
8900,1774584526.338419,54.40857444364875,11.983391999820014,18.379455999820493,13701,0.0
8901,1774584526.3562036,56.26453875710947,12.010080000436574,17.773183999906905,13701,0.0
8902,1774584526.3728287,60.19153427769472,10.952511999676062,16.613631999916834,13701,0.0
8903,1774584526.3873863,68.74885876720285,10.954207999930077,14.54569600036848,13701,0.0
8904,1774584526.403005,64.07430569009429,10.927199999969162,15.606880000177625,13701,0.0
8905,1774584526.4206257,56.78813573221917,10.92079999989437,17.60931199987681,13701,0.0
8906,1774584526.4382725,56.70261158611327,11.001344000305835,17.63587200002803,13701,0.0
8907,1774584526.458227,50.14248488434101,14.149952000025223,19.94316800028173,13701,0.0
8908,1774584526.4731493,67.06138101398828,11.388800000077026,14.911711999957333,13701,0.0
8909,1774584526.4875438,69.5230827762078,10.89875200023016,14.383711999926163,13701,0.0
8910,1774584526.5027301,65.89421079730045,10.93180800035043,15.175840000210883,13701,0.0
8911,1774584526.518221,64.59908259000552,10.926048000328592,15.480095999919286,13701,0.0
8912,1774584526.5336676,64.7779825336993,10.925663999842072,15.437344000019948,13701,0.0
8913,1774584526.5479946,69.8419225863391,10.883776000355283,14.318047999950068,13701,0.0
8914,1774584526.5622756,70.07323493920909,10.885568000048806,14.270784000018466,13701,0.0
8915,1774584526.5765536,70.0917809820158,10.857440000108909,14.267007999933412,13701,0.0
8916,1774584526.5908926,69.78920310921858,10.869119999824761,14.328863999708119,13701,0.0
8917,1774584526.6052682,69.6146135004446,10.897247999764659,14.364799999839306,13701,0.0
8918,1774584526.6196284,69.6920836483608,10.889472000144451,14.348831999996037,13701,0.0
8919,1774584526.6340427,69.4344150296426,10.934239999642159,14.402079999854323,13701,0.0
8920,1774584526.6489763,67.01148094162549,10.87907200007976,14.922816000307648,13603,0.0
8921,1774584526.66348,68.99520897353179,10.925919999863254,14.493759999822942,13603,0.0
8922,1774584526.679359,63.02334586406656,10.934079999969981,15.867135999997117,13603,0.0
8923,1774584526.6959212,60.41963125756084,10.916704000010213,16.55091199972958,13603,0.0
8924,1774584526.7119987,62.24417643505907,10.798496000006708,16.06575999994675,13603,0.0
8925,1774584526.7275121,64.50627413848459,10.8922879999227,15.50236799994309,13603,0.0
8926,1774584526.7472794,50.614828444359176,14.289119999830291,19.757055999889417,13603,0.0
8927,1774584526.7625918,65.35715331350383,10.792992000006052,15.300544000183436,13603,0.0
8928,1774584526.777376,67.68962843168762,10.794047999752365,14.77331200021581,13603,0.0
8929,1774584526.7939389,60.41542613722247,10.941119999642979,16.552063999824895,13603,0.0
8930,1774584526.8130198,52.439572831847855,13.007840000227588,19.069567999849824,13603,0.0
8931,1774584526.8319457,52.87030786635947,12.079168000127538,18.914207999841892,13603,0.0
8932,1774584526.8499718,55.51094942417836,12.101824000183115,18.01446399986162,13603,0.0
8933,1774584526.8667264,59.72414135922444,10.95606399985627,16.743647999646782,13603,0.0
8934,1774584526.884368,56.72484366661763,13.730784000017593,17.628959999910876,13603,0.0
8935,1774584526.9034266,52.50212528598658,13.440768000236858,19.046848000016325,13603,0.0
8936,1774584526.918625,65.84450582898752,10.979136000059952,15.187296000021888,13603,0.0
8937,1774584526.9341948,64.27567993292439,10.979776000112906,15.557984000224678,13603,0.0
8938,1774584526.9506955,60.64687411518846,10.86950400031128,16.488895999827946,13603,0.0
8939,1774584526.9657905,66.30413334584455,10.990463999860367,15.082016000178555,13603,0.0
8940,1774584526.985474,50.835326077334564,12.07295999984126,19.67136000030223,13603,0.0
8941,1774584527.000639,65.9881326926645,10.86604800002533,15.154240000356367,13603,0.0
8942,1774584527.0153348,68.09079935195606,10.859007999897585,14.686272000290046,13603,0.0
8943,1774584527.0303478,66.65799223928616,11.2619840001571,15.001952000147867,13603,0.0
8944,1774584527.0446777,69.83739619300886,10.853600000245933,14.318976000140538,13603,0.0
8945,1774584527.0600986,64.888277958026,10.882368000238785,15.411104000122577,13603,0.0
8946,1774584527.0753016,65.82259284052856,10.870783999962441,15.19235200021285,13603,0.0
8947,1774584527.0897155,69.42500544229617,10.878655999931652,14.404032000129519,13603,0.0
8948,1774584527.104016,69.97798772568514,10.836383999958343,14.290207999692939,13603,0.0
8949,1774584527.118361,69.76069291862636,10.907775999839942,14.33472000007896,13603,0.0
8950,1774584527.1327784,69.40449829919014,10.902848000114318,14.408288000140601,13603,0.0
8951,1774584527.1472726,69.04871856665811,10.932927999874664,14.482527999916783,13603,0.0
8952,1774584527.1616611,69.55495954653142,10.918528000274819,14.37712000006286,13603,0.0
8953,1774584527.1760914,69.34781981670038,10.92560000006415,14.42006399975071,13603,0.0
8954,1774584527.190482,69.53994597034695,10.932992000107333,14.380223999978625,13603,0.0
8955,1774584527.2050312,68.78487393124533,10.842624000360956,14.538079999965703,13603,0.0
8956,1774584527.2200727,66.52588016300717,10.884256000281312,15.031744000225444,13603,0.0
8957,1774584527.2345858,68.9585167624174,11.035231999812822,14.501472000119975,13603,0.0
8958,1774584527.2494829,67.17916306607013,10.920832000010705,14.885567999954219,13603,0.0
8959,1774584527.2660868,60.26791740997178,10.933632000160287,16.592576000221015,13603,0.0
8960,1774584527.28055,69.18752808898198,10.93676799973764,14.453472000241163,13603,0.0
8961,1774584527.296055,64.54104603976863,10.907263999797578,15.49401600004785,13603,0.0
8962,1774584527.3168795,48.044696172968784,14.376351999999315,20.813952000025893,13603,0.0
8963,1774584527.3313587,69.12294594365224,10.91116800034797,14.466975999766873,13603,0.0
8964,1774584527.3468766,64.49163053412684,10.888511999837647,15.505888000006962,13603,0.0
8965,1774584527.3612695,69.53050776060255,10.905792000357906,14.382176000253821,13603,0.0
8966,1774584527.3757153,69.27556600758238,10.858207999717706,14.435104000313004,13603,0.0
8967,1774584527.3911433,64.86107277111427,10.85456000009799,15.41756799997529,13603,0.0
8968,1774584527.4054961,69.72489346254534,10.902015999818104,14.34207999955106,13603,0.0
8969,1774584527.419799,69.9714068841365,10.8427519999168,14.291552000031515,13603,0.0
8970,1774584527.4353337,64.41559084164682,10.878047999995033,15.524191999702452,13603,0.0
8971,1774584527.4497805,69.27356963930355,10.931872000128351,14.435520000006363,13603,0.0
8972,1774584527.4641347,69.71773797780047,10.862271999940276,14.343551999900228,13603,0.0
8973,1774584527.4785573,69.38646819493702,10.854464000203734,14.41203200010932,13603,0.0
8974,1774584527.4930549,69.02096249374515,10.82633599980909,14.48835200017129,13603,0.0
8975,1774584527.5074222,69.64533253697583,10.870752000300854,14.358463999997184,13603,0.0
8976,1774584527.5224795,66.46037366692241,10.897055999976146,15.046559999973397,13603,0.0
8977,1774584527.5379388,64.72806961369642,10.861792000014248,15.449247999640647,13603,0.0
8978,1774584527.5522995,69.6897523731752,10.876224000185175,14.349311999922065,13603,0.0
8979,1774584527.5666873,69.5586752466862,10.887456000091333,14.376351999999315,13603,0.0
8980,1774584527.5807457,71.18240234267545,10.870143999909487,14.04841600015061,13603,0.0
8981,1774584527.5951607,69.42485120966572,10.869696000099793,14.404063999791106,13603,0.0
8982,1774584527.6105652,64.96300746590428,10.865247999845451,15.393375999792624,13603,0.0
8983,1774584527.6248415,70.09618317716755,10.827552000137075,14.266112000314024,13603,0.0
8984,1774584527.63922,69.59197944086635,10.890527999890764,14.369471999998495,13603,0.0
8985,1774584527.6535454,69.96091143909442,10.8521600000131,14.293696000095224,13603,0.0
8986,1774584527.6679401,69.51519546586087,10.892960000091989,14.385343999947509,13603,0.0
8987,1774584527.6827412,67.60250161769846,10.909024000284262,14.79235199985851,13603,0.0
8988,1774584527.6973684,68.4226659656411,11.010144000010769,14.615040000080626,13603,0.0
8989,1774584527.7131274,63.498707673602546,11.012799999662093,15.748352000173327,13603,0.0
8990,1774584527.7286744,64.37220109669708,10.780288000205474,15.534655999999814,13603,0.0
8991,1774584527.7444618,63.386909640710826,10.920543999873189,15.77612799974304,13603,0.0
8992,1774584527.7590554,68.5783757570672,10.774048000257608,14.581855999949767,13603,0.0
8993,1774584527.7735703,68.94588905892275,10.786719999941852,14.504128000226046,13603,0.0
8994,1774584527.7903051,59.80231745901459,11.934719999771914,16.721760000109498,13603,0.0
8995,1774584527.8068779,60.38577330571735,12.973632000012003,16.560191999815288,13603,0.0
8996,1774584527.823023,61.99068453570287,11.403808000068238,16.13145600003918,13603,0.0
8997,1774584527.8385222,64.56478171830761,10.87219200007894,15.488320000258682,13603,0.0
8998,1774584527.8530345,68.95866893217149,10.951199999908567,14.50144000000364,13603,0.0
8999,1774584527.8703434,57.81437607672177,13.00883200019598,17.296735999934754,13603,0.0
