Frame_ID,Time,FPS,Pure_Lat_ms,E2E_Lat_ms,Power_mW,Temp_C
0,1774584585.1436794,4.340942786099283,145.05324800029484,230.36470399983955,0,0.0
1,1774584585.1552813,86.86636200699311,10.946848000003229,11.511936000260903,0,0.0
2,1774584585.1701639,67.24406907303558,14.288191999639821,14.87120000001596,0,0.0
3,1774584585.1879034,56.406720432563475,17.231840000022203,17.728383999838115,0,0.0
4,1774584585.2019663,71.15970971358965,13.577887999872473,14.05289600006654,0,0.0
5,1774584585.2134025,87.52765873929573,10.93830399986473,11.42496000011306,0,0.0
6,1774584585.2247398,88.2868120696068,10.871200000110548,11.326719999942725,0,0.0
7,1774584585.2359943,88.91936649678223,10.829024000031495,11.246143999869673,0,0.0
8,1774584585.2472901,88.59894588566834,10.829855999872962,11.286815999937971,0,0.0
9,1774584585.2596855,80.73308222056701,11.942911999994976,12.38649600009012,0,0.0
10,1774584585.2721786,80.10869147254868,12.01926400017328,12.48304000000644,0,0.0
11,1774584585.2834966,88.43522014032501,10.845951999726822,11.307711999961612,0,0.0
12,1774584585.2947464,88.95277675007743,10.82499199992526,11.241919999974925,0,0.0
13,1774584585.3061259,87.93849651715423,10.928032000265375,11.371584000244184,0,0.0
14,1774584585.3173976,88.78421033343652,10.831007999968278,11.26326399980826,0,0.0
15,1774584585.3286278,89.11715555087859,10.799231999953918,11.22118400007821,0,0.0
16,1774584585.3399224,88.60849223738784,10.827007999978377,11.285600000064733,0,0.0
17,1774584585.3512921,88.03263263938473,10.893728000155534,11.359424000147555,0,0.0
18,1774584585.362594,88.5565146419404,10.84848000027705,11.29222400004437,0,0.0
19,1774584585.374054,87.31977199165988,10.990591999870958,11.452159999862488,0,0.0
20,1774584585.3865862,79.85587611491925,12.079488000381389,12.522559999979421,0,0.0
21,1774584585.3980281,87.46518885663326,10.970047999762755,11.43311999976504,0,0.0
22,1774584585.4095607,86.78699278299239,11.032192000129726,11.522463999881438,0,0.0
23,1774584585.4238691,69.94493934307388,13.683168000170554,14.296960000137915,0,0.0
24,1774584585.4365757,78.77747443086817,12.171423999916442,12.693984000179626,0,0.0
25,1774584585.4481575,86.43819323278373,11.045472000205336,11.568960000204243,0,0.0
26,1774584585.4597049,86.68011017619558,10.976927999763575,11.536671999692771,0,0.0
27,1774584585.4744658,67.7993313371805,14.245792000110669,14.749407999715913,12017,0.0
28,1774584585.4858658,87.80630350775222,10.890975999700458,11.38870400018277,12017,0.0
29,1774584585.497288,87.63443121760669,10.921919999873353,11.411039999984496,12017,0.0
30,1774584585.5086243,88.28581437696715,10.852735999833385,11.326847999953316,12017,0.0
31,1774584585.5201132,87.12477103744347,10.934175999864237,11.47779199982324,12017,0.0
32,1774584585.5315173,87.77054392635824,10.932096000033198,11.393343999770877,12017,0.0
33,1774584585.5430043,87.12161340886107,11.015487999884499,11.478207999971346,12017,0.0
34,1774584585.5545068,87.01414780684605,11.029247999886138,11.492383999666345,12017,0.0
35,1774584585.5660627,86.60156076804279,11.065888000302948,11.547135999990132,12017,0.0
36,1774584585.5775852,86.86853524267607,11.03017599962186,11.511648000123387,12017,0.0
37,1774584585.588965,87.95507958035984,10.907392000262917,11.369440000180475,12017,0.0
38,1774584585.6003582,87.8556749134897,10.908608000136155,11.382304000107979,12017,0.0
39,1774584585.6117964,87.51172657178866,10.954048000257899,11.4270399999441,12017,0.0
40,1774584585.6231942,87.81839437109792,10.936768000192387,11.387135999939346,12017,0.0
41,1774584585.6358426,79.18308396065069,12.109984000289842,12.628959999801737,12017,0.0
42,1774584585.6486106,78.38346948923518,12.299584000174946,12.757792000229529,12017,0.0
43,1774584585.6599498,88.2728464243113,10.858655999982147,11.328512000090996,12017,0.0
44,1774584585.6713185,88.03759275567451,10.899839999638061,11.358784000094602,12017,0.0
45,1774584585.6826768,88.11181318350665,10.882752000270557,11.349216000326123,12017,0.0
46,1774584585.6940894,87.68680797754452,10.946048000278097,11.404223999761598,12017,0.0
47,1774584585.7054684,87.95928821919776,10.910272000273835,11.368896000021778,12017,0.0
48,1774584585.7167873,88.41370256811436,10.856415999569435,11.31046399996194,12017,0.0
49,1774584585.7281525,88.04801082123097,10.900000000219734,11.357439999756025,12017,0.0
50,1774584585.7395453,87.84382071597084,10.918431999925815,11.38383999978032,12017,0.0
51,1774584585.7509167,88.01725983193076,10.902335999617208,11.361408000084339,12017,0.0
52,1774584585.7623456,87.57868068659789,10.965536000185239,11.418304000017088,12017,0.0
53,1774584585.773723,87.96275445701511,10.934848000033526,11.368448000212084,12017,0.0
54,1774584585.78506,88.28332024224508,10.857887999918603,11.327168000207166,12017,0.0
55,1774584585.7964396,87.95309918420543,10.927552000339347,11.369696000201657,12017,0.0
56,1774584585.8077614,88.39869651079033,10.859103999791841,11.312383999666054,12017,0.0
57,1774584585.819172,87.71634358711107,10.916352000094776,11.40038400035337,12017,0.0
58,1774584585.8317246,79.73321902790677,12.070304000189935,12.541823999981716,12017,0.0
59,1774584585.8430746,88.19138518379923,10.909535999871878,11.33897599993361,12017,0.0
60,1774584585.8544106,88.28356965362893,10.888639999848237,11.327135999636084,12017,0.0
61,1774584585.8670104,79.42357545916272,12.130816000080813,12.590719999934663,12017,0.0
62,1774584585.879574,79.65964302119735,12.088544000107504,12.55340800025806,12017,0.0
63,1774584585.8920581,80.15759624645366,12.008480000076815,12.47542400005841,12017,0.0
64,1774584585.903386,88.34721444779142,10.845471999800793,11.318975999984104,12017,0.0
65,1774584585.9160714,78.88665061180117,12.23427199965954,12.676415999976598,12017,0.0
66,1774584585.9285295,80.33274465298653,12.003935999928217,12.448224000308983,12017,0.0
67,1774584585.9398847,88.13343260873708,10.911840000062512,11.346431999754714,12017,0.0
68,1774584585.9513187,87.52863937001707,10.93062399968403,11.42483200010247,12017,0.0
69,1774584585.9627364,87.6624560642684,10.957215999951586,11.407391999910033,12017,0.0
70,1774584585.9747195,83.52376752440342,11.527583999850322,11.972639999839885,14423,0.0
71,1774584585.986135,87.66147243283012,10.964223999962996,11.407519999920623,14423,0.0
72,1774584585.9974847,88.18665658382567,10.889279999901191,11.339583999870229,14423,0.0
73,1774584586.0088258,88.24766955540724,10.88195199963593,11.331744000017352,14423,0.0
74,1774584586.0202045,87.97092596076834,10.888767999858828,11.367392000011023,14423,0.0
75,1774584586.031578,87.99445845844483,10.90844800000923,11.364352000327926,14423,0.0
76,1774584586.0429618,87.91004762630016,10.862399999950867,11.375263999980234,14423,0.0
77,1774584586.054328,88.03858484600677,10.92934400003287,11.35865600008401,14423,0.0
78,1774584586.065683,88.14337613025127,10.902815999997983,11.345152000103553,14423,0.0
79,1774584586.0770187,88.29180087106327,10.88073600021744,11.326079999889771,14423,0.0
80,1774584586.088348,88.34546611154593,10.89302399986991,11.319199999888951,14423,0.0
81,1774584586.0996616,88.45950253526449,10.835168000085105,11.304607999591099,14423,0.0
82,1774584586.1110485,87.8887848287178,10.950719999982539,11.378015999980562,14423,0.0
83,1774584586.1225276,87.1908908536498,11.030527999992046,11.469088000012562,14423,0.0
84,1774584586.133845,88.41695455017106,10.888255999816465,11.31004800026858,14423,0.0
85,1774584586.145291,87.4316634135077,11.015999999926862,11.437503999786713,14423,0.0
86,1774584586.156577,88.67059371008453,10.857471999770496,11.277695999979187,14423,0.0
87,1774584586.1678646,88.6489614598477,10.85056000010809,11.280447999979515,14423,0.0
88,1774584586.1793146,87.39303093031201,10.977760000059789,11.442559999977675,14423,0.0
89,1774584586.190623,88.49933448705238,10.872319999634783,11.29951999973855,14423,0.0
90,1774584586.2017639,89.82182224615885,10.707840000122815,11.133152000184054,14423,0.0
91,1774584586.2129848,89.18226286194783,10.784319999856962,11.212991999855149,14423,0.0
92,1774584586.224184,89.37023299126226,10.76150399967446,11.18940800006385,14423,0.0
93,1774584586.2353528,89.59802741087134,10.699200000090059,11.160959999870101,14423,0.0
94,1774584586.2465522,89.36077734011012,10.757535999800893,11.190591999820754,14423,0.0
95,1774584586.257788,89.08209806346642,10.789248000037333,11.22559999976147,14423,0.0
96,1774584586.2689157,89.92961029275652,10.684960000162391,11.119808000330522,14423,0.0
97,1774584586.2800255,90.07892354828034,10.675584000182425,11.101376000169694,14423,0.0
98,1774584586.2911067,90.30304256194405,10.657407999588031,11.073824000050081,14423,0.0
99,1774584586.3023248,89.207466592303,10.766112000055728,11.209824000161461,14423,0.0
100,1774584586.3134577,89.90244506033144,10.689824000110093,11.123167999812722,14423,0.0
101,1774584586.3245943,89.86960997998679,10.688415999993595,11.127232000035292,14423,0.0
102,1774584586.3357675,89.56644110553098,10.725311999976839,11.164895999627333,14423,0.0
103,1774584586.3470867,88.41720471363956,10.863871999845287,11.310016000152245,14423,0.0
104,1774584586.3582656,89.51564160575889,10.733952000009594,11.171231999924203,14423,0.0
105,1774584586.3695204,88.91810144917854,10.808447999806958,11.246303999996599,14423,0.0
106,1774584586.3806586,89.85100546686765,10.688895999919623,11.129536000225926,14423,0.0
107,1774584586.391781,89.97077749128276,10.689088000162883,11.114720000023226,14423,0.0
108,1774584586.4028997,90.00109441286655,10.678591999749187,11.110976000054507,14423,0.0
109,1774584586.4140763,89.54488276188073,10.731999999734398,11.16758399984974,14423,0.0
110,1774584586.425286,89.27857200002451,10.778047999792761,11.20089599999119,14423,0.0
111,1774584586.4364247,89.84454737075298,10.70934400013357,11.130335999951058,14423,0.0
112,1774584586.4475842,89.68648475004805,10.685248000299907,11.14995199986879,14423,0.0
113,1774584586.4598641,81.49969877787133,11.816543999884743,12.26998399988588,14423,0.0
114,1774584586.4710252,89.67104356986168,10.695167999983823,11.151872000027652,14423,0.0
115,1774584586.4824884,87.3012325532361,10.837503999937326,11.454592000063712,15440,0.0
116,1774584586.4936628,89.5574571982103,10.71542399995451,11.166016000061063,15440,0.0
117,1774584586.5047948,89.91537883941349,10.684767999919131,11.121567999907711,15440,0.0
118,1774584586.5159035,90.10229854438782,10.674944000129472,11.098496000158775,15440,0.0
119,1774584586.5270066,90.14570430616095,10.674655999991955,11.093151999830297,15440,0.0
120,1774584586.538139,89.89675537359285,10.70707200005927,11.123872000098345,15440,0.0
121,1774584586.549244,90.1184083810278,10.6850559996019,11.096511999767245,15440,0.0
122,1774584586.5603166,90.37825831907385,10.638592000304925,11.064607999742293,15440,0.0
123,1774584586.5714796,89.64403429372048,10.688639999898442,11.155232000419346,15440,0.0
124,1774584586.582619,89.8342163433308,10.693535999962478,11.131616000056965,15440,0.0
125,1774584586.5938253,89.31684758829785,10.75187200012806,11.19609599982141,15440,0.0
126,1774584586.6049929,89.62218156285037,10.694975999740564,11.157951999848592,15440,0.0
127,1774584586.6161652,89.58800982857258,10.715232000165997,11.162207999859675,15440,0.0
128,1774584586.6273384,89.56028051596016,10.681407999982184,11.165664000145625,15440,0.0
129,1774584586.6384544,90.04077046094194,10.679007999897294,11.10607999999047,15440,0.0
130,1774584586.6495686,90.0545226123064,10.689056000046548,11.104383999736456,15440,0.0
131,1774584586.660663,90.20685514548553,10.674847999780468,11.085631999776524,15440,0.0
132,1774584586.6717553,90.2151884835963,10.667744000329549,11.084608000146545,15440,0.0
133,1774584586.6828482,90.21701161013735,10.67049599987513,11.08438399978695,15440,0.0
134,1774584586.6940038,89.70553619591021,10.722880000230361,11.147583999900235,15440,0.0
135,1774584586.7062268,81.87465448735757,11.795967999660206,12.213792000238755,15440,0.0
136,1774584586.7173703,89.81717534321031,10.705056000006152,11.13372800000434,15440,0.0
137,1774584586.7285376,89.61549932206083,10.724063999987266,11.158784000144806,15440,0.0
138,1774584586.7396452,90.10827410413567,10.675999999875785,11.097759999756818,15440,0.0
139,1774584586.750749,90.11632936897178,10.671456000181934,11.096767999788426,15440,0.0
140,1774584586.7618926,89.79678627997026,10.715007999806403,11.13625600009982,15440,0.0
141,1774584586.772997,90.11035274452904,10.677664000013465,11.097503999735636,15440,0.0
142,1774584586.784105,90.09502502659483,10.672000000340631,11.099391999778163,15440,0.0
143,1774584586.7952178,90.06438522882111,10.689984000237018,11.103167999863217,15440,0.0
144,1774584586.8063543,90.03246930912233,10.682720000204426,11.107104000075196,15440,0.0
145,1774584586.8174367,90.29182317208387,10.65993600013826,11.075200000050245,15440,0.0
146,1774584586.828541,90.12282659739968,10.682655999971757,11.095968000063294,15440,0.0
147,1774584586.839666,89.94384625548874,10.696608000216656,11.118048000298586,15440,0.0
148,1774584586.850793,89.93478648537705,10.685376000310498,11.119168000277568,15440,0.0
149,1774584586.8619988,89.31327380951947,10.73411200013652,11.19654400008585,15440,0.0
150,1774584586.874222,81.87637060898547,11.780767999880482,12.213536000217573,15440,0.0
151,1774584586.886504,81.48057372821934,11.84675199965568,12.2728639998968,15440,0.0
152,1774584586.8976123,90.07710600213353,10.682143999929394,11.10160000007454,15440,0.0
153,1774584586.9094803,84.32567791282646,11.41788799986898,11.858783999741718,15440,0.0
154,1774584586.9229047,74.54657789466668,12.989471999844682,13.414431999990484,15440,0.0
155,1774584586.935119,81.92810251946203,11.784832000103052,12.20582399992054,15440,0.0
156,1774584586.947362,81.72840539304875,11.779007999848545,12.235648000114452,15440,0.0
157,1774584586.9595954,81.79429193486601,11.785952000082034,12.225792000208457,15440,0.0
158,1774584586.971808,81.94357038150734,11.771999999837135,12.203519999729906,15440,0.0
159,1774584586.984015,81.98269574891248,11.766399999942223,12.197695999930147,15440,0.0
160,1774584586.995094,90.3403736169185,10.633087999849522,11.069248000239895,15600,0.0
161,1774584587.006258,89.64146283583118,10.722783999881358,11.155551999763702,15600,0.0
162,1774584587.0173807,89.98994992563257,10.688127999856079,11.112351999599923,15600,0.0
163,1774584587.0285022,89.97829003585193,10.695072000089567,11.113792000287503,15600,0.0
164,1774584587.0396125,90.08593477318087,10.654912000063632,11.100512000211893,15600,0.0
165,1774584587.0507092,90.18680934864877,10.664032000022416,11.088096000094083,15600,0.0
166,1774584587.0618985,89.43340716972783,10.774559999845224,11.181503999978304,15600,0.0
167,1774584587.0729883,90.2461916111607,10.664288000043598,11.080799999945157,15600,0.0
168,1774584587.084091,90.13426400008612,10.675680000076682,11.094559999946796,15600,0.0
169,1774584587.0952961,89.31378433338986,10.72022400012429,11.196479999853182,15600,0.0
170,1774584587.106516,89.21332404754565,10.752895999758039,11.209087999759504,15600,0.0
171,1774584587.1178215,88.53418552846804,10.830751999947097,11.295071999938955,15600,0.0
172,1774584587.12894,90.01561230855842,10.680991999834077,11.109183999906236,15600,0.0
173,1774584587.1400495,90.0815201731782,10.677279999981693,11.101055999915843,15600,0.0
174,1774584587.1512454,89.55489069752137,10.724576000029629,11.166336000314914,15600,0.0
175,1774584587.1625319,88.68770575705719,10.83833600023354,11.275519999799144,15600,0.0
176,1774584587.1737125,89.51589802138461,10.741695999968215,11.171200000262616,15600,0.0
177,1774584587.184833,89.99591058495263,10.68745599968679,11.11161600010746,15600,0.0
178,1774584587.1959746,89.83809020293081,10.681119999844668,11.13113599967619,15600,0.0
179,1774584587.2071204,89.80478594743664,10.695519999899261,11.135264000131428,15600,0.0
180,1774584587.2183113,89.43366311445173,10.751199999958772,11.181472000316717,15600,0.0
181,1774584587.2297902,87.17167659989865,11.046560000067984,11.471615999653295,15600,0.0
182,1774584587.241038,88.97658420705518,10.805151999647933,11.238912000408163,15600,0.0
183,1774584587.2521853,89.79033597529883,10.691359999782435,11.137055999824952,15600,0.0
184,1774584587.2634735,88.671851721225,10.818175999702362,11.277536000307009,15600,0.0
185,1774584587.2747934,88.41870571706856,10.8820159998686,11.309824000363733,15600,0.0
186,1774584587.2860599,88.8351929503899,10.811168000145699,11.256799999955547,15600,0.0
187,1774584587.2971916,89.91253308924189,10.700383999846963,11.121919999823149,15600,0.0
188,1774584587.3084319,89.04326220097894,10.795487999985198,11.230496000280255,15600,0.0
189,1774584587.3195913,89.68519778100743,10.712192000028153,11.150111999995715,15600,0.0
190,1774584587.3306975,90.10931341234485,10.678591999749187,11.097631999746227,15600,0.0
191,1774584587.3419013,89.32552794992944,10.747455999990052,11.195007999958762,15600,0.0
192,1774584587.3529994,90.17457798212256,10.681920000024547,11.089600000104838,15600,0.0
193,1774584587.3642235,89.14842571118382,10.799296000186587,11.217247999866231,15600,0.0
194,1774584587.3765557,81.13995798703823,11.90697599986379,12.32438400029423,15600,0.0
195,1774584587.388742,82.12381380583317,11.76387200030149,12.176735999673838,15600,0.0
196,1774584587.4009395,82.03671569730037,11.758880000343197,12.18966399983401,15600,0.0
197,1774584587.4131835,81.72926038219148,11.792640000294341,12.235520000103861,15600,0.0
198,1774584587.4243267,89.8187242598811,10.698848000174621,11.13353599976108,15600,0.0
199,1774584587.4354734,89.78259683133864,10.661887999958708,11.138015999677009,15600,0.0
200,1774584587.4465861,90.06801936779269,10.680511999908049,11.102720000053523,15600,0.0
201,1774584587.457727,89.83137572821617,10.706847999699676,11.131967999972403,15600,0.0
202,1774584587.4688091,90.29965035813778,10.647904000052222,11.074240000198188,15600,0.0
203,1774584587.4799337,89.97155459593691,10.69833599967751,11.114623999674222,15600,0.0
204,1774584587.4910269,90.20893833660404,10.682527999961167,11.085375999755342,15600,0.0
205,1774584587.5021768,89.75294246153052,10.730592000072647,11.141695999867807,15600,0.0
206,1774584587.5133324,89.70733877800787,10.729824000009103,11.147359999995388,15760,0.0
207,1774584587.5244308,90.17197599339417,10.67382400015049,11.089919999903941,15760,0.0
208,1774584587.535541,90.07580780189939,10.664991999874474,11.101759999746719,15760,0.0
209,1774584587.5466654,89.9531667816012,10.699488000227575,11.116896000203269,15760,0.0
210,1774584587.5577934,89.93711596738197,10.712352000155079,11.118880000140052,15760,0.0
211,1774584587.5688791,90.26496015543609,10.66742399962095,11.078495999754523,15760,0.0
212,1774584587.5799356,90.51438237551582,10.635936000198853,11.047967999729735,15760,0.0
213,1774584587.5909946,90.49524791324099,10.647871999935887,11.050304000036704,15760,0.0
214,1774584587.6021585,89.64994922212901,10.73644799998874,11.154496000017389,15760,0.0
215,1774584587.6143887,81.82556099571632,11.795807999988028,12.221120000049268,15760,0.0
216,1774584587.6255274,89.85281390368161,10.709599999700004,11.129311999866331,15760,0.0
217,1774584587.6366372,90.08074117146639,10.685471999750007,11.1011519998101,15760,0.0
218,1774584587.6477568,90.00472344958719,10.69232000008924,11.110527999790065,15760,0.0
219,1774584587.6588595,90.13322411624742,10.684672000024875,11.094687999957387,15760,0.0
220,1774584587.6700249,89.62449487501489,10.743360000105895,11.157664000165823,15760,0.0
221,1774584587.6811497,89.95808672975376,10.697728000195639,11.116287999811902,15760,0.0
222,1774584587.692263,90.05737735402467,10.683424000035302,11.104032000275765,15760,0.0
223,1774584587.703425,89.65792274747083,10.7030079998367,11.153504000048997,15760,0.0
224,1774584587.7145693,89.80788297593239,10.699039999963134,11.134880000099656,15760,0.0
225,1774584587.7257366,89.61472835952169,10.732864000146947,11.158880000039062,15760,0.0
226,1774584587.73682,90.29417118690245,10.654783999598294,11.074911999912729,15760,0.0
227,1774584587.7479432,89.96611515997117,10.69491200041739,11.115296000298258,15760,0.0
228,1774584587.7590697,89.93815133104475,10.700960000121995,11.118752000129462,15760,0.0
229,1774584587.7702012,89.89934150656012,10.704575999625376,11.123551999844494,15760,0.0
230,1774584587.781316,90.03350686939301,10.685407999972085,11.106976000064606,15760,0.0
231,1774584587.792456,89.83447458730774,10.697888000322564,11.131584000395378,15760,0.0
232,1774584587.8036108,89.71789822010034,10.67363199990723,11.146047999773145,15760,0.0
233,1774584587.8147514,89.82982637517131,10.683007999887195,11.132160000215663,15760,0.0
234,1774584587.8259141,89.64686307657213,10.719840000092518,11.154880000049161,15760,0.0
235,1774584587.8370883,89.56541427870641,10.73545600002035,11.165024000092671,15760,0.0
236,1774584587.8481958,90.09268735743703,10.673600000245642,11.09967999991568,15760,0.0
237,1774584587.859335,89.84609722797799,10.67583999974886,11.130144000162545,15760,0.0
238,1774584587.8704424,90.09476527507508,10.671391999949265,11.099424000349245,15760,0.0
239,1774584587.8816128,89.58878033145503,10.728960000051302,11.162111999965418,15760,0.0
240,1774584587.8927565,89.80349558102134,10.710976000154915,11.135424000258354,15760,0.0
241,1774584587.9038837,89.94281076070317,10.68230400005632,11.118176000309177,15760,0.0
242,1774584587.9149845,90.15480662275448,10.664928000096552,11.092031999851315,15760,0.0
243,1774584587.9261339,89.75474694935504,10.721856000145635,11.14147199996296,15760,0.0
244,1774584587.9372094,90.34847043803069,10.650367999915034,11.068255999816756,15760,0.0
245,1774584587.9483426,89.89339362463878,10.692959999687446,11.124288000246452,15760,0.0
246,1774584587.9595132,89.59109192327512,10.70246400013275,11.161823999827902,15760,0.0
247,1774584587.9706507,89.85255555058389,10.699359999762237,11.129343999982666,15760,0.0
248,1774584587.981767,90.0246883711283,10.687839999718562,11.108063999927253,15760,0.0
249,1774584587.9928832,90.02339167765456,10.682016000373551,11.108224000054179,15760,0.0
250,1774584588.0040026,90.0055011370735,10.672479999811912,11.110431999895809,15760,0.0
251,1774584588.0151966,89.40961045750534,10.722528000314924,11.184480000338226,15760,0.0
252,1774584588.0264068,89.27423616844075,10.735423999904015,11.201440000149887,15800,0.0
253,1774584588.0375485,89.82182224615885,10.709824000059598,11.133152000184054,15800,0.0
254,1774584588.0486739,89.95394358206583,10.684991999823978,11.116799999854265,15800,0.0
255,1774584588.0597713,90.18004265207712,10.678208000172162,11.08892799993555,15800,0.0
256,1774584588.0708916,89.99383722098518,10.677664000013465,11.111872000128642,15800,0.0
257,1774584588.0821536,88.86626551092917,10.832223999841517,11.252864000198315,15800,0.0
258,1774584588.0932407,90.25713897816506,10.665536000033171,11.079456000061327,15800,0.0
259,1774584588.1044564,89.22707934547944,10.790975999952934,11.20736000029865,15800,0.0
260,1774584588.1156142,89.70244622213654,10.682911999992939,11.147967999932007,15800,0.0
261,1774584588.1267478,89.89132498525962,10.683552000045893,11.124543999812886,15800,0.0
262,1774584588.1379251,89.55540398734999,10.73151999980837,11.166272000082245,15800,0.0
263,1774584588.1490643,89.85875641297392,10.689023999930214,11.128575999919121,15800,0.0
264,1774584588.160133,90.42559348077378,10.627967999880639,11.058816000058869,15800,0.0
265,1774584588.1712723,89.84713049705834,10.666528000001563,11.130016000151954,15800,0.0
266,1774584588.1824186,89.79781841516076,10.709119999773975,11.13612800008923,15800,0.0
267,1774584588.1943123,84.15649607353116,11.438592000104109,11.882624000008946,15800,0.0
268,1774584588.2054317,90.01639018422769,10.66160000027594,11.10908800001198,15800,0.0
269,1774584588.2165847,89.7397976627761,10.704991999773483,11.143327999889152,15800,0.0
270,1774584588.2288175,81.807353499838,11.794239999744605,12.223839999933261,15800,0.0
271,1774584588.2408383,83.2491961447136,11.59449599981599,12.012128000151279,15800,0.0
272,1774584588.251933,90.20008543692913,10.675712000193016,11.086464000072738,15800,0.0
273,1774584588.263041,90.09918118078619,10.675936000097863,11.0988799997358,15800,0.0
274,1774584588.2745938,86.6303696992938,11.106240000117396,11.54329599967241,15800,0.0
275,1774584588.285761,89.62629420159192,10.729056000400305,11.157440000260976,15800,0.0
276,1774584588.2969177,89.69703927931246,10.692767999898933,11.148640000101295,15800,0.0
277,1774584588.3080802,89.65740828544892,10.716864000187343,11.153567999826919,15800,0.0
278,1774584588.3191962,90.0355820616789,10.680928000056156,11.106720000043424,15800,0.0
279,1774584588.3303604,89.63632034798903,10.703872000249248,11.156192000271403,15800,0.0
280,1774584588.3415773,89.2138334257865,10.744703999989724,11.209023999981582,15800,0.0
281,1774584588.3527842,89.29923674062445,10.791648000122223,11.198304000117787,15800,0.0
282,1774584588.3638754,90.22951501181456,10.668672000065271,11.082848000114609,15800,0.0
283,1774584588.3750813,89.3061271134931,10.78707199985729,11.197440000159986,15800,0.0
284,1774584588.3863301,88.95809433412467,10.827776000041922,11.241247999805637,15800,0.0
285,1774584588.3975992,88.80969432506836,10.833280000042578,11.260031999881903,15800,0.0
286,1774584588.4087193,89.99979840266543,10.679680000066583,11.111135999726685,15800,0.0
287,1774584588.4201307,87.70452695666563,10.773248000077729,11.401920000025711,15800,0.0
288,1774584588.4312963,89.64454860592556,10.673312000108126,11.155168000186677,15800,0.0
289,1774584588.4424016,90.10905358212183,10.677152000425849,11.097663999862561,15800,0.0
290,1774584588.4535809,89.51820585727553,10.752831999980117,11.170911999670352,15800,0.0
291,1774584588.4647079,89.94177529343867,10.695103999751154,11.11830399986502,15800,0.0
292,1774584588.4759154,89.29005123298634,10.771232000024611,11.199455999758356,15800,0.0
293,1774584588.487004,90.25687829843842,10.670399999980873,11.079487999722915,15800,0.0
294,1774584588.4981625,89.68519778100743,10.731232000125601,11.150111999995715,15800,0.0
295,1774584588.5093186,89.6972967388708,10.725248000198917,11.14860799998496,15800,0.0
296,1774584588.5204382,90.00057600136027,10.669599999800994,11.111040000287176,15800,0.0
297,1774584588.5319102,87.23299724283622,11.043168000014703,11.463551999895571,15920,0.0
298,1774584588.543009,90.16885380290718,10.673471999780304,11.090303999935713,15920,0.0
299,1774584588.554293,88.6952572876186,10.837375999926735,11.274559999947087,15920,0.0
300,1774584588.5664515,82.31937811325919,11.708800000178599,12.147808000008808,15920,0.0
301,1774584588.577624,89.57902159772183,10.720192000007955,11.163327999838657,15920,0.0
302,1774584588.5887372,90.05685829761964,10.680352000235871,11.104096000053687,15920,0.0
303,1774584588.5998526,90.04258654472352,10.679007999897294,11.105855999630876,15920,0.0
304,1774584588.6109416,90.25583557977181,10.654239999894344,11.079616000188253,15920,0.0
305,1774584588.6221068,89.63117845744088,10.72483200005081,11.15683199986961,15920,0.0
306,1774584588.633256,89.76325479951136,10.710943999583833,11.140416000216646,15920,0.0
307,1774584588.6443944,89.85333061066265,10.696639999878244,11.12924800008841,15920,0.0
308,1774584588.65551,90.03143177276539,10.669631999917328,11.107232000085787,15920,0.0
309,1774584588.6666322,89.98761770224768,10.6808320001619,11.112640000192187,15920,0.0
310,1774584588.6777816,89.76789612824253,10.710880000260659,11.139839999941614,15920,0.0
311,1774584588.6888826,90.14934501075145,10.678048000045237,11.092704000020603,15920,0.0
312,1774584588.7000036,89.99435555486217,10.688735999792698,11.111807999895973,15920,0.0
313,1774584588.7122295,81.86393036142091,11.78236800024024,12.215391999689018,15920,0.0
314,1774584588.7233796,89.75758272020538,10.695775999920443,11.141120000047522,15920,0.0
315,1774584588.734497,90.02365101409802,10.688736000247445,11.108191999937844,15920,0.0
316,1774584588.7456522,89.7163527789217,10.724736000156554,11.146240000016405,15920,0.0
317,1774584588.7567377,90.2785200672482,10.662623999905918,11.07683200007159,15920,0.0
318,1774584588.767842,90.13218425640284,10.666047999620787,11.094815999967977,15920,0.0
319,1774584588.7789404,90.1737973701066,10.65507199973581,11.089695999999094,15920,0.0
320,1774584588.7900832,89.81459393536032,10.709216000122979,11.13404800025819,15920,0.0
321,1774584588.801181,90.18238485677358,10.669247999885556,11.088639999798033,15920,0.0
322,1774584588.8122778,90.19071367414267,10.675391999939166,11.087616000168055,15920,0.0
323,1774584588.8233922,90.05244654314541,10.667936000118061,11.104640000212385,15920,0.0
324,1774584588.8366654,75.39058353671732,12.8548799998498,13.264255999729357,15920,0.0
325,1774584588.8478076,89.81278704035228,10.712639999837847,11.134272000163037,15920,0.0
326,1774584588.85892,90.05218704445743,10.691903999941132,11.104671999873972,15920,0.0
327,1774584588.8701193,89.35694453780896,10.767040000246197,11.191071999746782,15920,0.0
328,1774584588.8812516,89.90166915271841,10.698880000290956,11.123263999706978,15920,0.0
329,1774584588.8923633,90.06204914937601,10.68944000007832,11.103456000000733,15920,0.0
330,1774584588.9034896,89.9438462591676,10.681567999654362,11.118047999843839,15920,0.0
331,1774584588.9146106,89.98632207645997,10.69391999999425,11.112800000319112,15920,0.0
332,1774584588.9258373,89.1374913689392,10.805311999774858,11.218624000321142,15920,0.0
333,1774584588.9369533,90.0283193108545,10.702848000164522,11.107615999662812,15920,0.0
334,1774584588.9481723,89.19677236091371,10.79273599998487,11.21116800004529,15920,0.0
335,1774584588.959326,89.71738306590481,10.697631999846635,11.146112000005814,15920,0.0
336,1774584588.9705296,89.32859201046162,10.784000000057858,11.19462399992699,15920,0.0
337,1774584588.98169,89.6638395088688,10.739199999989069,11.15276799964704,15920,0.0
338,1774584588.9929106,89.18735337756446,10.784479999983887,11.212351999802195,15920,0.0
339,1774584589.0040987,89.45900916498117,10.743904000264592,11.178304000168282,15920,0.0
340,1774584589.015204,90.11373073694561,10.678688000098191,11.097088000042277,15920,0.0
341,1774584589.026366,89.65792274747083,10.709663999932673,11.153504000048997,15920,0.0
342,1774584589.037518,89.73258254709295,10.68377599995074,11.144223999963287,15920,0.0
343,1774584589.0487063,89.44671837643294,10.761791999811976,11.179840000295371,15774,0.0
344,1774584589.0598245,90.00342733118518,10.704767999868636,11.11068799991699,15774,0.0
345,1774584589.070963,89.83240865871504,10.715968000113207,11.131839999961812,15774,0.0
346,1774584589.0820985,89.86857619380308,10.711584000091534,11.127360000045883,15774,0.0
347,1774584589.0932157,90.00757503853085,10.691615999803616,11.110175999874627,15774,0.0
348,1774584589.1043031,90.25114366242295,10.662400000001071,11.080192000008537,15774,0.0
349,1774584589.115462,89.67207281645544,10.702240000227903,11.151744000017061,15774,0.0
350,1774584589.1265993,89.84997210865926,10.7038719997945,11.129664000236517,15774,0.0
351,1774584589.1389823,80.8145067875329,11.919904000023962,12.37401599973964,15774,0.0
352,1774584589.150222,89.04478453982242,10.769215999971493,11.230304000036995,15774,0.0
353,1774584589.1612973,90.36310062445098,10.651488000348763,11.066464000123233,15774,0.0
354,1774584589.1724963,89.36767720999187,10.720576000039728,11.1897280003177,15774,0.0
355,1774584589.1847098,81.96162360100477,11.773535999964224,12.200831999962247,15774,0.0
356,1774584589.1968877,82.18471969050019,11.753504000353132,12.167712000064057,15774,0.0
357,1774584589.2090614,82.20223063844234,11.753247999877203,12.165120000190655,15774,0.0
358,1774584589.2201262,90.44469849558261,10.654239999894344,11.0564799997519,15774,0.0
359,1774584589.231186,90.48162282277399,10.65913599995838,11.051967999719636,15774,0.0
360,1774584589.2422543,90.41120462739956,10.66707200016026,11.060575999636058,15774,0.0
361,1774584589.2533474,90.20997996454416,10.664511999948445,11.085248000199499,15774,0.0
362,1774584589.2643936,90.5941526923684,10.641119999945658,11.038239999834332,15774,0.0
363,1774584589.276036,85.9494039910425,11.226719999740453,11.634752000190929,15774,0.0
364,1774584589.2870874,90.55451236658541,10.648192000189738,11.043072000120446,15774,0.0
365,1774584589.2981913,90.12386624133461,10.701887999857718,11.095840000052704,15774,0.0
366,1774584589.309269,90.34429125379877,10.662784000032843,11.06876799985912,15774,0.0
367,1774584589.3203576,90.25192561415406,10.672928000076354,11.080096000114281,15774,0.0
368,1774584589.3314126,90.52303485367682,10.623967999890738,11.046911999983422,15774,0.0
369,1774584589.3436234,81.94528939338431,11.773056000038196,12.203263999708724,15774,0.0
370,1774584589.3547213,90.16729278689272,10.670720000234724,11.090496000178973,15774,0.0
371,1774584589.3658543,89.88899787470574,10.719135999806895,11.124831999950402,15774,0.0
372,1774584589.376969,90.02494771504277,10.700415999963298,11.108031999810919,15774,0.0
373,1774584589.3880947,89.94488177779643,10.703584000111732,11.117919999833248,15774,0.0
374,1774584589.3991795,90.27643366493774,10.667488000308367,11.077087999638024,15774,0.0
375,1774584589.4102879,90.0815201731782,10.699391999878571,11.101055999915843,15774,0.0
376,1774584589.421354,90.42821013071143,10.654944000179967,11.058495999805018,15774,0.0
377,1774584589.4324393,90.26730676960777,10.67548800028817,11.078208000071754,15774,0.0
378,1774584589.4435275,90.24462791995833,10.653631999957724,11.08099199973367,15774,0.0
379,1774584589.4546163,90.24410669913028,10.673471999780304,11.081055999966338,15774,0.0
380,1774584589.465766,89.75423137190792,10.72390399986034,11.141536000195629,15774,0.0
381,1774584589.4768372,90.38427053553414,10.654015999989497,11.063871999795083,15774,0.0
382,1774584589.4879174,90.3106106994602,10.662176000096224,11.072896000314358,15774,0.0
383,1774584589.4990306,90.04336488297682,10.681823999675544,11.105760000191367,15774,0.0
384,1774584589.5113487,81.23297356925201,11.86115200016502,12.310271999922406,15774,0.0
385,1774584589.522433,90.28477986397276,10.657759999958216,11.076064000008046,15774,0.0
386,1774584589.5335379,90.11009290461969,10.679680000066583,11.097536000306718,15774,0.0
387,1774584589.544644,90.09944095038634,10.682944000109273,11.098848000074213,15774,0.0
388,1774584589.5557084,90.44312791411717,10.645215999829816,11.05667199999516,15854,0.0
389,1774584589.5668163,90.08931093877509,10.673856000266824,11.100096000063786,15854,0.0
390,1774584589.5779514,89.87555471121219,10.704223999709939,11.126496000088082,15854,0.0
391,1774584589.589077,89.95730986141116,10.695360000227083,11.116383999706159,15854,0.0
392,1774584589.6001627,90.2803457506979,10.651263999989169,11.076608000166743,15854,0.0
393,1774584589.6112978,89.88667088463741,10.689952000120684,11.125120000087918,15854,0.0
394,1774584589.6223912,90.21935573190639,10.671519999959855,11.084096000104182,15854,0.0
395,1774584589.6334615,90.40074287553708,10.653952000211575,11.061856000196713,15854,0.0
396,1774584589.6445177,90.51228504974056,10.64364800004114,11.048224000205664,15854,0.0
397,1774584589.655618,90.1503852666051,10.652416000084486,11.092576000010013,15854,0.0
398,1774584589.666687,90.40335808744513,10.654272000010678,11.061535999942862,15854,0.0
399,1774584589.6778228,89.86650869278498,10.707263999847783,11.127616000067064,15854,0.0
400,1774584589.6888769,90.53142671817524,10.649375999946642,11.045887999898696,15854,0.0
401,1774584589.6999264,90.55923588044021,10.650207999788108,11.042496000300162,15854,0.0
402,1774584589.7109563,90.72381637887331,10.631935999754205,11.022464000234322,15854,0.0
403,1774584589.72213,89.55617392947813,10.730559999956313,11.166176000187988,15854,0.0
404,1774584589.7332735,89.80633443681758,10.708192000038252,11.135071999888169,15854,0.0
405,1774584589.744345,90.39629736847155,10.65420799977801,11.062399999900663,15854,0.0
406,1774584589.7554357,90.22091855113034,10.655327999756992,11.083903999860922,15854,0.0
407,1774584589.7665198,90.28295400118381,10.657887999968807,11.076287999912893,15854,0.0
408,1774584589.7776341,90.03869502948145,10.703423999984807,11.106336000011652,15854,0.0
409,1774584589.7887275,90.20425129003446,10.688096000194491,11.085952000030375,15854,0.0
410,1774584589.7997692,90.62830793182476,10.639392000030057,11.034080000172253,15854,0.0
411,1774584589.8108225,90.53824625197178,10.646975999861752,11.04505600005723,15854,0.0
412,1774584589.821952,89.90347962587468,10.72703999989244,11.123039999802131,15854,0.0
413,1774584589.8330112,90.47585959300378,10.651007999967987,11.05267200000526,15854,0.0
414,1774584589.8440783,90.41041990950917,10.66435199982152,11.060671999985061,15854,0.0
415,1774584589.8551617,90.28477986397276,10.674111999833258,11.076064000008046,15854,0.0
416,1774584589.8665624,87.77695384531489,10.972512000080314,11.392511999929411,15854,0.0
417,1774584589.877738,89.5469354866832,10.751423999863619,11.167328000283305,15854,0.0
418,1774584589.8887982,90.46852563740661,10.666271999980381,11.053568000079395,15854,0.0
419,1774584589.8998537,90.50730430404592,10.649280000052386,11.048831999687536,15854,0.0
420,1774584589.9109251,90.38191783254145,10.667040000043926,11.064159999932599,15854,0.0
421,1774584589.9220595,89.86883463536473,10.715807999986282,11.127328000384296,15854,0.0
422,1774584589.933134,90.3701561582788,10.65212799994697,11.065600000165432,15854,0.0
423,1774584589.9442425,90.08983037303088,10.688223999750335,11.100031999831117,15854,0.0
424,1774584589.955329,90.26339581006344,10.649343999830307,11.078687999997783,15854,0.0
425,1774584589.9663966,90.41172777651036,10.659487999873818,11.060511999858136,15854,0.0
426,1774584589.9774475,90.54769038226416,10.647231999882933,11.043903999961913,15854,0.0
427,1774584589.9885378,90.2315992496674,10.687135999887687,11.082592000093427,15854,0.0
428,1774584589.9996054,90.41277409661218,10.644159999628755,11.060383999847545,15854,0.0
429,1774584590.0106754,90.3879305359101,10.682944000109273,11.063423999985389,15854,0.0
430,1774584590.0218372,89.64712024816671,10.753823999948509,11.154847999932826,15854,0.0
431,1774584590.0328996,90.45805062397723,10.656416000074387,11.054847999730555,15854,0.0
432,1774584590.043987,90.25739966310205,10.663232000297285,11.079423999944993,15854,0.0
433,1774584590.0550528,90.42951850875099,10.665184000117733,11.05833600013284,15854,0.0
434,1774584590.066162,90.07373075123881,10.703616000228067,11.102016000222648,15934,0.0
435,1774584590.077823,85.8169914899143,11.255264000283205,11.652703999970981,15934,0.0
436,1774584590.0889034,90.32731729194647,10.649952000221674,11.070848000144906,15934,0.0
437,1774584590.099946,90.63146202582367,10.628320000250824,11.033695999685733,15934,0.0
438,1774584590.1109893,90.62305160627562,10.644607999893196,11.03471999977046,15934,0.0
439,1774584590.1220968,90.0924276230875,10.69379199998366,11.099712000032014,15934,0.0
440,1774584590.133161,90.44705446447993,10.658176000106323,11.056192000069132,15934,0.0
441,1774584590.1442387,90.33436723875101,10.671584000192524,11.069984000187105,15934,0.0
442,1774584590.155351,90.06282782782962,10.651487999894016,11.103360000106477,15934,0.0
443,1774584590.1664326,90.30930575996508,10.677471999770205,11.073055999986536,15934,0.0
444,1774584590.17753,90.17405757014511,10.694176000015432,11.089664000337507,15934,0.0
445,1774584590.188585,90.51910170365969,10.650943999735318,11.04739199990945,15934,0.0
446,1774584590.1996543,90.40989677181655,10.63804799969148,11.06073600021773,15934,0.0
447,1774584590.210724,90.40309655870203,10.667456000192033,11.061568000059196,15934,0.0
448,1774584590.221881,89.69420733268973,10.73331199995664,11.148992000016733,15934,0.0
449,1774584590.2329628,90.30199878006707,10.667263999948773,11.073952000060672,15934,0.0
450,1774584590.244043,90.31400372680602,10.66153600004327,11.072480000166252,15934,0.0
451,1774584590.2551012,90.50337251711396,10.634048000156326,11.049312000068312,15934,0.0
452,1774584590.2662058,90.12360633087233,10.687680000046385,11.09587199971429,15934,0.0
453,1774584590.2778184,86.1726652052471,11.193056000138313,11.604607999743166,15934,0.0
454,1774584590.288911,90.2190952666827,10.654175999661675,11.084128000220517,15934,0.0
455,1774584590.3000019,90.24019774963622,10.664224000265676,11.081535999892367,15934,0.0
456,1774584590.3122778,81.52010872768571,11.858015999678173,12.26691200008645,15934,0.0
457,1774584590.3234599,89.51000077532873,10.685088000172982,11.171935999755078,15934,0.0
458,1774584590.3345537,90.22117902318033,10.660831999757647,11.083872000199335,15934,0.0
459,1774584590.3467567,82.00636107031474,11.768031999963569,12.194175999866275,15934,0.0
460,1774584590.359024,81.57330764682057,11.843520000184071,12.258912000106648,15934,0.0
461,1774584590.3711152,82.76610959607196,11.652223999590205,12.08223999992697,15934,0.0
462,1774584590.3834167,81.34673754269943,11.816608000117412,12.293055999634817,15934,0.0
463,1774584590.3959148,80.06784629045754,12.04758399990169,12.489407999964897,15934,0.0
464,1774584590.4079509,83.14531406214684,11.59168000003774,12.027136000142491,15934,0.0
465,1774584590.4202158,81.59737634961091,11.798687999998947,12.255296000148519,15934,0.0
466,1774584590.4324439,81.83734663669632,11.757471999771951,12.219360000017332,15934,0.0
467,1774584590.4436572,89.2533280806077,10.72617599993464,11.204063999684877,15934,0.0
468,1774584590.454771,90.05633924719787,10.666976000266004,11.104159999831609,15934,0.0
469,1774584590.4659612,89.43212745353367,10.750496000127896,11.18166400010523,15934,0.0
470,1774584590.4770243,90.46773992789936,10.649887999989005,11.05366399997365,15934,0.0
471,1774584590.488092,90.40885051831012,10.664991999874474,11.060864000228321,15934,0.0
472,1774584590.499168,90.3458584007212,10.679232000256889,11.068576000070607,15934,0.0
473,1774584590.5103097,89.81381954340704,10.698688000047696,11.134144000152446,15934,0.0
474,1774584590.5214565,89.78388659357476,10.706720000143832,11.137856000004831,15934,0.0
475,1774584590.5325763,89.9917639525496,10.697824000089895,11.112128000149823,15934,0.0
476,1774584590.543657,90.31713598120227,10.657503999937035,11.072095999679732,15934,0.0
477,1774584590.554769,90.05114905359802,10.696704000110913,11.104799999884563,15934,0.0
478,1774584590.5659873,89.19931837252992,10.803456000303413,11.210848000246187,15934,0.0
479,1774584590.5770981,90.06542352115423,10.685792000003858,11.103040000307374,15880,0.0
480,1774584590.5881958,90.16755295309123,10.67782400014039,11.090464000062639,15880,0.0
481,1774584590.59935,89.71429227594285,10.683615999823814,11.146496000037587,15880,0.0
482,1774584590.6104298,90.3257507844736,10.665824000170687,11.071040000388166,15880,0.0
483,1774584590.6215434,90.03636028621418,10.699872000259347,11.10662399969442,15880,0.0
484,1774584590.632601,90.49996524624082,10.65673599987349,11.049728000216419,15880,0.0
485,1774584590.6436837,90.28947527937795,10.659039999609377,11.075488000187761,15880,0.0
486,1774584590.6547902,90.10671518492718,10.686944000099174,11.097952000000078,15880,0.0
487,1774584590.6659493,89.67258744678432,10.737631999745645,11.15168000023914,15880,0.0
488,1774584590.6770334,90.28869267684618,10.669408000012481,11.075584000082017,15880,0.0
489,1774584590.6881425,90.07399038148361,10.66716799959977,11.101983999651566,15880,0.0
490,1774584590.699267,89.95627405291991,10.653952000211575,11.116512000171497,15880,0.0
491,1774584590.7103863,89.99720648686831,10.692864000247937,11.111455999980535,15880,0.0
492,1774584590.7214704,90.28243234125405,10.665439999684168,11.076351999690814,15880,0.0
493,1774584590.73255,90.32314006808193,10.663135999948281,11.071359999732522,15880,0.0
494,1774584590.7436385,90.25375022582756,10.66047999984221,11.079871999754687,15880,0.0
495,1774584590.754732,90.20919873948363,10.661312000138423,11.085344000093755,15880,0.0
496,1774584590.7658603,89.9257285438851,10.711200000059762,11.120287999801803,15880,0.0
497,1774584590.7769434,90.28947527937795,10.667904000001727,11.075488000187761,15880,0.0
498,1774584590.7880719,89.91486141488747,10.696576000100322,11.12163200014038,15880,0.0
499,1774584590.800331,81.62956113427474,11.83219199992891,12.250463999862404,15880,0.0
500,1774584590.8124595,82.50672594984552,11.712416000136727,12.120223999772861,15880,0.0
501,1774584590.8236094,89.75268468243196,10.69484800018472,11.141727999984141,15880,0.0
502,1774584590.8346736,90.45464676474262,10.647967999830144,11.055263999878662,15880,0.0
503,1774584590.8458648,89.4185647254975,10.771679999834305,11.183359999904496,15880,0.0
504,1774584590.8569744,90.08827209192351,10.671808000097371,11.100224000074377,15880,0.0
505,1774584590.868217,89.01181222231057,10.734175999914441,11.234464000153821,15880,0.0
506,1774584590.8804398,81.87594157335829,11.800511999808805,12.213599999995495,15880,0.0
507,1774584590.891567,89.93090428597114,10.67436799985444,11.119648000203597,15880,0.0
508,1774584590.903068,87.01245182971027,11.079295999934402,11.492608000025939,15880,0.0
509,1774584590.914673,86.22997050318871,11.18847999987338,11.59689599990088,15880,0.0
510,1774584590.9268413,82.23640928205849,11.742047999632632,12.160063999999693,15880,0.0
511,1774584590.9390557,81.92960608234861,11.804352000126528,12.205600000015693,15880,0.0
512,1774584590.9505196,87.2892836703472,11.048991999814461,11.456159999852389,15880,0.0
513,1774584590.961649,89.91822476972794,10.70153599994228,11.121215999992273,15880,0.0
514,1774584590.9727225,90.36623628165846,10.645184000168229,11.06608000009146,15880,0.0
515,1774584590.983804,90.29991128869972,10.671456000181934,11.074208000081853,15880,0.0
516,1774584590.9948738,90.39995834667205,10.6543359997886,11.061951999636221,15880,0.0
517,1774584591.005984,90.07996218322765,10.703039999953035,11.101247999704356,15880,0.0
518,1774584591.0170414,90.50337251711396,10.6417919996602,11.049312000068312,15880,0.0
519,1774584591.0292203,82.16095133093258,11.76828799998475,12.17123200012793,15880,0.0
520,1774584591.0403943,89.55694388484538,10.748096000043006,11.166080000293732,15880,0.0
521,1774584591.0515106,90.02053908644413,10.670784000012645,11.108575999969617,15880,0.0
522,1774584591.062579,90.41539000096384,10.662048000085633,11.060064000048442,15880,0.0
523,1774584591.0737166,89.84635554393776,10.713856000165833,11.13011200004621,15880,0.0
524,1774584591.0848773,89.67104356986168,10.732960000041203,11.151872000027652,15880,0.0
525,1774584591.0959597,90.30800085447204,10.664928000096552,11.073216000113462,15880,0.0
526,1774584591.1070402,90.3106106994602,10.656351999841718,11.072896000314358,15880,0.0
527,1774584591.1181834,89.80556018728585,10.714016000292759,11.135167999782425,15880,0.0
528,1774584591.1292531,90.40832740249603,10.651040000084322,11.060928000006243,15880,0.0
529,1774584591.14033,90.3414182861225,10.663359999853128,11.069120000229304,15880,0.0
530,1774584591.151412,90.30408636795103,10.643295999670954,11.07369600003949,15880,0.0
531,1774584591.1625652,89.73129425474797,10.692287999972905,11.144384000090213,15880,0.0
532,1774584591.1748054,81.75662948010287,11.808735999693454,12.231424000219704,15880,0.0
533,1774584591.1871002,81.40204273413357,11.831264000193187,12.284704000194324,15880,0.0
534,1774584591.1983814,88.72018647012398,10.839872000360629,11.271391999798652,15880,0.0
535,1774584591.2094946,90.0462189210116,10.698944000068877,11.10540800027593,15880,0.0
536,1774584591.2205882,90.20945914756723,10.679007999897294,11.08531199997742,15880,0.0
537,1774584591.231674,90.26782825475787,10.68243200006691,11.078144000293833,15880,0.0
538,1774584591.2427847,90.06490437199524,10.680608000257052,11.103104000085295,15880,0.0
539,1774584591.2539685,89.48693204621358,10.758271999748104,11.174815999765997,15880,0.0
540,1774584591.265073,90.12802505694901,10.675936000097863,11.09532800001034,15880,0.0
541,1774584591.2761674,90.2164907082635,10.670304000086617,11.08444800001962,15880,0.0
542,1774584591.288332,82.26541851158638,11.757568000120955,12.155776000327023,15880,0.0
543,1774584591.3004863,82.33000500725458,11.751968000226043,12.146239999765385,15880,0.0
544,1774584591.3124712,83.49230267852279,11.596415999974852,11.977151999872149,15880,0.0
545,1774584591.3246322,82.28079737470138,11.76220800016381,12.153503999797977,15880,0.0
546,1774584591.3367991,82.23965556666592,11.744159999580006,12.159584000073664,15880,0.0
547,1774584591.3479388,89.84248097518031,10.713248000229214,11.13059199997224,15880,0.0
548,1774584591.3590202,90.3106106994602,10.66841600004409,11.072896000314358,15880,0.0
549,1774584591.3701527,89.89623816705914,10.726080000040383,11.123935999876267,15880,0.0
550,1774584591.3811789,90.75385231820663,10.632575999807159,11.018816000159859,15880,0.0
551,1774584591.392255,90.342985337086,10.677343999759614,11.068927999986045,15880,0.0
552,1774584591.4033375,90.29495388441055,10.654304000127013,11.074816000018473,15880,0.0
553,1774584591.4143937,90.5109742756096,10.666176000086125,11.048383999877842,15880,0.0
554,1774584591.425479,90.27173960212627,10.662400000001071,11.077663999913057,15880,0.0
555,1774584591.4365458,90.42559348077378,10.660544000074879,11.058816000058869,15880,0.0
556,1774584591.447681,89.86521655571006,10.71302399986962,11.127775999739242,15880,0.0
557,1774584591.458825,89.80143107335137,10.709088000112388,11.135680000279535,15880,0.0
558,1774584591.4700172,89.41268029291409,10.775264000130846,11.184095999851706,15880,0.0
559,1774584591.481105,90.25609625717978,10.678464000193344,11.079584000071918,15880,0.0
560,1774584591.492199,90.20164758860159,10.672736000287841,11.086271999829478,15880,0.0
561,1774584591.5034528,88.93227202865616,10.721119999743678,11.244511999848328,15880,0.0
562,1774584591.514653,89.36231055164416,10.747712000011234,11.190400000032241,15880,0.0
563,1774584591.5268846,81.8176343820815,11.772928000027605,12.22230400026092,15880,0.0
564,1774584591.538102,89.22656981596911,10.762655999769777,11.207424000076571,15880,0.0
565,1774584591.5502155,82.61360361815001,11.676703999910387,12.104544000067108,15880,0.0
566,1774584591.5613215,90.10983307359378,10.66748799985362,11.097567999968305,15880,0.0
567,1774584591.5724227,90.14856483184413,10.672960000192688,11.092800000369607,15880,0.0
568,1774584591.5835147,90.21779297052557,10.6509760003064,11.084287999892695,15880,0.0
569,1774584591.5946224,90.0906095319548,10.68838399987726,11.09993599993686,15880,0.0
570,1774584591.6080422,74.56667811992853,12.979583999822353,13.410816000032355,15960,0.0
571,1774584591.6191537,90.07113457906884,10.666432000107307,11.10233600002175,15960,0.0
572,1774584591.6302702,90.03013488871109,10.684544000014284,11.107391999757965,15960,0.0
573,1774584591.6413944,89.96715119142773,10.67449599986503,11.115168000287667,15960,0.0
574,1774584591.6524816,90.2605279849867,10.650368000369781,11.079040000367968,15960,0.0
575,1774584591.6635842,90.14414409157142,10.65465600004245,11.093344000073557,15960,0.0
576,1774584591.6746984,90.05841548847313,10.668800000075862,11.103904000265175,15960,0.0
577,1774584591.6858401,89.82259677978949,10.712736000186851,11.133055999835051,15960,0.0
578,1774584591.6969616,89.98865423268659,10.661312000138423,11.112511999726848,15960,0.0
579,1774584591.7100048,76.72420777597164,12.61183999986315,13.033696000093187,15960,0.0
580,1774584591.7210836,90.32966715318217,10.651615999904607,11.07056000000739,15960,0.0
581,1774584591.7321625,90.33149490591227,10.661184000127832,11.070336000102543,15960,0.0
582,1774584591.743278,90.03272869786959,10.656479999852309,11.107071999958862,15960,0.0
583,1774584591.75437,90.22717036209626,10.665248000350402,11.083135999797378,15960,0.0
584,1774584591.7676349,75.43790193342348,12.84579200000735,13.255935999950452,15960,0.0
585,1774584591.780821,75.88266718533542,12.777600000390521,13.17823999988832,15960,0.0
586,1774584591.794012,75.8555903766311,12.786592000338715,13.182943999709096,15960,0.0
587,1774584591.8072584,75.536003480028,12.81820800022615,13.23872000011761,15960,0.0
588,1774584591.8183162,90.49367557943253,10.64899199991487,11.050495999825216,15960,0.0
589,1774584591.8293762,90.47533570146041,10.65987199990559,11.05273599978318,15960,0.0
590,1774584591.8404326,90.5052073099936,10.632672000156163,11.049087999708718,15960,0.0
591,1774584591.8515477,90.0348038542829,10.65465600004245,11.10681599993768,15960,0.0
592,1774584591.8625968,90.56553466799497,10.646432000157802,11.041728000236617,15960,0.0
593,1774584591.8737092,90.05374407377059,10.693887999877916,11.10448000008546,15960,0.0
594,1774584591.8847632,90.53326264501227,10.644255999977759,11.045663999993849,15960,0.0
595,1774584591.8958187,90.5109742718842,10.647808000157966,11.04838400033259,15960,0.0
596,1774584591.9068677,90.56632208084625,10.633920000145736,11.041631999887613,15960,0.0
597,1774584591.9182026,88.28406846999135,10.910368000168091,11.327071999858163,15960,0.0
598,1774584591.9294086,89.30331979672997,10.780608000004577,11.197792000075424,15960,0.0
599,1774584591.9405954,89.44390221394627,10.773952000363352,11.180192000210809,15960,0.0
600,1774584591.9517941,89.36435491795385,10.77478399975007,11.19014400001106,15960,0.0
601,1774584591.9629903,89.38045757107527,10.780160000194883,11.188127999957942,15960,0.0
602,1774584591.974151,89.66538313773295,10.732352000104584,11.152575999858527,15960,0.0
603,1774584591.9852622,90.06542352484304,10.693760000322072,11.103039999852626,15960,0.0
604,1774584591.99641,89.7676382632402,10.720671999933984,11.139872000057949,15960,0.0
605,1774584592.0075514,89.82698603767268,10.672544000044581,11.1325120001311,15960,0.0
606,1774584592.0186517,90.16287020600004,10.671263999938674,11.09104000033767,15960,0.0
607,1774584592.030256,86.23639534669347,11.17424000040046,11.59603199994308,15960,0.0
608,1774584592.0413685,90.06127048069864,10.68022400022528,11.103552000349737,15960,0.0
609,1774584592.052483,90.03921388022013,10.67948800027807,11.106271999778983,15960,0.0
610,1774584592.063618,89.88020766074204,10.6904639997083,11.12591999981305,15960,0.0
611,1774584592.0747175,90.15792783680753,10.673600000245642,11.09164800027429,15960,0.0
612,1774584592.0858562,89.84480567780084,10.703903999910835,11.130303999834723,15960,0.0
613,1774584592.0969815,89.96274822528274,10.686080000141374,11.115711999991618,15960,0.0
614,1774584592.1080709,90.25531423317757,10.657472000275447,11.079679999966174,15960,0.0
615,1774584592.1202297,82.30701967063077,11.741664000055607,12.149631999818666,15920,0.0
616,1774584592.1313515,89.98113995373528,10.641439999744762,11.113439999917318,15920,0.0
617,1774584592.143516,82.25372576619739,11.743871999897237,12.157503999787878,15920,0.0
618,1774584592.1556416,82.51936234112773,11.728383999979997,12.118368000301416,15920,0.0
619,1774584592.1677732,82.48146476469374,11.732544000096823,12.123936000079993,15920,0.0
620,1774584592.179938,82.25632386475218,11.75980800007892,12.157120000210853,15920,0.0
621,1774584592.191661,85.35802570355101,11.306207999950857,11.715359999925568,15920,0.0
622,1774584592.2027586,90.17691990296123,10.684992000278726,11.089311999967322,15920,0.0
623,1774584592.2138722,90.0412893319136,10.712832000081107,11.106016000212549,15920,0.0
624,1774584592.2249446,90.37616729679442,10.677119999854767,11.064864000218222,15920,0.0
625,1774584592.2360067,90.46328782559794,10.659168000074715,11.054208000132348,15920,0.0
626,1774584592.2484748,80.25537903765854,12.045727999975497,12.460223999823938,15920,0.0
627,1774584592.2596042,89.9257285438851,10.681887999908213,11.120287999801803,15920,0.0
628,1774584592.2728198,75.72159652663527,12.799584000276809,13.20627199993396,15920,0.0
629,1774584592.2861123,75.27472262610577,12.89574399970661,13.284672000281716,15920,0.0
630,1774584592.299322,75.74288622765745,12.776896000104898,13.202560000081576,15920,0.0
631,1774584592.3115842,81.60419484689048,11.808704000031867,12.254272000063793,15920,0.0
632,1774584592.3238738,81.432375949644,11.853471999984322,12.280127999929391,15920,0.0
633,1774584592.3350096,89.86444128689384,10.713760000271577,11.127872000088246,15920,0.0
634,1774584592.3461494,89.82930993847917,10.723776000304497,11.132223999993585,15920,0.0
635,1774584592.3573387,89.42982406103687,10.774175999813451,11.181951999787998,15920,0.0
636,1774584592.3684113,90.37930386092692,10.657727999841882,11.06448000018645,15920,0.0
637,1774584592.379667,88.91380056231091,10.81737599997723,11.246847999700549,15920,0.0
638,1774584592.3907804,90.0553011569277,10.681664000003366,11.104288000296947,15920,0.0
639,1774584592.4019527,89.58158947807408,10.735328000009758,11.163008000039554,15920,0.0
640,1774584592.4130745,89.98917250317807,10.688832000141701,11.112447999948927,15920,0.0
641,1774584592.4242053,89.91253308924189,10.700287999952707,11.121919999823149,15920,0.0
642,1774584592.4353566,89.75448915989107,10.690143999909196,11.141504000079294,15920,0.0
643,1774584592.446479,89.97129555587952,10.694208000131766,11.114656000245304,15920,0.0
644,1774584592.4576008,89.98813596448231,10.698879999836208,11.112575999959518,15920,0.0
645,1774584592.468715,90.0368791063586,10.694591999708791,11.106559999916499,15920,0.0
646,1774584592.4798195,90.11710898632825,10.676383999907557,11.09667199989417,15920,0.0
647,1774584592.4909348,90.03739793248229,10.685279999961494,11.106496000138577,15920,0.0
648,1774584592.5021079,89.57362952340455,10.744383999735874,11.164000000007945,15920,0.0
649,1774584592.5132341,89.94695288290787,10.691487999793026,11.117664000266814,15920,0.0
650,1774584592.524321,90.26574234660359,10.649759999978414,11.078399999860267,15920,0.0
651,1774584592.535465,89.8055601836183,10.678944000119373,11.135168000237172,15920,0.0
652,1774584592.5465658,90.15402634931192,10.672448000150325,11.092128000200319,15920,0.0
653,1774584592.557748,89.50846248809079,10.738144000242755,11.172127999998338,15920,0.0
654,1774584592.568862,90.04518107141772,10.675871999865194,11.105535999831773,15920,0.0
655,1774584592.5799742,90.05244654683315,10.685504000321089,11.104639999757637,15920,0.0
656,1774584592.5910943,89.99591058495263,10.678688000098191,11.11161600010746,15920,0.0
657,1774584592.6022878,89.40807562248304,10.7548159999169,11.184672000126739,15920,0.0
658,1774584592.6133776,90.2409795117034,10.663040000054025,11.08143999999811,15920,0.0
659,1774584592.6245105,89.89804842147741,10.68262400031017,11.12371199997142,15800,0.0
660,1774584592.635629,90.00887127639682,10.689343999729317,11.110015999747702,15800,0.0
661,1774584592.6467505,89.99046821104872,10.689056000046548,11.112287999822001,15800,0.0
662,1774584592.6579187,89.60419318740986,10.73759999962931,11.160192000261304,15800,0.0
663,1774584592.6690104,90.2164907082635,10.674943999674724,11.08444800001962,15800,0.0
664,1774584592.6800563,90.59126381167748,10.635999999976775,11.038592000204517,15800,0.0
665,1774584592.6911669,90.06542352115423,10.692383999867161,11.103040000307374,15800,0.0
666,1774584592.7022827,90.02987551122348,10.70582399961495,11.107424000329047,15800,0.0
667,1774584592.7133632,90.31687495108606,10.676192000119045,11.072127999796066,15800,0.0
668,1774584592.724438,90.35160507994915,10.667199999716104,11.067871999784984,15800,0.0
669,1774584592.735563,89.94850627893476,10.668448000160424,11.117472000023554,15800,0.0
670,1774584592.7466633,90.1558470046585,10.67216000001281,11.091903999840724,15800,0.0
671,1774584592.7577963,89.88770508716314,10.704704000090715,11.124992000077327,15800,0.0
672,1774584592.768914,90.00938977610241,10.692224000194983,11.109952000424528,15800,0.0
673,1774584592.7800353,89.9782900395336,10.698047999994742,11.113791999832756,15800,0.0
674,1774584592.7911537,90.01483444633304,10.689344000184064,11.109279999800492,15800,0.0
675,1774584592.8023012,89.77589064520663,10.72275200021977,11.13884800042797,15800,0.0
676,1774584592.8134065,90.10879375339725,10.679775999960839,11.097695999978896,15800,0.0
677,1774584592.824521,90.03402565665314,10.684448000120028,11.106912000286684,15800,0.0
678,1774584592.8356233,90.14076381867017,10.679328000151145,11.093759999766917,15800,0.0
679,1774584592.8467183,90.19123427469052,10.673087999748532,11.087552000390133,15800,0.0
680,1774584592.8580382,88.40244754400157,10.89468800000759,11.311904000194772,15800,0.0
681,1774584592.8691661,89.93737480698242,10.691903999941132,11.118848000023718,15800,0.0
682,1774584592.8802967,89.91046356154675,10.704767999868636,11.122176000299078,15800,0.0
683,1774584592.8914216,89.96171229522928,10.672544000044581,11.115840000002208,15800,0.0
684,1774584592.9025245,90.13998378828343,10.680223999770533,11.09385600011592,15800,0.0
685,1774584592.9136488,89.96041741897196,10.710431999996217,11.115999999674386,15800,0.0
686,1774584592.924743,90.1980026546651,10.668320000149834,11.08672000009392,15800,0.0
687,1774584592.935846,90.13504393148267,10.676704000161408,11.094463999597792,15800,0.0
688,1774584592.946951,90.12438607414383,10.681952000140882,11.095775999820034,15800,0.0
689,1774584592.9583795,87.56861877131979,10.991999999987456,11.419615999784583,15800,0.0
690,1774584592.969453,90.37721279398215,10.644575999776862,11.064736000207631,15800,0.0
691,1774584592.9805617,90.08645416850489,10.689696000099502,11.100447999979224,15800,0.0
692,1774584592.9916995,89.85152215672099,10.69545600012134,11.129471999993257,15800,0.0
693,1774584593.0028355,89.87788112575669,10.700032000386273,11.126207999950566,15800,0.0
694,1774584593.0139618,89.95549721588502,10.688735999792698,11.116608000065753,15800,0.0
695,1774584593.0250876,89.95290785477395,10.685184000067238,11.116927999864856,15800,0.0
696,1774584593.0361633,90.36362322073023,10.65654399963023,11.066399999890564,15800,0.0
697,1774584593.0472674,90.12724524701474,10.665023999990808,11.095424000359344,15800,0.0
698,1774584593.0583317,90.44496026136348,10.655424000105995,11.056448000090313,15800,0.0
699,1774584593.0694425,90.07425000584605,10.699200000090059,11.101951999989979,15800,0.0
700,1774584593.0804935,90.55320036912913,10.64511999993556,11.043231999792624,15800,0.0
701,1774584593.0916631,89.59571546114893,10.690335999697709,11.161248000007618,15800,0.0
702,1774584593.1038158,82.34540802688525,11.745375999907992,12.143967999691085,15800,0.0
703,1774584593.1159785,82.27061635958906,11.761247999857005,12.155007999808731,15800,0.0
704,1774584593.1281588,82.16203141349567,11.759967999751098,12.171072000001004,15800,0.0
705,1774584593.1392486,90.24436730508822,10.668096000244986,11.081024000304751,15760,0.0
706,1774584593.1503022,90.52985312320287,10.657759999958216,11.046080000141956,15760,0.0
707,1774584593.1613798,90.3395901317983,10.678688000098191,11.069344000134151,15760,0.0
708,1774584593.1724575,90.33854550858482,10.675775999970938,11.069471999689995,15760,0.0
709,1774584593.1835654,90.09320682693789,10.68944000007832,11.099616000137758,15760,0.0
710,1774584593.1946452,90.32340113070383,10.660159999588359,11.071328000070935,15760,0.0
711,1774584593.2058437,89.37227772371207,10.756608000065171,11.18915199958792,15760,0.0
712,1774584593.2170336,89.43955031293324,10.742528000264429,11.18073599991476,15760,0.0
713,1774584593.2285464,86.93813621467456,10.882111999762856,11.502431999815599,15760,0.0
714,1774584593.2407496,82.01131100055748,11.775199999647157,12.193439999919065,15760,0.0
715,1774584593.2529843,81.79236517115069,11.819488000128331,12.226080000345974,15760,0.0
716,1774584593.2652574,81.5324446938468,11.847167999803787,12.265056000160257,15760,0.0
717,1774584593.277463,81.99818423395979,11.780480000197713,12.195391999739513,15760,0.0
718,1774584593.2897363,81.53669934151377,11.853984000026685,12.264416000107303,15760,0.0
719,1774584593.3008223,90.27695525554783,10.66140800003268,11.077023999860103,15760,0.0
720,1774584593.3129525,82.50019139990182,11.70812800000931,12.121184000079666,15760,0.0
721,1774584593.3251278,82.19033967780409,11.757503999888286,12.166879999767843,15760,0.0
722,1774584593.336211,90.29730206206074,10.666847999800666,11.074527999880956,15760,0.0
723,1774584593.3473434,89.89597956418655,10.681983999802469,11.123967999992601,15760,0.0
724,1774584593.358422,90.321573705492,10.66668799967374,11.071551999975782,15760,0.0
725,1774584593.3695102,90.25244692160119,10.671551999621443,11.08003200033636,15760,0.0
726,1774584593.3806038,90.2105007912356,10.669216000223969,11.08518399996683,15760,0.0
727,1774584593.3916976,90.20685514178513,10.679968000204099,11.085632000231271,15760,0.0
728,1774584593.402817,89.99124565220816,10.691839999708463,11.112191999927745,15760,0.0
729,1774584593.414002,89.46848562097215,10.76783999997133,11.17711999995663,15760,0.0
730,1774584593.4250662,90.43684614112226,10.654719999820372,11.057440000058705,15760,0.0
731,1774584593.436151,90.27226114220157,10.676735999822995,11.077599999680388,15760,0.0
732,1774584593.447249,90.17197599339417,10.678944000119373,11.089919999903941,15760,0.0
733,1774584593.4583583,90.07450963539473,10.692352000205574,11.101919999873644,15760,0.0
734,1774584593.4698737,86.90428848533223,10.67408000017167,11.506911999731528,15760,0.0
735,1774584593.4809995,89.95420251485574,10.69545600012134,11.116768000192678,15760,0.0
736,1774584593.4921024,90.13348408588121,10.67555200006609,11.094655999841052,15760,0.0
737,1774584593.5031888,90.26548161347311,10.669184000107634,11.078431999976601,15760,0.0
738,1774584593.5142846,90.18863132835102,10.651775999576785,11.087871999734489,15760,0.0
739,1774584593.5253394,90.52827958666006,10.64390400006232,11.046271999930468,15760,0.0
740,1774584593.5364194,90.31687495108606,10.664064000138751,11.072127999796066,15760,0.0
741,1774584593.5475204,90.1444041242017,10.67523199981224,11.093311999957223,15760,0.0
742,1774584593.5585942,90.3683268406988,10.658751999926608,11.065824000070279,15760,0.0
743,1774584593.5697756,89.49974653418872,10.728640000252199,11.173216000315733,15760,0.0
744,1774584593.5808704,90.1985233430635,10.67283199972735,11.08665599986125,15760,0.0
745,1774584593.5919714,90.14128384273303,10.68076799992923,11.093695999988995,15760,0.0
746,1774584593.6030617,90.23290194814844,10.664639999959036,11.082431999966502,15760,0.0
747,1774584593.6142046,89.80659252418408,10.729344000083074,11.135039999771834,15760,0.0
748,1774584593.6252692,90.43841650070291,10.647808000157966,11.057248000270192,15760,0.0
749,1774584593.6363564,90.25713897816506,10.669311999663478,11.079456000061327,15760,0.0
750,1774584593.6474838,89.93168070198122,10.676127999886376,11.119551999854593,15840,0.0
751,1774584593.6586013,90.01535301842797,10.678048000045237,11.10921600002257,15840,0.0
752,1774584593.6697228,89.99616976308675,10.697344000163866,11.111583999991126,15840,0.0
753,1774584593.6830304,75.19339741948691,12.893631999759236,13.299039999765228,15840,0.0
754,1774584593.6963198,75.29721316004849,12.884608000149456,13.280703999953403,15840,0.0
755,1774584593.7099342,73.4903321990604,13.214783999956126,13.607232000140357,15840,0.0
756,1774584593.7221637,81.8337034417626,11.800480000147218,12.219903999721282,15840,0.0
757,1774584593.7332568,90.22065807688278,10.659840000244003,11.083935999977257,15840,0.0
758,1774584593.7447772,86.8678108198434,11.102303999905416,11.511744000017643,15840,0.0
759,1774584593.756197,87.62828781209657,11.001823999777116,11.411840000164375,15840,0.0
760,1774584593.7672987,90.14752462169776,10.66380800011757,11.09292799992545,15840,0.0
761,1774584593.7783806,90.30539116032095,10.681120000299416,11.073535999912565,15840,0.0
762,1774584593.7899559,86.44154062382471,11.161152000113361,11.568511999939801,15840,0.0
763,1774584593.8012598,88.52841691449409,10.888864000207832,11.295807999886165,15840,0.0
764,1774584593.8127518,87.08058507292733,11.08531199997742,11.483615999622998,15840,0.0
765,1774584593.8240087,88.89457814266618,10.855200000150944,11.249279999901773,15840,0.0
766,1774584593.8352218,89.24593609804673,10.808128000007855,11.204991999875347,15840,0.0
767,1774584593.8465228,88.8152472328249,10.85823999983404,11.259328000051028,15840,0.0
768,1774584593.8578162,88.61477385600132,10.888127999805874,11.284799999884854,15840,0.0
769,1774584593.8690531,89.05341209791261,10.812831999828632,11.229216000174347,15840,0.0
770,1774584593.8815196,80.27187119468242,12.030976000005467,12.45766400006687,15840,0.0
771,1774584593.8926597,89.83886501347502,10.710303999985626,11.131039999781933,15840,0.0
772,1774584593.9037921,89.89261787692962,10.712448000049335,11.12438399968596,15840,0.0
773,1774584593.9149024,90.06853855655218,10.697312000047532,11.102655999820854,15840,0.0
774,1774584593.9261026,89.3482580658484,10.770464000415814,11.192160000064177,15840,0.0
775,1774584593.9372373,89.88072468283274,10.708895999869128,11.125856000035128,15840,0.0
776,1774584593.948358,89.98321273267372,10.695968000163703,11.113183999896137,15840,0.0
777,1774584593.959534,89.53385095957356,10.728799999924377,11.168959999849903,15840,0.0
778,1774584593.97069,89.69987140842785,10.723456000050646,11.14828799973111,15840,0.0
779,1774584593.9818738,89.4902634587539,10.760799999843584,11.174400000072637,15840,0.0
780,1774584593.9930062,89.89365221263367,10.701503999825945,11.124256000130117,15840,0.0
781,1774584594.004148,89.82001506030291,10.71689599984893,11.133376000088901,15840,0.0
782,1774584594.0152583,90.06957694464995,10.675647999960347,11.10252800026501,15840,0.0
783,1774584594.0263722,90.04907313997678,10.687552000035794,11.105056000360491,15840,0.0
784,1774584594.03752,89.77846983238668,10.718720000113535,11.138527999719372,15840,0.0
785,1774584594.0486186,90.16313035037439,10.686975999760762,11.091007999766589,15840,0.0
786,1774584594.059815,89.3822471121717,10.74192000032781,11.187904000053095,15840,0.0
787,1774584594.0709174,90.14154385516696,10.674719999769877,11.093664000327408,15840,0.0
788,1774584594.0820699,89.73696301558691,10.73484800008373,11.14367999980459,15840,0.0
789,1774584594.0932405,89.57927838022697,10.749728000064351,11.163295999722322,15840,0.0
790,1774584594.1043496,90.08126050321387,10.688672000014776,11.101088000032178,15840,0.0
791,1774584594.115475,89.94384625548874,10.670912000023236,11.118048000298586,15840,0.0
792,1774584594.1265607,90.27200036770488,10.670560000107798,11.07763200025147,15840,0.0
793,1774584594.1377766,89.221220091141,10.79040000013265,11.208095999791112,15840,0.0
794,1774584594.1489196,89.81278704402042,10.698463999688101,11.13427199970829,15840,0.0
795,1774584594.1601324,89.2467007281181,10.78966400018544,11.20489599998109,15760,0.0
796,1774584594.1712954,89.64377714348534,10.69465599994146,11.155264000080933,15760,0.0
797,1774584594.1823936,90.17197598969662,10.678912000003038,11.089920000358688,15760,0.0
798,1774584594.1935182,89.95705090337212,10.695968000163703,11.11641600027724,15760,0.0
799,1774584594.2047174,89.35873313385088,10.752640000191604,11.190848000296683,15760,0.0
800,1774584594.2170837,80.92437649350443,11.942527999963204,12.357216000054905,15760,0.0
801,1774584594.2294633,80.82934790683458,11.952255999858608,12.371744000120088,15760,0.0
802,1774584594.2405446,90.32131264972382,10.66582399971594,11.071584000092116,15760,0.0
803,1774584594.2517354,89.42956813464905,10.775072000342334,11.181983999904332,15760,0.0
804,1774584594.262852,90.01587159649789,10.704480000185868,11.109152000244649,15760,0.0
805,1774584594.276131,75.3547702588881,12.86041599996679,13.270559999909892,15760,0.0
806,1774584594.2882912,82.2976990861569,11.749951999718178,12.151008000273578,15760,0.0
807,1774584594.300458,82.24939596151283,11.761760000354116,12.158143999840831,15760,0.0
808,1774584594.312628,82.22364304648863,11.765439999635419,12.16195200004222,15760,0.0
809,1774584594.3248007,82.20633922504386,11.760735999814642,12.164512000254035,15760,0.0
810,1774584594.336967,82.25654038447622,11.756447999687225,12.15708799963977,15760,0.0
811,1774584594.3491051,82.43381553755958,11.742367999886483,12.130944000091404,15760,0.0
812,1774584594.3612435,82.43359808665646,11.738175999653322,12.130976000207738,15760,0.0
813,1774584594.3734088,82.24701476400092,11.75760000023729,12.15849599975627,15760,0.0
814,1774584594.3844514,90.61516825361,10.641888000009203,11.035680000077264,15760,0.0
815,1774584594.3965945,82.4057739412199,11.745695999707095,12.135072000091895,15760,0.0
816,1774584594.408724,82.49866682164958,11.729312000170466,12.121407999984513,15760,0.0
817,1774584594.4208722,82.36732929695354,11.741759999949863,12.140735999764729,15760,0.0
818,1774584594.43197,90.17457798212256,10.662720000254922,11.089600000104838,15760,0.0
819,1774584594.444122,82.35170105703975,11.737280000033934,12.143039999955363,15760,0.0
820,1774584594.4562783,82.32414903361233,11.747135999939928,12.147103999723186,15760,0.0
821,1774584594.4673686,90.24019774963622,10.639520000040648,11.081535999892367,15760,0.0
822,1774584594.4784305,90.46407346149554,10.657119999905262,11.054111999783345,15760,0.0
823,1774584594.4895308,90.15116547332647,10.69324800027971,11.092480000115756,15760,0.0
824,1774584594.5006044,90.37303095035983,10.647551999682037,11.065248000249994,15760,0.0
825,1774584594.511728,89.97388597940254,10.695680000026186,11.114335999991454,15760,0.0
826,1774584594.522794,90.43998691854,10.643743999935396,11.057056000026932,15760,0.0
827,1774584594.5350256,81.81377874881831,11.821600000075705,12.222880000081204,15760,0.0
828,1774584594.5473015,81.50586320477804,11.85641600022791,12.269056000150158,15760,0.0
829,1774584594.5583928,90.22248142079721,10.676639999928739,11.08371200007241,15760,0.0
830,1774584594.5695148,90.17301676790791,10.692895999909524,11.089792000348098,15760,0.0
831,1774584594.58056,90.60649815079223,10.64198399990346,11.036736000278324,15760,0.0
832,1774584594.5915945,90.69748542999116,10.644320000210428,11.025664000044344,15760,0.0
833,1774584594.6026616,90.419314143184,10.667040000043926,11.059584000122413,15760,0.0
834,1774584594.6138406,89.51615444576724,10.752671999853192,11.171167999691534,15760,0.0
835,1774584594.6249638,89.97336788129228,10.690304000036122,11.114400000224123,15760,0.0
836,1774584594.6360745,90.05945365054434,10.698879999836208,11.103775999799836,15760,0.0
837,1774584594.6473334,88.88294755565633,10.836767999990116,11.250752000250941,15760,0.0
838,1774584594.6584663,89.88589524927896,10.683712000172818,11.125215999982174,15760,0.0
839,1774584594.6697404,88.77084339353819,10.841247999906045,11.264960000062274,15760,0.0
840,1774584594.6809142,89.5643874790734,10.752416000286757,11.165152000103262,15760,0.0
841,1774584594.6924973,86.39732817924443,11.174783999649662,11.574432000088564,15760,0.0
842,1774584594.703649,89.73722070072272,10.72303999990254,11.143648000143003,15760,0.0
843,1774584594.7147386,90.24514914310367,10.690015999898606,11.080927999955748,15760,0.0
844,1774584594.7258735,89.87555471488547,10.72303999990254,11.126495999633335,15760,0.0
845,1774584594.7369924,90.00627883799916,10.710016000302858,11.110336000001553,15760,0.0
846,1774584594.7480972,90.11191178591399,10.680223999770533,11.097311999947124,15760,0.0
847,1774584594.759167,90.40571190679368,10.662176000096224,11.061247999805346,15760,0.0
848,1774584594.7702549,90.24905852157944,10.695104000205902,11.080448000029719,15760,0.0
849,1774584594.7813249,90.39368256505027,10.676448000140226,11.062720000154513,15760,0.0
850,1774584594.7924037,90.31426474032588,10.657055999672593,11.072448000049917,15760,0.0
851,1774584594.803572,89.60547783267637,10.73091199987175,11.160032000134379,15760,0.0
852,1774584594.814668,90.18446691412503,10.679135999907885,11.0883840002316,15760,0.0
853,1774584594.8258314,89.64094855903298,10.753728000054252,11.155615999996371,15760,0.0
854,1774584594.83691,90.3304504661937,10.66761599986421,11.070464000113134,15760,0.0
855,1774584594.8480022,90.21492804243388,10.680672000034974,11.08464000026288,15760,0.0
856,1774584594.8590817,90.3202684454512,10.6637439998849,11.071712000102707,15760,0.0
857,1774584594.870215,89.88822219918757,10.720799999944575,11.124927999844658,15760,0.0
858,1774584594.8813179,90.12568567501565,10.675071999685315,11.095616000147857,15760,0.0
859,1774584594.8924031,90.27434735164972,10.673600000245642,11.077344000113953,15760,0.0
860,1774584594.9035203,90.00705655236453,10.67363199990723,11.110240000107297,15760,0.0
861,1774584594.914572,90.55346276334161,10.650111999893852,11.043200000131037,15760,0.0
862,1774584594.925689,90.01301948184097,10.70947200014416,11.109504000160086,15760,0.0
863,1774584594.9367838,90.19722163703867,10.674496000319778,11.086815999988175,15760,0.0
864,1774584594.9479172,89.88253431250378,10.703775999900245,11.125632000130281,15760,0.0
865,1774584594.961133,75.71792709764333,12.795136000022467,13.206911999986914,15760,0.0
866,1774584594.9742632,76.20780221767296,12.72294399996099,13.122015999670111,15760,0.0
867,1774584594.9864361,82.19358232616072,11.780256000292866,12.166399999841815,15760,0.0
868,1774584594.9986694,81.79236517115069,11.81455999994796,12.226080000345974,15760,0.0
869,1774584595.0098364,89.60933198584763,10.733632000210491,11.15955200020835,15760,0.0
870,1774584595.0209622,89.94798847307112,10.687711999707972,11.117536000256223,15760,0.0
871,1774584595.032084,89.97077749128276,10.681887999908213,11.114720000023226,15760,0.0
872,1774584595.0431635,90.31818011304608,10.670367999864538,11.071967999669141,15760,0.0
873,1774584595.0542612,90.16781312079111,10.702880000280857,11.090431999946304,15760,0.0
874,1774584595.0653272,90.42559348077378,10.666112000308203,11.058816000058869,15760,0.0
875,1774584595.0764031,90.34011245617602,10.66006400014885,11.069279999901482,15760,0.0
876,1774584595.0875163,90.04310543662626,10.641855999892869,11.105791999852954,15760,0.0
877,1774584595.0987728,88.91076488716224,10.82345599979817,11.247232000187068,15760,0.0
878,1774584595.1111524,80.83332040177461,11.937983999814605,12.371135999728722,15760,0.0
879,1774584595.1222935,89.82543683604386,10.725376000209508,11.13270400037436,15760,0.0
880,1774584595.1334555,89.64943484795299,10.733759999766335,11.154560000250058,15760,0.0
881,1774584595.1447034,88.97025119399329,10.810912000124517,11.239712000133295,15760,0.0
882,1774584595.155924,89.19600858251403,10.791520000111632,11.211264000394294,15760,0.0
883,1774584595.1670244,90.14518422739843,10.68390399996133,11.093216000062966,15760,0.0
884,1774584595.178546,86.84873867754517,11.105088000022079,11.514272000113124,15800,0.0
885,1774584595.189682,89.86004836427841,10.715391999838175,11.128416000246943,15800,0.0
886,1774584595.2007911,90.07113457906884,10.694911999962642,11.10233600002175,15800,0.0
887,1774584595.2119071,90.01872389190235,10.698112000227411,11.108800000329211,15800,0.0
888,1774584595.2230186,90.05218704445743,10.689183999602392,11.104671999873972,15800,0.0
889,1774584595.2342134,89.39119589628038,10.780031999729545,11.186784000074113,15800,0.0
890,1774584595.2457116,87.03450465606905,11.05606400005854,11.489695999898686,15800,0.0
891,1774584595.256998,88.6748711036189,10.82812799995736,11.27715199982049,15800,0.0
892,1774584595.2681518,89.73000599939452,10.692511999877752,11.144544000217138,15800,0.0
893,1774584595.2793846,89.10165572341185,10.743231999640557,11.223135999898659,15800,0.0
894,1774584595.2905145,89.92107088020238,10.701024000354664,11.120864000076836,15800,0.0
895,1774584595.3016183,90.12256668924039,10.692767999898933,11.096000000179629,15800,0.0
896,1774584595.3127184,90.1503852666051,10.686143999919295,11.092576000010013,15800,0.0
897,1774584595.323794,90.34899286138977,10.67763199989713,11.068192000038835,15800,0.0
898,1774584595.3348613,90.41486680575336,10.659712000233412,11.06012800028111,15800,0.0
899,1774584595.3460114,89.7426324890549,10.748960000000807,11.142975999973714,15800,0.0
900,1774584595.3570871,90.34638079387338,10.6731519999812,11.068512000292685,15800,0.0
901,1774584595.3681834,90.18680934864877,10.67363199990723,11.088096000094083,15800,0.0
902,1774584595.3794227,89.0412324992271,10.812063999765087,11.230752000301436,15800,0.0
903,1774584595.3905182,90.1852477145785,10.695808000036777,11.088287999882596,15800,0.0
904,1774584595.4017208,89.32501729179593,10.80569599980663,11.19507200019143,15800,0.0
905,1774584595.4129128,89.40654084015479,10.789760000079696,11.184863999915251,15800,0.0
906,1774584595.4240057,90.2105007912356,10.69779199997356,11.08518399996683,15800,0.0
907,1774584595.435096,90.22690985174866,10.689600000205246,11.083167999913712,15800,0.0
908,1774584595.4462674,89.576967397975,10.744319999957952,11.163583999859839,15800,0.0
909,1774584595.457386,90.00964903556383,10.695871999814699,11.109919999853446,15800,0.0
910,1774584595.4684708,90.27956331012794,10.671040000033827,11.076703999606252,15800,0.0
911,1774584595.4796195,89.75629371357319,10.686240000268299,11.1412799997197,15800,0.0
912,1774584595.4907262,90.10671518492718,10.679680000066583,11.097952000000078,15800,0.0
913,1774584595.5019627,89.05138193702106,10.789343999931589,11.229471999740781,15800,0.0
914,1774584595.5130594,90.18759018966367,10.658048000095732,11.08799999974508,15800,0.0
915,1774584595.5242028,89.809947780271,10.717535999901884,11.134624000078475,15800,0.0
916,1774584595.5353453,89.81175456103662,10.687487999803125,11.134400000173628,15800,0.0
917,1774584595.5464358,90.23576801425294,10.675872000319941,11.082080000051064,15800,0.0
918,1774584595.5575416,90.11399059414259,10.687808000056975,11.097055999925942,15800,0.0
919,1774584595.5686402,90.16078914570903,10.684064000088256,11.091295999904105,15800,0.0
920,1774584595.5797129,90.37407637869825,10.659199999736302,11.065119999784656,15800,0.0
921,1774584595.590846,89.88848075375662,10.700736000217148,11.124896000183071,15800,0.0
922,1774584595.6019742,89.92521100023633,10.710143999858701,11.120352000034472,15800,0.0
923,1774584595.6131005,89.94514066209898,10.701952000090387,11.117887999716913,15800,0.0
924,1774584595.6242266,89.94669399185227,10.693407999951887,11.1176959999284,15800,0.0
925,1774584595.635367,89.82879350405558,10.686495999834733,11.132288000226254,15800,0.0
926,1774584595.6466246,88.90014167070545,10.824703999787744,11.248576000070898,15800,0.0
927,1774584595.6588755,81.68610578183629,11.81996800005436,12.241983999956574,15800,0.0
928,1774584595.6699915,90.02909740247114,10.700223999720038,11.107520000223303,15800,0.0
929,1774584595.6811361,89.79704431246022,10.6935999997404,11.136223999983486,15800,0.0
930,1774584595.6930666,83.87595484466651,11.494816000322317,11.922367999886774,15920,0.0
931,1774584595.7041638,90.17718012471843,10.684959999707644,11.089279999850987,15920,0.0
932,1774584595.7153418,89.53154232058652,10.687680000046385,11.16924799998742,15920,0.0
933,1774584595.7264051,90.45412311883135,10.655839999799355,11.055327999656583,15920,0.0
934,1774584595.7375114,90.10229854807965,10.701439999593276,11.098495999704028,15920,0.0
935,1774584595.748613,90.13296415180761,10.693279999941296,11.094719999618974,15920,0.0
936,1774584595.759694,90.31530880578309,10.660703999747057,11.072320000039326,15920,0.0
937,1774584595.7708066,90.05504164178754,10.687263999898278,11.104319999958534,15920,0.0
938,1774584595.7819736,89.61472835952169,10.7272320001357,11.158880000039062,15920,0.0
939,1774584595.7931101,89.8634076232911,10.700767999878735,11.12799999964409,15920,0.0
940,1774584595.8042076,90.17691990296123,10.666624000350566,11.089311999967322,15920,0.0
941,1774584595.8153605,89.7397976627761,10.69372799975099,11.143327999889152,15920,0.0
942,1774584595.8264432,90.30747890505874,10.653855999862571,11.073279999891383,15920,0.0
943,1774584595.837602,89.6821092081944,10.737600000084058,11.150496000027488,15920,0.0
944,1774584595.8486812,90.3218347590594,10.654879999947298,11.071520000314194,15920,0.0
945,1774584595.8597715,90.23550745425553,10.673440000118717,11.082112000167399,15920,0.0
946,1774584595.8708537,90.30356446007707,10.663999999906082,11.07376000027216,15920,0.0
947,1774584595.8820467,89.41626202793967,10.758335999980773,11.183648000042012,15920,0.0
948,1774584595.8931623,90.04829469934859,10.674399999970774,11.105152000254748,15920,0.0
949,1774584595.904245,90.29965035813778,10.673312000108126,11.074240000198188,15920,0.0
950,1774584595.9153595,90.03921388022013,10.671391999949265,11.106271999778983,15920,0.0
951,1774584595.9264512,90.21180287687415,10.693343999719218,11.085024000294652,15920,0.0
952,1774584595.937537,90.26704602743953,10.686432000056811,11.078240000188089,15920,0.0
953,1774584595.9486277,90.22091855113034,10.683488000267971,11.083903999860922,15920,0.0
954,1774584595.9597208,90.21258415074082,10.682368000288989,11.084927999945648,15920,0.0
955,1774584595.9708261,90.1009996179025,10.69139199989877,11.098655999830953,15920,0.0
956,1774584595.9819572,89.89442798554468,10.697951999645738,11.124159999781114,15920,0.0
957,1774584595.993059,90.13296414811327,10.687615999813715,11.094720000073721,15920,0.0
958,1774584596.0041406,90.29547568905194,10.671296000055008,11.07475200024055,15920,0.0
959,1774584596.0152957,89.70476368342428,10.68684799975017,11.14767999979449,15920,0.0
960,1774584596.0264056,90.06853855286312,10.693247999824962,11.102656000275601,15920,0.0
961,1774584596.0374784,90.36963348643368,10.65987199990559,11.065664000398101,15920,0.0
962,1774584596.048553,90.35944263459045,10.650432000147703,11.066911999932927,15920,0.0
963,1774584596.059648,90.19956473419545,10.67449599986503,11.08652799985066,15920,0.0
964,1774584596.0707188,90.39315962474792,10.655424000105995,11.062783999932435,15920,0.0
965,1774584596.0818987,89.50897524219972,10.75321600001189,11.172064000220416,15920,0.0
966,1774584596.0929725,90.3795652520273,10.644703999787453,11.064448000070115,15920,0.0
967,1774584596.1040568,90.28269316861207,10.66153600004327,11.076320000029227,15920,0.0
968,1774584596.1151383,90.30460828185774,10.664991999874474,11.073631999806821,15920,0.0
969,1774584596.1262765,89.85126381105151,10.715648000314104,11.129504000109591,15920,0.0
970,1774584596.1373522,90.35343372059087,10.654144000000088,11.067647999880137,15920,0.0
971,1774584596.1484675,90.03428505436835,10.689247999835061,11.10688000017035,15920,0.0
972,1774584596.1596205,89.72021647621081,10.696448000089731,11.145760000090377,15920,0.0
973,1774584596.170705,90.29286671873732,10.66595199972653,11.075072000039654,15920,0.0
974,1774584596.1818197,90.04025159226357,10.69705600002635,11.10614400022314,15920,0.0
975,1774584596.1929235,90.12854493773543,10.671840000213706,11.095263999777671,15920,0.0
976,1774584596.2040422,90.01146386045367,10.686015999908705,11.109695999948599,15880,0.0
977,1774584596.215166,89.96041741529174,10.687743999824306,11.116000000129134,15880,0.0
978,1774584596.2263231,89.70708126445825,10.724223999659444,11.147391999656975,15880,0.0
979,1774584596.2373862,90.46852563740661,10.655840000254102,11.053568000079395,15880,0.0
980,1774584596.2484488,90.4601454296236,10.663328000191541,11.05459200016412,15880,0.0
981,1774584596.2595265,90.33697861163894,10.655551999661839,11.069663999933255,15880,0.0
982,1774584596.2705607,90.69616928262836,10.626783999668987,11.02582400017127,15880,0.0
983,1774584596.2817106,89.75371580404735,10.725536000336433,11.14159999997355,15880,0.0
984,1774584596.2928007,90.23550745425553,10.676288000013301,11.082112000167399,15880,0.0
985,1774584596.3038828,90.30695695797017,10.67689599994992,11.073344000124052,15880,0.0
986,1774584596.314941,90.48791081420754,10.65078400006314,11.051200000110839,15880,0.0
987,1774584596.3260672,89.940480987367,10.724255999775778,11.118463999991945,15880,0.0
988,1774584596.337148,90.3064350206235,10.67375999991782,11.073407999901974,15880,0.0
989,1774584596.349328,82.15360752927742,11.768639999900188,12.172319999990577,15880,0.0
990,1774584596.3615923,81.59396753127413,11.838400000215188,12.255807999736135,15880,0.0
991,1774584596.3738282,81.78337481536559,11.808511999788607,12.227423999775056,15880,0.0
992,1774584596.3860443,81.91199637224507,11.805920000369952,12.20822400000543,15880,0.0
993,1774584596.39774,85.55572894713274,11.277952000000369,11.68828800018673,15880,0.0
994,1774584596.4111145,74.81248997562572,12.951168000199687,13.366751999910775,15880,0.0
995,1774584596.4233553,81.75021320407645,11.810911999873497,12.232384000071761,15880,0.0
996,1774584596.4343958,90.64513228385724,10.626847999901656,11.0320320000028,15880,0.0
997,1774584596.4454715,90.348731647099,10.675903999981529,11.068224000155169,15880,0.0
998,1774584596.456564,90.20659475243566,10.688287999983004,11.085663999892859,15880,0.0
999,1774584596.4676867,89.96482015696519,10.683519999929558,11.115455999970436,15880,0.0
1000,1774584596.4787803,90.20919873948363,10.668160000022908,11.085344000093755,15880,0.0
1001,1774584596.4900715,89.18633522433393,10.792992000006052,11.212480000267533,15880,0.0
1002,1774584596.5020838,83.30978443271006,11.558368000351038,12.003392000224267,15880,0.0
1003,1774584596.521071,52.694412874144014,18.520191999868985,18.977344000177254,15880,0.0
1004,1774584596.5376825,60.235041951043904,16.142911999850185,16.601632000401878,15880,0.0
1005,1774584596.548799,90.03220992555578,10.678559999632853,11.107135999736784,15880,0.0
1006,1774584596.5599139,90.03298808442533,10.679007999897294,11.107040000297275,15880,0.0
1007,1774584596.571019,90.12022759434514,10.672736000287841,11.096287999862398,15880,0.0
1008,1774584596.5821688,89.75474694935504,10.712543999943591,11.14147199996296,15880,0.0
1009,1774584596.5932734,90.12568567501565,10.669120000329713,11.095616000147857,15880,0.0
1010,1774584596.604369,90.20112686783199,10.674719999769877,11.0863359996074,15880,0.0
1011,1774584596.6155055,89.86289079673472,10.67990399997143,11.128063999876758,15880,0.0
1012,1774584596.6266127,90.10671518492718,10.687072000109765,11.097952000000078,15880,0.0
1013,1774584596.6377656,89.72897542247686,10.74025600019013,11.144672000227729,15880,0.0
1014,1774584596.648851,90.26756751328234,10.663455999747384,11.07817599995542,15880,0.0
1015,1774584596.659948,90.1844669178236,10.680704000151309,11.088383999776852,15880,0.0
1016,1774584596.6710389,90.23837368588234,10.683519999929558,11.081760000251961,15880,0.0
1017,1774584596.6821592,89.99850242610538,10.707744000228558,11.11129599985361,15880,0.0
1018,1774584596.6932497,90.23159925336984,10.6785600000876,11.08259199963868,15880,0.0
1019,1774584596.7043474,90.18030288815893,10.668704000181606,11.088896000273962,15880,0.0
1020,1774584596.715464,90.01950182135069,10.690623999835225,11.108704000434955,15560,0.0
1021,1774584596.726536,90.37695142020327,10.671616000308859,11.064767999869218,15560,0.0
1022,1774584596.7376494,90.0412893319136,10.711520000313612,11.106016000212549,15560,0.0
1023,1774584596.74873,90.30852280991878,10.671743999864702,11.07315200033554,15560,0.0
1024,1774584596.7597904,90.47114477263003,10.66067200008547,11.053247999825544,15560,0.0
1025,1774584596.7708654,90.35238877348738,10.66841600004409,11.067775999890728,15560,0.0
1026,1774584596.7819664,90.14492419396286,10.697503999836044,11.093247999724554,15560,0.0
1027,1774584596.7930858,90.00653807585563,10.701375999815355,11.110303999885218,15560,0.0
1028,1774584596.8041744,90.26391725002622,10.657599999831291,11.078624000219861,15560,0.0
1029,1774584596.8152978,89.97518124710182,10.672928000076354,11.114175999864528,15560,0.0
1030,1774584596.82639,90.2183138837365,10.675168000034319,11.084224000114773,15560,0.0
1031,1774584596.8374863,90.18967248737778,10.683967999739252,11.087744000178645,15560,0.0
1032,1774584596.8485525,90.4420808913501,10.658495999905426,11.056800000005751,15560,0.0
1033,1774584596.8596816,89.91796604401989,10.710592000123142,11.12124799965386,15560,0.0
1034,1774584596.8707566,90.36519103840973,10.669216000223969,11.066208000102051,15560,0.0
1035,1774584596.8818688,90.05452260861848,10.697440000058123,11.104384000191203,15560,0.0
1036,1774584596.8929443,90.35735248657531,10.675040000023728,11.067167999954108,15560,0.0
1037,1774584596.9040394,90.19279611979346,10.683200000130455,11.087360000146873,15560,0.0
1038,1774584596.9151688,89.92676364537701,10.674784000002546,11.120159999791213,15560,0.0
1039,1774584596.9262996,89.91227439261033,10.71708800009219,11.121951999939483,15560,0.0
1040,1774584596.9373732,90.3701561582788,10.668320000149834,11.065600000165432,15560,0.0
1041,1774584596.948447,90.35787501637014,10.668799999621115,11.06710399972144,15560,0.0
1042,1774584596.9595535,90.09268735743703,10.67417599961118,11.09967999991568,15560,0.0
1043,1774584596.9706435,90.24931915613786,10.678304000066419,11.080416000368132,15560,0.0
1044,1774584596.9817903,89.7820809338871,10.734175999914441,11.138079999909678,15560,0.0
1045,1774584596.9928813,90.2315992496674,10.681119999844668,11.082592000093427,15560,0.0
1046,1774584597.0039344,90.54454211992406,10.633375999987038,11.044287999993685,15560,0.0
1047,1774584597.015001,90.42794845815935,10.660320000170032,11.058527999921353,15560,0.0
1048,1774584597.0261302,89.92469346622198,10.713728000155243,11.120415999812394,15560,0.0
1049,1774584597.0372148,90.28634494694225,10.680127999876277,11.075872000219533,15560,0.0
1050,1774584597.0483031,90.24905852157944,10.686656000416406,11.080448000029719,15560,0.0
1051,1774584597.0594213,90.00990828915025,10.67929600003481,11.109888000191859,15560,0.0
1052,1774584597.070491,90.39943532632238,10.658111999873654,11.062016000323638,15560,0.0
1053,1774584597.0816038,90.06049182917415,10.694719999719382,11.103648000243993,15560,0.0
1054,1774584597.092675,90.39682034879543,10.65452800003186,11.062335999667994,15560,0.0
1055,1774584597.103745,90.39838931864335,10.66473600030804,11.062143999879481,15560,0.0
1056,1774584597.1147885,90.61201530104624,10.638335999828996,11.036063999654289,15560,0.0
1057,1774584597.12607,88.70633519489739,10.87513599986778,11.273151999830588,15560,0.0
1058,1774584597.1371613,90.23029659250243,10.685343999739416,11.082751999765605,15560,0.0
1059,1774584597.1482942,89.88899787470574,10.7027840003866,11.124831999950402,15560,0.0
1060,1774584597.159387,90.22091855113034,10.650495999925624,11.083903999860922,15560,0.0
1061,1774584597.1704726,90.2868666520879,10.661503999926936,11.075808000441612,15560,0.0
1062,1774584597.181674,89.34391546678232,10.784255999624293,11.192703999768128,15560,0.0
1063,1774584597.1927595,90.2722611384958,10.666591999779484,11.077600000135135,15560,0.0
1064,1774584597.203848,90.25713898186959,10.665727999821684,11.07945599960658,15560,0.0
1065,1774584597.2149734,89.95549721588502,10.677440000108618,11.116608000065753,15560,0.0
1066,1774584597.2263398,88.10858360855077,10.942943999907584,11.349632000019483,15720,0.0
1067,1774584597.2375572,89.21332404392632,10.7846719997724,11.209088000214251,15720,0.0
1068,1774584597.2486212,90.46014543334482,10.636448000241217,11.054591999709373,15720,0.0
1069,1774584597.2597468,89.95497932952915,10.694783999952051,11.116672000298422,15720,0.0
1070,1774584597.2708514,90.13660382737964,10.676672000045073,11.09427199980928,15720,0.0
1071,1774584597.2821093,88.9016591160913,10.795968000365974,11.248384000282385,15720,0.0
1072,1774584597.2954016,75.28977528870719,12.813887999982398,13.282015999720898,15720,0.0
1073,1774584597.3086932,75.28469660727974,12.841951999689627,13.28291200024978,15720,0.0
1074,1774584597.319869,89.57106209937398,10.717375999774958,11.164319999807049,15720,0.0
1075,1774584597.3310313,89.6769620595414,10.731360000136192,11.151136000080442,15720,0.0
1076,1774584597.342181,89.76093431878529,10.724191999997856,11.140703999899415,15720,0.0
1077,1774584597.3532717,90.23576801425294,10.678976000235707,11.082080000051064,15720,0.0
1078,1774584597.3643234,90.55346276707051,10.644416000104684,11.04319999967629,15720,0.0
1079,1774584597.3754199,90.19487866161111,10.66908799975863,11.087104000125692,15720,0.0
1080,1774584597.3864958,90.35552368730991,10.642080000252463,11.067391999858955,15720,0.0
1081,1774584597.3976254,89.91512012640608,10.708671999964281,11.121600000024046,15720,0.0
1082,1774584597.4087267,90.1566273059204,10.662432000117406,11.091807999946468,15720,0.0
1083,1774584597.4198303,90.13946377552554,10.678079999706824,11.09392000034859,15720,0.0
1084,1774584597.4309013,90.3994353300386,10.65526399997907,11.06201599986889,15720,0.0
1085,1774584597.4420202,90.00342733118518,10.719968000103108,11.11068799991699,15720,0.0
1086,1774584597.4530709,90.55451237031438,10.63449599996602,11.043071999665699,15720,0.0
1087,1774584597.4642289,89.68365346618064,10.722751999765023,11.150304000238975,15720,0.0
1088,1774584597.4755287,88.5620359368239,10.801951999837911,11.291519999758748,15720,0.0
1089,1774584597.488377,77.88627855740425,12.395776000175829,12.839231999805634,15720,0.0
1090,1774584597.4996936,88.44222812239553,10.859487999823614,11.306815999887476,15720,0.0
1091,1774584597.5112934,86.27734646816499,11.131904000194481,11.590527999942424,15720,0.0
1092,1774584597.5268345,64.38427004772967,15.095104000010906,15.53174399987256,15720,0.0
1093,1774584597.540012,75.94702907249875,12.692735999735305,13.16707200021483,15720,0.0
1094,1774584597.5511703,89.70424868005254,10.708032000366074,11.14774400002716,15720,0.0
1095,1774584597.5623782,89.29642985703224,10.764447999918048,11.198656000033225,15720,0.0
1096,1774584597.5736046,89.15656463163864,10.772927999823878,11.216224000236252,15720,0.0
1097,1774584597.5856407,83.14995995516456,11.570912000024691,12.026463999973203,15720,0.0
1098,1774584597.596754,90.06646184480498,10.664831999747548,11.102911999842036,15720,0.0
1099,1774584597.607934,89.53205533915846,10.717247999764368,11.169184000209498,15720,0.0
1100,1774584597.619043,90.09502502659483,10.672639999938838,11.099391999778163,15720,0.0
1101,1774584597.6301944,89.74443656233393,10.730720000083238,11.142752000068867,15720,0.0
1102,1774584597.641316,89.99098650243491,10.680895999939821,11.11222400004408,15720,0.0
1103,1774584597.6524382,89.98321273267372,10.677664000013465,11.113183999896137,15720,0.0
1104,1774584597.6646464,81.97366350264029,11.761664000005112,12.199039999813976,15720,0.0
1105,1774584597.6757684,89.99668812015028,10.683840000183409,11.111520000213204,15720,0.0
1106,1774584597.6868808,90.05088955870015,10.674976000245806,11.104832000000897,15720,0.0
1107,1774584597.6980264,89.78259682767295,10.709952000070189,11.138016000131756,15720,0.0
1108,1774584597.7091146,90.26522088184889,10.65766400006396,11.078464000092936,15720,0.0
1109,1774584597.7202249,90.07814459147755,10.673376000340795,11.10147200006395,15720,0.0
1110,1774584597.731673,87.41894515463095,11.012511999979324,11.439167999924393,15880,0.0
1111,1774584597.742794,89.98891336534484,10.692607999772008,11.112480000065261,15880,0.0
1112,1774584597.753998,89.32118756003518,10.765823999918211,11.195551999662712,15880,0.0
1113,1774584597.7651215,89.97544030585318,10.680352000235871,11.114143999748194,15880,0.0
1114,1774584597.776232,90.0906095319548,10.668863999853784,11.09993599993686,15880,0.0
1115,1774584597.7873936,89.66692681974742,10.684768000373879,11.152384000070015,15880,0.0
1116,1774584597.7985086,90.04673785846747,10.674143999949592,11.10534400004326,15880,0.0
1117,1774584597.809658,89.76557540388197,10.700736000217148,11.14012800007913,15880,0.0
1118,1774584597.8207827,89.9806217757624,10.677440000108618,11.11350399969524,15880,0.0
1119,1774584597.8319104,89.94617620685393,10.692096000184392,11.11776000016107,15880,0.0
1120,1774584597.843016,90.12412615698962,10.668703999726858,11.095807999936369,15880,0.0
1121,1774584597.8542128,89.38020192715881,10.762304000309086,11.188160000074276,15880,0.0
1122,1774584597.8653138,90.15532680885693,10.665152000001399,11.091968000073393,15880,0.0
1123,1774584597.8764617,89.78801409055606,10.679936000087764,11.137343999962468,15880,0.0
1124,1774584597.8876216,89.6924052782755,10.711103999710758,11.14921599992158,15880,0.0
1125,1774584597.8987253,90.14206389192508,10.674719999769877,11.093600000094739,15880,0.0
1126,1774584597.9098785,89.73077894670311,10.72083200006091,11.144448000322882,15880,0.0
1127,1774584597.920998,90.00109441286655,10.687456000141538,11.110976000054507,15880,0.0
1128,1774584597.9321008,90.15194569355256,10.67481600011888,11.0923840002215,15880,0.0
1129,1774584597.943217,90.03324747984801,10.6776960001298,11.107007999726193,15880,0.0
1130,1774584597.954386,89.80607635093445,10.702016000323056,11.135104000004503,15880,0.0
1131,1774584597.9654953,90.10099961421078,10.674015999939002,11.0986560002857,15880,0.0
1132,1774584597.9769638,87.26003490271867,11.045407999972667,11.460000000170112,15880,0.0
1133,1774584597.988611,85.92529860923034,11.211519999960728,11.638015999778872,15880,0.0
1134,1774584597.9996848,90.38688479074021,10.656064000158949,11.06355199999598,15880,0.0
1135,1774584598.0107448,90.48502870887476,10.653823999746237,11.051552000026277,15880,0.0
1136,1774584598.0218856,89.82362950473771,10.725536000336433,11.132928000279207,15880,0.0
1137,1774584598.0329697,90.28425818294298,10.6534719998308,11.076127999785967,15880,0.0
1138,1774584598.0440984,89.94332850695501,10.687839999718562,11.118112000076508,15880,0.0
1139,1774584598.0552557,89.9684462652243,10.689183999602392,11.115008000160742,15880,0.0
1140,1774584598.0663629,90.1139905904498,10.674079999716923,11.09705600038069,15880,0.0
1141,1774584598.0774508,90.26730677331314,10.664095999800338,11.078207999617007,15880,0.0
1142,1774584598.0885482,90.18550798070213,10.667135999938182,11.088256000221008,15880,0.0
1143,1774584598.099646,90.18056313313919,10.680479999791714,11.08886399970288,15880,0.0
1144,1774584598.1107323,90.27956330642157,10.657951999746729,11.076704000061,15880,0.0
1145,1774584598.1218984,89.61961135118584,10.738015999777417,11.158272000102443,15880,0.0
1146,1774584598.1329982,90.15922840891264,10.671519999959855,11.091488000147365,15880,0.0
1147,1774584598.144094,90.19696129960234,10.665343999789911,11.08684800010451,15880,0.0
1148,1774584598.1551898,90.18941219721695,10.656960000233084,11.087775999840233,15880,0.0
1149,1774584598.166295,90.11580962909946,10.664448000170523,11.096832000021095,15880,0.0
1150,1774584598.1773763,90.31243768478696,10.659967999799846,11.072671999954764,15880,0.0
1151,1774584598.1884832,90.09970072517602,10.678368000299088,11.098815999957878,15880,0.0
1152,1774584598.199595,90.06879814948746,10.651040000084322,11.102624000159267,15880,0.0
1153,1774584598.2106888,90.20373053920294,10.675487999833422,11.086015999808296,15880,0.0
1154,1774584598.2218068,90.00498267480015,10.688224000205082,11.110496000128478,15880,0.0
1155,1774584598.232938,89.91149831532364,10.698047999994742,11.12204799983374,15880,0.0
1156,1774584598.2440083,90.39969683388259,10.656767999989825,11.061984000207303,15920,0.0
1157,1774584598.2551072,90.16781312079111,10.678912000003038,11.090431999946304,15920,0.0
1158,1774584598.2662473,89.83550759274303,10.723744000188162,11.13145599993004,15920,0.0
1159,1774584598.2773046,90.50887710776897,10.640576000241708,11.048640000353771,15920,0.0
1160,1774584598.288383,90.32679511922511,10.662080000201968,11.070911999922828,15920,0.0
1161,1774584598.2994888,90.09970072517602,10.670912000023236,11.098815999957878,15920,0.0
1162,1774584598.3105636,90.35970390710678,10.668255999917164,11.06688000027134,15920,0.0
1163,1774584598.3216887,89.95523827196169,10.710495999774139,11.116640000182088,15920,0.0
1164,1774584598.3327599,90.39865082015181,10.659360000317974,11.062111999763147,15920,0.0
1165,1774584598.3438506,90.23394413327574,10.68751999991946,11.082303999955911,15920,0.0
1166,1774584598.354951,90.1558470046585,10.674239999843849,11.091903999840724,15920,0.0
1167,1774584598.366052,90.15350617821633,10.70374399978391,11.09219199997824,15920,0.0
1168,1774584598.3771195,90.42245370668071,10.654624000380863,11.059199999635894,15920,0.0
1169,1774584598.3882267,90.09762257618354,10.696128000290628,11.09907199997906,15920,0.0
1170,1774584598.399325,90.17665968270586,10.65820799976791,11.089344000083656,15920,0.0
1171,1774584598.410393,90.41146619933957,10.65840000001117,11.06054399997447,15920,0.0
1172,1774584598.4214635,90.39498994785168,10.667007999927591,11.062560000027588,15920,0.0
1173,1774584598.4325812,90.00964903556383,10.69872000016403,11.109919999853446,15920,0.0
1174,1774584598.4436386,90.51202289411246,10.641343999850505,11.048255999867251,15920,0.0
1175,1774584598.4547439,90.10645536968791,10.682399999950576,11.097984000116412,15920,0.0
1176,1774584598.4658575,90.04025159226357,10.690751999845816,11.10614400022314,15920,0.0
1177,1774584598.477001,89.80607635093445,10.683936000077665,11.135104000004503,15920,0.0
1178,1774584598.4881232,90.00109441286655,10.678111999823159,11.110976000054507,15920,0.0
1179,1774584598.4992366,90.161049274378,10.668255999917164,11.09126399978777,15920,0.0
1180,1774584598.5103285,90.22248142079721,10.664639999959036,11.08371200007241,15920,0.0
1181,1774584598.5227592,80.501401370799,11.994911999863689,12.422143999629043,15920,0.0
1182,1774584598.5339193,89.68494039089995,10.718655999880866,11.15014400011205,15920,0.0
1183,1774584598.5461092,82.10266905816476,11.732383999969898,12.179872000160685,15920,0.0
1184,1774584598.5584657,80.99275082267445,11.885983999945893,12.346784000328626,15920,0.0
1185,1774584598.5696502,89.4912885595095,10.735551999914605,11.174272000062047,15920,0.0
1186,1774584598.580789,89.8468721803134,10.693312000057631,11.130047999813542,15920,0.0
1187,1774584598.5919657,89.54924492324439,10.722815999997692,11.167039999691042,15920,0.0
1188,1774584598.6030838,90.02468836744283,10.674111999833258,11.108064000382,15920,0.0
1189,1774584598.614262,89.53385095957356,10.740768000232492,11.168959999849903,15920,0.0
1190,1774584598.6254137,89.73773608275816,10.705088000122487,11.143583999910334,15920,0.0
1191,1774584598.6365538,89.84532229635242,10.691231999771844,11.130239999602054,15920,0.0
1192,1774584598.6476605,90.10853392617109,10.679871999855095,11.09772800009523,15920,0.0
1193,1774584598.6588068,89.78311273105328,10.717727999690396,11.137951999899087,15920,0.0
1194,1774584598.6699567,89.76377048063098,10.737919999883161,11.140351999983977,15920,0.0
1195,1774584598.6810591,90.14336400637687,10.685407999972085,11.093439999967813,15920,0.0
1196,1774584598.6926477,86.35817224604862,11.1655040000187,11.579680000068038,15920,0.0
1197,1774584598.7037213,90.38191783254145,10.661152000011498,11.064159999932599,15920,0.0
1198,1774584598.7147872,90.42873347664025,10.651135999978578,11.058432000027096,15920,0.0
1199,1774584598.725938,89.73747839100045,10.734751999734726,11.143616000026668,15920,0.0
1200,1774584598.7381089,82.2225613465394,11.756383999909303,12.162111999714398,15920,0.0
1201,1774584598.7491846,90.35108262266832,10.665759999938018,11.067936000017653,15920,0.0
1202,1774584598.761228,83.0887201418533,11.633824000000459,12.035327999910805,15894,0.0
1203,1774584598.7733548,82.5141330213151,11.720991999936814,12.119135999910213,15894,0.0
1204,1774584598.7855618,81.97194330013079,11.80608000004213,12.199295999835158,15894,0.0
1205,1774584598.7977526,82.07959488222353,11.78217599999698,12.183295999875554,15894,0.0
1206,1774584598.8088348,90.29599750343199,10.672448000150325,11.074688000007882,15894,0.0
1207,1774584598.8199027,90.42036063888577,10.661631999937526,11.059456000111823,15894,0.0
1208,1774584598.8309948,90.20945914756723,10.669503999906738,11.08531199997742,15894,0.0
1209,1774584598.8421338,89.8370571381009,10.735295999893424,11.131264000141528,15894,0.0
1210,1774584598.853203,90.40309655870203,10.655424000105995,11.061568000059196,15894,0.0
1211,1774584598.866563,74.89622379401031,12.956672000200342,13.351807999697485,15894,0.0
1212,1774584598.8779237,88.09740612849356,10.954591999961849,11.351072000252316,15894,0.0
1213,1774584598.8890224,90.17561882040022,10.684544000014284,11.089472000094247,15894,0.0
1214,1774584598.900355,88.31650373885115,10.904031999871222,11.322912000196084,15894,0.0
1215,1774584598.9114609,90.12828499659253,10.661952000191377,11.095295999894006,15894,0.0
1216,1774584598.9225454,90.2905187717603,10.675871999865194,11.07536000017717,15894,0.0
1217,1774584598.9336667,89.98165814135828,10.71750399978555,11.11337599968465,15894,0.0
1218,1774584598.9447515,90.28712750877516,10.67622400023538,11.075776000325277,15894,0.0
1219,1774584598.9558585,90.10905358212183,10.688127999856079,11.097663999862561,15894,0.0
1220,1774584598.9669182,90.49026903864713,10.651135999978578,11.050911999973323,15894,0.0
1221,1774584598.9780686,89.75809833615578,10.740224000073795,11.141055999814853,15894,0.0
1222,1774584598.9891636,90.20581358230582,10.680800000045565,11.085760000241862,15894,0.0
1223,1774584599.000263,90.16807328629514,10.688736000247445,11.090400000284717,15894,0.0
1224,1774584599.0113838,89.98424915795431,10.6745600000977,11.113055999885546,15894,0.0
1225,1774584599.022491,90.11035274083655,10.688544000004185,11.097504000190384,15894,0.0
1226,1774584599.0336168,89.94824737893694,10.724063999987266,11.117503999685141,15894,0.0
1227,1774584599.044697,90.31452575535442,10.673792000034155,11.072415999933582,15894,0.0
1228,1774584599.0557559,90.49105514325781,10.653024000021105,11.05081599962432,15894,0.0
1229,1774584599.0668442,90.24202188343098,10.688512000342598,11.08131199998752,15894,0.0
1230,1774584599.07796,90.02183569774135,10.708895999869128,11.108415999842691,15894,0.0
1231,1774584599.0890706,90.06542352115423,10.692160000417061,11.103040000307374,15894,0.0
1232,1774584599.1005151,87.45221610897225,11.020576000191795,11.434816000019055,15894,0.0
1233,1774584599.11162,90.12828499659253,10.694783999952051,11.095295999894006,15894,0.0
1234,1774584599.1226964,90.34376888109853,10.667168000054517,11.068832000091788,15894,0.0
1235,1774584599.133833,89.85978996957671,10.727904000304989,11.128448000363278,15894,0.0
1236,1774584599.144885,90.54427977740713,10.641471999861096,11.044319999655272,15894,0.0
1237,1774584599.1559982,90.0493326280937,10.69452799993087,11.10502399978941,15894,0.0
1238,1774584599.1670723,90.36754287065196,10.650624000390962,11.065919999964535,15894,0.0
1239,1774584599.1781907,90.01768667600935,10.712991999753285,11.108927999885054,15894,0.0
1240,1774584599.1893103,90.00239046407734,10.68838399987726,11.110815999927581,15894,0.0
1241,1774584599.2018683,79.69194282612523,12.128992000270955,12.548319999950763,15894,0.0
1242,1774584599.212983,90.0534845639167,10.694048000004841,11.104512000201794,15894,0.0
1243,1774584599.225211,81.83948984694022,11.793919999945501,12.219039999763481,15894,0.0
1244,1774584599.2362916,90.32496755667759,10.660767999979726,11.071135999827675,15894,0.0
1245,1774584599.2474012,90.0784042434782,10.668064000128652,11.101439999947615,15894,0.0
1246,1774584599.2585144,90.05322505555847,10.67603199999212,11.104544000318128,15894,0.0
1247,1774584599.2699282,87.6882842842216,10.930720000033034,11.404031999973085,15720,0.0
1248,1774584599.2811058,89.53487705915776,10.772128000098746,11.168831999839313,15720,0.0
1249,1774584599.2922072,90.1503852666051,10.683743999834405,11.092576000010013,15720,0.0
1250,1774584599.3033607,89.7310365999857,10.668800000075862,11.144416000206547,15720,0.0
1251,1774584599.314445,90.28869268055331,10.67395200016108,11.07558399962727,15720,0.0
1252,1774584599.3255672,89.97388597940254,10.707263999847783,11.114335999991454,15720,0.0
1253,1774584599.3367085,89.83215042294593,10.699167999973724,11.131872000078147,15720,0.0
1254,1774584599.347921,89.26582076077204,10.750911999821255,11.2024959998962,15720,0.0
1255,1774584599.3591597,89.0501131303128,10.724735999701807,11.229631999867706,15720,0.0
1256,1774584599.3702831,89.99202310680057,10.698143999888998,11.112096000033489,15720,0.0
1257,1774584599.3814194,89.86108195427374,10.65452800003186,11.128288000236353,15720,0.0
1258,1774584599.3924992,90.32052949518328,10.670112000298104,11.071679999986372,15720,0.0
1259,1774584599.403614,90.03869502948145,10.667904000001727,11.106336000011652,15720,0.0
1260,1774584599.4147208,90.09892140899238,10.676383999907557,11.098911999852135,15720,0.0
1261,1774584599.4277987,76.51774477014175,12.66176000035557,13.06886400016083,15720,0.0
1262,1774584599.43888,90.30930575996508,10.669056000097044,11.073055999986536,15720,0.0
1263,1774584599.4500072,89.93530413925096,10.709312000017235,11.1191040000449,15720,0.0
1264,1774584599.4610815,90.36388452113661,10.659232000307384,11.06636799977423,15720,0.0
1265,1774584599.4721537,90.38061082783399,10.664832000202296,11.064320000059524,15720,0.0
1266,1774584599.483262,90.08593477318087,10.67008000018177,11.100512000211893,15720,0.0
1267,1774584599.4943602,90.17796079530305,10.68844800010993,11.089183999956731,15720,0.0
1268,1774584599.5054326,90.38087222649433,10.656767999989825,11.06428799994319,15720,0.0
1269,1774584599.5165288,90.18967248737778,10.67763199989713,11.087744000178645,15720,0.0
1270,1774584599.527645,90.03324747616185,10.690143999909196,11.10700800018094,15720,0.0
1271,1774584599.538761,90.03636028621418,10.679040000013629,11.10662399969442,15720,0.0
1272,1774584599.5499024,89.83499108705577,10.719040000367386,11.131520000162709,15720,0.0
1273,1774584599.561109,89.30255419617589,10.786016000110976,11.19788799996968,15720,0.0
1274,1774584599.5721984,90.25062236632718,10.668607999832602,11.080256000241206,15720,0.0
1275,1774584599.5833683,89.60188092313334,10.71062399978473,11.160479999944073,15720,0.0
1276,1774584599.5944686,90.16495136975583,10.680511999908049,11.090783999861742,15720,0.0
1277,1774584599.6056564,89.44723042701315,10.75033600000097,11.179776000062702,15720,0.0
1278,1774584599.6168287,89.58723933894335,10.66707200016026,11.16230399975393,15720,0.0
1279,1774584599.627977,89.7867242060675,10.711072000049171,11.137504000089393,15720,0.0
1280,1774584599.6390982,90.00239046039368,10.685856000236527,11.110816000382329,15720,0.0
1281,1774584599.6502552,89.70012888058578,10.716639999827748,11.148256000069523,15720,0.0
1282,1774584599.6635077,75.50935591224943,12.815648000014335,13.243391999822052,15720,0.0
1283,1774584599.6767588,75.51227527413201,12.826496000343468,13.242880000234436,15720,0.0
1284,1774584599.6888912,82.48298871031103,11.694048000208568,12.123711999720399,15720,0.0
1285,1774584599.7005517,85.82524058537335,11.20623999986492,11.651583999991999,15720,0.0
1286,1774584599.7116616,90.07450963539473,10.671104000266496,11.101919999873644,15720,0.0
1287,1774584599.722792,89.91072224775812,10.690495999824634,11.122144000182743,15720,0.0
1288,1774584599.7339828,89.42956813464905,10.742559999926016,11.181983999904332,15720,0.0
1289,1774584599.7451227,89.85048878662793,10.703039999953035,11.129600000003848,15720,0.0
1290,1774584599.756279,89.69549455665803,10.729152000294562,11.148832000344555,15720,0.0
1291,1774584599.7674353,89.70656623447535,10.71148799974253,11.147455999889644,15720,0.0
1292,1774584599.7785485,90.05322505555847,10.678048000045237,11.104544000318128,15760,0.0
1293,1774584599.7897532,89.31684758829785,10.74332799998956,11.19609599982141,15760,0.0
1294,1774584599.8008826,89.92702242171522,10.703360000206885,11.120128000129625,15760,0.0
1295,1774584599.8119774,90.19409769808435,10.687615999813715,11.087200000019948,15760,0.0
1296,1774584599.8230472,90.40178894511637,10.653343999820208,11.061727999731374,15760,0.0
1297,1774584599.8342042,89.69703927931246,10.73184000006222,11.148640000101295,15760,0.0
1298,1774584599.8453243,89.99228226254415,10.679424000045401,11.112063999917154,15760,0.0
1299,1774584599.8564193,90.19722163703867,10.677792000024056,11.086815999988175,15760,0.0
1300,1774584599.8675392,89.98502649166232,10.664799999631214,11.11295999999129,15760,0.0
1301,1774584599.8786526,90.04907314366426,10.688800000025367,11.105055999905744,15760,0.0
1302,1774584599.889778,89.94514065842002,10.692000000290136,11.11788800017166,15760,0.0
1303,1774584599.9009204,89.81252892104895,10.714240000197606,11.134303999824624,15760,0.0
1304,1774584599.911998,90.33932897558569,10.661599999821192,11.069375999795739,15760,0.0
1305,1774584599.9230742,90.34403006669355,10.664160000033007,11.068799999975454,15760,0.0
1306,1774584599.9341948,89.98321273267372,10.708767999858537,11.113183999896137,15760,0.0
1307,1774584599.9452984,90.12620552512026,10.684416000003694,11.095552000369935,15760,0.0
1308,1774584599.9563925,90.2013872256153,10.687007999877096,11.086303999945812,15760,0.0
1309,1774584599.967542,89.75191135768381,10.714400000324531,11.141823999878397,15760,0.0
1310,1774584599.9786124,90.39498994785168,10.66815999956816,11.062560000027588,15760,0.0
1311,1774584599.9897695,89.68648475004805,10.750592000022152,11.14995199986879,15760,0.0
1312,1774584600.0008988,89.91951843530937,10.70652800035532,11.121055999865348,15760,0.0
1313,1774584600.0128906,83.4526149368092,11.570431999643915,11.982848000116064,15760,0.0
1314,1774584600.024019,89.9321983164247,10.724736000156554,11.119488000076672,15760,0.0
1315,1774584600.0350916,90.36884949371576,10.672447999695578,11.065760000292357,15760,0.0
1316,1774584600.04619,90.16234993284509,10.696223999730137,11.091104000115592,15760,0.0
1317,1774584600.0572488,90.4913171774394,10.665759999938018,11.050783999962732,15760,0.0
1318,1774584600.0682821,90.70406673608795,10.633280000092782,11.024863999864465,15760,0.0
1319,1774584600.0793552,90.37303095035983,10.658239999884245,11.065248000249994,15760,0.0
1320,1774584600.0904157,90.46616854610527,10.652864000348927,11.05385600021691,15760,0.0
1321,1774584600.1015422,89.94281076070317,10.716864000187343,11.118176000309177,15760,0.0
1322,1774584600.1126466,90.12360633087233,10.646144000020286,11.09587199971429,15760,0.0
1323,1774584600.1238582,89.26403587858657,10.81577600007222,11.202719999801047,15760,0.0
1324,1774584600.1349337,90.35395620135021,10.671584000192524,11.067584000102215,15760,0.0
1325,1774584600.146033,90.1568874105747,10.698271999899589,11.091775999830134,15760,0.0
1326,1774584600.1570737,90.63750797451296,10.64064000001963,11.03296000019327,15760,0.0
1327,1774584600.1681688,90.18993278643906,10.68751999991946,11.087711999607563,15760,0.0
1328,1774584600.179211,90.62699379514119,10.64150399997743,11.03423999984443,15760,0.0
1329,1774584600.1903293,89.99902081004052,10.685023999940313,11.111232000075688,15760,0.0
1330,1774584600.2013927,90.4504577523227,10.660160000043106,11.055775999921025,15760,0.0
1331,1774584600.2124622,90.40701963758656,10.668096000244986,11.06108799967842,15760,0.0
1332,1774584600.2245898,82.4991024083597,11.739487999875564,12.12134400020659,15760,0.0
1333,1774584600.2356791,90.23524689576288,10.679007999897294,11.082144000283733,15760,0.0
1334,1774584600.2479024,81.86264364997344,11.734528000033606,12.215584000387025,15760,0.0
1335,1774584600.2596238,85.36758599473946,11.318272000153229,11.714048000158073,15760,0.0
1336,1774584600.2706923,90.4044042101161,10.66675199990641,11.061408000387019,15760,0.0
1337,1774584600.2818139,89.97725375152018,10.696832000121503,11.113919999843347,15760,0.0
1338,1774584600.2928755,90.4570032519546,10.666879999917,11.054976000195893,15800,0.0
1339,1774584600.3039093,90.68195734042875,10.63449599996602,11.027551999632124,15800,0.0
1340,1774584600.3149827,90.36649759717722,10.663456000202132,11.066047999975126,15800,0.0
1341,1774584600.3261442,89.65046359855272,10.748575999969034,11.154432000239467,15800,0.0
1342,1774584600.3372352,90.22065807688278,10.680511999908049,11.083935999977257,15800,0.0
1343,1774584600.3483226,90.2482766195289,10.68537599985575,11.080543999923975,15800,0.0
1344,1774584600.359404,90.29965035813778,10.647263999999268,11.074240000198188,15800,0.0
1345,1774584600.3704846,90.31452575164519,10.677792000024056,11.07241600038833,15800,0.0
1346,1774584600.381592,90.08255886431613,10.704127999815682,11.100927999905252,15800,0.0
1347,1774584600.3926928,90.14908494961524,10.690111999792862,11.092736000136938,15800,0.0
1348,1774584600.4037738,90.30930575996508,10.66633600021305,11.073055999986536,15800,0.0
1349,1774584600.4148855,90.05478212445514,10.70467199997438,11.104352000074869,15800,0.0
1350,1774584600.4260025,90.00783428016997,10.70508799966774,11.11014400021304,15800,0.0
1351,1774584600.4371188,90.01950182503573,10.693247999824962,11.108703999980207,15800,0.0
1352,1774584600.448214,90.19722163703867,10.673312000108126,11.086815999988175,15800,0.0
1353,1774584600.45936,89.77924361120795,10.68230400005632,11.138432000279863,15800,0.0
1354,1774584600.470404,90.61070163307889,10.633887999574654,11.036223999781214,15800,0.0
1355,1774584600.4815178,90.03973273325194,10.708479999721021,11.106208000001061,15800,0.0
1356,1774584600.492597,90.32209582155556,10.671104000266496,11.071487999743113,15800,0.0
1357,1774584600.5037076,90.07321150630771,10.694560000047204,11.10208000000057,15800,0.0
1358,1774584600.5147996,90.22300239185321,10.674015999939002,11.08364799983974,15800,0.0
1359,1774584600.5259318,89.88770508716314,10.713280000345549,11.124992000077327,15800,0.0
1360,1774584600.5373416,87.69345175607941,10.993599999892467,11.403359999803797,15800,0.0
1361,1774584600.549655,81.26423749450613,11.903520000032586,12.305535999985295,15800,0.0
1362,1774584600.5618777,81.8675762482859,11.788704000082362,12.214847999985068,15800,0.0
1363,1774584600.5729754,90.18889161770356,10.664767999969627,11.087839999618154,15800,0.0
1364,1774584600.5840402,90.44522203237953,10.655967999809945,11.056415999973979,15800,0.0
1365,1774584600.5950994,90.48005095866846,10.664800000085961,11.052159999962896,15800,0.0
1366,1774584600.6061811,90.29469298620522,10.68377599995074,11.07484799968006,15800,0.0
1367,1774584600.6183252,82.39208614335824,11.74739199996111,12.137087999690266,15800,0.0
1368,1774584600.6304803,82.31439092648635,11.755519999951503,12.148543999956019,15800,0.0
1369,1774584600.641619,89.83705714177103,10.722367999733251,11.13126399968678,15800,0.0
1370,1774584600.6527,90.31217668182758,10.663904000011826,11.072704000071099,15800,0.0
1371,1774584600.663817,90.01068606992325,10.68889600037437,11.109791999842855,15800,0.0
1372,1774584600.6749227,90.11269132683692,10.693887999877916,11.097216000052867,15800,0.0
1373,1774584600.6860108,90.25505356028687,10.685407999972085,11.079712000082509,15800,0.0
1374,1774584600.6970842,90.3735536615057,10.668991999864375,11.065184000017325,15800,0.0
1375,1774584600.7081654,90.3064350206235,10.673855999812076,11.073407999901974,15800,0.0
1376,1774584600.7192168,90.54847748112552,10.649087999809126,11.043808000067656,15800,0.0
1377,1774584600.7303262,90.07632707676473,10.684031999971921,11.101695999968797,15800,0.0
1378,1774584600.7414167,90.22300238815149,10.664224000265676,11.083648000294488,15800,0.0
1379,1774584600.752454,90.65118006034474,10.63811199992415,11.03129600005559,15800,0.0
1380,1774584600.763524,90.39760482319544,10.641728000337025,11.062240000228485,15800,0.0
1381,1774584600.7746048,90.30460828185774,10.677983999812568,11.073631999806821,15800,0.0
1382,1774584600.7856863,90.3035644637854,10.679328000151145,11.073759999817412,15800,0.0
1383,1774584600.7970326,88.19188295898844,10.845343999790202,11.338912000155688,15840,0.0
1384,1774584600.8080661,90.69669573848594,10.62729599971135,11.0257599999386,15840,0.0
1385,1774584600.8191257,90.47795522729515,10.655967999809945,11.052415999984078,15840,0.0
1386,1774584600.830212,90.27121806807725,10.681535999992775,11.077728000145726,15840,0.0
1387,1774584600.8412998,90.25661761651307,10.677759999907721,11.079519999839249,15840,0.0
1388,1774584600.8523693,90.40335808372859,10.662624000360665,11.06153600039761,15840,0.0
1389,1774584600.8634527,90.2826931723187,10.639520000040648,11.07631999957448,15840,0.0
1390,1774584600.874515,90.45490858811145,10.652639999989333,11.055232000217075,15840,0.0
1391,1774584600.8856268,90.05114904991038,10.703903999910835,11.10480000033931,15840,0.0
1392,1774584600.896707,90.31087169707719,10.66112000034991,11.072863999743277,15840,0.0
1393,1774584600.9077797,90.37669004422183,10.658112000328401,11.064799999985553,15840,0.0
1394,1774584600.9188542,90.35892008666477,10.65900799994779,11.066976000165596,15840,0.0
1395,1774584600.929971,90.01535301842797,10.698208000121667,11.10921600002257,15840,0.0
1396,1774584600.9410634,90.21388629652232,10.660255999937363,11.08476800027347,15840,0.0
1397,1774584600.9521625,90.1646912185701,10.67216000001281,11.090815999978076,15840,0.0
1398,1774584600.9634757,88.45399401722875,10.862432000067201,11.305311999876722,15840,0.0
1399,1774584600.9746156,89.83085927003967,10.706848000154423,11.132032000205072,15840,0.0
1400,1774584600.986498,84.22249832043184,11.436096000124962,11.873312000261649,15840,0.0
1401,1774584600.99768,89.49359512298872,10.743295999873226,11.17398399992453,15840,0.0
1402,1774584601.008807,89.9402221298871,10.683488000267971,11.11849600010828,15840,0.0
1403,1774584601.0199223,90.03195053979773,10.682208000162063,11.107167999853118,15840,0.0
1404,1774584601.0310142,90.22091855113034,10.65379200008465,11.083903999860922,15840,0.0
1405,1774584601.042161,89.77692230376155,10.72396800009301,11.138719999962632,15840,0.0
1406,1774584601.0532386,90.33985129323217,10.653247999925952,11.069312000017817,15840,0.0
1407,1774584601.06434,90.14336400637687,10.67843200007701,11.093439999967813,15840,0.0
1408,1774584601.0754595,90.00161283034507,10.64857600022151,11.110911999821838,15840,0.0
1409,1774584601.08657,90.0797025185554,10.680352000235871,11.101280000275437,15840,0.0
1410,1774584601.0976717,90.15064533154786,10.674240000298596,11.092544000348425,15840,0.0
1411,1774584601.1087677,90.18264510637358,10.680159999992611,11.088608000136446,15840,0.0
1412,1774584601.1198504,90.29547569275962,10.660575999736466,11.074751999785803,15840,0.0
1413,1774584601.1309466,90.19487866161111,10.660704000201804,11.087104000125692,15840,0.0
1414,1774584601.1420743,89.93245712771983,10.70454399996379,11.119455999960337,15840,0.0
1415,1774584601.153161,90.26157081207873,10.675903999981529,11.07891199990263,15840,0.0
1416,1774584601.1642234,90.46197847020136,10.644672000125865,11.054367999804526,15840,0.0
1417,1774584601.1753466,89.97259074899564,10.680127999876277,11.114496000118379,15840,0.0
1418,1774584601.186412,90.43632270128728,10.644288000094093,11.057503999836626,15840,0.0
1419,1774584601.1975317,89.99928000608918,10.697087999687938,11.111199999959354,15840,0.0
1420,1774584601.2086546,89.98476737770669,10.665023999990808,11.112992000107624,15840,0.0
1421,1774584601.2197423,90.25739966310205,10.672224000245478,11.079423999944993,15840,0.0
1422,1774584601.2308278,90.2785200672482,10.66393600012816,11.07683200007159,15840,0.0
1423,1774584601.241958,89.90942883526272,10.724448000019038,11.122304000309668,15840,0.0
1424,1774584601.253058,90.14674447429834,10.668383999927755,11.093024000274454,15840,0.0
1425,1774584601.264212,89.72253485578982,10.721919999923557,11.14547199995286,15840,0.0
1426,1774584601.2753315,89.99331889676188,10.67449599986503,11.111935999906564,15840,0.0
1427,1774584601.286422,90.22847293269737,10.68777599994064,11.082975999670452,15840,0.0
1428,1774584601.2975347,90.04440269807874,10.668800000075862,11.105631999726029,15840,0.0
1429,1774584601.308755,89.1893897429145,10.81382400025177,11.21209600023576,15934,0.0
1430,1774584601.3198144,90.47900308084614,10.662591999789583,11.052287999973487,15934,0.0
1431,1774584601.3311367,88.3806959602126,10.865088000173273,11.314687999856687,15934,0.0
1432,1774584601.3423667,89.1138518589467,10.82825599996795,11.22159999977157,15934,0.0
1433,1774584601.3535635,89.37023299126226,10.799231999953918,11.18940800006385,15934,0.0
1434,1774584601.3647447,89.49769597225874,10.778175999803352,11.173471999882167,15934,0.0
1435,1774584601.3760061,88.85565292490604,10.849312000118516,11.254208000082144,15934,0.0
1436,1774584601.3872812,88.7577325720866,10.816863999934867,11.266624000199954,15934,0.0
1437,1774584601.399253,83.58810988919963,11.527168000156962,11.963424000441591,15934,0.0
1438,1774584601.412312,76.62713115588308,12.615584000286617,13.050207999640406,15934,0.0
1439,1774584601.424491,82.16786434516568,11.736351999843464,12.170208000043203,15934,0.0
1440,1774584601.4377337,75.56285257717177,12.810303999685857,13.234015999842086,15934,0.0
1441,1774584601.4499145,82.15144783546707,11.764800000037212,12.172640000244428,15934,0.0
1442,1774584601.4619036,83.45707235216857,11.575359999824286,11.98220800006311,15934,0.0
1443,1774584601.474152,81.69571548334929,11.835840000003373,12.240544000178488,15934,0.0
1444,1774584601.485275,89.97414503069523,10.707039999942936,11.11430399987512,15934,0.0
1445,1774584601.496356,90.31400373051522,10.669631999917328,11.072479999711504,15934,0.0
1446,1774584601.5074694,90.04829469934859,10.6754240000555,11.105152000254748,15934,0.0
1447,1774584601.5185704,90.15428643895874,10.67135999983293,11.092096000083984,15934,0.0
1448,1774584601.5296876,90.01976113538305,10.693151999930706,11.10867200031862,15934,0.0
1449,1774584601.54078,90.21102162394106,10.67196799976955,11.085119999734161,15934,0.0
1450,1774584601.5518465,90.43108861386342,10.656639999979234,11.058144000344328,15934,0.0
1451,1774584601.562913,90.419314143184,10.663999999906082,11.059584000122413,15934,0.0
1452,1774584601.574018,90.10515631965797,10.68784000017331,11.098144000243337,15934,0.0
1453,1774584601.5864072,80.76584108890678,10.70572800017544,12.381472000015492,15934,0.0
1454,1774584601.5983388,83.87843129906925,11.49347199998374,11.922015999971336,15934,0.0
1455,1774584601.6094444,90.11632936897178,10.668288000033499,11.096767999788426,15934,0.0
1456,1774584601.6205714,89.93530413925096,10.695615999793517,11.1191040000449,15934,0.0
1457,1774584601.6316664,90.20477204687866,10.669056000097044,11.085888000252453,15934,0.0
1458,1774584601.6427674,90.15064533524365,10.667647999980545,11.092543999893678,15934,0.0
1459,1774584601.653954,89.46285073186071,10.74553599983119,11.177823999787506,15934,0.0
1460,1774584601.665171,89.22478650307879,10.787744000026578,11.207647999981418,15934,0.0
1461,1774584601.6762974,89.94488177779643,10.70172800018554,11.117919999833248,15934,0.0
1462,1774584601.687428,89.9073594578172,10.66883199973745,11.122559999876103,15934,0.0
1463,1774584601.6985712,89.81743349289033,10.694015999888506,11.133695999888005,15934,0.0
1464,1774584601.7097356,89.64557724438592,10.727999999744497,11.155040000176086,15934,0.0
1465,1774584601.7208757,89.83783193449594,10.70988799983752,11.131167999792524,15934,0.0
1466,1774584601.731994,90.00653807217164,10.696800000005169,11.110304000339966,15934,0.0
1467,1774584601.7431004,90.10879375339725,10.68262400031017,11.097695999978896,15934,0.0
1468,1774584601.7542226,89.98347183399403,10.689856000226428,11.11315200023455,15934,0.0
1469,1774584601.7653182,90.19383737868101,10.666719999790075,11.087232000136282,15934,0.0
1470,1774584601.7765152,89.37866810163496,10.76163199968505,11.188351999862789,15934,0.0
1471,1774584601.7876472,89.90166915271841,10.701312000037433,11.123263999706978,15934,0.0
1472,1774584601.7987585,90.06412565763398,10.701791999963461,11.103199999979552,15934,0.0
1473,1774584601.8099062,89.77176426640317,10.72656000042116,11.139360000015586,15934,0.0
1474,1774584601.8219233,83.2735984048044,11.574912000014592,12.008608000087406,15880,0.0
1475,1774584601.8330293,90.1121716326206,10.679552000055992,11.09727999983079,15880,0.0
1476,1774584601.8441036,90.37538319070605,10.651904000042123,11.064960000112478,15880,0.0
1477,1774584601.8552144,90.07762529565673,10.689759999877424,11.101535999841872,15880,0.0
1478,1774584601.8663313,90.01950182503573,10.666719999790075,11.108703999980207,15880,0.0
1479,1774584601.8774319,90.16026889287413,10.676320000129635,11.091360000136774,15880,0.0
1480,1774584601.8885314,90.16287020969683,10.67468800010829,11.091039999882923,15880,0.0
1481,1774584601.8996308,90.16365063253605,10.686272000384633,11.090943999988667,15880,0.0
1482,1774584601.9107502,89.99124565220816,10.703039999953035,11.112191999927745,15880,0.0
1483,1774584601.9219072,89.69806912275503,10.728800000379124,11.148512000090705,15880,0.0
1484,1774584601.9330184,90.07658671459771,10.68992000000435,11.10166400030721,15880,0.0
1485,1774584601.9441516,89.8931350418063,10.711104000165506,11.124319999908039,15880,0.0
1486,1774584601.9552765,89.95446145281605,10.672959999737941,11.116736000076344,15880,0.0
1487,1774584601.9663632,90.26756751328234,10.664223999810929,11.07817599995542,15880,0.0
1488,1774584601.9774656,90.1384237717039,10.692479999761417,11.09404800035918,15880,0.0
1489,1774584601.9885945,89.91900096313918,10.706591999678494,11.121120000098017,15880,0.0
1490,1774584601.9996786,90.28712751248216,10.671391999949265,11.07577599987053,15880,0.0
1491,1774584602.0108159,89.85255555058389,10.711520000313612,11.129343999982666,15880,0.0
1492,1774584602.0219827,89.61010285918991,10.744096000053105,11.159455999859347,15880,0.0
1493,1774584602.0330844,90.14726457106428,10.685952000130783,11.092960000041785,15880,0.0
1494,1774584602.0441668,90.29312761009655,10.662111999863555,11.07503999992332,15880,0.0
1495,1774584602.0552843,90.01146386045367,10.678111999823159,11.109695999948599,15880,0.0
1496,1774584602.066342,90.49944107549827,10.659615999884409,11.04979199999434,15880,0.0
1497,1774584602.0774298,90.24931915613786,10.69097600020541,11.080416000368132,15880,0.0
1498,1774584602.0885155,90.26235294450636,10.677407999992283,11.078816000008374,15880,0.0
1499,1774584602.099614,90.17796079530305,10.662623999905918,11.089183999956731,15880,0.0
1500,1774584602.1107059,90.21362586287837,10.692096000184392,11.084800000389805,15880,0.0
1501,1774584602.1218557,89.75242690481414,10.742528000264429,11.141760000100476,15880,0.0
1502,1774584602.1329195,90.44862517860152,10.657824000190885,11.05600000028062,15880,0.0
1503,1774584602.1440353,90.02987551490938,10.707903999900736,11.1074239998743,15880,0.0
1504,1774584602.155157,89.98321273267372,10.68649600028948,11.113183999896137,15880,0.0
1505,1774584602.1662982,89.83499109072572,10.724480000135372,11.131519999707962,15880,0.0
1506,1774584602.1773689,90.38819197691232,10.633247999976447,11.063391999869054,15880,0.0
1507,1774584602.1886218,88.94239663674198,10.83500799995818,11.24323199974242,15880,0.0
1508,1774584602.199727,90.1345239757186,10.67676799993933,11.094527999830461,15880,0.0
1509,1774584602.210867,89.83292513103754,10.729344000083074,11.13177600018389,15880,0.0
1510,1774584602.2220163,89.75964521222373,10.716896000303677,11.14086400002634,15880,0.0
1511,1774584602.2331488,89.90063462516727,10.691360000237182,11.123392000172316,15880,0.0
1512,1774584602.2451282,83.53738732463634,11.552479999863863,11.970688000019436,15880,0.0
1513,1774584602.2573154,82.11388736324022,11.768959999699291,12.178208000023005,15880,0.0
1514,1774584602.2683995,90.28738836696976,10.662944000159769,11.075744000208942,15880,0.0
1515,1774584602.279521,89.98321273267372,10.671808000097371,11.113183999896137,15880,0.0
1516,1774584602.2906337,90.05011108666724,10.679519999939657,11.104927999895153,15880,0.0
1517,1774584602.3017778,89.8096896736194,10.710752000250068,11.13465600019481,15880,0.0
1518,1774584602.3128755,90.17952218072112,10.672192000129144,11.088991999713471,15880,0.0
1519,1774584602.3240013,89.95342571359872,10.685984000247117,11.116864000086935,15880,0.0
1520,1774584602.3351338,89.90322098133772,10.689344000184064,11.123071999918466,15840,0.0
1521,1774584602.3462985,89.63709168208965,10.72108800008209,11.156096000377147,15840,0.0
1522,1774584602.357436,89.86392445212003,10.695616000248265,11.127935999866168,15840,0.0
1523,1774584602.3685675,89.91460270853409,10.70006400004786,11.121663999801967,15840,0.0
1524,1774584602.3796663,90.17770056904033,10.669183999652887,11.089216000073066,15840,0.0
1525,1774584602.3907802,90.03999216385363,10.688544000004185,11.106175999884726,15840,0.0
1526,1774584602.4019241,89.80659252051645,10.716192000018054,11.135040000226581,15840,0.0
1527,1774584602.4130347,90.07762529565673,10.68825599986667,11.101535999841872,15840,0.0
1528,1774584602.4241726,89.85565587479985,10.697088000142685,11.128959999950894,15840,0.0
1529,1774584602.435358,89.48565079413939,10.699039999963134,11.17497600034767,15840,0.0
1530,1774584602.4464314,90.3719855499217,10.655744000359846,11.065376000260585,15840,0.0
1531,1774584602.4575462,90.0384356100411,10.691552000025695,11.106367999673239,15840,0.0
1532,1774584602.4686587,90.05556067725158,10.684383999887359,11.104256000180612,15840,0.0
1533,1774584602.479733,90.36597497136448,10.662847999810765,11.066111999753048,15840,0.0
1534,1774584602.4908261,90.2071155363383,10.66975999992792,11.085600000114937,15840,0.0
1535,1774584602.5019798,89.73438621632769,10.721311999986938,11.14400000005844,15840,0.0
1536,1774584602.513072,90.22534682495535,10.674527999981365,11.083360000156972,15840,0.0
1537,1774584602.5241501,90.33750090210735,10.661312000138423,11.069600000155333,15840,0.0
1538,1774584602.5352187,90.40989677553362,10.659680000117078,11.060735999762983,15840,0.0
1539,1774584602.5463467,90.19956473419545,10.676736000277742,11.08652799985066,15840,0.0
1540,1774584602.557417,90.40623499234084,10.666495999885228,11.061184000027424,15840,0.0
1541,1774584602.5685053,90.25088301732633,10.672991999854275,11.080223999670125,15840,0.0
1542,1774584602.5795922,90.25948518940021,10.655904000032024,11.079167999923811,15840,0.0
1543,1774584602.5906513,90.48057490482017,10.643808000168065,11.052096000184974,15840,0.0
1544,1774584602.6017802,89.92081213443863,10.707744000228558,11.12089600019317,15840,0.0
1545,1774584602.6128588,90.32418433875438,10.667999999895983,11.071231999721931,15840,0.0
1546,1774584602.6239119,90.52670610481687,10.654975999841554,11.04646399971898,15840,0.0
1547,1774584602.6349835,90.38740765844283,10.676448000140226,11.063488000218058,15840,0.0
1548,1774584602.6461296,89.77821190663335,10.716000000229542,11.138559999835707,15840,0.0
1549,1774584602.6571987,90.40361961770141,10.677920000034646,11.061503999826527,15840,0.0
1550,1774584602.6682682,90.39342109228491,10.666080000191869,11.062752000270848,15840,0.0
1551,1774584602.6793659,90.16963432933466,10.668767999959528,11.090208000041457,15840,0.0
1552,1774584602.6904376,90.37538319070605,10.675936000097863,11.064960000112478,15840,0.0
1553,1774584602.7015505,90.03973273325194,10.706111999752466,11.106208000001061,15840,0.0
1554,1774584602.7126193,90.41120462368237,10.653055999682692,11.060576000090805,15840,0.0
1555,1774584602.7237248,90.10749463594271,10.6956480003646,11.097856000105821,15840,0.0
1556,1774584602.734834,90.0729518842424,10.692159999962314,11.102112000116904,15840,0.0
1557,1774584602.745996,89.65200677055003,10.739744000147766,11.154239999996207,15840,0.0
1558,1774584602.7570565,90.47612154291188,10.64585599988277,11.052639999888925,15840,0.0
1559,1774584602.7681553,90.15532680885693,10.686207999697217,11.091968000073393,15840,0.0
1560,1774584602.7792559,90.14830477890479,10.67030399963187,11.092832000031194,15840,0.0
1561,1774584602.7904217,89.61961135118584,10.725696000008611,11.158272000102443,15840,0.0
1562,1774584602.801581,89.67824879222846,10.730623999734235,11.150975999953516,15840,0.0
1563,1774584602.8126838,90.12828499659253,10.679359999812732,11.095295999894006,15840,0.0
1564,1774584602.8238237,89.83654061826553,10.700255999836372,11.13132799991945,15840,0.0
1565,1774584602.834983,89.67413138052693,10.697600000185048,11.15148799999588,15840,0.0
1566,1774584602.8463488,88.04032106053569,10.951071999897977,11.358431999724417,15800,0.0
1567,1774584602.857457,90.08541538753643,10.694399999920279,11.100575999989815,15800,0.0
1568,1774584602.8685482,90.22352336892574,10.67529600004491,11.083583999607072,15800,0.0
1569,1774584602.8796449,90.18004265207712,10.683392000373715,11.08892799993555,15800,0.0
1570,1774584602.890761,90.01353803670872,10.700832000111404,11.109439999927417,15800,0.0
1571,1774584602.9019394,89.52256541619826,10.754655999789975,11.170367999966402,15800,0.0
1572,1774584602.9131198,89.50923162692229,10.763071999917884,11.172031999649334,15800,0.0
1573,1774584602.9242291,90.08152016948807,10.701824000079796,11.10105600037059,15800,0.0
1574,1774584602.935321,90.21206330369361,10.673279999991792,11.08499199972357,15800,0.0
1575,1774584602.9463995,90.31870218616643,10.679359999812732,11.07190399989122,15800,0.0
1576,1774584602.9574928,90.1985233430635,10.692608000226755,11.08665599986125,15800,0.0
1577,1774584602.96855,90.49288943301733,10.650207999788108,11.050591999719472,15800,0.0
1578,1774584602.9796426,90.21753251432523,10.689824000110093,11.08432000000903,15800,0.0
1579,1774584602.9908278,89.45900916498117,10.779392000131338,11.178304000168282,15800,0.0
1580,1774584603.0020094,89.49564550064669,10.771616000056383,11.173727999903349,15800,0.0
1581,1774584603.0131116,90.12854493773543,10.690080000131275,11.095263999777671,15800,0.0
1582,1774584603.0241563,90.60807441141202,10.645952000231773,11.036544000035065,15800,0.0
1583,1774584603.0352874,89.901669149043,10.688832000141701,11.123264000161726,15800,0.0
1584,1774584603.0463724,90.26939275377207,10.672864000298432,11.077952000050573,15800,0.0
1585,1774584603.0575688,89.38608208544183,10.755072000392829,11.187424000127066,15800,0.0
1586,1774584603.0702078,79.18589300153732,12.190240000109043,12.628511999992043,15800,0.0
1587,1774584603.0843384,70.81414741947366,13.676575999852503,14.121472000169888,15800,0.0
1588,1774584603.095505,89.63452061882614,10.686623999845324,11.15641600017625,15800,0.0
1589,1774584603.1066754,89.60033947991307,10.71209599967915,11.160671999732585,15800,0.0
1590,1774584603.1179097,89.09200281854329,10.741536000296037,11.224351999771898,15800,0.0
1591,1774584603.1291013,89.43033591456997,10.737151999819616,11.181888000010076,15800,0.0
1592,1774584603.1402423,89.83240865871504,10.686527999951068,11.131839999961812,15800,0.0
1593,1774584603.1513965,89.72356528476642,10.694272000364435,11.14534399994227,15800,0.0
1594,1774584603.1624649,90.40806584500062,10.640800000146555,11.060960000122577,15800,0.0
1595,1774584603.1746938,81.82856065365276,11.79952000029516,12.220672000239574,15800,0.0
1596,1774584603.185976,88.70432082411536,10.84828800003379,11.27340799985177,15800,0.0
1597,1774584603.1971467,89.58210307035155,10.719391999828076,11.162944000261632,15800,0.0
1598,1774584603.2093961,81.69870563164065,11.779072000081214,12.240095999914047,15800,0.0
1599,1774584603.221808,80.64203966300286,11.949568000090949,12.400479999996605,15800,0.0
1600,1774584603.2383218,60.58796500086662,16.046559999722376,16.504927999903884,15800,0.0
1601,1774584603.252247,71.86832343407875,13.462240000080783,13.914335999743344,15800,0.0
1602,1774584603.263425,89.54385643294763,10.686207999697217,11.16771199986033,15800,0.0
1603,1774584603.2745497,89.96741020394043,10.677952000150981,11.115136000171333,15800,0.0
1604,1774584603.285693,89.80891536623368,10.710176000429783,11.134752000089065,15800,0.0
1605,1774584603.2971377,87.44144920805249,10.689791999993759,11.436223999680806,15800,0.0
1606,1774584603.30824,90.15064533524365,10.657247999915853,11.092543999893678,15800,0.0
1607,1774584603.3194118,89.5733727732837,10.697279999931197,11.16403200012428,15800,0.0
1608,1774584603.3305418,89.93090428964894,10.680352000235871,11.11964799974885,15800,0.0
1609,1774584603.3457353,65.86726639233432,14.676799999961077,15.182048000042414,15800,0.0
1610,1774584603.3651526,51.53619077462179,18.896351999956096,19.403839999995398,15760,0.0
1611,1774584603.3778322,78.9472354567816,12.169472000095993,12.666688000081194,15760,0.0
1612,1774584603.394744,59.17361443867364,15.706656000020303,16.89942399980282,15760,0.0
1613,1774584603.4104755,63.618023138165185,15.174911999565666,15.71881600011693,15760,0.0
1614,1774584603.4248707,69.53050776060255,13.805664000301476,14.382176000253821,15760,0.0
1615,1774584603.4388864,71.41616542106914,13.428159999875788,14.002431999870169,15760,0.0
1616,1774584603.4560952,58.156954921499235,16.609792000053858,17.194847999689955,15760,0.0
1617,1774584603.4711921,66.30371131013828,14.564063999841892,15.082112000072811,15760,0.0
1618,1774584603.4940372,43.79676618682917,20.335071999852516,22.832736000054865,15760,0.0
1619,1774584603.510096,62.32449422538463,15.3929920002156,16.04505599971162,15760,0.0
1620,1774584603.529011,52.90405152024399,18.39628800007631,18.90214399963952,15760,0.0
1621,1774584603.543169,70.69975792395901,13.604639999812207,14.144320000013977,15760,0.0
1622,1774584603.5633411,49.608765432397384,19.569919999867125,20.157727999958297,15760,0.0
1623,1774584603.5847049,46.838723408407084,20.81516799989913,21.34985600014261,15760,0.0
1624,1774584603.596696,83.48962591371227,11.48044799992931,11.977535999903921,15760,0.0
1625,1774584603.6241488,36.4387292974192,26.93814400026895,27.44332799966287,15760,0.0
1626,1774584603.640102,62.73135322994249,15.430207999997947,15.940992000196275,15760,0.0
1627,1774584603.6589947,52.962780300672996,18.364160000146512,18.88118399983796,15760,0.0
1628,1774584603.6809542,45.564828909376956,21.273375999953714,21.94675200007623,15760,0.0
1629,1774584603.6984339,57.25404121901186,16.753760000028706,17.46601600007125,15760,0.0
1630,1774584603.7139897,64.33959777984592,14.805087999775424,15.542527999969025,15760,0.0
1631,1774584603.7285116,69.07817660260595,13.672575999862602,14.47635199974684,15760,0.0
1632,1774584603.7475102,52.6677700211646,18.216511999980867,18.986944000062067,15760,0.0
1633,1774584603.7659504,54.391907180925756,17.817120000017894,18.38508799983174,15760,0.0
1634,1774584603.7790823,76.22341632189053,12.48764799993296,13.119327999902453,15760,0.0
1635,1774584603.7953286,61.60257370525011,15.146207999805483,16.233088000262796,15760,0.0
1636,1774584603.8139873,53.63020727842248,17.09846399990056,18.64620800006378,15760,0.0
1637,1774584603.8356912,46.10361732693843,18.889823999870714,21.690271999887045,15760,0.0
1638,1774584603.8556926,50.065445550476916,19.461439999759023,19.973855999978696,15760,0.0
1639,1774584603.872512,59.496837624711,16.33568000033847,16.80761599982361,14960,0.0
1640,1774584603.892714,49.52574149933851,19.686367999838694,20.191520000025776,14960,0.0
1641,1774584603.9080188,65.38929122137789,14.75535999998101,15.293024000129662,14960,0.0
1642,1774584603.920741,78.67157073768855,12.171104000117339,12.711072000001877,14960,0.0
1643,1774584603.9335194,78.3308142141665,12.305056000059267,12.766368000029615,14960,0.0
1644,1774584603.946112,79.47104075062994,11.940895999941858,12.583200000335637,14960,0.0
1645,1774584603.9591744,76.61567127369152,12.57017599982646,13.05216000037035,14960,0.0
1646,1774584603.9719803,78.15802176502756,12.233567999828665,12.79459199986377,14960,0.0
1647,1774584603.9849236,77.33004711598873,12.453536000066379,12.931583999943541,14960,0.0
1648,1774584603.9992583,69.81492900068295,13.834368000061659,14.323584000067058,14960,0.0
1649,1774584604.0118034,79.78981447667124,12.074880000000121,12.532928000382526,14960,0.0
1650,1774584604.0245345,78.61536332972528,12.257824000244,12.720159999844327,14960,0.0
1651,1774584604.0411906,60.076975426941885,16.192319999845495,16.645312000036938,14960,0.0
1652,1774584604.058665,57.26107016814875,16.98294400011946,17.46387200000754,14960,0.0
1653,1774584604.0745678,62.92043434143689,15.42476800022996,15.89308800021172,14960,0.0
1654,1774584604.0906074,62.38757758578633,15.548159999980271,16.02883199984717,14960,0.0
1655,1774584604.1033242,78.70822797016211,12.207232000037038,12.705151999853115,14960,0.0
1656,1774584604.116128,78.16486408138508,12.313568000081432,12.793471999884787,14960,0.0
1657,1774584604.136707,48.61981946017994,19.177663999926153,20.567744000345556,14960,0.0
1658,1774584604.149677,77.16640039082806,12.486016000366362,12.959008000052563,14960,0.0
1659,1774584604.1622736,79.4573002821019,12.10620799975004,12.585376000060933,14960,0.0
1660,1774584604.1747499,80.22447449764267,11.98166400035916,12.465023999993718,14960,0.0
1661,1774584604.1874933,78.54047913570399,12.230207999891718,12.73228799982462,14960,0.0
1662,1774584604.2024665,66.83448359809887,14.507200000025477,14.96233600028063,14960,0.0
1663,1774584604.215743,75.38094514447613,12.809024000034697,13.265951999983372,14960,0.0
1664,1774584604.2292604,74.03581675174014,13.05344000002151,13.506975999916904,14960,0.0
1665,1774584604.2407115,87.40671955020076,10.958879999634519,11.440767999829404,14960,0.0
1666,1774584604.2546291,71.91132240913265,13.451327999973728,13.906015999964438,14960,0.0
1667,1774584604.2658772,88.98697230578196,10.776608000014676,11.237600000185921,14960,0.0
1668,1774584604.2770624,89.48872584983243,10.714112000187015,11.174592000315897,14960,0.0
1669,1774584604.2891812,82.59111451599323,11.59823999978471,12.107840000226133,14960,0.0
1670,1774584604.30231,76.24052482691404,12.26064000002225,13.116384000113612,14960,0.0
1671,1774584604.3155508,75.58679540976412,12.357215999600157,13.229824000063672,14960,0.0
1672,1774584604.3282287,78.94105313649268,12.197920000289741,12.667680000049586,14960,0.0
1673,1774584604.3405333,81.34250269312071,11.84454399981405,12.293696000142518,14960,0.0
1674,1774584604.3516738,89.84583891717445,10.680671999580227,11.130175999824132,14960,0.0
1675,1774584604.3628483,89.57748093725475,10.705536000386928,11.163520000081917,14960,0.0
1676,1774584604.3751435,81.40267886550318,11.79753599990363,12.28460799984532,14960,0.0
1677,1774584604.387598,80.36001285786368,11.977888000274106,12.443999999959487,15160,0.0
1678,1774584604.4009275,75.08192940309031,12.857663999966462,13.31878399969355,15160,0.0
1679,1774584604.4130838,82.33282484531885,11.69203200015545,12.145824000072025,15160,0.0
1680,1774584604.425283,82.04726972910949,11.738848000277358,12.188096000045334,15160,0.0
1681,1774584604.4374747,82.07873254754534,11.749759999929665,12.183423999886145,15160,0.0
1682,1774584604.4496753,82.02508786695876,11.767647999931796,12.191391999749612,15160,0.0
1683,1774584604.461939,81.60185086067878,11.812607999672764,12.25462399997923,15160,0.0
1684,1774584604.4742558,81.25557413401768,11.84505600031116,12.30684799975279,15160,0.0
1685,1774584604.486505,81.70660921388767,11.80860800013761,12.238912000157143,15160,0.0
1686,1774584604.4987454,81.75748505987455,11.796896000305424,12.231296000209113,15160,0.0
1687,1774584604.5110154,81.56010784174809,11.809407999862742,12.26089600004343,15160,0.0
1688,1774584604.5232563,81.76069364579071,11.765599999762344,12.230815999828337,15160,0.0
1689,1774584604.5378547,68.55490644552735,14.134208000086801,14.586848000362806,15160,0.0
1690,1774584604.549065,89.29158201848735,10.740447999978642,11.199263999969844,15160,0.0
1691,1774584604.5602605,89.41268029291409,10.714047999954346,11.184095999851706,15160,0.0
1692,1774584604.5714724,89.27627651051066,10.717311999997037,11.201183999673958,15160,0.0
1693,1774584604.582693,89.20364692984201,10.75836799964236,11.21030400008749,15160,0.0
1694,1774584604.5944839,84.88549286488141,11.322655999720155,11.780576000091969,15160,0.0
1695,1774584604.605757,88.8021232928007,10.774719999972149,11.260992000188708,15160,0.0
1696,1774584604.617087,88.35345907479238,10.744255999725283,11.318175999804225,15160,0.0
1697,1774584604.628287,89.37611183789954,10.721760000251379,11.18867200011664,15160,0.0
1698,1774584604.6431196,67.47070152319927,14.33065599985639,14.821247999861953,15160,0.0
1699,1774584604.6570475,71.85262509081181,13.470559999859688,13.917376000335935,15160,0.0
1700,1774584604.6723127,65.5559564657484,14.786432000164496,15.254144000209635,15160,0.0
1701,1774584604.6855512,75.60197315126,12.750784000218118,13.2271679999576,15160,0.0
1702,1774584604.6982365,78.89860077895811,12.206303999846568,12.674496000272484,15160,0.0
1703,1774584604.709456,89.21714453880953,10.744543999862799,11.208607999833475,15160,0.0
1704,1774584604.7206457,89.44492625648354,10.711647999869456,11.180063999745471,15160,0.0
1705,1774584604.7318354,89.46387520468959,10.707584000101633,11.177695999776915,15160,0.0
1706,1774584604.7433002,87.31464846399786,10.914559999946505,11.452832000031776,15160,0.0
1707,1774584604.7545142,89.26582076077204,10.736480000105075,11.2024959998962,15160,0.0
1708,1774584604.7657516,89.07524221201788,10.758976000033726,11.226464000174019,15160,0.0
1709,1774584604.7769868,89.09403483199844,10.749919999852864,11.224096000205463,15160,0.0
1710,1774584604.788403,87.67155569901715,10.945887999696424,11.406208000153129,15160,0.0
1711,1774584604.799693,88.66430417547663,10.77142400026787,11.278496000159066,15160,0.0
1712,1774584604.812337,79.17064630994318,12.162623999756761,12.630944000193267,15160,0.0
1713,1774584604.8255565,75.70985560557062,12.748095999995712,13.208320000103413,15160,0.0
1714,1774584604.839832,70.10782021940813,13.814687999911257,14.263743999890721,15160,0.0
1715,1774584604.8525226,78.86773691166043,12.238048000199342,12.679456000114442,15160,0.0
1716,1774584604.866979,69.21695139661936,14.008896000177629,14.447328000187554,15160,0.0
1717,1774584604.88511,55.18705320571046,17.65558399984002,18.120191999969393,15160,0.0
1718,1774584604.902315,58.159552589919315,16.690880000169273,17.194080000081158,15560,0.0
1719,1774584604.9179387,64.04856623342368,15.145440000196686,15.613152000241826,15560,0.0
1720,1774584604.9335709,64.01353604471973,15.14755200014406,15.621696000380325,15560,0.0
1721,1774584604.9514918,55.832983446579554,17.406208000011247,17.91056000001845,15560,0.0
1722,1774584604.967703,61.73168741813008,15.729023999938363,16.199136000068393,15560,0.0
1723,1774584604.983681,62.6287647399803,15.504095999858691,15.967104000083054,15560,0.0
1724,1774584604.9981308,69.26082629992243,13.996736000081,14.438175999657687,15560,0.0
1725,1774584605.009324,89.4239381428699,10.714783999901556,11.182688000189955,15560,0.0
1726,1774584605.0232837,71.69453767903856,13.426527999854443,13.9480640000329,15560,0.0
1727,1774584605.0393918,62.13094220338195,15.598399999817048,16.095039999981964,15560,0.0
1728,1774584605.054079,68.1345947132682,14.218752000033419,14.676832000077411,15560,0.0
1729,1774584605.0663793,81.35669116427188,11.85289599970929,12.29155200007881,15560,0.0
1730,1774584605.077538,89.6929201456669,10.70447999973112,11.149151999688911,15560,0.0
1731,1774584605.088734,89.39912346226379,10.726655999860668,11.185791999650974,15560,0.0
1732,1774584605.0999188,89.48846958985062,10.72348800016698,11.174623999977484,15560,0.0
1733,1774584605.111124,89.31786871633433,10.74812800015934,11.195968000265566,15560,0.0
1734,1774584605.1223507,89.1555471884741,10.766848000002938,11.216351999792096,15560,0.0
1735,1774584605.1334934,89.82414587978616,10.698751999825618,11.132864000046538,15560,0.0
1736,1774584605.1446142,90.00135362085928,10.689535999972577,11.110943999938172,15560,0.0
1737,1774584605.1557689,89.71351960898161,10.707360000196786,11.14659200038659,15560,0.0
1738,1774584605.166911,89.820789562767,10.696511999867653,11.133279999739898,15560,0.0
1739,1774584605.178115,89.31710286993196,10.76303999980155,11.196063999705075,15560,0.0
1740,1774584605.1892493,89.88589524927896,10.684127999866178,11.125215999982174,15560,0.0
1741,1774584605.2003849,89.87193608678062,10.695295999994414,11.126943999897776,15560,0.0
1742,1774584605.211521,89.85772287647474,10.667775999991136,11.128703999929712,15560,0.0
1743,1774584605.2227,89.53462053114544,10.70079999999507,11.168863999955647,15560,0.0
1744,1774584605.2338889,89.46028965061643,10.723744000188162,11.178144000041357,15560,0.0
1745,1774584605.245214,88.37344780839439,10.889696000049298,11.315616000047157,15560,0.0
1746,1774584605.2564964,88.70406903330566,10.842335999768693,11.273439999968105,15560,0.0
1747,1774584605.2680202,86.84560102859983,11.068704000081198,11.514687999806483,15560,0.0
1748,1774584605.2792842,88.85186333013175,10.784447999867552,11.254688000008173,15560,0.0
1749,1774584605.2915106,81.85085072524184,11.77215999996406,12.217343999964214,15560,0.0
1750,1774584605.3026378,89.94902408708087,10.68556800009901,11.117408000245632,15560,0.0
1751,1774584605.3138237,89.47207182843455,10.757119999652787,11.176672000146937,15560,0.0
1752,1774584605.324925,90.15376626486182,10.681920000024547,11.092159999861906,15560,0.0
1753,1774584605.3360972,89.57054863004018,10.758911999801057,11.164384000039718,15560,0.0
1754,1774584605.3471944,90.18004265207712,10.660832000212395,11.08892799993555,15560,0.0
1755,1774584605.358322,89.93763364439441,10.683007999887195,11.11881600036213,15560,0.0
1756,1774584605.369427,90.11684911114628,10.687903999951232,11.096704000010504,15560,0.0
1757,1774584605.3805883,89.65535048543424,10.727903999850241,11.153824000302848,15560,0.0
1758,1774584605.3932862,78.81164647158167,12.254944000233081,12.688479999724223,15560,0.0
1759,1774584605.4055982,81.2803012977498,11.87772799994491,12.30310399978407,15440,0.0
1760,1774584605.4167054,90.09892140899238,10.65612799993687,11.098911999852135,15440,0.0
1761,1774584605.4278488,89.81407767379713,10.712479999710922,11.134112000036112,15440,0.0
1762,1774584605.4394062,86.59916089035126,11.076384000261896,11.547455999789236,15440,0.0
1763,1774584605.4505947,89.45824089628984,10.727423999924213,11.178399999607791,15440,0.0
1764,1774584605.4657533,66.01629176433367,14.701600000080361,15.147776000048907,15440,0.0
1765,1774584605.4811468,65.0066566818107,14.922016000127769,15.383039999960602,15440,0.0
1766,1774584605.4966416,64.57145218655252,15.036223999686626,15.486719999898924,15440,0.0
1767,1774584605.511002,69.67887514941656,13.837248000072577,14.35155199988003,15440,0.0
1768,1774584605.522321,88.44648351145175,10.825887999999395,11.306271999728779,15440,0.0
1769,1774584605.5388098,60.68703550078341,16.009951999876648,16.47798400017564,15440,0.0
1770,1774584605.5522754,74.31947146448614,13.003391999973246,13.455423999857885,15440,0.0
1771,1774584605.5717053,51.49288162349052,18.958240000301885,19.420160000208853,15440,0.0
1772,1774584605.5861287,69.38230873207876,13.922111999818299,14.412896000067121,15440,0.0
1773,1774584605.5988703,78.54956037425116,12.253727999905095,12.7308159999302,15440,0.0
1774,1774584605.6101587,88.67713576999664,10.789695999847027,11.27686400013772,15440,0.0
1775,1774584605.622614,80.54621935399092,11.757088000194926,12.415231999966636,15440,0.0
1776,1774584605.6400006,57.55689844687407,16.866464000031556,17.374112000197783,15440,0.0
1777,1774584605.6539245,71.87642315341263,13.345215999834181,13.912767999954667,15440,0.0
1778,1774584605.6662707,81.06334354585114,11.881567999807885,12.336031999893748,15440,0.0
1779,1774584605.6786382,80.91599495496763,11.880768000082753,12.358496000160812,15440,0.0
1780,1774584605.6907651,82.54006825271537,11.612192000029609,12.115327999708825,15440,0.0
1781,1774584605.704305,73.92512862848872,13.030432000050496,13.527200000226003,15440,0.0
1782,1774584605.720419,62.104888698209926,15.6300800003919,16.101791999972193,15440,0.0
1783,1774584605.7353988,66.80819314365326,14.46851200034871,14.96822399985831,15440,0.0
1784,1774584605.7468197,87.65655460673028,10.876736000227538,11.408159999973577,15440,0.0
1785,1774584605.7593908,79.6429954925461,12.057215999902837,12.556032000247797,15440,0.0
1786,1774584605.774241,67.39227479537561,13.862016000075528,14.838496000265877,15440,0.0
1787,1774584605.7895937,65.18333726253337,14.832224000201677,15.341343999807577,15440,0.0
1788,1774584605.8030891,74.15352270654735,13.035071999638603,13.485536000189313,15440,0.0
1789,1774584605.8142834,89.41728543403065,10.719679999965592,11.183520000031422,15440,0.0
1790,1774584605.8254597,89.55771385709939,10.706240000217804,11.165983999944729,15440,0.0
1791,1774584605.8366165,89.71480739464447,10.69945600011124,11.146431999804918,15440,0.0
1792,1774584605.8477843,89.62706536314843,10.691744000268955,11.15734400036672,15440,0.0
1793,1774584605.8589027,90.02416968778205,10.665344000244659,11.108128000159923,15440,0.0
1794,1774584605.8701274,89.16088904044027,10.75574400010737,11.215680000077555,15440,0.0
1795,1774584605.8812814,89.74392110699394,10.68777599994064,11.142815999846789,15440,0.0
1796,1774584605.8924198,89.86495813128502,10.683872000299743,11.127807999855577,15440,0.0
1797,1774584605.9036033,89.50000286604549,10.690496000279381,11.173183999744651,15440,0.0
1798,1774584605.9147272,89.98399004847535,10.69091199997274,11.11308800000188,15360,0.0
1799,1774584605.9259617,89.0813362476731,10.777631999644655,11.225696000110474,15360,0.0
1800,1774584605.9371233,89.68494039455767,10.693888000332663,11.150143999657303,15360,0.0
1801,1774584605.9483085,89.48206349807568,10.724608000145963,11.175424000157363,15360,0.0
1802,1774584605.959507,89.37969064734585,10.696736000227247,11.188223999852198,15360,0.0
1803,1774584605.9707305,89.18735337756446,10.733408000305644,11.212351999802195,15360,0.0
1804,1774584605.9829834,81.684611142967,10.772191999876668,12.24220799986142,15360,0.0
1805,1774584605.994865,84.23793645301728,11.141248000058113,11.871136000081606,15360,0.0
1806,1774584606.0069075,83.11767068288447,11.565567999696214,12.031136000132392,15360,0.0
1807,1774584606.0194013,80.10992363141342,12.018880000141507,12.482848000217928,15360,0.0
1808,1774584606.0306146,89.25383791214894,10.754335999990872,11.204000000361702,15360,0.0
1809,1774584606.0418715,88.91025896385342,10.808351999912702,11.24729599996499,15360,0.0
1810,1774584606.053009,89.8468721803134,10.71081600002799,11.130047999813542,15360,0.0
1811,1774584606.0672498,70.26656323395643,13.732960000197636,14.231520000066666,15360,0.0
1812,1774584606.0820916,67.43430280555502,14.308159999927739,14.829247999841755,15360,0.0
1813,1774584606.0984924,61.02228436245995,15.897279999990133,16.38745599984759,15360,0.0
1814,1774584606.1097636,88.82105329255825,10.777151999718626,11.25859199964907,15360,0.0
1815,1774584606.1240227,70.18686550998112,13.73641600002884,14.247680000153196,15360,0.0
1816,1774584606.1378853,72.19190803828903,13.39215999996668,13.851967999926273,15360,0.0
1817,1774584606.150393,80.01925583502627,12.033920000249054,12.496991999796592,15360,0.0
1818,1774584606.161643,88.98063781391609,10.771295999802533,11.238399999911053,15360,0.0
1819,1774584606.172889,89.01282639109697,10.74867199986329,11.23433600014323,15360,0.0
1820,1774584606.1841063,89.2372711941018,10.750560000360565,11.206080000192742,15360,0.0
1821,1774584606.1954246,88.43747258575928,10.78819200029102,11.307423999824096,15360,0.0
1822,1774584606.2077038,81.51309165573565,11.80534400009492,12.267967999832763,15360,0.0
1823,1774584606.2189882,88.70004058905621,10.785440000290691,11.273952000010468,15360,0.0
1824,1774584606.235571,60.347174882767334,16.079135999916616,16.57078400012324,15360,0.0
1825,1774584606.2491257,73.83517625872418,13.043328000094334,13.543680000111635,15360,0.0
1826,1774584606.260305,89.55027137570491,10.712704000070516,11.166911999680451,15360,0.0
1827,1774584606.2743003,71.51177026515562,13.489631999618723,13.983712000026571,15360,0.0
1828,1774584606.2889645,68.25230419818213,14.199679999819637,14.651519999915763,15360,0.0
1829,1774584606.3048112,63.14751461564617,15.378879999843775,15.835935999803041,15360,0.0
1830,1774584606.3181758,74.88384018713619,12.92204799983665,13.354015999993862,15360,0.0
1831,1774584606.3305297,81.00324790643232,11.878528000124788,12.345183999968867,15360,0.0
1832,1774584606.3428352,81.33657465163267,11.820480000096723,12.294591999761906,15360,0.0
1833,1774584606.3557177,77.69244729787292,12.397631999647274,12.871264000295923,15360,0.0
1834,1774584606.3678749,82.33542794634742,10.920895999788627,12.145440000040253,15360,0.0
1835,1774584606.3790884,89.27168587833998,10.736064000411716,11.20175999994899,15360,0.0
1836,1774584606.3913326,81.74401176196088,11.753440000120463,12.233311999807484,15360,0.0
1837,1774584606.404715,74.7840237382209,12.902496000151586,13.371840000218072,15360,0.0
1838,1774584606.4173396,79.28232371997339,12.124479999783944,12.613152000085393,15360,0.0
1839,1774584606.4313185,71.60352953893198,13.474655999743845,13.965791999908106,15600,0.0
1840,1774584606.448848,57.07918938434461,17.056447999948432,17.519519999950717,15600,0.0
1841,1774584606.4610813,81.81720596179252,11.770751999847562,12.222368000038841,15600,0.0
1842,1774584606.4722002,90.0200204545945,10.671519999959855,11.108639999747538,15600,0.0
1843,1774584606.4833584,89.68648475004805,10.681151999961003,11.14995199986879,15600,0.0
1844,1774584606.494801,87.46420964712952,10.906272000283934,11.43324799977563,15600,0.0
1845,1774584606.5071955,80.75665757799001,11.920479999844247,12.38288000013199,15600,0.0
1846,1774584606.5186217,87.59905701435389,10.905920000368496,11.415647999911016,15600,0.0
1847,1774584606.5309045,81.48269829214657,11.81369599999016,12.272543999642949,15600,0.0
1848,1774584606.5431788,81.54648671498786,11.797759999808477,12.262944000212883,15600,0.0
1849,1774584606.55473,86.6616010071382,11.048639999899024,11.53913600001033,15600,0.0
1850,1774584606.566993,81.62188563561337,11.804255999777524,12.251615999957721,15600,0.0
1851,1774584606.5781877,89.41293611901727,10.749055999895063,11.18406400019012,15600,0.0
1852,1774584606.5904393,81.69101712498882,11.803456000052392,12.241248000009364,15600,0.0
1853,1774584606.6021178,85.70942721469419,11.118592000002536,11.667327999930421,15600,0.0
1854,1774584606.6157568,73.38144024937692,13.172928000130923,13.627423999878374,15600,0.0
1855,1774584606.6282306,80.23539138349604,12.006176000340929,12.463327999739704,15600,0.0
1856,1774584606.6426442,69.42408004583379,13.96067200039397,14.404224000372778,15600,0.0
1857,1774584606.655258,79.33888493871189,12.075424000158819,12.604160000137199,15600,0.0
1858,1774584606.6686838,74.55298033052435,12.941631999638048,13.413279999895167,15600,0.0
1859,1774584606.6834016,67.9983462817514,14.188224000008631,14.706239999668469,15600,0.0
1860,1774584606.7005394,58.38753253281503,16.64236799979335,17.126944000210642,15600,0.0
1861,1774584606.7119324,87.85789793324794,10.800096000366466,11.382015999970463,15600,0.0
1862,1774584606.723289,88.14561373349153,10.804128000017954,11.344863999966037,15600,0.0
1863,1774584606.7360404,78.49175271511224,12.273344000277575,12.740191999910166,15600,0.0
1864,1774584606.7499416,71.99797253679465,13.40764799988392,13.889280000057624,15600,0.0
1865,1774584606.7635334,73.64013186880187,13.055135999820777,13.579552000010153,15600,0.0
1866,1774584606.7762842,78.50023110523496,12.251424000169209,12.738815999910003,15600,0.0
1867,1774584606.7934704,58.22912648866109,16.68063999977676,17.173535999972955,15600,0.0
1868,1774584606.8071067,73.38592070543328,13.158560000192665,13.626592000036908,15600,0.0
1869,1774584606.8183084,89.35720004507063,10.73852799981978,11.191040000085195,15600,0.0
1870,1774584606.8294601,89.73644764243117,10.69705600002635,11.143744000037259,15600,0.0
1871,1774584606.8429675,74.08952859959184,13.057087999641226,13.497184000243578,15600,0.0
1872,1774584606.8541408,89.58261667216753,10.727519999818469,11.162880000028963,15600,0.0
1873,1774584606.86532,89.52436065233262,10.732992000157537,11.170144000061555,15600,0.0
1874,1774584606.8765209,89.35668902837749,10.7399999997142,11.191103999863117,15600,0.0
1875,1774584606.888794,81.55521222629771,11.824608000097214,12.261631999990641,15600,0.0
1876,1774584606.9004004,86.2309222715726,10.663296000075206,11.59676799989029,15600,0.0
1877,1774584606.912681,81.5069261324007,11.813632000212237,12.268896000023233,15600,0.0
1878,1774584606.9238942,89.2688807264293,10.66233600022315,11.202111999864428,15600,0.0
1879,1774584606.9354606,86.5336955308941,11.058111999773246,11.556191999716248,15520,0.0
1880,1774584606.946597,89.86754243140274,10.689247999835061,11.127488000056474,15520,0.0
1881,1774584606.9577823,89.48846958985062,10.736096000073303,11.174623999977484,15520,0.0
1882,1774584606.9689252,89.80865726551617,10.696032000396372,11.1347840002054,15520,0.0
1883,1774584606.9800632,89.86289079673472,10.686879999866505,11.128063999876758,15520,0.0
1884,1774584606.9911845,90.00887127271264,10.685343999739416,11.11001600020245,15520,0.0
1885,1774584607.003012,84.61794658651128,11.354400000072928,11.817823999990651,15520,0.0
1886,1774584607.0143642,88.16550852292234,10.899584000071627,11.34230400020897,15520,0.0
1887,1774584607.0266545,81.4370446064091,11.808639999799198,12.279423999643768,15520,0.0
1888,1774584607.0399969,75.01380253959833,12.838015999932395,13.330880000012257,15520,0.0
1889,1774584607.0516765,85.71271839846041,11.163007999584806,11.66687999966598,15520,0.0
1890,1774584607.0648723,75.85080329031662,12.705888000255072,13.18377600000531,15520,0.0
1891,1774584607.0760949,89.20441083906098,10.7303680001678,11.210207999738486,15520,0.0
1892,1774584607.089442,74.99940000353958,12.868639999851439,13.333440000224073,15520,0.0
1893,1774584607.1040936,68.30481652829637,14.200800000253366,14.64025599989327,15520,0.0
1894,1774584607.1201203,62.43955850738967,15.27936000002228,16.01548799999364,15520,0.0
1895,1774584607.137505,57.563259719772816,16.89161599961153,17.372192000038922,15520,0.0
1896,1774584607.1562798,53.29372259596664,18.280128000242257,18.763936000141257,15520,0.0
1897,1774584607.1712818,66.71363306373955,14.512288000332774,14.9894400001358,15520,0.0
1898,1774584607.188924,56.71876928453146,17.174623999835603,17.630847999953403,15520,0.0
1899,1774584607.2013407,80.60189627137045,11.945600000217382,12.40665600016655,15520,0.0
1900,1774584607.220573,52.025758161869966,18.740991999948164,19.221247999666957,15520,0.0
1901,1774584607.231777,89.34417089953867,10.738655999830371,11.19267200010654,15520,0.0
1902,1774584607.2429767,89.36384381942297,10.736544000337744,11.190207999788981,15520,0.0
1903,1774584607.254251,88.78597607826799,10.796896000101697,11.263039999903413,15520,0.0
1904,1774584607.2665274,81.53265741644034,11.81548800013843,12.265024000043923,15520,0.0
1905,1774584607.278789,81.62252520461297,11.805183999967994,12.251520000063465,15520,0.0
1906,1774584607.2899966,89.30000228792389,10.752511999726266,11.198207999768783,15520,0.0
1907,1774584607.3011844,89.4572165488567,10.733375999734562,11.178528000073129,15520,0.0
1908,1774584607.312313,89.93530413925096,10.683936000077665,11.1191040000449,15520,0.0
1909,1774584607.3234572,89.79859253120786,10.690367999814043,11.136032000194973,15520,0.0
1910,1774584607.3346043,89.79265797646435,10.695936000047368,11.136768000142183,15520,0.0
1911,1774584607.345765,89.67567536377872,10.735488000136684,11.151296000207367,15520,0.0
1912,1774584607.3569064,89.82285496063474,10.714655999890965,11.133023999718716,15520,0.0
1913,1774584607.3691502,81.7412321057374,11.798623999766278,12.233728000410338,15520,0.0
1914,1774584607.3803668,89.23013665561402,10.748703999979625,11.206976000266877,15520,0.0
1915,1774584607.392589,81.89010217231998,11.742431999664404,12.21148800004812,15520,0.0
1916,1774584607.4049733,80.81596975392436,11.937631999899168,12.373791999834793,15520,0.0
1917,1774584607.4161298,89.70296120481215,10.708960000101797,11.147903999699338,15520,0.0
1918,1774584607.4272885,89.69806912275503,10.699552000005497,11.148512000090705,15520,0.0
1919,1774584607.439653,80.93150216809374,11.887743999977829,12.35612799973751,15520,0.0
1920,1774584607.4508343,89.51589802502855,10.72796800008291,11.171199999807868,15480,0.0
1921,1774584607.4620807,88.9841850179624,10.777120000057039,11.237952000101359,15480,0.0
1922,1774584607.4741173,83.15416382808492,11.574271999961638,12.025856000036583,15480,0.0
1923,1774584607.485257,89.85358896821745,10.691615999803616,11.129215999972075,15480,0.0
1924,1774584607.4988043,73.87427425679365,13.099199999942357,13.536512000428047,15480,0.0
1925,1774584607.5115027,78.81343535759333,12.22652799970092,12.688192000041454,15480,0.0
1926,1774584607.5236964,82.08196639525502,11.749472000246897,12.182943999960116,15480,0.0
1927,1774584607.5360167,81.23212893207717,11.857215999953041,12.310399999932997,15480,0.0
1928,1774584607.5472074,89.43494287823256,10.744480000084877,11.181311999735044,15480,0.0
1929,1774584607.5584571,88.96670510073452,10.767296000267379,11.240159999942989,15480,0.0
1930,1774584607.5697238,88.83847601296364,10.7815359997403,11.256384000262187,15480,0.0
1931,1774584607.5808356,90.07425000584605,10.684575999675872,11.101951999989979,15480,0.0
1932,1774584607.5919764,89.8282770792394,10.703488000217476,11.132352000004175,15480,0.0
1933,1774584607.603098,89.97777189070231,10.702175999995234,11.113856000065425,15480,0.0
1934,1774584607.614222,89.9606763890332,10.71961600018767,11.1159680000128,15480,0.0
1935,1774584607.6253119,90.23654969957096,10.69286399979319,11.081984000156808,15480,0.0
1936,1774584607.6364272,90.02598509827206,10.684159999982512,11.107904000255076,15480,0.0
1937,1774584607.6475425,90.03376626411885,10.690432000046712,11.106943999948271,15480,0.0
1938,1774584607.6586523,90.0755481611774,10.683136000352533,11.1017920003178,15480,0.0
1939,1774584607.6698036,89.74082848830659,10.740768000232492,11.143199999878561,15480,0.0
1940,1774584607.6808758,90.38453195536415,10.666784000022744,11.063839999678748,15480,0.0
1941,1774584607.6919742,90.17405757384282,10.671903999991628,11.08966399988276,15480,0.0
1942,1774584607.7031033,89.9327159405046,10.690560000057303,11.119423999844003,15480,0.0
1943,1774584607.714257,89.74263248539248,10.713632000260986,11.142976000428462,15480,0.0
1944,1774584607.725417,89.68005027783197,10.709888000292267,11.15075200004867,15480,0.0
1945,1774584607.7366111,89.41984404993438,10.735935999946378,11.183200000232318,15480,0.0
1946,1774584607.7477567,89.8179497967022,10.700768000333483,11.133631999655336,15480,0.0
1947,1774584607.7589264,89.61164464201251,10.704287999942608,11.159263999616087,15480,0.0
1948,1774584607.7701166,89.43622267136494,10.741664000306628,11.181152000062866,15480,0.0
1949,1774584607.783161,76.72590315621218,12.582879999627039,13.03340799995567,15480,0.0
1950,1774584607.7943542,89.41626202793967,10.732799999914278,11.183648000042012,15480,0.0
1951,1774584607.8065236,82.23099937822082,11.718207999820152,12.160863999724825,15480,0.0
1952,1774584607.8177001,89.53667278911281,10.711167999943427,11.168607999934466,15480,0.0
1953,1774584607.828898,89.39375302294518,10.735967999607965,11.186463999820262,15480,0.0
1954,1774584607.8446538,63.502320628405066,14.56828799973664,15.747456000099191,15480,0.0
1955,1774584607.8570416,80.79027104135922,11.933119999866904,12.377728000046773,15480,0.0
1956,1774584607.8693616,81.23043971042016,11.867392000112886,12.310655999954179,15480,0.0
1957,1774584607.8805876,89.1641962245642,10.756000000128552,11.215263999929448,15480,0.0
1958,1774584607.8917427,89.72717197074826,10.710368000218295,11.144896000132576,15480,0.0
1959,1774584607.902909,89.63297805239357,10.716960000081599,11.156607999964763,15480,0.0
1960,1774584607.914087,89.5425735539538,10.723423999934312,11.167871999987256,15480,0.0
1961,1774584607.925242,89.7269143396589,10.712192000028153,11.14492800024891,15480,0.0
1962,1774584607.936396,89.72562621372576,10.713120000218623,11.145087999921088,15480,0.0
1963,1774584607.9476595,88.85792683837455,10.733216000062384,11.253919999944628,15480,0.0
1964,1774584607.9609284,75.42078765607708,12.818784000046435,13.258944000426709,15600,0.0
1965,1774584607.972327,87.79347603271381,10.958303999814234,11.390367999865703,15600,0.0
1966,1774584607.9834654,89.84919710651893,10.671488000298268,11.129760000130773,15600,0.0
1967,1774584607.9957185,81.66454556395115,11.817407999842544,12.245216000337678,15600,0.0
1968,1774584608.007898,82.1628954993785,11.752703999718506,12.170943999990413,15600,0.0
1969,1774584608.0209618,76.58919516428021,12.633024000024307,13.056671999947866,15600,0.0
1970,1774584608.0320497,90.27043578200835,10.654560000148194,11.077824000039982,15600,0.0
1971,1774584608.0431573,90.09268735743703,10.67241600003399,11.09967999991568,15600,0.0
1972,1774584608.0563655,75.76235108136031,12.788511999588081,13.199168000028294,15600,0.0
1973,1774584608.068349,83.51260706494145,11.513663999721757,11.974239999744896,15600,0.0
1974,1774584608.0795815,89.10241788317673,10.699680000016087,11.223040000004403,15600,0.0
1975,1774584608.0909684,87.90015667608726,10.682943999654526,11.376543999631394,15600,0.0
1976,1774584608.102348,87.95359427664216,10.925567999947816,11.369631999968988,15600,0.0
1977,1774584608.1160295,73.13979179228357,13.244480000139447,13.672447999852011,15600,0.0
1978,1774584608.127171,89.82311313929522,10.684736000257544,11.13299200005713,15600,0.0
1979,1774584608.1384032,89.10546665623885,10.76483199994982,11.22265599997263,15600,0.0
1980,1774584608.1506908,81.44298730255079,11.84233599997242,12.27852800002438,15600,0.0
1981,1774584608.162934,81.73139793483219,11.80460800014771,12.23519999985001,15600,0.0
1982,1774584608.1741314,89.37253331866883,10.755775999768957,11.189119999926334,15600,0.0
1983,1774584608.185407,88.75445547092298,10.82271999985096,11.26704000034806,15600,0.0
1984,1774584608.1965678,89.6792782042333,10.704224000164686,11.150847999942926,15600,0.0
1985,1774584608.2077498,89.50436065212493,10.72230399995533,11.172640000040701,15600,0.0
1986,1774584608.2188876,89.85720611530485,10.687072000109765,11.128768000162381,15600,0.0
1987,1774584608.230055,89.61421439308243,10.732224000093993,11.158943999816984,15600,0.0
1988,1774584608.2411988,89.80349558102134,10.701056000016251,11.135424000258354,15600,0.0
1989,1774584608.2523494,89.75603591522407,10.690528000395716,11.141311999836034,15600,0.0
1990,1774584608.2634978,89.77047484875531,10.673791999579407,11.139520000142511,15600,0.0
1991,1774584608.2746136,90.03220992555578,10.682591999739088,11.107135999736784,15600,0.0
1992,1774584608.2858107,89.3835253976094,10.742432000370172,11.187744000380917,15600,0.0
1993,1774584608.29695,89.84454737075298,10.693119999814371,11.130335999951058,15600,0.0
1994,1774584608.3081112,89.65740828544892,10.687135999887687,11.153567999826919,15600,0.0
1995,1774584608.3193173,89.31199752900466,10.711328000070353,11.196704000212776,15600,0.0
1996,1774584608.330441,89.97025943265211,10.685696000109601,11.114783999801148,15600,0.0
1997,1774584608.341579,89.85333061433411,10.696736000227247,11.129247999633662,15600,0.0
1998,1774584608.3527267,89.77743814193052,10.709663999932673,11.138655999729963,15600,0.0
1999,1774584608.3638415,90.03428505436835,10.676288000013301,11.10688000017035,15600,0.0
2000,1774584608.3749566,90.0348038542829,10.669503999906738,11.10681599993768,15600,0.0
2001,1774584608.3866298,86.278061076226,11.128191999887349,11.590432000048168,15600,0.0
2002,1774584608.3979075,88.74487764750084,10.798016000080679,11.268255999766552,15600,0.0
2003,1774584608.417725,50.48612075908156,19.321536000006745,19.80742400019153,15600,0.0
2004,1774584608.4300404,81.26930958847491,11.8197759998111,12.30476799992175,15600,0.0
2005,1774584608.4425175,80.21582549222217,11.99350399974719,12.466367999877548,15600,0.0
2006,1774584608.45578,75.45976123274379,12.753952000366553,13.252096000087477,15600,0.0
2007,1774584608.4685202,78.55528658386041,12.253727999905095,12.72988799973973,15520,0.0
2008,1774584608.4822428,72.91793057687433,13.25587200017253,13.714048000110779,15520,0.0
2009,1774584608.4945188,81.52010872768571,11.802687999988848,12.26691200008645,15520,0.0
2010,1774584608.5077918,75.39949669361691,12.799008000001777,13.262687999940681,15520,0.0
2011,1774584608.5204465,79.0892962436389,12.172352000106912,12.643936000131362,15520,0.0
2012,1774584608.533053,79.39149279005314,12.141408000388765,12.595807999787212,15520,0.0
2013,1774584608.544231,89.55155447163679,10.706720000143832,11.166752000008273,15520,0.0
2014,1774584608.5554225,89.44159821488152,10.696128000290628,11.180479999893578,15520,0.0
2015,1774584608.5665817,89.70012888058578,10.697983999762073,11.148256000069523,15520,0.0
2016,1774584608.5778394,88.91531847402653,10.768864000056055,11.246655999912036,15520,0.0
2017,1774584608.5889833,89.81511020652695,10.699295999984315,11.13398400002552,15520,0.0
2018,1774584608.6010158,83.17076221397542,11.567296000066563,12.02345600040644,15520,0.0
2019,1774584608.6121943,89.54180384201412,10.719840000092518,11.16796800033626,15520,0.0
2020,1774584608.623401,89.30816890993339,10.71436799975345,11.197184000138805,15520,0.0
2021,1774584608.634536,89.87994915009043,10.691680000036285,11.125951999929384,15520,0.0
2022,1774584608.645704,89.61755528945405,10.719263999817485,11.158528000123624,15520,0.0
2023,1774584608.6568694,89.64403429737486,10.707712000112224,11.155231999964599,15520,0.0
2024,1774584608.668013,89.8096896736194,10.697279999931197,11.13465600019481,15520,0.0
2025,1774584608.6791515,89.85229720264323,10.693408000406635,11.129375999644253,15520,0.0
2026,1774584608.69068,86.80965490142586,11.09980799992627,11.519455999859929,15520,0.0
2027,1774584608.702218,86.73207421467285,11.12464000016189,11.529760000030365,15520,0.0
2028,1774584608.7149472,78.60863965448101,12.304383999889978,12.721248000161722,15520,0.0
2029,1774584608.727107,82.30203398113282,11.747808000109217,12.150367999765876,15520,0.0
2030,1774584608.7382183,90.06853855655218,10.691839999708463,11.102655999820854,15520,0.0
2031,1774584608.749288,90.40388114575427,10.660352000286366,11.06147200016494,15520,0.0
2032,1774584608.7604065,90.0140565938666,10.69305600003645,11.109376000149496,15520,0.0
2033,1774584608.7716117,89.31301855340035,10.738015999777417,11.196575999747438,15520,0.0
2034,1774584608.7827053,90.20789672901789,10.671199999706005,11.085503999765933,15520,0.0
2035,1774584608.793869,89.64249139982192,10.742240000126912,11.155424000207859,15520,0.0
2036,1774584608.8049593,90.23654969957096,10.680863999823487,11.081984000156808,15520,0.0
2037,1774584608.8160627,90.12802505694901,10.689407999961986,11.09532800001034,15520,0.0
2038,1774584608.827149,90.26808900144516,10.673536000012973,11.078112000177498,15520,0.0
2039,1774584608.838291,89.804527874121,10.734175999914441,11.135295999793016,15520,0.0
2040,1774584608.8493724,90.30356446007707,10.671488000298268,11.07376000027216,15520,0.0
2041,1774584608.8604755,90.11425044914544,10.702368000238494,11.097024000264355,15520,0.0
2042,1774584608.8715782,90.13608385361854,10.675711999738269,11.094336000041949,15520,0.0
2043,1774584608.8826742,90.19591996858462,10.679744000299252,11.0869760001151,15520,0.0
2044,1774584608.8939273,88.92746364815352,10.807008000028873,11.245119999784947,15520,0.0
2045,1774584608.9080684,70.76171304477428,13.678111999979592,14.131936000012502,15520,0.0
2046,1774584608.9206398,79.60140709818616,12.148159999924246,12.562591999994766,15520,0.0
2047,1774584608.9334366,78.19772388385515,12.366432000362693,12.788095999894722,15520,0.0
2048,1774584608.9456227,82.1197134608865,11.76326400036487,12.177344000065204,15520,0.0
2049,1774584608.9579942,80.88102078296113,11.944704000143247,12.363840000034543,15520,0.0
2050,1774584608.9704885,80.09000835413211,12.05465600014577,12.485952000133693,15520,0.0
2051,1774584608.9833367,77.89035530409211,12.39603200019701,12.838560000091093,15520,0.0
2052,1774584608.9955702,81.796646989886,11.766271999931632,12.22544000029302,15520,0.0
2053,1774584609.0079415,80.88583579250961,11.947840000175347,12.363103999632585,15520,0.0
2054,1774584609.0246317,59.94467825571529,16.251263999947696,16.682047999893257,15520,0.0
2055,1774584609.038596,71.649990369307,13.523679999707383,13.95673600018199,15520,0.0
2056,1774584609.051305,78.73420591782971,12.259648000053858,12.700960000074701,15520,0.0
2057,1774584609.0648727,73.75223026740143,13.151424000170664,13.558912000007695,15520,0.0
2058,1774584609.077183,81.28875848216994,11.868192000292765,12.301823999678163,15520,0.0
2059,1774584609.0910208,72.3078346977987,13.386304000050586,13.829760000135138,15520,0.0
2060,1774584609.1035385,79.94494671068666,12.067840000327124,12.50860800018927,15520,0.0
2061,1774584609.1167912,75.50151123667013,12.822239999877638,13.244768000276963,15520,0.0
2062,1774584609.1289787,82.11755555179899,11.752000000342377,12.177663999864308,15520,0.0
2063,1774584609.1412745,81.38529491234593,11.843744000088918,12.287232000289805,15520,0.0
2064,1774584609.1537669,80.1167011915155,12.052831999881164,12.481792000016867,15520,0.0
2065,1774584609.167281,74.04879875105037,13.05283200008489,13.504607999948348,15520,0.0
2066,1774584609.1795497,81.55946924751221,11.788799999976618,12.260992000392434,15520,0.0
2067,1774584609.1919584,80.65452762361812,11.97027199987133,12.398559999837744,15520,0.0
2068,1774584609.204437,80.19235901572607,12.028063999878214,12.470015999952011,15520,0.0
2069,1774584609.217094,79.07328638769366,12.218559999837453,12.64649599988843,15520,0.0
2070,1774584609.2295754,80.17075730010082,12.026943999899231,12.473375999888958,15520,0.0
2071,1774584609.2420557,80.19030120920225,12.013503999696695,12.470335999751114,15520,0.0
2072,1774584609.2546544,79.43871779362213,12.144159999934345,12.58832000030452,15520,0.0
2073,1774584609.2673087,79.08329178550369,12.19580799988762,12.644896000438166,15520,0.0
2074,1774584609.279599,81.43046619874698,11.804671999925631,12.280416000066907,15520,0.0
2075,1774584609.2919908,80.77043362914308,11.918239999886282,12.38076799972987,15520,0.0
2076,1774584609.3046381,79.13776555360425,12.175616000149603,12.636192000172741,15520,0.0
2077,1774584609.3182714,73.40436526778213,13.193472000239126,13.623168000322039,15520,0.0
2078,1774584609.3340077,63.58501468977753,15.29391999974905,15.726976000223658,15520,0.0
2079,1774584609.3490443,66.55081500695223,14.583487999971112,15.026112000214198,15520,0.0
2080,1774584609.3623776,75.05632226255452,12.863648000347894,13.323328000296897,15520,0.0
2081,1774584609.3788955,60.57680751652895,12.977471999874979,16.50796799958698,15520,0.0
2082,1774584609.3913493,80.36993315901658,11.946240000270336,12.442463999832398,15520,0.0
2083,1774584609.4039004,79.74990430016585,12.073184000200854,12.539199999991979,15520,0.0
2084,1774584609.4164946,79.47144495551959,12.137951999648067,12.583136000102968,15520,0.0
2085,1774584609.4287572,81.61954063301118,11.791936000008718,12.251967999873159,15520,0.0
2086,1774584609.4412718,79.98239107503298,12.038432000281318,12.502752000273176,15520,0.0
2087,1774584609.4549482,73.17952752876431,13.211967999723129,13.665024000147241,15520,0.0
2088,1774584609.467687,78.56417373139391,12.291935999655834,12.728447999961645,15520,0.0
2089,1774584609.4814012,72.96560226485444,13.250496000182466,13.705087999824173,15520,0.0
2090,1774584609.493757,81.00282796940775,11.891711999851395,12.345248000201536,15160,0.0
2091,1774584609.5076752,71.8972593922911,13.401248000263877,13.908735999848432,15160,0.0
2092,1774584609.521524,72.27137960844352,12.066975999914575,13.836736000030214,15160,0.0
2093,1774584609.534104,79.57363808116543,12.124991999826307,12.566976000016439,15160,0.0
2094,1774584609.5480263,71.8805563658212,13.467680000303517,13.911968000229535,15160,0.0
2095,1774584609.5603786,81.02845200881421,11.879103999945073,12.341343999651144,15160,0.0
2096,1774584609.5750365,68.2745225684406,14.179263999722025,14.646752000317065,15160,0.0
2097,1774584609.5876906,79.09049724581976,12.18031999997038,12.643743999888102,15160,0.0
2098,1774584609.6007094,76.87917300104075,12.53945600001316,13.007424000079482,15160,0.0
2099,1774584609.6132188,80.00942191001262,12.016736000077799,12.498527999923681,15160,0.0
2100,1774584609.6287851,64.29115148106114,15.051680000397027,15.554239999801212,15160,0.0
2101,1774584609.6430376,70.2286645327381,13.762144000338594,14.239199999792618,15160,0.0
2102,1774584609.6558616,78.04500387152646,12.367424000331084,12.813119999918854,15160,0.0
2103,1774584609.6685348,78.97397017971714,12.225119999584422,12.662399999953777,15160,0.0
2104,1774584609.6821318,73.59833444105158,13.128256000072724,13.58726399985244,15160,0.0
2105,1774584609.6933546,89.18582616005307,10.745663999841781,11.212544000045455,15160,0.0
2106,1774584609.7060115,79.07868898964368,12.170208000043203,12.645631999930629,15160,0.0
2107,1774584609.7195652,73.84704091990459,13.061631999789824,13.541503999931592,15160,0.0
2108,1774584609.7318704,81.3389034224554,11.83660799961217,12.294239999846468,15160,0.0
2109,1774584609.743064,89.42828852831842,10.723616000177572,11.182144000031258,15160,0.0
2110,1774584609.754279,89.2467007281181,10.75868799989621,11.20489599998109,15160,0.0
2111,1774584609.7665362,81.65216959740137,11.790015999849857,12.247071999809123,15160,0.0
2112,1774584609.7847035,55.0810263933701,17.681759999959468,18.15507199989952,15160,0.0
2113,1774584609.8017879,58.57775095201474,16.614239999853453,17.071327999929053,15160,0.0
2114,1774584609.8140686,81.50331229642391,11.826943999949435,12.269439999727183,15160,0.0
2115,1774584609.8252172,89.77898568467398,10.691424000015104,11.13846399994145,15160,0.0
2116,1774584609.836334,90.03117239517708,10.681151999961003,11.107263999747374,15160,0.0
2117,1774584609.8474827,89.77279582645838,10.697760000311973,11.139232000004995,15160,0.0
2118,1774584609.8586202,89.86108195794584,10.697440000058123,11.128287999781605,15160,0.0
2119,1774584609.8697996,89.52384772193774,10.735775999819452,11.170207999839477,15160,0.0
2120,1774584609.8820255,81.85663955570467,11.778848000176367,12.216480000006413,15160,0.0
2121,1774584609.893172,89.79627022310586,10.685887999898114,11.136319999877742,15160,0.0
2122,1774584609.9042947,89.9782900395336,10.675072000140062,11.113791999832756,15160,0.0
2123,1774584609.9154391,89.80375365573876,10.693407999951887,11.135391999687272,15160,0.0
2124,1774584609.9293568,71.89610150706727,13.475807999839162,13.908959999753279,15160,0.0
2125,1774584609.941625,81.57543704651496,11.819551999906253,12.258592000307544,15160,0.0
2126,1774584609.9539006,81.5252128132633,11.812448000000586,12.266144000022905,15160,0.0
2127,1774584609.9661348,81.80285642721859,11.792128000251978,12.224511999647802,15160,0.0
2128,1774584609.9772396,90.11944792302882,10.67961600028866,11.096383999756654,15160,0.0
2129,1774584609.988377,89.85023044690081,10.700351999730628,11.129632000120182,15160,0.0
2130,1774584609.9995275,89.7604186739157,10.68470400014121,11.140767999677337,15160,0.0
2131,1774584610.011676,82.3820947457319,11.696607999965636,12.138560000039433,15280,0.0
2132,1774584610.022801,89.96766921794452,10.68176000035237,11.115104000054998,15280,0.0
2133,1774584610.03625,74.40564768602516,13.008223999804613,13.439840000046388,15280,0.0
2134,1774584610.0497017,74.39395706817463,13.009792000048037,13.441951999993762,15280,0.0
2135,1774584610.0619338,81.80949513938924,11.796352000146726,12.22351999967941,15280,0.0
2136,1774584610.0730906,89.70321869836737,10.710399999879883,11.147871999583003,15280,0.0
2137,1774584610.08427,89.53051629743489,10.714559999996709,11.16937599999801,15280,0.0
2138,1774584610.0955408,88.81095628630362,10.743008000190457,11.259872000209725,15280,0.0
2139,1774584610.1068099,88.82585016865795,10.787455999889062,11.257984000167198,15280,0.0
2140,1774584610.1193175,80.02150978259039,11.994048000360635,12.496639999881154,15280,0.0
2141,1774584610.1326456,75.09329591286722,12.858047999998234,13.316767999640433,15280,0.0
2142,1774584610.1485312,62.99387195551454,15.43519999995624,15.874560000156634,15280,0.0
2143,1774584610.1659923,57.30317505367859,16.983104000246385,17.45104000019637,15280,0.0
2144,1774584610.178286,81.40798032582532,11.826400000245485,12.283808000120189,15280,0.0
2145,1774584610.1894174,89.90761812249099,10.678912000003038,11.122528000214515,15280,0.0
2146,1774584610.2005713,89.72923306906358,10.705152000355156,11.144639999656647,15280,0.0
2147,1774584610.2117212,89.76505970568836,10.704576000080124,11.140191999857052,15280,0.0
2148,1774584610.2228346,90.05919410778263,10.67481600011888,11.103807999916171,15280,0.0
2149,1774584610.234022,89.46182628249456,10.747967999577668,11.177951999798097,15280,0.0
2150,1774584610.245155,89.9014105149231,10.691072000099666,11.12329600027806,15280,0.0
2151,1774584610.2562625,90.10307791899427,10.67696000018259,11.098400000264519,15280,0.0
2152,1774584610.2674077,89.80349558468872,10.68659199972899,11.135423999803606,15280,0.0
2153,1774584610.2785509,89.82053139379488,10.696383999857062,11.133311999856232,15280,0.0
2154,1774584610.2897222,89.59340363438682,10.72784000007232,11.161535999690386,15280,0.0
2155,1774584610.300842,90.00187203764033,10.680959999717743,11.11088000016025,15280,0.0
2156,1774584610.3119826,89.82930993847917,10.694464000152948,11.132223999993585,15280,0.0
2157,1774584610.323123,89.8419643893038,10.691808000046876,11.130656000204908,15280,0.0
2158,1774584610.33429,89.62218156285037,10.727136000241444,11.157951999848592,15280,0.0
2159,1774584610.3454661,89.5453959333468,10.718591999648197,11.167520000071818,15280,0.0
2160,1774584610.3590245,73.80134802621205,13.111872000081348,13.549887999943167,15280,0.0
2161,1774584610.3701835,89.68674214902003,10.735167999882833,11.149919999752456,15280,0.0
2162,1774584610.3825998,80.59254215993026,11.995872000170493,12.408095999944635,15280,0.0
2163,1774584610.393774,89.56618439661757,10.744191999947361,11.164927999743668,15280,0.0
2164,1774584610.40491,89.87012688016125,10.696991999793681,11.12716800025737,15280,0.0
2165,1774584610.4160738,89.65740828544892,10.717567999563471,11.153567999826919,15280,0.0
2166,1774584610.4272559,89.7663489641147,10.711968000123306,11.140032000184874,15280,0.0
2167,1774584610.4384441,89.4707910054922,10.747072000413027,11.176832000273862,15280,0.0
2168,1774584610.4529073,69.19043865702969,14.003104000039457,14.452863999849797,15280,0.0
2169,1774584610.4658852,77.11327384850476,12.51788800027498,12.967935999768088,15280,0.0
2170,1774584610.477016,89.91486141488747,10.685471999750007,11.12163200014038,15280,0.0
2171,1774584610.4898193,78.16662372590037,12.293920000047365,12.793184000202018,15280,0.0
2172,1774584610.5086887,53.026407998939575,18.38553600009618,18.85852800023713,15280,0.0
2173,1774584610.5221546,74.32300659607021,12.998208000226441,13.454784000259679,15480,0.0
2174,1774584610.5343988,81.73738366981478,11.800159999893367,12.234304000230622,15480,0.0
2175,1774584610.5466638,81.59119806984121,11.818943999969633,12.256224000338989,15480,0.0
2176,1774584610.5589032,81.76882318339696,11.78979199994501,12.229599999955099,15480,0.0
2177,1774584610.5711524,81.70255042618824,11.808191999989504,12.239520000093762,15480,0.0
2178,1774584610.5833626,81.96205353506372,11.758944000121119,12.200768000184326,15480,0.0
2179,1774584610.5955787,81.91972653289533,11.761056000068493,12.207071999910113,15480,0.0
2180,1774584610.6077409,82.28123066377502,11.747007999929338,12.153440000020055,15480,0.0
2181,1774584610.619913,82.20828554212922,11.751328000173089,12.16422400011652,15480,0.0
2182,1774584610.632004,82.76325999794966,11.662079999950947,12.082656000075076,15480,0.0
2183,1774584610.644194,82.09900220247923,11.76668800007974,12.180415999864636,15480,0.0
2184,1774584610.655303,90.08177984094947,10.6776960001298,11.101024000254256,15480,0.0
2185,1774584610.6682663,77.19823518551928,12.516992000200844,12.953664000178833,15480,0.0
2186,1774584610.6814919,75.66457711262328,12.71907199998168,13.216224000188959,15480,0.0
2187,1774584610.6926963,89.3331884936055,10.733695999988413,11.194048000106704,15480,0.0
2188,1774584610.7069325,70.29612100536154,13.755519999904209,14.225535999685235,15480,0.0
2189,1774584610.7182364,88.54773218613832,10.829536000073858,11.293344000023353,15480,0.0
2190,1774584610.732741,68.99261944562959,14.02505599980941,14.49430399998164,15480,0.0
2191,1774584610.7439995,88.9087412212829,10.806463999870175,11.24748800020825,15480,0.0
2192,1774584610.7564614,80.30322497674662,12.023295999824768,12.452800000119169,15480,0.0
2193,1774584610.7676344,89.57825126268833,10.702367999783746,11.163423999732913,15480,0.0
2194,1774584610.7787602,89.95005972493793,10.679424000045401,11.117280000235041,15480,0.0
2195,1774584610.789964,89.33625307971597,10.767519999717479,11.193664000074932,15480,0.0
2196,1774584610.8010688,90.13114442055154,10.661568000159605,11.094943999978568,15480,0.0
2197,1774584610.8122098,89.83060104684792,10.699295999984315,11.13206399986666,15480,0.0
2198,1774584610.823356,89.79420604762865,10.695488000237674,11.136575999898923,15480,0.0
2199,1774584610.8345199,89.64994922212901,10.711295999954018,11.154496000017389,15480,0.0
2200,1774584610.845811,88.64091494392802,10.843712000223604,11.281472000064241,15480,0.0
2201,1774584610.8570015,89.4362226750024,10.745951999979297,11.181151999608119,15480,0.0
2202,1774584610.8682258,89.16419622094884,10.782656000174029,11.215264000384195,15480,0.0
2203,1774584610.8794293,89.32859201046162,10.736543999882997,11.19462399992699,15480,0.0
2204,1774584610.8916774,81.71045475542041,11.800608000157808,12.23833599988211,15480,0.0
2205,1774584610.90384,82.28231391104241,11.69558399988091,12.15327999989313,15480,0.0
2206,1774584610.9196258,63.386909638883694,15.318272000058641,15.776128000197787,15480,0.0
2207,1774584610.9320812,80.34968181613482,12.019711999982974,12.445599999864498,15480,0.0
2208,1774584610.9432683,89.46310684513855,10.724191999997856,11.177792000125919,15480,0.0
2209,1774584610.9543986,89.92521100023633,10.696287999962806,11.120352000034472,15480,0.0
2210,1774584610.9655266,89.9262460898137,10.710655999901064,11.120224000023882,15480,0.0
2211,1774584610.9766757,89.77073273005458,10.72022400012429,11.139488000026176,15480,0.0
2212,1774584610.9878125,89.86780087069134,10.696704000110913,11.127455999940139,15480,0.0
2213,1774584610.9999993,82.12402962238336,11.768064000079903,12.17670400001225,15480,0.0
2214,1774584611.0122128,81.93454675073716,11.78665599991291,12.204864000068483,15480,0.0
2215,1774584611.0233984,89.47437740141687,10.722815999997692,11.17638400000942,15560,0.0
2216,1774584611.0345447,89.78724015688205,10.69779199997356,11.137439999856724,15560,0.0
2217,1774584611.046648,82.68245703293762,11.658720000014,12.094463999801519,15560,0.0
2218,1774584611.0578501,89.35311206065096,10.744512000201212,11.191552000127558,15560,0.0
2219,1774584611.0690176,89.62937893109586,10.706720000143832,11.157056000229204,15560,0.0
2220,1774584611.0801606,89.82750245131382,10.700767999878735,11.132447999898432,15560,0.0
2221,1774584611.0912967,89.86625026460085,10.671071999695414,11.127647999728651,15560,0.0
2222,1774584611.1024275,89.90865280709788,10.693888000332663,11.122400000203925,15560,0.0
2223,1774584611.1136003,89.56926498610905,10.729120000178227,11.164544000166643,15560,0.0
2224,1774584611.1246965,90.18967248737778,10.672735999833094,11.087744000178645,15560,0.0
2225,1774584611.1358385,89.81743349289033,10.712992000208033,11.133695999888005,15560,0.0
2226,1774584611.146989,89.74856043287717,10.707135999837192,11.142240000026504,15560,0.0
2227,1774584611.1581898,89.35413402531992,10.770559999855323,11.19142399966222,15560,0.0
2228,1774584611.1693716,89.50718062305484,10.711135999827093,11.172288000125263,15560,0.0
2229,1774584611.1804912,89.99720648686831,10.698080000111077,11.111455999980535,15560,0.0
2230,1774584611.1916084,90.02339167765456,10.678143999939493,11.108224000054179,15560,0.0
2231,1774584611.202757,89.76222346237508,10.712512000282004,11.14054399977249,15560,0.0
2232,1774584611.2139595,89.34391546678232,10.747135999736201,11.192703999768128,15560,0.0
2233,1774584611.2250967,89.86599183423054,10.704255999826273,11.127679999844986,15560,0.0
2234,1774584611.236215,90.00783428385407,10.690399999930378,11.110143999758293,15560,0.0
2235,1774584611.2473788,89.64249139982192,10.696543999983987,11.155424000207859,15560,0.0
2236,1774584611.2585008,89.99383722098518,10.68611199980296,11.111872000128642,15560,0.0
2237,1774584611.2696328,89.8952037681706,10.682208000162063,11.124063999886857,15560,0.0
2238,1774584611.2807684,89.87633016812083,10.69379199998366,11.126400000193826,15560,0.0
2239,1774584611.2919064,89.86444128689384,10.688960000152292,11.127872000088246,15560,0.0
2240,1774584611.3029974,90.24071892160828,10.659072000180458,11.081472000114445,15560,0.0
2241,1774584611.314187,89.44006227780953,10.750496000127896,11.180672000136838,15560,0.0
2242,1774584611.325331,89.81072210912725,10.698655999931361,11.134527999729471,15560,0.0
2243,1774584611.336484,89.72588383741801,10.712832000081107,11.145055999804754,15560,0.0
2244,1774584611.34764,89.72124685193639,10.712543999943591,11.145632000079786,15560,0.0
2245,1774584611.358769,89.940480987367,10.699967999698856,11.118463999991945,15560,0.0
2246,1774584611.3699286,89.68056499973089,10.731167999892932,11.150688000270748,15560,0.0
2247,1774584611.381082,89.73953995917817,10.70153599994228,11.143360000005487,15560,0.0
2248,1774584611.3922217,89.84738881895963,10.699136000312137,11.12998400003562,15560,0.0
2249,1774584611.4033992,89.53385095592816,10.721856000145635,11.16896000030465,15560,0.0
2250,1774584611.414507,90.10255833565581,10.67241600003399,11.09846400004244,15560,0.0
2251,1774584611.4256697,89.65663659800289,10.73798400011583,11.153664000175922,15560,0.0
2252,1774584611.436768,90.16781312079111,10.683999999855587,11.090431999946304,15560,0.0
2253,1774584611.4479,89.89804842147741,10.705088000122487,11.12371199997142,15560,0.0
2254,1774584611.4589872,90.26417797411939,10.675456000171835,11.078592000103527,15560,0.0
2255,1774584611.4702735,88.66631672918597,10.858751999876404,11.278240000137885,15560,0.0
2256,1774584611.4815562,88.70583159183579,10.683231999792042,11.273216000063258,15560,0.0
2257,1774584611.494439,77.68221139721798,12.43382400025439,12.872959999640443,15560,0.0
2258,1774584611.5064995,82.9784070279021,11.627039999893896,12.05132799987041,15560,0.0
2259,1774584611.5176568,89.69703927931246,10.728287999882014,11.148640000101295,15560,0.0
2260,1774584611.5292978,85.9765978578749,11.124799999834067,11.631072000000131,15560,0.0
2261,1774584611.5418386,79.81426900304538,11.569984000288969,12.529088000064803,15680,0.0
2262,1774584611.5529866,89.78698218073356,10.694656000396208,11.137471999973059,15680,0.0
2263,1774584611.5648053,84.67641416468994,11.349760000030074,11.809663999883924,15680,0.0
2264,1774584611.5781176,75.18163883914772,12.858719999712775,13.301120000051014,15680,0.0
2265,1774584611.5915356,74.57806712565318,12.964479999936884,13.40876800031765,15680,0.0
2266,1774584611.6055427,71.4368989294101,13.556767999943986,13.998368000102346,15680,0.0
2267,1774584611.622985,57.36081513044041,16.97340800001257,17.43350399965493,15680,0.0
2268,1774584611.6353397,81.00219807501846,11.8377280000459,12.345344000095793,15680,0.0
2269,1774584611.6486862,74.99022127632288,12.875456000074337,13.33507199979067,15680,0.0
2270,1774584611.6620572,74.84904444813718,12.892128000203229,13.360223999825394,15680,0.0
2271,1774584611.6732187,89.67284476599224,10.722879999775614,11.151648000122805,15680,0.0
2272,1774584611.6843379,90.01146386045367,10.682688000088092,11.109695999948599,15680,0.0
2273,1774584611.695504,89.63426352316932,10.698975999730465,11.156447999837837,15680,0.0
2274,1774584611.7066052,90.15194569724846,10.679263999918476,11.092383999766753,15680,0.0
2275,1774584611.7177434,89.85384732725798,10.714399999869784,11.12918399985574,15680,0.0
2276,1774584611.7288368,90.2131050075033,10.675328000161244,11.08486399971298,15680,0.0
2277,1774584611.7399354,90.16937415112496,10.682559999622754,11.090240000157792,15680,0.0
2278,1774584611.7510264,90.24071892160828,10.668160000022908,11.081472000114445,15680,0.0
2279,1774584611.7621822,89.71042908886358,10.732799999914278,11.146975999963615,15680,0.0
2280,1774584611.7733662,89.48898211492366,10.74265600027502,11.174560000199563,15680,0.0
2281,1774584611.784516,89.76660682170983,10.708671999964281,11.14000000006854,15680,0.0
2282,1774584611.7956345,90.01353803670872,10.68544000008842,11.109439999927417,15680,0.0
2283,1774584611.8068538,89.20211915789103,10.782016000121075,11.210495999876002,15680,0.0
2284,1774584611.818007,89.72768723736537,10.724575999574881,11.144831999899907,15680,0.0
2285,1774584611.8291454,89.85953158003299,10.689728000215837,11.128480000024865,15680,0.0
2286,1774584611.8402612,90.03791676827193,10.670432000097207,11.106431999905908,15680,0.0
2287,1774584611.8514802,89.21103190839409,10.732128000199737,11.20937599989702,15680,0.0
2288,1774584611.8637166,81.79943041323651,11.777472000176203,12.225024000144913,15680,0.0
2289,1774584611.874906,89.4541436582215,10.728159999871423,11.178912000104901,15680,0.0
2290,1774584611.8860781,89.59109192327512,10.73171200005163,11.161823999827902,15680,0.0
2291,1774584611.8972464,89.62063941743072,10.72729600036837,11.158144000091852,15680,0.0
2292,1774584611.9083416,90.2097195571543,10.67241600003399,11.085279999861086,15680,0.0
2293,1774584611.9207432,80.69597372359475,11.944927999593347,12.392191999879287,15680,0.0
2294,1774584611.9379709,58.08010407922762,16.78924799989545,17.217600000094535,15680,0.0
2295,1774584611.9502058,81.79921629936322,11.806432000412315,12.2250559998065,15680,0.0
2296,1774584611.9624753,81.55712783296666,11.824767999769392,12.261343999853125,15680,0.0
2297,1774584611.9747064,81.82170461535563,11.807520000274963,12.221695999869553,15680,0.0
2298,1774584611.986061,88.13566970361553,10.913344000073266,11.346144000071945,15680,0.0
2299,1774584611.998383,81.21587308847485,11.864191999848117,12.312864000250556,15680,0.0
2300,1774584612.0106878,81.33466939150122,11.857919999783917,12.294879999899422,15680,0.0
2301,1774584612.0229924,81.33234086010513,11.864992000027996,12.295232000269607,15680,0.0
2302,1774584612.036302,75.18507558397673,12.870943999587325,13.300511999659648,15680,0.0
2303,1774584612.0474818,89.51333390572414,10.740480000094976,11.171520000061719,15520,0.0
2304,1774584612.0585454,90.45621774257512,10.65132799976709,11.05507200009015,15520,0.0
2305,1774584612.0697093,89.64994922212901,10.717919999933656,11.154496000017389,15520,0.0
2306,1774584612.0830057,75.26402620466263,12.845375999859243,13.286559999869496,15520,0.0
2307,1774584612.0941706,89.65226396800207,10.712224000144488,11.15420800033462,15520,0.0
2308,1774584612.1053333,89.66666953815805,10.704320000058942,11.152415999731602,15520,0.0
2309,1774584612.1178703,79.8234433162085,12.086144000022614,12.52764799983197,15520,0.0
2310,1774584612.1290405,89.60599169890624,10.711647999869456,11.159968000356457,15520,0.0
2311,1774584612.1402028,89.66383950521282,10.706175999985135,11.152768000101787,15520,0.0
2312,1774584612.1514935,88.6454409275978,10.79167999978381,11.280896000243956,15520,0.0
2313,1774584612.1626747,89.51538518795826,10.71187200022905,11.171264000040537,15520,0.0
2314,1774584612.1738763,89.35183464494922,10.745856000085041,11.191711999799736,15520,0.0
2315,1774584612.1850512,89.57465653495821,10.713631999806239,11.163871999997355,15520,0.0
2316,1774584612.1972432,82.09490433778933,11.748064000130398,12.181023999801255,15520,0.0
2317,1774584612.2094686,81.86114254688131,11.77769600008105,12.215807999837125,15520,0.0
2318,1774584612.220616,89.7867242060675,10.696639999878244,11.137504000089393,15520,0.0
2319,1774584612.2317357,90.00472344958719,10.680800000045565,11.110527999790065,15520,0.0
2320,1774584612.2428415,90.10775445717533,10.664223999810929,11.097823999989487,15520,0.0
2321,1774584612.254037,89.39707750124578,10.746911999831354,11.186048000126902,15520,0.0
2322,1774584612.2651463,90.0924276230875,10.677568000119209,11.099712000032014,15520,0.0
2323,1774584612.2762911,89.80659252051645,10.706495999784238,11.135040000226581,15520,0.0
2324,1774584612.2874537,89.6550932702725,10.699711999677675,11.153855999964435,15520,0.0
2325,1774584612.2986171,89.66281044761145,10.716927999965264,11.152896000112378,15520,0.0
2326,1774584612.3109276,81.30038998104325,11.85622399998465,12.300064000100974,15520,0.0
2327,1774584612.3235085,79.55054577980924,12.113248000332533,12.570624000090902,15520,0.0
2328,1774584612.335475,83.63576024402093,11.511008000070433,11.956607999763946,15520,0.0
2329,1774584612.3466377,89.65663659800289,10.737695999978314,11.153664000175922,15520,0.0
2330,1774584612.3589978,80.96505159594379,11.924096000257123,12.351008000223374,15520,0.0
2331,1774584612.3701658,89.61267252183336,10.74246400003176,11.159136000060244,15520,0.0
2332,1774584612.381294,89.93659829632897,10.69907199962472,11.118943999917974,15520,0.0
2333,1774584612.3936388,81.07133499180995,11.917792000076588,12.33481600002051,15520,0.0
2334,1774584612.4047415,90.14726457106428,10.679743999844504,11.092960000041785,15520,0.0
2335,1774584612.4158769,89.88279283802639,10.712351999700331,11.125600000013947,15520,0.0
2336,1774584612.4269743,90.18446691412503,10.68751999991946,11.0883840002316,15520,0.0
2337,1774584612.4381385,89.63683457168365,10.7420480003384,11.156128000038734,15520,0.0
2338,1774584612.449309,89.59057822427293,10.726783999871259,11.161888000060571,15520,0.0
2339,1774584612.4605124,89.33599769223126,10.707584000101633,11.19369599973652,15520,0.0
2340,1774584612.4716747,89.65895169288264,10.728767999808042,11.153376000038406,15520,0.0
2341,1774584612.4828029,89.93556296474442,10.692992000258528,11.119072000383312,15520,0.0
2342,1774584612.4939783,89.54719208526829,10.738464000041859,11.16729600016697,15520,0.0
2343,1774584612.508602,68.42161729004648,14.18003199978557,14.615263999985473,15520,0.0
2344,1774584612.5209236,81.21270712372359,11.888799999724142,12.313344000176585,15520,0.0
2345,1774584612.5320828,89.6764473789997,10.720063999997365,11.151199999858363,15520,0.0
2346,1774584612.5431962,90.05063006529781,10.680127999876277,11.104864000117232,15520,0.0
2347,1774584612.554397,89.34314917001677,10.74332799998956,11.192799999662384,15520,0.0
2348,1774584612.5655305,89.88951499793036,10.703584000111732,11.12476800017248,15640,0.0
2349,1774584612.5766737,89.80736679151637,10.713696000038908,11.134943999877578,15640,0.0
2350,1774584612.5877945,89.99513306319004,10.684255999876768,11.111712000001717,15640,0.0
2351,1774584612.598936,89.81511020652695,10.702432000016415,11.13398400002552,15640,0.0
2352,1774584612.6100965,89.68082236472473,10.717664000367222,11.150656000154413,15640,0.0
2353,1774584612.6212242,89.92961029275652,10.700704000100814,11.119808000330522,15640,0.0
2354,1774584612.6323202,90.17848124863607,10.675072000140062,11.08912000017881,15640,0.0
2355,1774584612.643497,89.54488276188073,10.70633600011206,11.16758399984974,15640,0.0
2356,1774584612.654659,89.6705289572532,10.69926399986798,11.151935999805573,15640,0.0
2357,1774584612.665807,89.77692230376155,10.717311999997037,11.138719999962632,15640,0.0
2358,1774584612.6769028,90.2013872256153,10.670463999758795,11.086303999945812,15640,0.0
2359,1774584612.6880226,90.00601960163601,10.689984000237018,11.110368000117887,15640,0.0
2360,1774584612.6991184,90.19800265836479,10.67603199999212,11.086719999639172,15640,0.0
2361,1774584612.7102368,90.00446422218361,10.708192000038252,11.1105599999064,15640,0.0
2362,1774584612.7213445,90.09294708959312,10.683359999802633,11.099648000254092,15640,0.0
2363,1774584612.7324543,90.08177984463961,10.696223999730137,11.101023999799509,15640,0.0
2364,1774584612.743566,90.05659876981682,10.666879999917,11.104128000170022,15640,0.0
2365,1774584612.754675,90.08333789746655,10.686975999760762,11.100832000010996,15640,0.0
2366,1774584612.7658148,89.83499108705577,10.72303999990254,11.131520000162709,15640,0.0
2367,1774584612.776913,90.17119542272903,10.6848320001518,11.090016000252945,15640,0.0
2368,1774584612.7880313,90.007315794701,10.69712000025902,11.110207999990962,15640,0.0
2369,1774584612.7991407,90.07944286276008,10.69305600003645,11.101311999937025,15640,0.0
2370,1774584612.81134,82.02810217198343,11.742336000224896,12.190943999939918,15640,0.0
2371,1774584612.8224957,89.69884151994138,10.714783999901556,11.148416000196448,15640,0.0
2372,1774584612.8336508,89.7140347188103,10.713119999763876,11.146528000153921,15640,0.0
2373,1774584612.8447824,89.90296233828897,10.693375999835553,11.1231040000348,15640,0.0
2374,1774584612.8558962,90.0454405334169,10.672928000076354,11.105503999715438,15640,0.0
2375,1774584612.8669999,90.14206389192508,10.677728000246134,11.093600000094739,15640,0.0
2376,1774584612.8792002,82.01712255090122,11.77590399993278,12.192575999961264,15640,0.0
2377,1774584612.8914528,81.67521751758659,11.779648000356246,12.24361599997792,15640,0.0
2378,1774584612.9036398,82.10849356395377,11.757248000321852,12.179008000202884,15640,0.0
2379,1774584612.9159076,81.56862335697106,11.84681599988835,12.259615999937523,15640,0.0
2380,1774584612.92699,90.30095502602735,10.672991999854275,11.074079999616515,15640,0.0
2381,1774584612.9381242,89.87788112575669,10.712192000028153,11.126207999950566,15640,0.0
2382,1774584612.9492643,89.83008459757895,10.699808000026678,11.132128000099328,15640,0.0
2383,1774584612.9614692,81.99624784946765,11.782336000123905,12.195680000331777,15640,0.0
2384,1774584612.973674,81.98893346041011,11.777727999742638,12.196768000194425,15640,0.0
2385,1774584612.9859343,81.61868793489475,11.83785600005649,12.252096000338497,15640,0.0
2386,1774584612.9981494,81.92037077804535,11.797760000263224,12.206976000015857,15640,0.0
2387,1774584613.009248,90.1568874105747,10.688544000004185,11.091775999830134,15640,0.0
2388,1774584613.0203445,90.17978241379905,10.67168000008678,11.088960000051884,15640,0.0
2389,1774584613.0314796,89.88072468650643,10.700991999783582,11.12585599958038,15640,0.0
2390,1774584613.0426006,89.98295362916349,10.684095999749843,11.113216000012471,15640,0.0
2391,1774584613.0538168,89.22555077078589,10.779839999941032,11.207552000087162,15640,0.0
2392,1774584613.0649934,89.53513358499457,10.665920000064943,11.168800000177725,15680,0.0
2393,1774584613.076082,90.24749473102675,10.667328000181442,11.080639999818231,15680,0.0
2394,1774584613.0871906,90.10048005484124,10.66508799976873,11.098720000063622,15680,0.0
2395,1774584613.0983942,89.33599769223126,10.68659199972899,11.19369599973652,15680,0.0
2396,1774584613.1095796,89.48257595341344,10.730464000062057,11.175359999924694,15680,0.0
2397,1774584613.124675,66.28345989055569,14.643168000020523,15.086719999999332,15680,0.0
2398,1774584613.1369653,81.43110277142134,11.84307199991963,12.280320000172651,15680,0.0
2399,1774584613.1480708,90.11451030933979,10.679968000204099,11.09699200014802,15680,0.0
2400,1774584613.1592145,89.80917346843468,10.706816000038089,11.13471999997273,15680,0.0
2401,1774584613.1703835,89.6090750346657,10.684192000098847,11.159583999869938,15680,0.0
2402,1774584613.1814961,90.06516394767102,10.663519999980053,11.10307199996896,15680,0.0
2403,1774584613.1925995,90.13218425640284,10.671648000425193,11.094815999967977,15680,0.0
2404,1774584613.203707,90.10151918326413,10.677023999960511,11.098592000053031,15680,0.0
2405,1774584613.2147903,90.29965035813778,10.65920000019105,11.074240000198188,15680,0.0
2406,1774584613.2259407,89.7591295821649,10.723135999796796,11.140927999804262,15680,0.0
2407,1774584613.237028,90.2620922309561,10.666495999885228,11.078848000124708,15680,0.0
2408,1774584613.248144,90.03220992555578,10.677312000098027,11.107135999736784,15680,0.0
2409,1774584613.2592688,89.95989947596212,10.683296000024711,11.116063999907055,15680,0.0
2410,1774584613.2704506,89.49000718632401,10.765376000108517,11.174432000188972,15680,0.0
2411,1774584613.2816067,89.70476367976495,10.727712000061729,11.147680000249238,15680,0.0
2412,1774584613.2926857,90.32810056420371,10.658944000169868,11.07075200025065,15680,0.0
2413,1774584613.3037877,90.14700452562664,10.678816000108782,11.092991999703372,15680,0.0
2414,1774584613.3148746,90.26235294450636,10.657184000137931,11.078816000008374,15680,0.0
2415,1774584613.3260338,89.67721940385623,10.723807999966084,11.151103999964107,15680,0.0
2416,1774584613.3371077,90.37407637869825,10.658944000169868,11.065119999784656,15680,0.0
2417,1774584613.3482013,90.20841752795391,10.681184000077337,11.085439999988012,15680,0.0
2418,1774584613.3593378,89.86004836427841,10.664704000191705,11.128416000246943,15680,0.0
2419,1774584613.3704367,90.17665968270586,10.677056000076846,11.089344000083656,15680,0.0
2420,1774584613.3815558,89.99928000608918,10.689568000088912,11.111199999959354,15680,0.0
2421,1774584613.3926644,90.08307822071279,10.681631999887031,11.100863999672583,15680,0.0
2422,1774584613.4038506,89.4728403383462,10.679040000013629,11.17657600025268,15680,0.0
2423,1774584613.414931,90.32418433504435,10.66761599986421,11.071232000176678,15680,0.0
2424,1774584613.4260917,89.66538313773295,10.740767999777745,11.152575999858527,15680,0.0
2425,1774584613.437188,90.19644063293767,10.680480000246462,11.086911999882432,15680,0.0
2426,1774584613.4482503,90.46643043990036,10.642751999967004,11.053824000100576,15680,0.0
2427,1774584613.4593956,89.79446406162347,10.676831999717251,11.136544000237336,15680,0.0
2428,1774584613.4704993,90.13686381281525,10.680191999654198,11.094240000147693,15680,0.0
2429,1774584613.4816456,89.78775610996024,10.717568000018218,11.137376000078802,15680,0.0
2430,1774584613.4927235,90.33541177275787,10.6628799999271,11.069855999721767,15680,0.0
2431,1774584613.503819,90.19539931394212,10.6745600000977,11.087039999893022,15680,0.0
2432,1774584613.5149128,90.21024037713813,10.659615999884409,11.085216000083165,15680,0.0
2433,1774584613.5260932,89.50846248809079,10.752224000043498,11.172127999998338,15680,0.0
2434,1774584613.537198,90.12334641821565,10.67676799993933,11.095903999830625,15680,0.0
2435,1774584613.5483088,90.0729518842424,10.677536000002874,11.102112000116904,15680,0.0
2436,1774584613.559432,89.97207266580193,10.67823999983375,11.114560000351048,15680,0.0
2437,1774584613.5705478,90.03117239517708,10.68230400005632,11.107263999747374,15680,0.0
2438,1774584613.5867574,61.72559073869494,15.76361600018572,16.200735999973404,15814,0.0
2439,1774584613.6022062,64.77126933065244,14.946880000024976,15.438943999924959,15814,0.0
2440,1774584613.6133668,89.68005027783197,10.68451199989795,11.15075200004867,15814,0.0
2441,1774584613.6269248,73.80814605771688,13.094880000153353,13.548639999953593,15814,0.0
2442,1774584613.647177,49.40156915215334,19.78486400003021,20.242271999904915,15814,0.0
2443,1774584613.658433,88.92063157678675,10.79753600015465,11.245984000197495,15814,0.0
2444,1774584613.675038,60.26106055679305,16.14134400006151,16.594463999808795,15814,0.0
2445,1774584613.6875746,79.83547505145435,11.7552000001524,12.52576000024419,15814,0.0
2446,1774584613.699977,80.69889113222351,11.9352959995922,12.391744000069593,15814,0.0
2447,1774584613.712262,81.46931539604786,11.827615999663976,12.274560000150814,15814,0.0
2448,1774584613.7234054,89.82311313929522,10.680127999876277,11.13299200005713,15814,0.0
2449,1774584613.7356286,81.87508351254439,11.790911999923992,12.213728000006085,15814,0.0
2450,1774584613.7467399,90.06049182917415,10.695104000205902,11.103648000243993,15814,0.0
2451,1774584613.7579432,89.33114555663299,10.769600000003265,11.194303999673139,15814,0.0
2452,1774584613.7690792,89.86780087069134,10.693375999835553,11.127455999940139,15814,0.0
2453,1774584613.7803814,88.55350332124578,10.875519999899552,11.292607999621396,15814,0.0
2454,1774584613.7915473,89.63272096193218,10.701184000026842,11.156640000081097,15814,0.0
2455,1774584613.802876,88.34396759016032,10.907359999691835,11.319392000132211,15814,0.0
2456,1774584613.8139918,90.03428505436835,10.698080000111077,11.10688000017035,15814,0.0
2457,1774584613.825133,89.82285495696578,10.718303999965428,11.133024000173464,15814,0.0
2458,1774584613.836236,90.13088446441401,10.671679999632033,11.094976000094903,15814,0.0
2459,1774584613.8474057,89.60316549844784,10.691872000279545,11.160320000271895,15814,0.0
2460,1774584613.858533,89.94332850695501,10.700415999963298,11.118112000076508,15814,0.0
2461,1774584613.8697028,89.60085328721,10.733600000094157,11.160607999954664,15814,0.0
2462,1774584613.8808904,89.46387520104989,10.73872000006304,11.177696000231663,15814,0.0
2463,1774584613.8920383,89.7867242060675,10.704895999879227,11.137504000089393,15814,0.0
2464,1774584613.9031782,89.84583891717445,10.704383999836864,11.130175999824132,15814,0.0
2465,1774584613.914339,89.67387405759182,10.726080000040383,11.151519999657467,15814,0.0
2466,1774584613.9254472,90.08515569511486,10.692128000300727,11.10060800010615,15814,0.0
2467,1774584613.936536,90.23915541634551,10.680159999992611,11.081664000357705,15814,0.0
2468,1774584613.9476798,89.79962470792157,10.715775999869948,11.135904000184382,15814,0.0
2469,1774584613.9587712,90.22873344836896,10.680320000119536,11.082944000008865,15814,0.0
2470,1774584613.9699852,89.23319417889037,10.793567999826337,11.206591999780358,15814,0.0
2471,1774584613.9810932,90.09736281337712,10.691871999824798,11.099104000095394,15814,0.0
2472,1774584613.9922104,90.02313234639061,10.683359999802633,11.108255999715766,15814,0.0
2473,1774584614.004907,78.82436921580864,12.247167999703379,12.686432000009518,15814,0.0
2474,1774584614.0160792,89.58184627530133,10.717696000028809,11.16297599992322,15814,0.0
2475,1774584614.0283191,81.766469727224,11.787200000071607,12.229952000325284,15814,0.0
2476,1774584614.0405478,81.8403471588147,11.778560000038851,12.218912000207638,15814,0.0
2477,1774584614.052809,81.6171957651493,11.819135999758146,12.252319999788597,15814,0.0
2478,1774584614.0650702,81.62039334288569,11.805791999904613,12.251840000317316,15814,0.0
2479,1774584614.0798974,67.48862411704178,13.811360000090644,14.817312000104721,15814,0.0
2480,1774584614.0959902,62.17878439986612,15.59283200003847,16.08265599998049,15600,0.0
2481,1774584614.108308,81.24902501053847,11.885119999988092,12.30784000017593,15600,0.0
2482,1774584614.1194627,89.71918612415101,10.666816000139079,11.145888000100967,15600,0.0
2483,1774584614.1306212,89.68957362425323,10.700767999878735,11.149567999837018,15600,0.0
2484,1774584614.141739,90.02183569774135,10.690271999919787,11.108415999842691,15600,0.0
2485,1774584614.1528609,89.98217633126767,10.708832000091206,11.113311999906728,15600,0.0
2486,1774584614.1639595,90.16703262589267,10.684384000342106,11.09052799984056,15600,0.0
2487,1774584614.175049,90.2482766195289,10.672224000245478,11.080543999923975,15600,0.0
2488,1774584614.1861665,90.01172312449464,10.687583999697381,11.109664000287012,15600,0.0
2489,1774584614.1972997,89.88899787470574,10.704512000302202,11.124831999950402,15600,0.0
2490,1774584614.2084386,89.85152215672099,10.697952000100486,11.129471999993257,15600,0.0
2491,1774584614.2196264,89.45644830731561,10.723519999828568,11.178623999967385,15600,0.0
2492,1774584614.2315328,84.05440808407596,11.441952000041056,11.897055999725126,15600,0.0
2493,1774584614.242704,89.60213783671006,10.730015999797615,11.160447999827738,15600,0.0
2494,1774584614.2550917,80.77982908312106,11.961759999849164,12.379327999951784,15600,0.0
2495,1774584614.2663682,88.74336554591451,10.83500799995818,11.268448000009812,15600,0.0
2496,1774584614.2792413,77.84185026921459,12.43603200009602,12.846560000070895,15600,0.0
2497,1774584614.2926266,74.76452166164586,12.934815999869897,13.37532800016561,15600,0.0
2498,1774584614.3059092,75.33460618632813,12.834848000238708,13.2741120000901,15600,0.0
2499,1774584614.320571,68.24365934585897,14.22588800005542,14.653375999841955,15600,0.0
2500,1774584614.3316715,90.16104927068135,10.661504000381683,11.091264000242518,15600,0.0
2501,1774584614.342824,89.74185933751919,10.705119999784074,11.14307199986797,15600,0.0
2502,1774584614.3553193,80.09924617061051,12.03295999994225,12.48451199990086,15600,0.0
2503,1774584614.3675554,81.79150886423906,11.78537600026175,12.226207999901817,15600,0.0
2504,1774584614.3786676,90.06178959534266,10.691808000046876,11.10348799966232,15600,0.0
2505,1774584614.3898304,89.65277837464352,10.745472000053269,11.154144000101951,15600,0.0
2506,1774584614.4009573,89.94151642850845,10.71062399978473,11.118335999981355,15600,0.0
2507,1774584614.4120567,90.1737973701066,10.678527999971266,11.089695999999094,15600,0.0
2508,1774584614.4231577,90.14908494961524,10.678048000045237,11.092736000136938,15600,0.0
2509,1774584614.4342752,90.01924251249731,10.704287999942608,11.108736000096542,15600,0.0
2510,1774584614.4466326,80.97512185371379,11.9413440002063,12.349471999641537,15600,0.0
2511,1774584614.4578524,89.20211915427261,10.794463999900472,11.21049600033075,15600,0.0
2512,1774584614.4689696,90.02105772426977,10.699007999846799,11.108512000191695,15600,0.0
2513,1774584614.4800606,90.22899396924714,10.681759999897622,11.08291199989253,15600,0.0
2514,1774584614.4911947,89.88460255097839,10.690112000247609,11.1253760001091,15600,0.0
2515,1774584614.5023386,89.81123833211473,10.686016000363452,11.13446399995155,15600,0.0
2516,1774584614.5134761,89.86366603512631,10.714528000335122,11.127967999982502,15600,0.0
2517,1774584614.5245862,90.07476926275054,10.691359999782435,11.101888000212057,15600,0.0
2518,1774584614.5357065,89.9956514119944,10.700960000121995,11.111647999769048,15600,0.0
2519,1774584614.546817,90.07528852933146,10.693983999772172,11.101823999979388,15600,0.0
2520,1774584614.5579643,89.77356951114149,10.729600000104256,11.139136000110739,15600,0.0
2521,1774584614.5690832,90.00653807585563,10.700287999952707,11.110303999885218,15600,0.0
2522,1774584614.580163,90.32601186960773,10.669568000139407,11.071007999817084,15600,0.0
2523,1774584614.5912466,90.28843181482182,10.665952000181278,11.075615999743604,15600,0.0
2524,1774584614.60231,90.45752693493414,10.66560000026584,11.054911999963224,15640,0.0
2525,1774584614.6133857,90.3455972045546,10.664255999927263,11.068608000186941,15640,0.0
2526,1774584614.6245065,89.99020906575306,10.683936000077665,11.112319999938336,15640,0.0
2527,1774584614.6364088,84.07430823696734,11.507136000091123,11.894239999946876,15640,0.0
2528,1774584614.6485589,82.35560755946038,11.74684800025716,12.142464000135078,15640,0.0
2529,1774584614.6607125,82.33521101420409,11.741599999822938,12.145472000156587,15640,0.0
2530,1774584614.6728644,82.34801192058352,11.747424000077444,12.14358400011406,15640,0.0
2531,1774584614.68503,82.25285976879186,11.754048000057082,12.157631999798468,15640,0.0
2532,1774584614.69717,82.42055317788801,11.731743999916944,12.1328960003666,15640,0.0
2533,1774584614.709314,82.40012445760044,11.73216000006505,12.135903999933362,15640,0.0
2534,1774584614.7213125,83.40205663012394,11.580703999698017,11.990111999693909,15640,0.0
2535,1774584614.7324038,90.23889484048823,10.671424000065599,11.081696000019292,15640,0.0
2536,1774584614.7434976,90.20737593239481,10.658048000095732,11.085567999998602,15640,0.0
2537,1774584614.7545984,90.1566273059204,10.68304000000353,11.091807999946468,15640,0.0
2538,1774584614.7657259,89.93193951029711,10.702624000259675,11.119519999738259,15640,0.0
2539,1774584614.7768655,89.84248097518031,10.711135999827093,11.13059199997224,15640,0.0
2540,1774584614.7880106,89.79859253120786,10.707647999879555,11.136032000194973,15640,0.0
2541,1774584614.7991397,89.92728120322026,10.698047999994742,11.120096000013291,15640,0.0
2542,1774584614.8113801,81.7564155902376,11.791903999892384,12.231455999881291,15640,0.0
2543,1774584614.8235815,82.01776832888011,11.75900799989904,12.192480000067007,15640,0.0
2544,1774584614.8357525,82.2273210478242,11.733471999832545,12.161407999883522,15640,0.0
2545,1774584614.85485,52.38559823422084,18.67587199967602,19.089216000338638,15640,0.0
2546,1774584614.8672562,80.66306328584646,11.96118400002888,12.397248000070249,15640,0.0
2547,1774584614.8783846,89.93530413925096,10.688223999750335,11.1191040000449,15640,0.0
2548,1774584614.8895264,89.82956815424822,10.707647999879555,11.132192000331997,15640,0.0
2549,1774584614.9006312,90.12568567501565,10.68544000008842,11.095616000147857,15640,0.0
2550,1774584614.911714,90.29938942908382,10.664288000043598,11.074272000314522,15640,0.0
2551,1774584614.9228108,90.18030288815893,10.676448000140226,11.088896000273962,15640,0.0
2552,1774584614.9339375,89.93633946119809,10.715295999943919,11.118976000034309,15640,0.0
2553,1774584614.9450674,89.91718986479894,10.684479999781615,11.121344000002864,15640,0.0
2554,1774584614.9583056,75.5946578158828,12.810431999696448,13.228448000063509,15640,0.0
2555,1774584614.9726002,70.0013440253435,13.88918399970862,14.28544000009424,15640,0.0
2556,1774584614.984745,82.39230337222116,11.741343999801757,12.137056000028679,15640,0.0
2557,1774584614.996932,82.10784635651555,11.762655999973504,12.17910400009714,15640,0.0
2558,1774584615.0090876,82.3159087014326,11.731199999758246,12.148320000051172,15640,0.0
2559,1774584615.0223358,75.52486762036536,12.836223999784124,13.240671999938058,15640,0.0
2560,1774584615.0345867,81.67244254096258,11.809375999746408,12.244032000126026,15640,0.0
2561,1774584615.046786,82.031978033,11.77756800007046,12.190368000119634,15640,0.0
2562,1774584615.0578873,90.13998378828343,10.699647999899753,11.09385600011592,15640,0.0
2563,1774584615.0689921,90.11243147713314,10.693119999814371,11.097248000169202,15640,0.0
2564,1774584615.0801039,90.06334695673837,10.684384000342106,11.103295999873808,15640,0.0
2565,1774584615.0912013,90.17691990296123,10.68617600003563,11.089311999967322,15640,0.0
2566,1774584615.1023438,89.81433580567098,10.692224000194983,11.134079999919777,15640,0.0
2567,1774584615.1135218,89.52359125712213,10.700000000269938,11.170239999955811,15520,0.0
2568,1774584615.124795,88.77664364538427,10.796191999816074,11.264224000115064,15520,0.0
2569,1774584615.1370308,81.79279333741486,11.772928000027605,12.226015999658557,15520,0.0
2570,1774584615.1492603,81.83520353870213,11.772799999562267,12.219680000271183,15520,0.0
2571,1774584615.1614897,81.83091768551789,11.78230400000757,12.220319999869389,15520,0.0
2572,1774584615.1739914,80.04979737668478,12.04924800003937,12.492224000197893,15520,0.0
2573,1774584615.1863241,81.14691096369744,11.860063999847625,12.32332800009317,15520,0.0
2574,1774584615.2005959,70.11662919760623,13.787871999738854,14.26195199974245,15520,0.0
2575,1774584615.2180278,57.40211790860404,16.971296000065195,17.420959999981278,15520,0.0
2576,1774584615.2291646,89.86573340534657,10.692832000131602,11.12771199996132,15520,0.0
2577,1774584615.2402747,90.07944285907011,10.682144000384142,11.101312000391772,15520,0.0
2578,1774584615.2514572,89.48257595341344,10.712031999901228,11.175359999924694,15520,0.0
2579,1774584615.2636702,81.94464475318843,11.785087999669486,12.203360000057728,15520,0.0
2580,1774584615.2747614,90.22638883556642,10.67075199989631,11.083232000146381,15520,0.0
2581,1774584615.2859986,89.05620372794974,10.811359999934211,11.228863999804162,15520,0.0
2582,1774584615.2971113,90.0565987735049,10.675104000256397,11.104127999715274,15520,0.0
2583,1774584615.3082345,89.9720726694831,10.685663999993267,11.1145599998963,15520,0.0
2584,1774584615.3194008,89.62295265363637,10.68409600020459,11.157855999954336,15520,0.0
2585,1774584615.3305848,89.4838571137963,10.731871999723808,11.17519999979777,15520,0.0
2586,1774584615.3445442,71.6833545528488,13.48943999983021,13.950239999758196,15520,0.0
2587,1774584615.3580265,74.22591279990047,13.008992000322905,13.472384000124293,15520,0.0
2588,1774584615.3713307,75.21638248915946,12.820607999856293,13.294975999997405,15520,0.0
2589,1774584615.384856,73.9823578689142,13.055743999757397,13.51673600038339,15520,0.0
2590,1774584615.404163,51.82034508157718,18.852223999601847,19.297440000173083,15520,0.0
2591,1774584615.4167068,79.76598573943568,12.109920000057173,12.536672000351246,15520,0.0
2592,1774584615.4278092,90.13452397202413,10.665696000160096,11.094528000285209,15520,0.0
2593,1774584615.4389267,90.01094533316797,10.69004800001494,11.10975999972652,15520,0.0
2594,1774584615.4500506,89.95730985773119,10.697407999941788,11.116384000160906,15520,0.0
2595,1774584615.4622567,81.97731917041087,11.787520000325458,12.198496000110026,15520,0.0
2596,1774584615.4744396,82.12985715938515,11.764384000343853,12.17584000005445,15520,0.0
2597,1774584615.4866335,82.05804194975204,11.780351999732375,12.186496000140323,15520,0.0
2598,1774584615.4988184,82.11906607349209,11.771039999985078,12.177440000414208,15520,0.0
2599,1774584615.5110078,82.09468867122567,11.775615999795264,12.18105599991759,15520,0.0
2600,1774584615.523083,82.865310061454,11.643679999906453,12.067776000094455,15520,0.0
2601,1774584615.5353649,81.48376060961971,11.81382400000075,12.272384000425518,15520,0.0
2602,1774584615.5475595,82.0515782785698,11.742143999981636,12.18745599999238,15520,0.0
2603,1774584615.559723,82.26152056043476,11.74659199978123,12.156352000147308,15520,0.0
2604,1774584615.571926,81.99710845486548,11.773440000069968,12.195551999866439,15520,0.0
2605,1774584615.584131,81.98871835026574,11.774335999689356,12.196800000310759,15520,0.0
2606,1774584615.596329,82.04166929276201,11.754432000088855,12.1889279998868,15520,0.0
2607,1774584615.6096153,75.30628572502752,12.857631999850128,13.279104000048392,15520,0.0
2608,1774584615.6218793,81.60334247544057,11.82739199975913,12.254399999619636,15320,0.0
2609,1774584615.6344304,79.72894709218649,12.097792000076879,12.542496000151004,15320,0.0
2610,1774584615.648614,70.55944040177495,13.719679999667278,14.172447999953874,15320,0.0
2611,1774584615.6619632,74.96108020720014,12.917248000121617,13.340255999992223,15320,0.0
2612,1774584615.6770287,66.41249277499216,14.629344000240962,15.057407999847783,15320,0.0
2613,1774584615.6903615,75.04857143632115,12.919008000153553,13.324703999842313,15320,0.0
2614,1774584615.7026625,81.34821983941322,11.84419200035336,12.292832000184717,15320,0.0
2615,1774584615.7148826,81.89847210171176,11.740800000097806,12.210240000058548,15320,0.0
2616,1774584615.7261548,88.80086157899045,10.799199999837583,11.261152000315633,15320,0.0
2617,1774584615.737668,86.93958741928921,11.036672000045655,11.502240000027086,15320,0.0
2618,1774584615.75172,71.22020146834117,13.559552000060648,14.040959999874758,15320,0.0
2619,1774584615.7629557,89.09225681290022,10.759104000044317,11.22432000011031,15320,0.0
2620,1774584615.774414,87.36273567085111,10.991743999966275,11.446527999851241,15320,0.0
2621,1774584615.7857528,88.27434253033977,10.857344000214653,11.328320000302483,15320,0.0
2622,1774584615.7983575,79.39956145948443,12.078719999863097,12.594528000136052,15320,0.0
2623,1774584615.8121014,72.81802251963045,13.249919999907434,13.732863999848632,15320,0.0
2624,1774584615.8247645,79.03608851218415,12.223680000261083,12.65244799969878,15320,0.0
2625,1774584615.8371112,81.05325133756597,11.913695999737683,12.337568000020838,15320,0.0
2626,1774584615.8482459,89.87633017179417,10.687392000363616,11.126399999739078,15320,0.0
2627,1774584615.8594148,89.60033947626226,10.716224000134389,11.160672000187333,15320,0.0
2628,1774584615.8705268,90.06127048438711,10.695072000089567,11.10355199989499,15320,0.0
2629,1774584615.88169,89.63760591463428,10.737887999766826,11.156032000144478,15320,0.0
2630,1774584615.8928368,89.78182298738463,10.710847999689577,11.138112000026013,15320,0.0
2631,1774584615.9039507,90.06516394767102,10.686112000257708,11.10307199996896,15320,0.0
2632,1774584615.9150536,90.12620552881405,10.686143999919295,11.095551999915187,15320,0.0
2633,1774584615.9262373,89.48334464378436,10.75375999971584,11.175264000030438,15320,0.0
2634,1774584615.9373674,89.91848350060168,10.702208000111568,11.121183999875939,15320,0.0
2635,1774584615.9485018,89.87658865795517,10.7038719997945,11.126368000077491,15320,0.0
2636,1774584615.9596958,89.41498280599556,10.745567999947525,11.18380799971419,15320,0.0
2637,1774584615.9724152,78.68147472942844,12.28960000025836,12.709472000096866,15320,0.0
2638,1774584615.9835587,89.80788297593239,10.699711999677675,11.134880000099656,15320,0.0
2639,1774584615.994663,90.1163293652788,10.696543999983987,11.096768000243173,15320,0.0
2640,1774584616.0058525,89.43878237478941,10.751776000233804,11.180831999809016,15320,0.0
2641,1774584616.0192113,74.90645681480622,12.912256000163325,13.349984000342374,15320,0.0
2642,1774584616.0324583,75.54038570285765,12.796479999906296,13.237952000054065,15320,0.0
2643,1774584616.0446143,82.32198036405829,11.746399999992718,12.147423999977036,15320,0.0
2644,1774584616.0557055,90.23342303955411,10.6785600000876,11.082367999733833,15320,0.0
2645,1774584616.0668046,90.16859362920175,10.666432000107307,11.090336000052048,15320,0.0
2646,1774584616.0779727,89.61344345265155,10.740671999883489,11.15903999971124,15320,0.0
2647,1774584616.0891347,89.67027165133567,10.72377599984975,11.151967999921908,15320,0.0
2648,1774584616.10127,82.46905761033402,11.722272000042722,12.125759999889851,15320,0.0
2649,1774584616.113594,81.19730295019528,11.923647999992681,12.315680000028806,15320,0.0
2650,1774584616.1247098,90.02883803833312,10.68463999990854,11.10755199988489,15320,0.0
2651,1774584616.1358159,90.11580962909946,10.679680000066583,11.096832000021095,15560,0.0
2652,1774584616.146962,89.79007798136028,10.700415999963298,11.137087999941286,15560,0.0
2653,1774584616.159558,79.45911860179963,12.104095999802666,12.585087999923417,15560,0.0
2654,1774584616.172798,75.58661258190519,12.78883200029668,13.229856000180007,15560,0.0
2655,1774584616.1855807,78.28509301613099,12.33014399986132,12.77382399985072,15560,0.0
2656,1774584616.1967068,89.96792822975917,10.678848000225116,11.115072000393411,15560,0.0
2657,1774584616.2078464,89.84945544030391,10.69839999991018,11.129728000014438,15560,0.0
2658,1774584616.2189908,89.80839916628219,10.698879999836208,11.134816000321734,15560,0.0
2659,1774584616.2301528,89.65869445705727,10.72543999998743,11.153407999699994,15560,0.0
2660,1774584616.2413197,89.62578010247755,10.725472000103764,11.157504000038898,15560,0.0
2661,1774584616.2524788,89.69317757792088,10.708511999837356,11.149120000027324,15560,0.0
2662,1774584616.263621,89.82672783307873,10.666688000128488,11.132544000247435,15560,0.0
2663,1774584616.2747808,89.69008845547745,10.719039999912638,11.149504000059096,15560,0.0
2664,1774584616.2860024,89.19040796227004,10.780128000078548,11.21196800022517,15560,0.0
2665,1774584616.2971833,89.51076993695379,10.724671999923885,11.171839999860822,15560,0.0
2666,1774584616.308493,88.49858260601525,10.863744000289444,11.299616000087553,15560,0.0
2667,1774584616.3196507,89.69703927931246,10.724608000145963,11.148640000101295,15560,0.0
2668,1774584616.3307981,89.77769605957265,10.705887999847619,11.138624000068376,15560,0.0
2669,1774584616.3419447,89.78698218073356,10.7200960001137,11.137471999973059,15560,0.0
2670,1774584616.3530552,90.07528852933146,10.677695999675052,11.101823999979388,15560,0.0
2671,1774584616.3641808,89.95394358206583,10.695872000269446,11.116799999854265,15560,0.0
2672,1774584616.3790889,67.11668853638494,14.455935999649228,14.899424000304862,15560,0.0
2673,1774584616.3903737,88.68367879889448,10.846240000319085,11.276031999841507,15560,0.0
2674,1774584616.4014869,90.04725680190465,10.683200000130455,11.105279999810591,15560,0.0
2675,1774584616.4126227,89.86366603512631,10.698560000037105,11.127967999982502,15560,0.0
2676,1774584616.4237444,89.97984451447047,10.689344000184064,11.113600000044244,15560,0.0
2677,1774584616.4348722,89.93892787219475,10.696896000354172,11.118655999780458,15560,0.0
2678,1774584616.4460635,89.42521762470557,10.74960000005376,11.18252800006303,15560,0.0
2679,1774584616.4572072,89.80736679151637,10.71321600011288,11.134943999877578,15560,0.0
2680,1774584616.4683475,89.83447459097765,10.710976000154915,11.13158399994063,15560,0.0
2681,1774584616.4795296,89.50256621801479,10.704287999942608,11.172863999945548,15560,0.0
2682,1774584616.4913082,84.97528239088506,11.27587200016933,11.768127999857825,15560,0.0
2683,1774584616.502492,89.49949021108543,10.727519999818469,11.17324799997732,15560,0.0
2684,1774584616.5158887,74.69536243545477,12.948384000083024,13.387711999712337,15560,0.0
2685,1774584616.5280883,82.03779251286382,11.761375999867596,12.189504000161833,15560,0.0
2686,1774584616.539218,89.92469346622198,10.693503999846143,11.120415999812394,15560,0.0
2687,1774584616.5503855,89.85591424572662,10.711231999721349,11.12892799983456,15560,0.0
2688,1774584616.5623958,83.33377778057653,11.545119999937015,11.999935999938316,15560,0.0
2689,1774584616.5785716,61.86220071079105,15.721343999757664,16.164959999969142,15560,0.0
2690,1774584616.5908895,81.24691261748535,11.875775999669713,12.308159999975032,15560,0.0
2691,1774584616.60209,89.36818835600434,10.772095999982412,11.189664000085031,15560,0.0
2692,1774584616.6132057,90.03454445357826,10.692543999994086,11.106848000054015,15560,0.0
2693,1774584616.6243393,89.89934150656012,10.69766399996297,11.123551999844494,15560,0.0
2694,1774584616.6354668,89.94410513383032,10.675679999621934,11.118016000182251,15560,0.0
2695,1774584616.6468868,87.63099080663585,10.98697599991283,11.41148799979419,15640,0.0
2696,1774584616.658096,89.2857142827503,10.74339200022223,11.200000000371801,15640,0.0
2697,1774584616.6692362,89.85152215672099,10.702047999984643,11.129471999993257,15640,0.0
2698,1774584616.680355,90.01198239371358,10.693312000057631,11.109632000170677,15640,0.0
2699,1774584616.6915104,89.71506495255339,10.692639999888343,11.14640000014333,15640,0.0
2700,1774584616.702707,89.38633776299612,10.764703999939229,11.187392000010732,15640,0.0
2701,1774584616.713881,89.57260253904941,10.724480000135372,11.164127999563789,15640,0.0
2702,1774584616.7250144,89.90606614207026,10.682655999971757,11.122720000003028,15640,0.0
2703,1774584616.7364323,87.66048882346561,10.705663999942772,11.407647999931214,15640,0.0
2704,1774584616.7505965,70.65691714353993,13.686112000414141,14.152895999814064,15640,0.0
2705,1774584616.7617989,89.36461047122744,10.737535999851389,11.190111999894725,15640,0.0
2706,1774584616.7732105,87.71068105358385,10.96880000022793,11.40112000030058,15640,0.0
2707,1774584616.7861936,77.07941769884292,12.51142399996752,12.973632000012003,15640,0.0
2708,1774584616.8011913,66.7268810030579,14.53622400003951,14.986464000230626,15640,0.0
2709,1774584616.8135972,80.67701569905927,11.845504000120854,12.39510400000654,15640,0.0
2710,1774584616.8258615,81.60462104232123,11.831680000341294,12.254207999831124,15640,0.0
2711,1774584616.838147,81.4487185831586,11.858400000164693,12.27766400006658,15640,0.0
2712,1774584616.8492482,90.14258393468353,10.687263999898278,11.09353599986207,15640,0.0
2713,1774584616.8603575,90.09034980958572,10.694399999920279,11.099968000053195,15640,0.0
2714,1774584616.871488,89.90839413647048,10.689823999655346,11.122431999865512,15640,0.0
2715,1774584616.882624,89.87322841709921,10.694304000026023,11.126784000225598,15640,0.0
2716,1774584616.8937826,89.69961393043019,10.718080000060581,11.148320000302192,15640,0.0
2717,1774584616.9053555,86.47909696552283,11.130463999961648,11.563487999865174,15640,0.0
2718,1774584616.9165044,89.77124849709797,10.68992000000435,11.139423999793507,15640,0.0
2719,1774584616.9276657,89.67233013270986,10.709824000059598,11.151711999900726,15640,0.0
2720,1774584616.9391458,87.17726974962886,11.029023999981291,11.470879999706085,15640,0.0
2721,1774584616.9504488,88.54973945122961,10.84473600030833,11.293088000002172,15640,0.0
2722,1774584616.9628084,80.9736531166361,11.892288000126428,12.349696000001131,15640,0.0
2723,1774584616.97511,81.3621984701213,11.839232000056654,12.290720000237343,15640,0.0
2724,1774584616.9874358,81.20384373482253,11.840416000268306,12.314688000060414,15640,0.0
2725,1774584616.9997041,81.58331680150295,11.811391999799525,12.257407999641146,15640,0.0
2726,1774584617.012012,81.31943053219798,11.820128000181285,12.297183999635308,15640,0.0
2727,1774584617.0266933,68.16684626430954,14.212768000106735,14.669887999843922,15640,0.0
2728,1774584617.041385,68.11127966311919,14.24444800022684,14.681856000152038,15640,0.0
2729,1774584617.0548904,74.09989377178529,13.051200000063545,13.495295999746304,15640,0.0
2730,1774584617.0664885,86.30355653594798,11.147103999974206,11.587007999878551,15640,0.0
2731,1774584617.0780528,86.54879413207813,11.12176000015097,11.554176000117877,15640,0.0
2732,1774584617.0892036,89.75629370990966,10.700511999857554,11.141280000174447,15640,0.0
2733,1774584617.1003354,89.91382658737696,10.69232000008924,11.12176000015097,15640,0.0
2734,1774584617.111494,89.690860715225,10.693568000078812,11.14940800016484,15640,0.0
2735,1774584617.1226444,89.76480185698142,10.705184000016743,11.140223999973387,15640,0.0
2736,1774584617.1338189,89.56284732559006,10.754271999758203,11.165343999891775,15640,0.0
2737,1774584617.1449485,89.91563755390969,10.685792000003858,11.121535999791377,15640,0.0
2738,1774584617.1561213,89.57106209572555,10.700704000100814,11.164320000261796,15560,0.0
2739,1774584617.16837,81.7021232102728,11.804960000063147,12.239583999871684,15560,0.0
2740,1774584617.1794975,89.95057755464917,10.683680000056484,11.117216000002372,15560,0.0
2741,1774584617.1905973,90.16417092439917,10.677407999992283,11.090879999755998,15560,0.0
2742,1774584617.2017014,90.13322411624742,10.676799999600917,11.094687999957387,15560,0.0
2743,1774584617.212789,90.25296823877484,10.670143999959691,11.07996800010369,15560,0.0
2744,1774584617.2238827,90.21024037713813,10.683007999887195,11.085216000083165,15560,0.0
2745,1774584617.2349882,90.10645536968791,10.697407999941788,11.097984000116412,15560,0.0
2746,1774584617.247169,82.14691285357432,11.774080000122922,12.173311999958969,15560,0.0
2747,1774584617.2594163,81.70361849007706,11.821215999589185,12.239359999966837,15560,0.0
2748,1774584617.270545,89.92210587447119,10.691871999824798,11.120736000066245,15560,0.0
2749,1774584617.281764,89.21281466788291,10.76710400002412,11.20915200044692,15560,0.0
2750,1774584617.2943165,79.72691299686787,12.110495999877458,12.542816000404855,15560,0.0
2751,1774584617.3071716,77.84863733689502,12.334239999745478,12.845440000091912,15560,0.0
2752,1774584617.319637,80.28156349914379,11.968447999606724,12.456160000056116,15560,0.0
2753,1774584617.3321245,80.13847928953035,12.03609599997435,12.478400000418333,15560,0.0
2754,1774584617.3494678,57.689077103699375,16.867616000126873,17.334304000087286,15560,0.0
2755,1774584617.367189,56.46410057567308,17.26611200001571,17.71036800028014,15560,0.0
2756,1774584617.3794568,81.5767147421161,11.769599999752245,12.258400000064285,15560,0.0
2757,1774584617.3916533,82.05653366913275,11.768928000037704,12.18672000004517,15560,0.0
2758,1774584617.4027882,89.88408548427343,10.701760000301874,11.125439999887021,15560,0.0
2759,1774584617.4143312,86.70223539243594,11.091616000157956,11.533727999903931,15560,0.0
2760,1774584617.425514,89.50743699385342,10.722815999997692,11.172256000008929,15560,0.0
2761,1774584617.4378285,81.26909823783441,11.853920000248763,12.304800000038085,15560,0.0
2762,1774584617.45208,70.21856511470507,13.789216000077431,14.24124799996207,15560,0.0
2763,1774584617.463273,89.42649714315554,10.711072000049171,11.182367999936105,15560,0.0
2764,1774584617.4745426,88.81852882486535,10.79315199967823,11.25891199990292,15560,0.0
2765,1774584617.4896686,66.16137022731937,14.414272000067285,15.11456000025646,15560,0.0
2766,1774584617.5030472,74.8092662936153,12.853375999839045,13.367328000185807,15560,0.0
2767,1774584617.5174131,69.67623405173619,13.88336000036361,14.35209599958398,15560,0.0
2768,1774584617.529882,80.26733517650206,11.98921600007452,12.458367999897746,15560,0.0
2769,1774584617.5411615,88.73555385200454,10.80828800013478,11.269439999978204,15560,0.0
2770,1774584617.556142,66.80690772738659,14.487039999949047,14.968511999995826,15560,0.0
2771,1774584617.5711002,66.90631616995117,14.468352000221785,14.946272000088356,15560,0.0
2772,1774584617.5839744,77.7469554278267,12.383264000163763,12.862240000231395,15560,0.0
2773,1774584617.5952103,89.09784511654888,10.742016000222065,11.223615999824688,15560,0.0
2774,1774584617.606528,88.44948756141929,10.835776000021724,11.305887999697006,15560,0.0
2775,1774584617.617858,88.34047124386318,10.848255999917455,11.319839999941905,15560,0.0
2776,1774584617.633235,65.0820658809847,14.886208000007173,15.36521600019114,15560,0.0
2777,1774584617.6493993,61.9102430255548,15.665760000047158,16.15241599984074,15560,0.0
2778,1774584617.6618223,80.56781618878725,11.903200000233483,12.411903999691276,15560,0.0
2779,1774584617.6731238,88.56780893308132,10.823135999999067,11.290783999811538,15520,0.0
2780,1774584617.6843345,89.28775514589387,10.73190400029489,11.19974400035062,15520,0.0
2781,1774584617.695695,88.11827305080304,10.820160000093892,11.34838400002991,15520,0.0
2782,1774584617.7070198,88.3821957243146,10.737151999819616,11.314496000068175,15520,0.0
2783,1774584617.720195,75.96586033364535,12.68547200015746,13.16380800017214,15520,0.0
2784,1774584617.7337775,73.69448741664253,12.912256000163325,13.569535999977234,15520,0.0
2785,1774584617.7495341,63.507869896672126,15.28630399980102,15.74607999964428,15520,0.0
2786,1774584617.7608976,88.09070100655515,10.843776000001526,11.35193599975537,15520,0.0
2787,1774584617.7728744,83.57581463004918,11.501855999995314,11.96518400001878,15520,0.0
2788,1774584617.7841928,88.4264617252474,10.841920000075334,11.308831999940594,15520,0.0
2789,1774584617.7953935,89.35566700889454,10.723423999934312,11.191231999873708,15520,0.0
2790,1774584617.809871,69.12065258672945,14.02544000029593,14.46745600014765,15520,0.0
2791,1774584617.8233104,74.46007510450804,12.970207999842387,13.43001599980198,15520,0.0
2792,1774584617.8343897,90.33280049045314,10.654367999904935,11.070175999975618,15520,0.0
2793,1774584617.8454912,90.14518422739843,10.686048000025039,11.093216000062966,15520,0.0
2794,1774584617.8566134,89.98528560711023,10.695167999983823,11.112927999874955,15520,0.0
2795,1774584617.8677218,90.09502502290358,10.68691199998284,11.09939200023291,15520,0.0
2796,1774584617.8787966,90.36466842770955,10.66467200007537,11.066271999879973,15520,0.0
2797,1774584617.8899758,89.51846228759197,10.753760000170587,11.170880000008765,15520,0.0
2798,1774584617.9011083,89.90089325482293,10.691552000025695,11.123360000055982,15520,0.0
2799,1774584617.912984,84.2713294087068,11.443072000020038,11.86643200026083,15520,0.0
2800,1774584617.9240973,90.0493326280937,10.695231999761745,11.10502399978941,15520,0.0
2801,1774584617.9353392,89.01891189276529,10.773120000067138,11.233567999624938,15520,0.0
2802,1774584617.9465373,89.37074416651124,10.746431999905326,11.18934399983118,15520,0.0
2803,1774584617.9577556,89.20848522806581,10.760447999928147,11.209695999696123,15520,0.0
2804,1774584617.9690156,88.88800395786294,10.78633599991008,11.250112000197987,15520,0.0
2805,1774584617.9819422,77.42239179563876,12.453408000055788,12.916159999804222,15520,0.0
2806,1774584617.9931264,89.49692703530415,10.72156800000812,11.173567999776424,15520,0.0
2807,1774584618.00566,79.85342743679969,12.045599999964907,12.522944000011194,15520,0.0
2808,1774584618.0193605,73.0503731986069,13.205599999764672,13.689184000213572,15520,0.0
2809,1774584618.0374656,55.266010784426584,17.629632000080164,18.09430399998746,15520,0.0
2810,1774584618.0519786,68.95638646502324,14.026656000169169,14.501919999929669,15520,0.0
2811,1774584618.0667284,67.85571594754543,10.770079999929294,14.737152000179776,15520,0.0
2812,1774584618.079978,75.54129873059676,12.784479999936593,13.23779199992714,15520,0.0
2813,1774584618.1013992,46.70369086212194,20.941887999924802,21.411583999906725,15520,0.0
2814,1774584618.1153638,71.67464070929832,13.41932800005452,13.95193600001221,15520,0.0
2815,1774584618.1277175,81.03055305718466,11.865983999996388,12.341023999852041,15520,0.0
2816,1774584618.1400332,81.2758619795899,11.821120000149676,12.30377599995336,15520,0.0
2817,1774584618.1537488,72.97241759278697,13.195744000313425,13.703808000173012,15520,0.0
2818,1774584618.1688886,66.10664641592969,14.398239999991347,15.12707199981378,15520,0.0
2819,1774584618.1838565,66.86480044459528,14.475711999693885,14.955551999719319,15480,0.0
2820,1774584618.1953464,87.11627025429149,10.960672000237537,11.478911999802222,15480,0.0
2821,1774584618.2087998,74.40653348682085,12.954847999935737,13.43968000037421,15480,0.0
2822,1774584618.221031,81.82920346871985,11.754303999623517,12.22057599989057,15480,0.0
2823,1774584618.2322793,88.9783576193361,10.753024000223377,11.238687999593822,15480,0.0
2824,1774584618.2444825,82.03391610239366,11.64784000002328,12.190079999982117,15480,0.0
2825,1774584618.2583687,72.08100751898142,13.281535999794869,13.87328000009802,15480,0.0
2826,1774584618.2723782,71.63767155652623,13.495872000021336,13.95913600026688,15480,0.0
2827,1774584618.284773,80.74747615823007,11.935456000173872,12.384287999793742,15480,0.0
2828,1774584618.2959237,89.75964521222373,10.693887999877916,11.14086400002634,15480,0.0
2829,1774584618.3071265,89.34953538291695,10.73724800016862,11.191999999937252,15480,0.0
2830,1774584618.318314,89.46566808768974,10.733664000326826,11.177471999872068,15480,0.0
2831,1774584618.3317714,74.35908418065803,13.018368000302871,13.448256000174297,15480,0.0
2832,1774584618.3428884,90.0285786756895,10.675168000034319,11.107583999546478,15480,0.0
2833,1774584618.354049,89.66538313407683,10.731968000072811,11.152576000313275,15480,0.0
2834,1774584618.365157,90.08853180231296,10.68284799976027,11.100191999958042,15480,0.0
2835,1774584618.3762805,89.96844626890518,10.691231999771844,11.115007999705995,15480,0.0
2836,1774584618.3874786,89.37943500781645,10.701759999847127,11.188255999968533,15480,0.0
2837,1774584618.3998606,80.82767539513267,11.901215999841952,12.37200000014127,15480,0.0
2838,1774584618.4124763,79.32841200846484,12.14867199996661,12.605824000274879,15480,0.0
2839,1774584618.4236493,89.57927838022697,10.685344000194164,11.163295999722322,15480,0.0
2840,1774584618.4347572,90.09294709328418,10.67862400032027,11.099647999799345,15480,0.0
2841,1774584618.4459264,89.5944310957852,10.73718399993595,11.161408000134543,15480,0.0
2842,1774584618.4570527,89.95575616129913,10.6776960001298,11.116575999949418,15480,0.0
2843,1774584618.4694436,80.76688479962961,11.663488000067446,12.381312000343314,15480,0.0
2844,1774584618.4863796,59.08310582473856,16.415391999998974,16.925311999784753,15480,0.0
2845,1774584618.4977064,88.36595097394354,10.853472000235342,11.316575999899214,15480,0.0
2846,1774584618.508916,89.29464374695714,10.741376000169112,11.198880000392819,15480,0.0
2847,1774584618.5201044,89.4620823935464,10.720831999606162,11.177919999681762,15480,0.0
2848,1774584618.531328,89.17564606213318,10.73212799974499,11.213823999696615,15480,0.0
2849,1774584618.5431914,84.37030057331651,11.396703999707825,11.852512000132265,15480,0.0
2850,1774584618.5557923,79.42337359960307,12.109920000057173,12.590752000050998,15480,0.0
2851,1774584618.5670507,88.90165911968539,10.780992000036349,11.248383999827638,15480,0.0
2852,1774584618.5797548,78.78204223077418,12.219231999551994,12.693248000232416,15480,0.0
2853,1774584618.596089,61.259615309025534,15.85916800013365,16.323968000051536,15480,0.0
2854,1774584618.6091166,76.81529914777639,12.555391999740095,13.01824000029228,15480,0.0
2855,1774584618.6227028,73.66182973616897,13.121471999966161,13.575552000020252,15480,0.0
2856,1774584618.634979,81.52414940863892,11.814943999979732,12.26630400014983,15480,0.0
2857,1774584618.6485925,73.51419000299845,13.147839999874122,13.602816000002349,15480,0.0
2858,1774584618.6631858,68.56934719736174,14.129344000139099,14.583776000108628,15480,0.0
2859,1774584618.6779113,67.95768139133668,14.239967999856162,14.715040000282897,15480,0.0
2860,1774584618.690932,76.85572765800988,12.55740800024796,13.011391999953048,15480,0.0
2861,1774584618.7044744,73.89401352074817,13.06179199991675,13.532896000015171,15520,0.0
2862,1774584618.7189865,68.96110373092469,13.595391999842832,14.500927999961277,15520,0.0
2863,1774584618.7333798,69.52648569710696,13.928383999882499,14.383008000095288,15520,0.0
2864,1774584618.7445812,89.35898865497246,10.73539199978768,11.190816000180348,15520,0.0
2865,1774584618.7557878,89.31684758829785,10.739007999745809,11.19609599982141,15520,0.0
2866,1774584618.766991,89.33880706391088,10.720223999669543,11.193343999821082,15520,0.0
2867,1774584618.778209,89.2087398870224,10.770655999749579,11.209664000034536,15520,0.0
2868,1774584618.7894447,89.08514544250806,10.762591999991855,11.225216000184446,15520,0.0
2869,1774584618.8039768,68.86597029384646,13.838144000146713,14.520960000027117,15520,0.0
2870,1774584618.8188477,67.29880886629331,14.379136000115977,14.859103999697254,15520,0.0
2871,1774584618.8301215,88.78168796316154,10.78112000004694,11.263583999607363,15520,0.0
2872,1774584618.8413224,89.36358826690254,10.719072000028973,11.190240000360063,15520,0.0
2873,1774584618.853531,81.9786094862796,11.7349759998433,12.198303999866766,15520,0.0
2874,1774584618.864682,89.75191135768381,10.69411200023751,11.141823999878397,15520,0.0
2875,1774584618.8758247,89.81846610278129,10.688192000088748,11.133567999877414,15520,0.0
2876,1774584618.8869762,89.74520976194015,10.699167999973724,11.142655999719864,15520,0.0
2877,1774584618.9002633,75.31481593037637,12.8461120002612,13.277600000037637,15520,0.0
2878,1774584618.9124062,82.41164153350174,11.71126400004141,12.134208000134095,15520,0.0
2879,1774584618.9245934,82.10655197224771,11.760416000015539,12.179295999885653,15520,0.0
2880,1774584618.935697,90.13660382368501,10.675840000203607,11.094272000264027,15520,0.0
2881,1774584618.9467933,90.18811075415316,10.669600000255741,11.087935999967158,15520,0.0
2882,1774584618.9579594,89.62578010247755,10.736287999861815,11.157504000038898,15520,0.0
2883,1774584618.9690266,90.42036063888577,10.656128000391618,11.059456000111823,15520,0.0
2884,1774584618.9801493,89.97699468232612,10.673279999991792,11.113951999959681,15520,0.0
2885,1774584618.9913504,89.36179947649751,10.707712000112224,11.190463999810163,15520,0.0
2886,1774584619.0025067,89.71738306590481,10.71075199979532,11.146112000005814,15520,0.0
2887,1774584619.015022,79.96090231876704,12.040928000260465,12.506111999755376,15520,0.0
2888,1774584619.0264287,87.74491360249228,10.850656000002346,11.396672000046237,15520,0.0
2889,1774584619.039049,79.30445551450616,12.161920000380633,12.60963200002152,15520,0.0
2890,1774584619.0502558,89.30970031672038,10.752128000149241,11.196992000350292,15520,0.0
2891,1774584619.0626922,80.47196485349107,11.96137600027214,12.426688000232389,15520,0.0
2892,1774584619.0786831,62.578598719081285,15.528895999977976,15.979904000232636,15520,0.0
2893,1774584619.091936,75.5217647678803,12.754368000059912,13.241216000096756,15520,0.0
2894,1774584619.1074193,64.63341992473576,14.955936000205838,15.471872000034637,15520,0.0
2895,1774584619.1199608,79.79246299685015,12.043295999774273,12.532511999779672,15520,0.0
2896,1774584619.133458,74.1475405554531,12.756608000017877,13.486624000051961,15520,0.0
2897,1774584619.1505592,58.63853518065951,16.559872000016185,17.053632000170182,15520,0.0
2898,1774584619.1619189,88.11727916368518,10.885535999932472,11.3485120000405,15520,0.0
2899,1774584619.1739383,83.272267001904,11.534688000210735,12.008800000330666,15520,0.0
2900,1774584619.1864684,79.87547094752968,12.062591999892902,12.519487999725243,15520,0.0
2901,1774584619.1977577,88.65776400863179,10.789439999825845,11.279328000000532,15520,0.0
2902,1774584619.212677,67.07908677904588,14.202496000052633,14.907776000200101,15600,0.0
2903,1774584619.226958,70.19490598310105,13.736704000166355,14.24604800013185,15600,0.0
2904,1774584619.239698,78.56061862884432,12.057376000029763,12.729024000236677,15600,0.0
2905,1774584619.2521522,80.36827960246796,11.214208000183135,12.442720000308327,15600,0.0
2906,1774584619.2680905,62.784161112764444,15.465567999854102,15.927584000110073,15600,0.0
2907,1774584619.279298,89.30816890993339,10.71855999998661,11.197184000138805,15600,0.0
2908,1774584619.2905078,89.29872638667644,10.70601599985821,11.198367999895709,15600,0.0
2909,1774584619.301788,88.72950703272697,10.811456000283215,11.270208000041748,15600,0.0
2910,1774584619.3176234,63.19719141560355,15.369727999768656,15.823488000023644,15600,0.0
2911,1774584619.3302171,79.46922188812333,12.116511999920476,12.583488000018406,15600,0.0
2912,1774584619.3460152,63.33808960225169,15.32742400013376,15.788287999839667,15600,0.0
2913,1774584619.3572094,89.4014252735364,10.749504000159504,11.185503999968205,15600,0.0
2914,1774584619.3683484,89.8406729579433,10.697952000100486,11.130815999877086,15600,0.0
2915,1774584619.3847141,61.138087953584915,15.90671999974802,16.356415999780438,15600,0.0
2916,1774584619.3970108,81.39017014876464,11.841439999898284,12.286496000342595,15600,0.0
2917,1774584619.4111855,70.59658063983565,13.719007999952737,14.16499200013277,15600,0.0
2918,1774584619.4243612,75.94758280186659,12.67232000009244,13.166975999865826,15600,0.0
2919,1774584619.43786,74.13540327345531,13.052064000021346,13.488831999893591,15600,0.0
2920,1774584619.4536953,63.18428581558018,15.400192000015522,15.82671999995,15600,0.0
2921,1774584619.467887,70.50420092079568,13.749055999596749,14.18355200030419,15600,0.0
2922,1774584619.4801428,81.65430311638399,11.80675199975667,12.24675200001002,15600,0.0
2923,1774584619.4917538,86.19833616589014,11.13980799982528,11.601151999911963,15600,0.0
2924,1774584619.5039842,81.83691800689957,11.762816000100429,12.219424000250001,15600,0.0
2925,1774584619.5162132,81.83434633458687,11.770015999900352,12.219807999827026,15600,0.0
2926,1774584619.5284646,81.68695988618168,11.785023999891564,12.241855999945983,15600,0.0
2927,1774584619.5408723,80.65619297726491,11.94563199987897,12.398303999816562,15600,0.0
2928,1774584619.5543275,74.37200280902066,13.007327999730478,13.445919999867328,15600,0.0
2929,1774584619.566664,81.12816172679942,11.88614399961807,12.326175999987754,15600,0.0
2930,1774584619.5813174,68.29093467772068,14.185632000135229,14.643232000253192,15600,0.0
2931,1774584619.6000736,53.34621608926412,18.292960000053426,18.745471999864094,15600,0.0
2932,1774584619.6153522,65.49769867299665,14.798112000335095,15.267711999968014,15600,0.0
2933,1774584619.6286688,75.14999939910538,12.847232000240183,13.306719999945926,15600,0.0
2934,1774584619.6413093,79.17846953591534,12.158175999957166,12.629696000203694,15600,0.0
2935,1774584619.659712,54.37146585487053,17.93839999982083,18.391999999948894,15600,0.0
2936,1774584619.6735113,72.52279536363096,13.195168000038393,13.788768000267737,15600,0.0
2937,1774584619.6871235,73.52110820235157,13.162176000150794,13.601536000351189,15600,0.0
2938,1774584619.6982634,89.84377246219172,10.705727999720693,11.130431999845314,15600,0.0
2939,1774584619.7095823,88.42496045492014,10.862336000172945,11.309024000183854,15600,0.0
2940,1774584619.72547,62.983968817650435,15.41811199967924,15.877055999681033,15240,0.0
2941,1774584619.74243,58.99476692797606,16.504543999872112,16.950656000062736,15240,0.0
2942,1774584619.754983,79.72223497843243,12.100544000077207,12.543551999897318,15240,0.0
2943,1774584619.7661824,89.36282163626818,10.764191999896866,11.190335999799572,15240,0.0
2944,1774584619.7773135,89.90011737399541,10.687999999845488,11.123455999950238,15240,0.0
2945,1774584619.788485,89.59520171277487,10.729087999607145,11.16131199978554,15240,0.0
2946,1774584619.799656,89.60111019124282,10.72377599984975,11.160576000293077,15240,0.0
2947,1774584619.8108299,89.57362952340455,10.725472000103764,11.164000000007945,15240,0.0
2948,1774584619.8226087,84.97019925068275,11.302335999971547,11.768832000143448,15240,0.0
2949,1774584619.8349168,81.32048859976189,11.849760000131937,12.29702399996313,15240,0.0
2950,1774584619.84739,80.24012982051899,11.960192000060488,12.462592000247241,15240,0.0
2951,1774584619.859065,85.72917809936969,11.229375999846525,11.664639999708015,15240,0.0
2952,1774584619.8706348,86.49680999842076,11.126272000183235,11.561119999896619,15240,0.0
2953,1774584619.881802,89.61395741024765,10.727423999924213,11.158975999933318,15240,0.0
2954,1774584619.892932,89.91925969847978,10.697024000364763,11.121087999981683,15240,0.0
2955,1774584619.9040422,90.08074117146639,10.67408000017167,11.1011519998101,15240,0.0
2956,1774584619.9151382,90.19774231641988,10.66361599987431,11.086751999755506,15240,0.0
2957,1774584619.9263155,89.53564664836911,10.751552000328957,11.168735999945056,15240,0.0
2958,1774584619.9374669,89.74160162208021,10.697343999709119,11.143103999984305,15240,0.0
2959,1774584619.9487586,88.64694969391434,10.829311999714264,11.280704000000696,15240,0.0
2960,1774584619.959943,89.48795707064825,10.723328000040055,11.174687999755406,15240,0.0
2961,1774584619.9711437,89.36384381942297,10.734400000274036,11.190207999788981,15240,0.0
2962,1774584619.9842978,76.08423072238874,12.68767999999909,13.143327999841858,15240,0.0
2963,1774584619.9954867,89.45209518174534,10.7240960001036,11.179168000126083,15240,0.0
2964,1774584620.0075293,83.10927073938096,10.797855999953754,12.03235200000563,15240,0.0
2965,1774584620.0222201,68.12375197319042,14.08134399980554,14.679167999929632,15240,0.0
2966,1774584620.0352683,76.70819955436758,12.524256000233436,13.03641599997718,15240,0.0
2967,1774584620.0466795,87.72176061030285,10.84000000037122,11.399680000067747,15240,0.0
2968,1774584620.0581799,87.02408269731514,11.030304000087199,11.49107199989885,15240,0.0
2969,1774584620.0704877,81.31583329699376,11.789663999934419,12.297728000248753,15240,0.0
2970,1774584620.08711,60.20382607404918,16.114592000121775,16.610239999863552,15240,0.0
2971,1774584620.0996475,79.84098231342135,12.000031999832572,12.524895999831642,15240,0.0
2972,1774584620.1108637,89.24466174129519,10.742527999809681,11.205152000002272,15240,0.0
2973,1774584620.1221552,88.64644676848462,10.820192000210227,11.280767999778618,15240,0.0
2974,1774584620.1334288,88.79455355487045,10.781408000184456,11.261952000040765,15240,0.0
2975,1774584620.1477396,69.93413882551981,13.820959999975457,14.299167999979545,15240,0.0
2976,1774584620.1616814,71.78891073710335,13.454367999656824,13.929728000221075,15240,0.0
2977,1774584620.1786282,59.04158038772452,16.473791999942478,16.9372159998602,15240,0.0
2978,1774584620.1904054,84.9799039504385,11.274399999820162,11.767488000259618,15240,0.0
2979,1774584620.2016053,89.37125534397568,10.729792000347516,11.189280000053259,15240,0.0
2980,1774584620.212733,89.96663317823787,10.669440000128816,11.115231999610842,15240,0.0
2981,1774584620.2239625,89.12833910440035,10.749183999905654,11.219775999961712,15240,0.0
2982,1774584620.2351103,89.79910861843219,10.680704000151309,11.135967999962304,15560,0.0
2983,1774584620.2462873,89.5425735539538,10.737951999999495,11.167871999987256,15560,0.0
2984,1774584620.2574158,89.93452766435283,10.68470400014121,11.119199999939156,15560,0.0
2985,1774584620.2685547,89.85746449514683,10.707232000186195,11.128736000046047,15560,0.0
2986,1774584620.2796497,90.19670096736839,10.674592000214034,11.086879999766097,15560,0.0
2987,1774584620.2907753,89.94591732026929,10.704895999879227,11.117791999822657,15560,0.0
2988,1774584620.3019197,89.79962471158863,10.712640000292595,11.135903999729635,15560,0.0
2989,1774584620.3130221,90.14570430616095,10.676992000298924,11.093151999830297,15560,0.0
2990,1774584620.3250186,83.42009022841867,11.575072000141517,11.987519999820506,15560,0.0
2991,1774584620.3361547,89.86805931146637,10.714912000366894,11.127423999823804,15560,0.0
2992,1774584620.3473086,89.72742960331708,10.690560000057303,11.144864000016241,15560,0.0
2993,1774584620.3584359,89.93582179540583,10.688415999993595,11.119040000266978,15560,0.0
2994,1774584620.3695338,90.16521152244279,10.689023999930214,11.090751999745407,15560,0.0
2995,1774584620.3806622,89.92469346622198,10.704768000323384,11.120415999812394,15560,0.0
2996,1774584620.39183,89.62166750726269,10.718208000071172,11.158016000081261,15560,0.0
2997,1774584620.4029582,89.93142189515494,10.696287999962806,11.119583999970928,15560,0.0
2998,1774584620.414099,89.82543683971305,10.710911999922246,11.132703999919613,15560,0.0
2999,1774584620.4252234,89.96766921794452,10.70886400020754,11.115104000054998,15560,0.0
3000,1774584620.4363105,90.26417797411939,10.659999999916181,11.078592000103527,15560,0.0
3001,1774584620.4485962,81.90748778478327,11.782655999923008,12.208896000174718,15560,0.0
3002,1774584620.4608023,81.99345101891122,11.693983999975899,12.196096000025136,15560,0.0
3003,1774584620.4735641,78.42320423457946,12.299871999857714,12.751327999922069,15560,0.0
3004,1774584620.4879205,69.70498619337097,13.89606399970944,14.346175999889965,15560,0.0
3005,1774584620.5033264,64.95207056757688,14.2158720000225,15.395968000120774,15560,0.0
3006,1774584620.5162103,77.67699791420823,12.39811200002805,12.873824000052991,15560,0.0
3007,1774584620.5274978,88.67160011828655,10.778943999866897,11.277567999968596,15560,0.0
3008,1774584620.540882,74.76953039898521,12.909056000353303,13.374432000091474,15560,0.0
3009,1774584620.554648,72.70282342718293,13.26982400041743,13.75462400028482,15560,0.0
3010,1774584620.573492,53.09505969508778,18.378144000053,18.83414400026595,15560,0.0
3011,1774584620.5867505,75.48126856837827,12.767520000124932,13.248320000002423,15560,0.0
3012,1774584620.5981655,87.67672119937343,10.879584000122122,11.40553599998384,15560,0.0
3013,1774584620.6093433,89.53975134882636,10.721760000251379,11.16822400035744,15560,0.0
3014,1774584620.6205068,89.65766551389413,10.705056000006152,11.153536000165332,15560,0.0
3015,1774584620.63168,89.57645386093448,10.721600000124454,11.163648000092508,15560,0.0
3016,1774584620.6439116,81.81335036890665,11.7890559999978,12.222943999859126,15560,0.0
3017,1774584620.6550603,89.77563273793774,10.710431999996217,11.138880000089557,15560,0.0
3018,1774584620.6662145,89.72768723736537,10.721759999796632,11.144831999899907,15560,0.0
3019,1774584620.6773562,89.82001506397164,10.70374399978391,11.133375999634154,15560,0.0
3020,1774584620.688499,89.81820794716548,10.710591999668395,11.133599999993748,15560,0.0
3021,1774584620.6996439,89.79265798013085,10.683104000236199,11.136767999687436,15560,0.0
3022,1774584620.7108123,89.60599170255752,10.72889600027338,11.15996799990171,15560,0.0
3023,1774584620.7235055,78.84445565736117,11.84307199991963,12.683200000083161,15560,0.0
3024,1774584620.7374015,72.01738557491386,13.435456000024715,13.885535999634158,15560,0.0
3025,1774584620.7496834,81.47844927508015,11.83766399981323,12.27318400015065,15560,0.0
3026,1774584620.7619073,81.85599631256179,11.806304000401724,12.21657599990067,15560,0.0
3027,1774584620.7741396,81.81206524999996,11.806720000095083,12.223136000102386,15560,0.0
3028,1774584620.7863824,81.73524581014826,11.807135999788443,12.234623999574978,15560,0.0
3029,1774584620.7975657,89.48975091900367,10.73945600001025,11.174463999850559,15560,0.0
3030,1774584620.808715,89.76222346237508,10.702496000249084,11.14054399977249,15560,0.0
3031,1774584620.8198576,89.80839916994998,10.700767999878735,11.134815999866987,15560,0.0
3032,1774584620.830975,90.02313234639061,10.674687999653543,11.108255999715766,15560,0.0
3033,1774584620.8421698,89.40244834002803,10.75407999996969,11.185375999957614,15560,0.0
3034,1774584620.8533003,89.90037600067498,10.702783999931853,11.123423999833904,15560,0.0
3035,1774584620.864422,89.97310883447467,10.687583999697381,11.114432000340457,15560,0.0
3036,1774584620.875604,89.50025919208525,10.683200000130455,11.173152000083064,15560,0.0
3037,1774584620.8867586,89.7230500654892,10.707520000323711,11.145408000174939,15560,0.0
3038,1774584620.897984,89.15809084354257,10.772864000045956,11.21603200044774,15560,0.0
3039,1774584620.9090943,90.08749297343012,10.68838399987726,11.100319999968633,15560,0.0
3040,1774584620.9202812,89.45439972164864,10.693887999877916,11.178880000443314,15560,0.0
3041,1774584620.9314427,89.66281044761145,10.696832000121503,11.152896000112378,15560,0.0
3042,1774584620.9425619,90.00446422218361,10.701952000090387,11.1105599999064,15560,0.0
3043,1774584620.9537337,89.57722416870331,10.744352000074286,11.163551999743504,15560,0.0
3044,1774584620.9687176,66.78006812618106,14.533535999817104,14.974528000038845,15560,0.0
3045,1774584620.9837263,66.67022241120617,14.557056000285229,14.999200000147539,15560,0.0
3046,1774584620.9959905,81.6016377768745,11.798176000411331,12.254656000095565,15560,0.0
3047,1774584621.0084677,80.21108991932533,12.014047999855393,12.467104000279505,15560,0.0
3048,1774584621.0210032,79.83282368098497,12.065792000157671,12.52617599993755,15560,0.0
3049,1774584621.0338724,77.76610940459378,12.38175999969826,12.85907200008296,15560,0.0
3050,1774584621.046855,77.07979794124553,12.523840000085329,12.973567999779334,15560,0.0
3051,1774584621.0596488,78.22826130531153,12.30243200006953,12.78310399993643,15560,0.0
3052,1774584621.0733657,72.95708489313814,13.245183999970322,13.706687999729184,15560,0.0
3053,1774584621.0859642,79.43972748883807,12.135967999711283,12.588160000177595,15560,0.0
3054,1774584621.0997474,72.60519040106995,13.330943999790179,13.773119999768824,15560,0.0
3055,1774584621.1120107,81.60952259159475,11.808352000116429,12.253471999883914,15560,0.0
3056,1774584621.1249642,77.26064651779757,12.491360000240093,12.943199999881472,15560,0.0
3057,1774584621.1375027,79.8260940665293,12.007103999621904,12.527231999683863,15560,0.0
3058,1774584621.150213,78.7395622828989,12.250048000169045,12.7000960001169,15560,0.0
3059,1774584621.1625187,81.32958913617338,11.819008000202302,12.295647999962966,15560,0.0
3060,1774584621.1750772,79.69560105990709,12.103168000066944,12.547743999675731,15560,0.0
3061,1774584621.187752,78.96139861478457,12.205567999899358,12.664416000006895,15560,0.0
3062,1774584621.2009594,75.77723191138844,12.749439999879542,13.196576000154892,15560,0.0
3063,1774584621.2135384,79.56249538506904,11.947680000048422,12.568736000048375,15560,0.0
3064,1774584621.2263594,78.06060000401004,12.272704000224621,12.810560000161786,15560,0.0
3065,1774584621.239831,74.28378545325273,12.947967999934917,13.461888000165345,15560,0.0
3066,1774584621.2524576,79.26321983545475,12.172927999927197,12.616192000223236,15320,0.0
3067,1774584621.2660568,73.58048527795444,13.135136000073544,13.590560000011465,15320,0.0
3068,1774584621.279711,73.28696125245322,13.180384000406775,13.644992000081402,15320,0.0
3069,1774584621.2924159,78.77449571653258,12.232384000071761,12.694464000105654,15320,0.0
3070,1774584621.304934,79.94453767775052,12.051839999912772,12.508671999967191,15320,0.0
3071,1774584621.3175523,79.31633129619908,12.151903999892966,12.607743999978993,15320,0.0
3072,1774584621.3299985,80.39888136266423,11.986751999756962,12.437983999916469,15320,0.0
3073,1774584621.3456333,64.00278540156756,15.175711999745545,15.624319999915315,15320,0.0
3074,1774584621.3595397,71.95950924653606,13.422911999896314,13.896704000217142,15320,0.0
3075,1774584621.3727396,75.81418368159946,12.710336000054667,13.190143999963766,15320,0.0
3076,1774584621.3853958,79.0798896668492,12.190976000056253,12.645440000142116,15320,0.0
3077,1774584621.399245,72.2621880293573,13.131583999893337,13.83849600006215,15320,0.0
3078,1774584621.412435,75.88321997395464,12.665728000229137,13.178143999994063,15320,0.0
3079,1774584621.425898,74.3383883454634,12.967743999979575,13.451999999688269,15320,0.0
3080,1774584621.439006,76.35620843331289,12.458847999823774,13.09651199971995,15320,0.0
3081,1774584621.4524252,74.58429696056614,12.898847999622376,13.407648000338668,15320,0.0
3082,1774584621.4664266,71.4877224133821,13.481279999723483,13.988415999847348,15320,0.0
3083,1774584621.4823537,62.833773002719276,15.417984000123397,15.915007999865338,15320,0.0
3084,1774584621.4953153,77.23219581675104,12.401599999975588,12.947967999934917,15320,0.0
3085,1774584621.507546,81.84742069307919,11.663264000162599,12.217856000006577,15320,0.0
3086,1774584621.5243282,59.63103179775634,16.273695999643678,16.769792000104644,15320,0.0
3087,1774584621.5399644,64.00593155643358,15.11391999974876,15.623552000306518,15320,0.0
3088,1774584621.5539565,71.53321430079491,13.436639999781619,13.979520000248158,15320,0.0
3089,1774584621.5732036,51.99407683489163,18.648320000011154,19.23295999995389,15320,0.0
3090,1774584621.5882533,66.50195462599389,14.496927999971376,15.037151999877096,15320,0.0
3091,1774584621.6011126,77.84398322238734,12.363679999907617,12.84620799970071,15320,0.0
3092,1774584621.6200407,52.86512035422485,18.45705599998837,18.916064000222832,15320,0.0
3093,1774584621.6332939,75.5217647678803,12.76534399994489,13.241216000096756,15320,0.0
3094,1774584621.645776,80.18165956734045,11.980256000242662,12.471680000089691,15320,0.0
3095,1774584621.6599622,70.54176072168042,13.680575999842404,14.176000000134081,15320,0.0
3096,1774584621.6741846,70.36560844296824,13.741856000251573,14.211488000000827,15320,0.0
3097,1774584621.6899104,63.63382753900534,15.020671999991464,15.714912000021286,15320,0.0
3098,1774584621.70346,73.87986306871478,12.227872000039497,13.535487999888574,15320,0.0
3099,1774584621.7171323,73.20644216652154,13.157696000234864,13.660000000072614,15320,0.0
3100,1774584621.7318015,68.22399301508864,14.183327999944595,14.657599999736703,15320,0.0
3101,1774584621.745297,74.15088340333033,13.01104000003761,13.486016000115342,15320,0.0
3102,1774584621.756782,87.15781840556586,10.994751999987784,11.4734399999179,15320,0.0
3103,1774584621.7720747,65.44118879023745,14.794144000006781,15.280895999694621,15120,0.0
3104,1774584621.783307,89.1189345639366,10.720927999955165,11.220960000173363,15120,0.0
3105,1774584621.7947054,87.8277732492582,10.911071999998967,11.385920000066108,15120,0.0
3106,1774584621.8067749,82.9334833658377,10.772927999823878,12.057855999955791,15120,0.0
3107,1774584621.81936,79.5363729374718,12.077920000137965,12.572864000048867,15120,0.0
3108,1774584621.8319576,79.44760398906345,12.084480000339681,12.586911999733275,15120,0.0
3109,1774584621.8433137,88.14635962530681,10.814944000230753,11.344768000071781,15120,0.0
3110,1774584621.8547332,87.65458763078585,10.842623999906209,11.408415999994759,15120,0.0
3111,1774584621.867121,80.79737311460325,11.875200000304176,12.376640000184125,15120,0.0
3112,1774584621.8822486,66.15324690640406,14.483327999641915,15.116416000182653,15120,0.0
3113,1774584621.9001815,55.85523752329154,17.392063999977836,17.90342399999645,15120,0.0
3114,1774584621.919633,51.440837276319634,18.916928000180633,19.439807999788172,15120,0.0
3115,1774584621.936626,58.88360454342732,16.489375999753975,16.982655999981944,15120,0.0
3116,1774584621.9489844,80.99401033337116,11.863840000387427,12.346591999630618,15120,0.0
3117,1774584621.961403,80.59773861946297,11.93020799973965,12.407296000219503,15120,0.0
3118,1774584621.9726315,89.14893435221065,10.737728000094648,11.217183999633562,15120,0.0
3119,1774584621.9839275,88.61753804549515,10.777631999644655,11.284448000424163,15120,0.0
3120,1774584621.9977744,72.28458615084563,13.209760000336246,13.834207999934733,15120,0.0
3121,1774584622.016152,54.51240615179883,17.853696000202035,18.344447999879776,15120,0.0
3122,1774584622.027455,88.56253790491661,10.74707199995828,11.291455999980826,15120,0.0
3123,1774584622.0387065,88.97531753447718,10.767423999823222,11.239072000080341,15120,0.0
3124,1774584622.0503218,86.17290282669269,10.821888000009494,11.604576000081579,15120,0.0
3125,1774584622.062933,79.37374748213742,12.112320000142063,12.598624000020209,15120,0.0
3126,1774584622.0742707,88.29629127267667,10.77411200003553,11.325504000069486,15120,0.0
3127,1774584622.086684,80.65161341873144,11.926495999887265,12.399008000102185,15120,0.0
3128,1774584622.0992792,79.47205127056363,12.07014400006301,12.583039999753964,15120,0.0
3129,1774584622.1126013,75.12886102290743,12.856383999860554,13.310463999914646,15120,0.0
3130,1774584622.1254148,78.097470641584,12.345183999968867,12.804512000002433,15120,0.0
3131,1774584622.138998,73.67659159046255,13.107391999710671,13.572832000136259,15120,0.0
3132,1774584622.1556468,60.10135492477671,16.123007999794936,16.63856000004671,15120,0.0
3133,1774584622.1703358,68.13013837536363,14.211904000148934,14.677791999929468,15120,0.0
3134,1774584622.1830935,78.44544966209064,12.169631999768171,12.74771199996394,15120,0.0
3135,1774584622.196966,72.14657413572574,13.34047999989707,13.860671999736951,15120,0.0
3136,1774584622.2149506,55.640822024791156,17.44051200012109,17.972415999793157,15120,0.0
3137,1774584622.2263918,87.49506527736794,10.865279999961786,11.429216000124143,15120,0.0
3138,1774584622.2377748,87.93775414255549,10.88435199972082,11.371679999683693,15120,0.0
3139,1774584622.2490864,88.50083827676976,10.795711999890045,11.299328000404785,15120,0.0
3140,1774584622.2625704,74.22996800544455,12.966656000116927,13.471647999722336,15120,0.0
3141,1774584622.2762332,73.26084612403113,13.14825600002223,13.649855999574356,15120,0.0
3142,1774584622.287485,88.96873140255454,10.729631999765843,11.239904000376555,15400,0.0
3143,1774584622.3037994,61.344394300586465,15.787839999575226,16.301407999890216,15400,0.0
3144,1774584622.3150785,88.75369925227614,10.771648000172718,11.267136000242317,15400,0.0
3145,1774584622.3286211,73.9017024592926,13.046271999883174,13.531487999898673,15400,0.0
3146,1774584622.3398852,88.86955087781354,10.768767999707052,11.25244799959546,15400,0.0
3147,1774584622.351171,88.68720236549864,10.792095999931917,11.275584000031813,15400,0.0
3148,1774584622.3637626,79.49368247781905,12.081664000106684,12.579616000039096,15400,0.0
3149,1774584622.3774898,72.90942433043257,12.091263999991497,13.71564800001579,15400,0.0
3150,1774584622.3901865,78.84027842727751,12.175903999832371,12.683871999797702,15400,0.0
3151,1774584622.4039578,72.67898216937496,13.251712000055704,13.759135999862337,15400,0.0
3152,1774584622.4174826,74.00776311894562,13.024672000028659,13.512095999885787,15400,0.0
3153,1774584622.4318883,69.47717591438814,13.913247999880696,14.39321599991672,15400,0.0
3154,1774584622.44522,75.07814133026888,12.839135999911377,13.31945599986284,15400,0.0
3155,1774584622.4576862,80.2858948579595,11.990623999736272,12.455488000341575,15400,0.0
3156,1774584622.4826088,40.143102130669064,24.420287999873835,24.9108799998794,15400,0.0
3157,1774584622.4963737,72.70840555657338,13.277120000111609,13.75356800008376,15400,0.0
3158,1774584622.510196,72.40483687437903,13.339583999822935,13.811232000080054,15400,0.0
3159,1774584622.5236828,74.20952019076397,12.967008000032365,13.475360000029468,15400,0.0
3160,1774584622.5351017,87.66196424404271,10.917503999735345,11.407456000142702,15400,0.0
3161,1774584622.550055,66.92809673767168,14.207424000233004,14.941407999685907,15400,0.0
3162,1774584622.5626855,79.25517884833933,11.927424000077735,12.617472000329144,15400,0.0
3163,1774584622.5752094,79.92368247401602,12.018912000257842,12.511936000009882,15400,0.0
3164,1774584622.5865185,88.51562832006071,10.771456000384205,11.29743999990751,15400,0.0
3165,1774584622.5984743,83.72875633893834,11.455071999989741,11.943328000143083,15400,0.0
3166,1774584622.6117368,75.47033110510812,12.765855999987252,13.250239999706537,15400,0.0
3167,1774584622.6253662,73.43196323052027,13.136319999830448,13.618047999898408,15400,0.0
3168,1774584622.6389556,73.64603242230761,13.092480000068463,13.578464000147505,15400,0.0
3169,1774584622.6502328,88.75571586994221,10.807839999870339,11.266879999766388,15400,0.0
3170,1774584622.6614387,89.32501729542435,10.72931199996674,11.195071999736683,15400,0.0
3171,1774584622.6732314,84.8771928858062,11.092704000020603,11.781728000187286,15400,0.0
3172,1774584622.6844125,89.53102930789375,10.697535999952379,11.169311999765341,15400,0.0
3173,1774584622.7016234,58.14115742662187,16.723648000152025,17.19952000030389,15400,0.0
3174,1774584622.7225144,47.89550962318072,20.376288000079512,20.878784000160522,15400,0.0
3175,1774584622.7364304,71.92257678330593,13.09343999992052,13.903840000239143,15400,0.0
3176,1774584622.7500393,73.54896713570595,13.074271999812481,13.59638400026597,15400,0.0
3177,1774584622.7629237,77.69012950088991,12.158496000211017,12.871647999872948,15400,0.0
3178,1774584622.7755284,79.41469464064669,12.061248000009073,12.592128000051162,15400,0.0
3179,1774584622.789173,73.35784071885205,12.94188799965923,13.631808000354795,15400,0.0
3180,1774584622.8005452,88.02816901433371,10.880576000090514,11.35999999996784,15200,0.0
3181,1774584622.8118713,88.37944619330709,10.812640000040119,11.314847999983613,15200,0.0
3182,1774584622.8239093,83.147083864636,11.368288000085158,12.02688000012131,15200,0.0
3183,1774584622.84019,61.468799420904844,15.789663999839831,16.268416000002617,15200,0.0
3184,1774584622.8543782,70.5365063105088,13.688224000361515,14.177055999880395,15200,0.0
3185,1774584622.867558,75.9379860030902,12.640575999739667,13.168640000003506,15200,0.0
3186,1774584622.8790078,87.43435428778554,10.849023999981,11.437151999871276,15200,0.0
3187,1774584622.8914473,80.45787611831658,11.91190400004416,12.428863999957684,15200,0.0
3188,1774584622.9046857,75.60489968185522,12.522752000222681,13.226655999915238,15200,0.0
3189,1774584622.9176118,77.43716438768088,12.424799999735114,12.91369599994141,15200,0.0
3190,1774584622.928837,89.17997231859493,10.723487999712233,11.213279999992665,15200,0.0
3191,1774584622.9429693,70.82201125483628,13.63353599981565,14.119903999926464,15200,0.0
3192,1774584622.9569533,71.57155093906944,13.48543999984031,13.972031999855972,15200,0.0
3193,1774584622.970636,73.152461434646,13.188287999582826,13.670079999883455,15200,0.0
3194,1774584622.9848547,70.38859006606943,13.716383999963,14.206847999957972,15200,0.0
3195,1774584622.9983745,74.0368691755561,13.02399999985937,13.506784000128391,15200,0.0
3196,1774584623.0106306,81.65942402050916,11.787328000082198,12.245983999946475,15200,0.0
3197,1774584623.0218437,89.2670957218741,10.7422719997885,11.202335999769275,15200,0.0
3198,1774584623.0330055,89.67773409325976,10.700832000111404,11.151040000186185,15200,0.0
3199,1774584623.0442216,89.23370378406074,10.757984000065335,11.206528000002436,15200,0.0
3200,1774584623.055443,89.19524482443022,10.714431999986118,11.211359999833803,15200,0.0
3201,1774584623.066616,89.5733727732837,10.713407999901392,11.16403200012428,15200,0.0
3202,1774584623.077836,89.19880916002637,10.742559999926016,11.21091200002411,15200,0.0
3203,1774584623.0890183,89.50000286604549,10.7146880000073,11.173183999744651,15200,0.0
3204,1774584623.1002202,89.36307717714097,10.732927999924868,11.190304000137985,15200,0.0
3205,1774584623.1114185,89.38403672492858,10.714848000134225,11.187680000148248,15200,0.0
3206,1774584623.1225903,89.59751363233266,10.70988799983752,11.16102400010277,15200,0.0
3207,1774584623.1338084,89.21638041148378,10.764352000023791,11.208704000182479,15200,0.0
3208,1774584623.1455598,85.16169822046689,11.282911999842327,11.742367999886483,15200,0.0
3209,1774584623.1577713,81.96312839452716,11.721792000116693,12.2006080000574,15200,0.0
3210,1774584623.1707463,77.14144655741165,12.49612799983879,12.963199999830977,15200,0.0
3211,1774584623.1832783,79.87097961430081,12.042144000133703,12.520192000010866,15200,0.0
3212,1774584623.1944232,89.80865726918398,10.690144000363944,11.134783999750653,15200,0.0
3213,1774584623.2069995,79.58397318850885,12.108575999718596,12.565343999995093,15200,0.0
3214,1774584623.219935,77.3654645529914,12.3098559997743,12.925663999794779,15200,0.0
3215,1774584623.2326782,78.55153483334051,12.250656000105664,12.730496000131097,15200,0.0
3216,1774584623.2442465,86.53441438839316,11.078592000103527,11.556096000276739,15200,0.0
3217,1774584623.259994,63.55216972105152,15.234015999794792,15.73510400021405,15200,0.0
3218,1774584623.2760587,62.302252649809645,15.542399999958434,16.05078400007187,15200,0.0
3219,1774584623.292179,62.08613383218549,15.607615999670088,16.106655999919894,15200,0.0
3220,1774584623.3077488,64.27753083795248,15.087391999713873,15.557535999960237,15440,0.0
3221,1774584623.3201036,80.99799902743965,11.883936000231188,12.345983999693999,15440,0.0
3222,1774584623.3313024,89.36588825588802,10.712192000028153,11.1899519997678,15440,0.0
3223,1774584623.3425188,89.24338742455839,10.737951999999495,11.20531199967445,15440,0.0
3224,1774584623.3537233,89.33574229894815,10.736223999629146,11.193728000307601,15440,0.0
3225,1774584623.3649118,89.45670438757622,10.725183999966248,11.17859199985105,15440,0.0
3226,1774584623.3760977,89.4736088651005,10.718624000219279,11.176479999903677,15440,0.0
3227,1774584623.3872612,89.65457883706614,10.695616000248265,11.153920000197104,15440,0.0
3228,1774584623.3984208,89.68262395372827,10.69913599985739,11.150432000249566,15440,0.0
3229,1774584623.4112134,78.23021964458266,12.27798400032043,12.782784000137326,15440,0.0
3230,1774584623.4262476,66.56881937806065,14.524256000186142,15.022047999991628,15440,0.0
3231,1774584623.4421296,63.0116546346857,15.378783999949519,15.870080000240705,15440,0.0
3232,1774584623.4547513,79.302845512713,12.129600000207574,12.609888000042702,15440,0.0
3233,1774584623.4660122,88.89483101617756,10.779808000279445,11.249247999785439,15440,0.0
3234,1774584623.477521,86.9766095546253,11.042336000173236,11.49734399996305,15440,0.0
3235,1774584623.4924483,67.0400889009955,14.462079999702837,14.916447999894444,15440,0.0
3236,1774584623.5074756,66.59165782370953,14.534655999796087,15.01689599990641,15440,0.0
3237,1774584623.528263,48.132238125527834,20.122752000133914,20.77609600019059,15440,0.0
3238,1774584623.5436285,65.13415551708012,14.848575999621971,15.35292800008392,15440,0.0
3239,1774584623.55983,61.769880018049705,15.695583999786322,16.189120000035473,15440,0.0
3240,1774584623.5755148,63.8058505364663,15.153183999700559,15.67254400015372,15440,0.0
3241,1774584623.587743,81.86264364997344,11.739391999981308,12.215584000387025,15440,0.0
3242,1774584623.6037772,62.411749785741954,15.540544000032241,16.02262400001564,15440,0.0
3243,1774584623.6204195,60.12737382782655,16.13564800027234,16.631360000246787,15440,0.0
3244,1774584623.636543,62.067267014437675,15.61279999987164,16.11155199998393,15440,0.0
3245,1774584623.653389,59.404434898103176,16.334047999862378,16.833759999826725,15440,0.0
3246,1774584623.6711228,56.429026729308035,17.218528000285005,17.721376000281452,15440,0.0
3247,1774584623.6870444,62.8641089201043,15.418559999943682,15.90732799968464,15440,0.0
3248,1774584623.7031167,62.265632159444664,15.544959999715502,16.060224000284506,15440,0.0
3249,1774584623.7189426,63.235683946949905,15.314367999962997,15.813856000022497,15440,0.0
3250,1774584623.7349708,62.48425396728701,15.506656000070507,16.004032000182633,15440,0.0
3251,1774584623.750571,64.15770682867603,15.026944000055664,15.586592000090604,15440,0.0
3252,1774584623.7661877,64.0858689123262,15.052383999773156,15.604063999944628,15440,0.0
3253,1774584623.7802193,71.33660834817871,13.386592000188102,14.018048000252747,15440,0.0
3254,1774584623.7925196,81.37872486829627,11.691808000250603,12.28822399980345,15440,0.0
3255,1774584623.8060057,74.22168175789974,12.957087999893702,13.47315199973309,15440,0.0
3256,1774584623.8223104,61.378130529949715,15.792127999702643,16.292448000058357,15000,0.0
3257,1774584623.8390663,59.72151618101264,16.251935999662237,16.74438400004874,15000,0.0
3258,1774584623.8516133,79.77494530769759,12.053152000135015,12.53526399978,15000,0.0
3259,1774584623.8667607,66.0641615129466,14.649504000317393,15.13680000016393,15000,0.0
3260,1774584623.8816466,67.22526379133502,14.38172799998938,14.875360000132787,15000,0.0
3261,1774584623.8964167,67.75758180231317,14.254912000069453,14.75849600001311,15000,0.0
3262,1774584623.9103086,72.04610951023224,13.36585599983664,13.879999999971915,15000,0.0
3263,1774584623.9229898,78.92530256996899,12.16601600026479,12.67020799969032,15000,0.0
3264,1774584623.937557,68.70396834166317,14.051679999738553,14.55519999990429,15000,0.0
3265,1774584623.95313,64.26470890708664,15.050592000079632,15.560639999876003,15000,0.0
3266,1774584623.9692202,62.19784287830643,15.577535999909742,16.077728000254865,15000,0.0
3267,1774584623.9846942,64.67314708828229,14.963040000111505,15.46236800004408,15000,0.0
3268,1774584624.0004337,63.584626559381334,15.174623999882897,15.727072000117914,15000,0.0
3269,1774584624.0118067,88.01825146405237,10.879487999773119,11.361280000073748,15000,0.0
3270,1774584624.0261168,69.93820819362078,13.819968000007066,14.298336000138079,15000,0.0
3271,1774584624.0387182,79.42862226156777,12.115584000184754,12.589920000209531,15000,0.0
3272,1774584624.049941,89.19422649463472,10.75968000031935,11.211487999844394,15000,0.0
3273,1774584624.0612342,88.62382095033911,10.828927999682492,11.283647999789537,15000,0.0
3274,1774584624.0724337,89.37585621884159,10.72524799974417,11.188704000232974,15000,0.0
3275,1774584624.0836728,89.05696510672632,10.725663999892276,11.228768000364653,15000,0.0
3276,1774584624.0948675,89.41498280235984,10.71929599993382,11.183808000168938,15000,0.0
3277,1774584624.1061356,88.83822346355818,10.785983999994642,11.256415999923775,15000,0.0
3278,1774584624.1173818,89.01307993780532,10.73878400029571,11.234304000026896,15000,0.0
3279,1774584624.1285655,89.51769299376181,10.705919999963953,11.170975999903021,15000,0.0
3280,1774584624.1397552,89.44185420649069,10.70172800018554,11.18044800023199,15000,0.0
3281,1774584624.150947,89.43980629645762,10.710047999964445,11.180703999798425,15000,0.0
3282,1774584624.1621997,88.94619395823472,10.780320000321808,11.242751999816392,15000,0.0
3283,1774584624.1735544,88.14710552974574,10.857087999738724,11.344672000177525,15000,0.0
3284,1774584624.1847656,89.29387829878125,10.71635200014498,11.198975999832328,15000,0.0
3285,1774584624.1959798,89.26633073866833,10.72764799982906,11.202432000118279,15000,0.0
3286,1774584624.2071903,89.28698981581333,10.7303680001678,11.199839999790129,15000,0.0
3287,1774584624.225985,53.23507416339829,18.31110400007674,18.784607999805303,15000,0.0
3288,1774584624.237156,89.60316550209888,10.688480000226264,11.160319999817148,15000,0.0
3289,1774584624.249464,81.31562170731017,11.838528000225779,12.29775999991034,15000,0.0
3290,1774584624.261717,81.66753343093303,11.787007999828347,12.244768000073236,15000,0.0
3291,1774584624.2729564,89.0523970076994,10.741951999989396,11.22934399973019,15000,0.0
3292,1774584624.284146,89.46131406479,10.705887999847619,11.178016000030766,15000,0.0
3293,1774584624.2953992,88.95328315737864,10.731103999660263,11.241856000197004,15000,0.0
3294,1774584624.3066082,89.3035750010407,10.722720000103436,11.19775999995909,15000,0.0
3295,1774584624.3179014,88.64091494392802,10.797472000376729,11.281472000064241,15000,0.0
3296,1774584624.3300827,82.16872855374166,11.699743999997736,12.170080000032613,15000,0.0
3297,1774584624.3423743,81.43513463351411,11.802815999999439,12.279712000236032,15440,0.0
3298,1774584624.3549335,79.6931622010319,12.06521599988264,12.548127999707503,15440,0.0
3299,1774584624.3706062,63.85461173393998,15.194783999959327,15.660575999845605,15440,0.0
3300,1774584624.3818326,89.1613978236978,10.746015999757219,11.215615999844886,15440,0.0
3301,1774584624.3931584,88.38019604778812,10.864479999781906,11.314752000089356,15440,0.0
3302,1774584624.4065213,74.88455796553428,12.920031999783532,13.353887999983272,15440,0.0
3303,1774584624.4190502,79.88057534463604,12.050400000134687,12.518688000000111,15440,0.0
3304,1774584624.4302378,89.4646435737992,10.726528000304825,11.17759999988266,15440,0.0
3305,1774584624.441426,89.45286334851967,10.717919999933656,11.179072000231827,15440,0.0
3306,1774584624.452656,89.1530036713121,10.753632000159996,11.216672000045946,15440,0.0
3307,1774584624.464935,81.5020368991025,11.82636800012915,12.269631999970443,15440,0.0
3308,1774584624.4761102,89.55874050371942,10.710303999985626,11.165855999934138,15440,0.0
3309,1774584624.487336,89.15071463067036,10.718624000219279,11.216960000183462,15440,0.0
3310,1774584624.4998388,80.05738513375199,12.001343999600067,12.491039999986242,15440,0.0
3311,1774584624.5121706,81.15934501128844,11.849600000005012,12.321440000050643,15440,0.0
3312,1774584624.5244696,81.37088458905217,11.820607999652566,12.289407999560353,15440,0.0
3313,1774584624.5367959,81.19667002763343,11.848896000174136,12.315775999923062,15440,0.0
3314,1774584624.5479252,89.94073984265833,10.66195199973663,11.118432000330358,15440,0.0
3315,1774584624.5590534,89.95575616129913,10.664767999969627,11.116575999949418,15440,0.0
3316,1774584624.5702453,89.43955030929551,10.737919999883161,11.180736000369507,15440,0.0
3317,1774584624.5836368,74.7344833267641,12.908831999993708,13.380704000155674,15440,0.0
3318,1774584624.5961037,80.2846572800165,12.011071999950218,12.455680000130087,15440,0.0
3319,1774584624.6073308,89.16063465098897,10.728512000241608,11.21571200019389,15440,0.0
3320,1774584624.6188362,86.99888641293533,11.049344000184647,11.49440000017421,15440,0.0
3321,1774584624.630027,89.44390221394627,10.752128000149241,11.180192000210809,15440,0.0
3322,1774584624.6411824,89.72768723736537,10.705247999794665,11.144831999899907,15440,0.0
3323,1774584624.6523669,89.48872585347416,10.72931199996674,11.17459199986115,15440,0.0
3324,1774584624.6650648,78.81303782129203,12.25481600022249,12.688255999819376,15440,0.0
3325,1774584624.676547,87.16511164057472,11.023135999948863,11.472480000065843,15440,0.0
3326,1774584624.6891804,79.21640400591711,12.19174399966505,12.62364800004434,15440,0.0
3327,1774584624.7017264,79.76272821750695,12.118368000301416,12.537183999938861,15440,0.0
3328,1774584624.7144985,78.34613195714012,12.331423999967228,12.763872000050469,15440,0.0
3329,1774584624.7282243,72.90534203886567,13.275616000100854,13.716415999624587,15440,0.0
3330,1774584624.7414799,75.49366819607346,12.81353600006696,13.24614399982238,15440,0.0
3331,1774584624.7547522,75.39713177196722,12.846495999838226,13.263104000088788,15440,0.0
3332,1774584624.7679837,75.62282962545808,12.809792000098241,13.223519999883138,15440,0.0
3333,1774584624.7812362,75.50479485648155,12.803839999833144,13.24419200000193,15440,0.0
3334,1774584624.7935507,81.25240507331053,11.896032000095147,12.307327999678819,15440,0.0
3335,1774584624.8060606,79.98300521153784,12.096288000066124,12.502655999924173,15440,0.0
3336,1774584624.8185482,80.13436931035358,12.052608000431064,12.47904000001654,15440,0.0
3337,1774584624.8310897,79.80326261287084,12.09907199972804,12.530815999980405,15440,0.0
3338,1774584624.843293,82.0042091112375,11.738367999896582,12.194496000120125,15440,0.0
3339,1774584624.8544042,90.06101093115342,10.685056000056647,11.103584000011324,15560,0.0
3340,1774584624.8655534,89.76144996957936,10.699647999899753,11.140640000121493,15560,0.0
3341,1774584624.8791268,73.72891353246773,13.118495999606239,13.563199999680364,15560,0.0
3342,1774584624.8913186,82.07722350622366,11.737664000065706,12.183647999790992,15560,0.0
3343,1774584624.9035478,81.83541784405966,11.758400000417168,12.219648000154848,15560,0.0
3344,1774584624.9179866,69.30460315555996,13.989216000027227,14.42905600015365,15560,0.0
3345,1774584624.9305062,79.93594892379905,12.019968000004155,12.51001599985102,15560,0.0
3346,1774584624.941779,88.78900323435226,10.792384000069433,11.26265599987164,15560,0.0
3347,1774584624.9529808,89.35438951650907,10.730080000030284,11.191392000000633,15560,0.0
3348,1774584624.9641416,89.67902084810218,10.703232000196294,11.15088000005926,15560,0.0
3349,1774584624.9753726,89.11004020524042,10.73244799999884,11.222080000152346,15560,0.0
3350,1774584624.9865236,89.76041867025182,10.685920000014448,11.140768000132084,15560,0.0
3351,1774584624.9977553,89.10826154726371,10.768000000098255,11.222304000057193,15560,0.0
3352,1774584625.0089269,89.60033947626226,10.700352000185376,11.160672000187333,15560,0.0
3353,1774584625.0201066,89.52769485593103,10.715200000049663,11.169727999913448,15560,0.0
3354,1774584625.0313225,89.23880017402531,10.70246400013275,11.205887999949482,15560,0.0
3355,1774584625.0428247,87.01753994913503,11.022368000340066,11.491936000311398,15560,0.0
3356,1774584625.0540571,89.11664727241528,10.752703999969526,11.22124800031088,15560,0.0
3357,1774584625.0664537,80.74559839638843,11.860608000006323,12.384575999931258,15560,0.0
3358,1774584625.0789607,80.04446630166785,11.989728000116884,12.49305600003936,15560,0.0
3359,1774584625.0916011,79.18850157714658,12.120992000291153,12.628095999843936,15560,0.0
3360,1774584625.105346,72.81819219950361,13.1437760001063,13.732831999732298,15560,0.0
3361,1774584625.1225867,58.04622894465042,16.750367999975424,17.22764800024379,15560,0.0
3362,1774584625.1344604,84.30747814108734,11.362751999968168,11.861343999953533,15560,0.0
3363,1774584625.1458137,88.171976266193,10.851935999653506,11.341471999912756,15560,0.0
3364,1774584625.1571817,88.04329757956853,10.76169599991772,11.358048000147392,15560,0.0
3365,1774584625.1686141,87.54286098338719,10.948895999717934,11.422976000176277,15560,0.0
3366,1774584625.1797965,89.50666788950667,10.719264000272233,11.172351999903185,15560,0.0
3367,1774584625.1910467,88.96797153170502,10.78319999987798,11.239999999816064,15560,0.0
3368,1774584625.2036245,79.56674950172284,12.083615999927133,12.568063999879087,15560,0.0
3369,1774584625.2161133,80.14608386866392,11.990911999873788,12.477216000206681,15560,0.0
3370,1774584625.2284534,81.11405284708911,11.84307199991963,12.328320000051463,15560,0.0
3371,1774584625.2407806,81.20363272454813,11.833056000341458,12.314720000176749,15560,0.0
3372,1774584625.2530448,81.61186701856937,11.78803200036782,12.253119999968476,15560,0.0
3373,1774584625.271123,55.352252881541204,17.560671999945043,18.066111999814893,15560,0.0
3374,1774584625.2887065,56.913796997277004,17.085920000226906,17.57043199995678,15560,0.0
3375,1774584625.3040555,65.19380815311163,14.87254399989979,15.338879999944766,15560,0.0
3376,1774584625.3163912,81.13974731164421,11.820384000202466,12.324415999955818,15560,0.0
3377,1774584625.3276958,88.55601273855807,10.765472000002774,11.29228800027704,15560,0.0
3378,1774584625.3389814,88.7038172475035,10.783103999983723,11.273471999629692,15560,0.0
3379,1774584625.3503468,88.07654909019045,10.859615999834205,11.353760000019975,15560,0.0
3380,1774584625.3618486,87.02796034418598,10.983776000102807,11.490559999856487,15760,0.0
3381,1774584625.3798418,55.61428423956426,17.50975999993898,17.98099200004799,15760,0.0
3382,1774584625.395777,62.792361232804865,15.424992000134807,15.925504000279034,15760,0.0
3383,1774584625.4070206,89.02880259750233,10.759552000308759,11.232320000090112,15760,0.0
3384,1774584625.418317,88.60999974620495,10.821728000337316,11.285407999821473,15760,0.0
3385,1774584625.430114,84.84032372240233,11.313664000226709,11.78684800015617,15760,0.0
3386,1774584625.4430096,77.60543163512942,12.400160000197502,12.885696000012103,15760,0.0
3387,1774584625.4581444,66.12105336608792,14.658624000276177,15.123776000109501,15760,0.0
3388,1774584625.4716384,74.15616219765612,12.979039999663655,13.485056000263285,15760,0.0
3389,1774584625.482871,89.12071365163543,10.733439999967231,11.220735999813769,15760,0.0
3390,1774584625.4941614,88.6653104409109,10.785023999687837,11.278368000148475,15760,0.0
3391,1774584625.5073004,76.1834644100847,12.604191999798786,13.126207999903272,15760,0.0
3392,1774584625.5218472,68.80441052585732,14.056288000119821,14.533952000419958,15760,0.0
3393,1774584625.5343962,79.76272821750695,12.065695999808668,12.537183999938861,15760,0.0
3394,1774584625.5456035,89.30816890993339,10.722112000166817,11.197184000138805,15760,0.0
3395,1774584625.5568528,88.98241138058772,10.76150399967446,11.238176000006206,15760,0.0
3396,1774584625.570904,71.22620759932322,13.561056000071403,14.039775999663107,15760,0.0
3397,1774584625.5870485,61.984659541241015,15.643775999706122,16.133023999827856,15760,0.0
3398,1774584625.5997288,78.93626748841452,12.18377600025633,12.66844800011313,15760,0.0
3399,1774584625.6113117,86.41859230530022,11.062688000038179,11.571583999739232,15760,0.0
3400,1774584625.6292872,55.666096051633936,17.483743999946455,17.964256000141177,15760,0.0
3401,1774584625.640627,88.27733489808756,10.848352000266459,11.32793600027071,15760,0.0
3402,1774584625.6518166,89.45286335215847,10.726752000209672,11.17907199977708,15760,0.0
3403,1774584625.663477,85.83349126686137,11.145632000079786,11.650464000013017,15760,0.0
3404,1774584625.6848097,46.90164013124202,20.752991999870574,21.321216000160348,15760,0.0
3405,1774584625.699681,67.29605526634946,14.386559999820747,14.85971200008862,15760,0.0
3406,1774584625.7108562,89.56721123745231,10.698688000047696,11.164799999733077,15760,0.0
3407,1774584625.7373729,37.72687433195293,26.019840000117256,26.50630399966758,15760,0.0
3408,1774584625.7486265,88.96214624919617,10.73744000041188,11.240736000218021,15760,0.0
3409,1774584625.759784,89.71197432230598,10.698751999825618,11.146784000175103,15760,0.0
3410,1774584625.7709641,89.53154232058652,10.71683199961626,11.16924799998742,15760,0.0
3411,1774584625.786848,62.998951697242425,15.413344000080542,15.873280000050727,15760,0.0
3412,1774584625.8042557,57.47961542890589,16.93382399980692,17.397472000084235,15760,0.0
3413,1774584625.8184986,70.2583483792237,13.744447999670228,14.233183999749599,15760,0.0
3414,1774584625.831698,75.82411716436212,12.461759999951028,13.188416000048164,15760,0.0
3415,1774584625.8495944,55.91600253302295,17.36464000032356,17.88396800020564,15760,0.0
3416,1774584625.8608956,88.58061261099017,10.814751999987493,11.289151999790192,15760,0.0
3417,1774584625.8722813,87.92068288361484,10.895264000282623,11.37388799998007,15320,0.0
3418,1774584625.8865318,70.22014295841457,13.717952000206424,14.24092799970822,15320,0.0
3419,1774584625.9005747,71.27299266839935,13.545952000185935,14.030559999810066,15320,0.0
3420,1774584625.9119298,88.1548139564554,10.858816000109073,11.343680000209133,15320,0.0
3421,1774584625.9233243,87.85443995424139,10.839999999916472,11.382463999780157,15320,0.0
3422,1774584625.9376793,69.72349336049065,13.406944000053045,14.342367999688577,15320,0.0
3423,1774584625.951644,71.66740818478895,13.13823999998931,13.953344000128709,15320,0.0
3424,1774584625.9650824,74.47995118651744,12.935967999965214,13.426432000414934,15320,0.0
3425,1774584625.976327,89.01815115730003,10.752032000254985,11.233663999973942,15320,0.0
3426,1774584625.9891279,78.18050816001352,12.172063999969396,12.790912000127719,15320,0.0
3427,1774584626.0041144,66.77878379194928,14.48441599995931,14.97481600017636,15320,0.0
3428,1774584626.0183997,70.04653331405828,13.799295999888272,14.276223999786453,15320,0.0
3429,1774584626.0319288,73.97570282695305,13.052192000031937,13.517952000256628,15320,0.0
3430,1774584626.044191,81.61804842905813,11.79839999986143,12.252191999778006,15320,0.0
3431,1774584626.0589345,67.86971620666071,14.195488000041223,14.734112000041932,15320,0.0
3432,1774584626.0750391,62.13464826768155,15.596319999986008,16.094080000129907,15320,0.0
3433,1774584626.089566,68.88767891620824,14.057024000067031,14.516383999762184,15320,0.0
3434,1774584626.1058784,61.33813308303422,15.862079999806156,16.303072000027896,15320,0.0
3435,1774584626.119556,73.16222347566621,13.172672000109742,13.668256000073598,15320,0.0
3436,1774584626.135597,62.380105437325945,15.541088000190939,16.030752000006032,15320,0.0
3437,1774584626.1516144,62.47413570759826,15.50844799976403,16.006624000056036,15320,0.0
3438,1774584626.167086,64.67957222327726,14.976672000102553,15.460832000371738,15320,0.0
3439,1774584626.1824372,65.185240809933,14.862464000088949,15.340895999997883,15320,0.0
3440,1774584626.1969235,69.08672871550614,14.001439999901777,14.474560000053316,15320,0.0
3441,1774584626.2086565,85.30303733337234,11.257663999913348,11.722912000095675,15320,0.0
3442,1774584626.2227123,71.19894466021559,13.560447999680036,14.045152000107919,15320,0.0
3443,1774584626.239945,58.07093015700329,16.731008000078873,17.22031999997853,15320,0.0
3444,1774584626.2557933,63.142538470499616,15.35894400012694,15.837184000247362,15320,0.0
3445,1774584626.2715015,63.70634331697395,15.205279999918275,15.697024000019155,15320,0.0
3446,1774584626.287269,63.462471847558064,15.252799999871058,15.75734400012152,15320,0.0
3447,1774584626.3028731,64.13058423307214,15.129760000036185,15.593184000408655,15320,0.0
3448,1774584626.3187,63.22506504543298,15.352736000295408,15.816512000128569,15320,0.0
3449,1774584626.3342924,64.17720713053369,15.116416000182653,15.581856000153493,15320,0.0
3450,1774584626.3496308,65.24239899848241,14.864224000120885,15.327456000250095,15320,0.0
3451,1774584626.3651257,64.58106007933854,15.023712000129308,15.484416000163037,15320,0.0
3452,1774584626.3790238,72.00975184872081,13.421376000223972,13.887007999983325,15320,0.0
3453,1774584626.3907557,85.32330022349505,11.259264000273106,11.720127999979013,14680,0.0
3454,1774584626.40506,69.95558659738735,13.82032000037725,14.294783999957872,14680,0.0
3455,1774584626.4204621,64.97246207237352,14.90719999992507,15.39113599983466,14680,0.0
3456,1774584626.4362488,63.388066815851296,15.296863999992638,15.77584000006027,14680,0.0
3457,1774584626.4519284,63.81862033283187,15.198015999885683,15.66940800012162,14680,0.0
3458,1774584626.4676974,63.46260072781899,15.237952000006771,15.757312000005186,14680,0.0
3459,1774584626.4829574,65.57810509846568,14.769279999654827,15.24899199966967,14680,0.0
3460,1774584626.4986327,63.84143625774311,15.160703999754332,15.663808000226709,14680,0.0
3461,1774584626.5126734,71.27705677031868,13.544096000259742,14.029760000084934,14680,0.0
3462,1774584626.5244021,85.34007679064403,11.24675200026104,11.717824000243127,14680,0.0
3463,1774584626.538335,71.82768710398857,13.458816000365914,13.922207999712555,14680,0.0
3464,1774584626.5548089,60.740470064049994,16.01273599999331,16.463487999772042,14680,0.0
3465,1774584626.5716166,59.532881200524876,16.303903999869362,16.797440000118513,14680,0.0
3466,1774584626.5874095,63.36480283003942,15.283711999927618,15.781631999743695,14680,0.0
3467,1774584626.6030617,63.93129380480663,15.172704000178783,15.641792000224086,14680,0.0
3468,1774584626.6189325,63.05361070176808,15.390303999993193,15.859520000049088,14680,0.0
3469,1774584626.6348052,63.042925676649354,15.398623999772099,15.862207999816746,14680,0.0
3470,1774584626.650596,63.37045659324131,15.312288000131957,15.780223999627196,14680,0.0
3471,1774584626.6661196,64.46063466465276,15.047776000301383,15.513343999828066,14680,0.0
3472,1774584626.6804202,69.9793980651598,13.82553600024039,14.28992000001017,14680,0.0
3473,1774584626.6967647,61.22181102814103,15.872032000061154,16.334048000317125,14680,0.0
3474,1774584626.7084918,85.34427196579973,11.260415999913675,11.717247999968095,14680,0.0
3475,1774584626.7225335,71.26567844904096,13.577759999861883,14.032000000042899,14680,0.0
3476,1774584626.7385097,62.630647530133196,15.510751999954664,15.966624000157026,14680,0.0
3477,1774584626.7543128,63.31896752640958,15.337183999690751,15.793055999893113,14680,0.0
3478,1774584626.7694204,66.23751820276345,14.646304000052623,15.097183999841945,14680,0.0
3479,1774584626.7818224,80.69868274101253,11.938847999772406,12.39177599973118,14680,0.0
3480,1774584626.792972,89.773827410221,10.6967359997725,11.139103999994404,14680,0.0
3481,1774584626.8041923,89.20899455105192,10.757600000033563,11.209631999918201,14680,0.0
3482,1774584626.8153703,89.53744240919468,10.715328000060254,11.16851200004021,14680,0.0
3483,1774584626.8265266,89.7119743259659,10.719328000050155,11.146783999720355,14680,0.0
3484,1774584626.8377233,89.39068448704913,10.759456000414502,11.186848000306782,14680,0.0
3485,1774584626.8489208,89.36205501152439,10.759168000276986,11.190432000148576,14680,0.0
3486,1774584626.8605342,86.18169583611498,11.172575999808032,11.603391999869928,14680,0.0
3487,1774584626.8717046,89.59109192327512,10.728991999712889,11.161823999827902,14680,0.0
3488,1774584626.8828468,89.82182224615885,10.702015999868308,11.133152000184054,14680,0.0
3489,1774584626.894186,88.26661318675757,10.905984000146418,11.329312000270875,14760,0.0
3490,1774584626.9053235,89.85358896821745,10.693632000311482,11.129215999972075,14760,0.0
3491,1774584626.917618,81.40289090848911,11.846144000173808,12.284576000183733,14760,0.0
3492,1774584626.9298916,81.54052890560189,11.826143999769556,12.263839999832271,14760,0.0
3493,1774584626.942555,79.03089159493788,12.204768000174226,12.653279999994993,14760,0.0
3494,1774584626.953732,89.54436959629645,10.721952000039892,11.167647999627661,14760,0.0
3495,1774584626.9651098,87.96993539471218,10.91324800017901,11.367520000021614,14760,0.0
3496,1774584626.9762702,89.69472222077032,10.70665600036591,11.148927999784064,14760,0.0
3497,1774584626.9874682,89.38863891953923,10.710112000197114,11.187103999873216,14760,0.0
3498,1774584626.99864,89.593660495702,10.725376000209508,11.161504000028799,14760,0.0
3499,1774584627.010495,84.43276045403277,11.408671999561193,11.843743999634171,14760,0.0
3500,1774584627.0229104,80.61374793370072,11.965215999680368,12.404831999901944,14760,0.0
3501,1774584627.0344546,86.70584383531127,11.088448000009521,11.533247999977903,14760,0.0
3502,1774584627.04592,87.29733051666226,11.021600000276521,11.455104000106076,14760,0.0
3503,1774584627.0571568,89.07549611442546,10.761568000361876,11.226432000057684,14760,0.0
3504,1774584627.0683537,89.40526189270842,10.741823999978806,11.185024000042176,14760,0.0
3505,1774584627.0795264,89.58107589168561,10.699583999667084,11.163071999817475,14760,0.0
3506,1774584627.0907052,89.54077758730416,10.732736000136356,11.168095999892103,14760,0.0
3507,1774584627.1023524,85.93947660740984,11.180831999809016,11.636096000074758,14760,0.0
3508,1774584627.1157463,74.72536932421613,12.933568000335072,13.382335999722272,14760,0.0
3509,1774584627.1287787,76.79679935323952,12.571583999942959,13.02137600032438,14760,0.0
3510,1774584627.1410763,81.3893222424863,11.822336000022915,12.286623999898438,14760,0.0
3511,1774584627.1534793,80.69222307915732,11.932288000025437,12.392767999699572,14760,0.0
3512,1774584627.1658,81.2388865213254,11.85308799995255,12.309375999848271,14760,0.0
3513,1774584627.178071,81.5656427228705,11.805952000031539,12.260064000201965,14760,0.0
3514,1774584627.1903613,81.44001584606998,11.819456000011996,12.278975999834074,14760,0.0
3515,1774584627.2016785,88.45224144871126,10.849184000107925,11.305536000236316,14760,0.0
3516,1774584627.212842,89.65843721905239,10.707744000228558,11.153439999816328,14760,0.0
3517,1774584627.2240288,89.47104716787506,10.733279999840306,11.176800000157527,14760,0.0
3518,1774584627.235213,89.49462030007385,10.71408000007068,11.17385599991394,14760,0.0
3519,1774584627.248649,74.48740745642132,12.952256000062334,13.425088000076357,14760,0.0
3520,1774584627.2616596,76.92591726467334,12.506623999797739,12.999519999993936,14760,0.0
3521,1774584627.2732253,86.54591780443435,11.108927999885054,11.554559999694902,14760,0.0
3522,1774584627.2844112,89.47617070538031,10.715712000092026,11.176160000104574,14760,0.0
3523,1774584627.2956655,88.94163720847321,10.799231999953918,11.243328000091424,14760,0.0
3524,1774584627.3079743,81.31371743166768,11.839872000109608,12.29804799959311,14760,0.0
3525,1774584627.3203712,80.73683666735529,11.903743999937433,12.385919999815087,14760,0.0
3526,1774584627.3327968,80.55140984437926,11.924192000151379,12.414431999786757,14760,0.0
3527,1774584627.3440168,89.22172955955364,10.724191999997856,11.20803200001319,14760,0.0
3528,1774584627.355308,88.65197927996088,10.75407999996969,11.280063999947743,14760,0.0
3529,1774584627.3676527,81.08416666401665,11.850048000269453,12.332863999745314,14760,0.0
3530,1774584627.3799179,81.60973571355113,11.786816000039835,12.253440000222326,14760,0.0
3531,1774584627.3911521,89.10013143938723,10.753984000075434,11.223328000141919,14760,0.0
3532,1774584627.4046104,74.37023286740292,12.045599999964907,13.446240000121179,15720,0.0
3533,1774584627.417022,80.6341326197503,11.929696000152035,12.401696000324591,15720,0.0
3534,1774584627.4293723,81.04547364118817,11.873215999912645,12.338752000232489,15720,0.0
3535,1774584627.4405878,89.258171762524,10.731071999998676,11.203456000203005,15720,0.0
3536,1774584627.4517443,89.72047406883866,10.691487999793026,11.145727999974042,15720,0.0
3537,1774584627.4630892,88.2314742114624,10.878208000121958,11.333824000303139,15720,0.0
3538,1774584627.4743054,89.24695560892752,10.751840000011725,11.204863999864756,15720,0.0
3539,1774584627.4854853,89.52923380065337,10.70153599994228,11.169536000124936,15720,0.0
3540,1774584627.4966981,89.28801026125325,10.730143999808206,11.199712000234285,15720,0.0
3541,1774584627.5097141,76.89525267049277,12.537247999716783,13.004704000195488,15720,0.0
3542,1774584627.520928,89.26582076077204,10.734016000242264,11.2024959998962,15720,0.0
3543,1774584627.5321343,89.32297472490389,10.729888000241772,11.195328000212612,15720,0.0
3544,1774584627.5433726,89.0688951474716,10.713728000155243,11.22726399989915,15720,0.0
3545,1774584627.5545657,89.43110370767424,10.721887999807223,11.18179200011582,15720,0.0
3546,1774584627.5658162,88.96974459347757,10.753183999895555,11.239775999911217,15720,0.0
3547,1774584627.577019,89.3487689897455,10.726752000209672,11.192095999831508,15720,0.0
3548,1774584627.5881941,89.57106209937398,10.695392000343418,11.164319999807049,15720,0.0
3549,1774584627.59946,88.85135807333657,10.737535999851389,11.254752000240842,15720,0.0
3550,1774584627.610652,89.43852639712607,10.714111999732268,11.18086399992535,15720,0.0
3551,1774584627.6219993,88.21080264808978,10.876927999561303,11.336479999954463,15720,0.0
3552,1774584627.6331837,89.48667579286356,10.714303999975527,11.174847999882331,15720,0.0
3553,1774584627.6443768,89.4170295794027,10.720448000029137,11.183552000147756,15720,0.0
3554,1774584627.6555893,89.26964574971709,10.70447999973112,11.202015999970172,15720,0.0
3555,1774584627.666759,89.61190160427945,10.705760000291775,11.159232000409247,15720,0.0
3556,1774584627.6780488,88.65600335974236,10.807711999859748,11.27955199990538,15720,0.0
3557,1774584627.6892042,89.73129425474797,10.694399999920279,11.144384000090213,15720,0.0
3558,1774584627.700611,87.74368175163116,10.70822399969984,11.396832000173163,15720,0.0
3559,1774584627.7118337,89.1868442980434,10.743232000095304,11.212416000034864,15720,0.0
3560,1774584627.7230203,89.47617070538031,10.725663999892276,11.176160000104574,15720,0.0
3561,1774584627.7343118,88.63337266357279,10.822080000252754,11.282431999916298,15720,0.0
3562,1774584627.745507,89.40756402373056,10.712767999848438,11.18473599990466,15720,0.0
3563,1774584627.7567208,89.26531078507917,10.7368639996821,11.20256000012887,15720,0.0
3564,1774584627.7678702,89.77821190663335,10.689887999888015,11.138559999835707,15720,0.0
3565,1774584627.7790532,89.49846492242648,10.72470400004022,11.173375999987911,15720,0.0
3566,1774584627.7902858,89.10902382004333,10.759263999716495,11.222208000162937,15720,0.0
3567,1774584627.8014822,89.39579882816065,10.731232000125601,11.18620799979908,15720,0.0
3568,1774584627.812656,89.57645386458334,10.704704000090715,11.16364799963776,15720,0.0
3569,1774584627.8242085,86.64237907671048,10.889984000186814,11.541695999767398,15720,0.0
3570,1774584627.835408,89.39528736626123,10.713312000007136,11.18627200003175,15720,0.0
3571,1774584627.8466904,88.71917895873172,10.813983999923948,11.271519999809243,15720,0.0
3572,1774584627.858072,87.94740604287573,10.905952000030084,11.370432000148867,15720,0.0
3573,1774584627.8692892,89.24109373672077,10.75814400019226,11.205600000266713,15720,0.0
3574,1774584627.880452,89.66975704393057,10.706080000090878,11.152032000154577,15720,0.0
3575,1774584627.8917155,88.86626551092917,10.72108800008209,11.252864000198315,15720,0.0
3576,1774584627.9028928,89.55822717929087,10.714976000144816,11.16591999971206,15720,0.0
3577,1774584627.9186985,63.30909017338158,15.332704000229569,15.795519999755925,16014,0.0
3578,1774584627.9298923,89.40679663476199,10.74166399985188,11.184831999798917,16014,0.0
3579,1774584627.94103,89.85720611530485,10.684352000225772,11.128768000162381,16014,0.0
3580,1774584627.952196,89.6460915706413,10.704703999635967,11.154976000398165,16014,0.0
3581,1774584627.9684231,61.66444674768298,15.774208000038925,16.21679999971093,16014,0.0
3582,1774584627.979578,89.71918612415101,10.677983999812568,11.145888000100967,16014,0.0
3583,1774584627.9918659,81.44022808361636,11.826815999938844,12.278944000172487,16014,0.0
3584,1774584628.0030274,89.66281045126735,10.702943999604031,11.15289599965763,16014,0.0
3585,1774584628.014278,88.96949129358337,10.781407999729709,11.239808000027551,16014,0.0
3586,1774584628.0266407,80.95225759627267,11.862272000144003,12.352960000043822,16014,0.0
3587,1774584628.038215,86.47478948472403,11.114240000097197,11.564064000140206,16014,0.0
3588,1774584628.0516808,74.31929471346935,12.976384000012331,13.455456000428967,16014,0.0
3589,1774584628.0649724,75.2885055528239,12.841023999953904,13.282240000080492,16014,0.0
3590,1774584628.0793853,69.42330890570878,13.916863999838824,14.404383999590209,16014,0.0
3591,1774584628.0937197,69.80214164111226,13.90780800011271,14.326208000056795,16014,0.0
3592,1774584628.105942,81.86929207319872,11.801216000094428,12.214591999963886,16014,0.0
3593,1774584628.1172707,88.34022151441775,10.69465599994146,11.31987200005824,16014,0.0
3594,1774584628.1284206,89.76505970568836,10.702976000175113,11.140191999857052,16014,0.0
3595,1774584628.1396327,89.26097624143554,10.718591999648197,11.203104000287567,16014,0.0
3596,1774584628.1507623,89.92728120322026,10.681952000140882,11.120096000013291,16014,0.0
3597,1774584628.1640623,75.24336714701656,12.849184000060632,13.29020799994396,16014,0.0
3598,1774584628.1763275,81.5916241295255,11.830943999939336,12.25616000010632,16014,0.0
3599,1774584628.188538,81.95410045907543,11.782751999817265,12.20195199994123,16014,0.0
3600,1774584628.1996825,89.79627022310586,10.707968000133405,11.136319999877742,16014,0.0
3601,1774584628.212999,75.14475886527224,12.872320000042237,13.307647999681649,16014,0.0
3602,1774584628.2267294,72.87830838404918,13.270848000047408,13.721503999931883,16014,0.0
3603,1774584628.2379627,89.10470444431643,10.77664000013101,11.222751999866887,16014,0.0
3604,1774584628.249106,89.81227079956116,10.704287999942608,11.134335999940959,16014,0.0
3605,1774584628.2624228,75.13771239857422,12.876671999947575,13.30889600012597,16014,0.0
3606,1774584628.2736168,89.40628505064628,10.728608000135864,11.184895999576838,16014,0.0
3607,1774584628.285016,87.80161611074641,10.943168000267178,11.38931200011939,16014,0.0
3608,1774584628.296489,87.23445831155354,11.026271999980963,11.463359999652312,16014,0.0
3609,1774584628.3108153,69.84598123155905,13.88966399963465,14.317215999653854,16014,0.0
3610,1774584628.3219862,89.59186247552378,10.735807999935787,11.161728000388393,16014,0.0
3611,1774584628.333144,89.69909898984587,10.706752000260167,11.148384000080114,16014,0.0
3612,1774584628.3464084,75.44281917145032,12.821311999687168,13.255071999992651,16014,0.0
3613,1774584628.35971,75.23195516417869,12.858367999797338,13.292223999997077,16014,0.0
3614,1774584628.3729644,75.50151123667013,12.798144000043976,13.244768000276963,16014,0.0
3615,1774584628.3863385,74.82915008449565,12.89312000017162,13.3637760000056,16014,0.0
3616,1774584628.398235,84.13066771423225,11.422976000176277,11.886272000083409,16014,0.0
3617,1774584628.4105346,81.37321532198162,11.835360000077344,12.289056000099663,16014,0.0
3618,1774584628.422157,86.10689378579731,11.137376000078802,11.613472000135516,16014,0.0
3619,1774584628.4334252,88.82761757016458,10.79187200002707,11.257760000262351,15734,0.0
3620,1774584628.4457536,81.17157202628742,11.8480000001,12.31958400012445,15734,0.0
3621,1774584628.4570823,88.35895507427408,10.83040000003166,11.31747199997335,15734,0.0
3622,1774584628.468324,89.03996398532456,10.780703999898833,11.230911999973614,15734,0.0
3623,1774584628.4795725,88.98621211971434,10.758815999906801,11.237696000080177,15734,0.0
3624,1774584628.4907668,89.41268028927855,10.728191999987757,11.184096000306454,15734,0.0
3625,1774584628.5020676,88.56580084514272,10.834495999915816,11.291040000287467,15734,0.0
3626,1774584628.5133426,88.77286078678607,10.773247999622981,11.264704000041093,15734,0.0
3627,1774584628.5267634,74.5773552132431,12.9639040001166,13.408895999873494,15734,0.0
3628,1774584628.540026,75.45812134503667,12.834208000185754,13.252384000224993,15734,0.0
3629,1774584628.553343,75.147107978645,12.858368000252085,13.30723199998829,15734,0.0
3630,1774584628.566994,73.32238385617144,13.139583999873139,13.638400000218098,15734,0.0
3631,1774584628.5819118,67.08542282025986,14.481440000054135,14.906368000083603,15734,0.0
3632,1774584628.594049,82.44425449312465,11.71020799984035,12.129407999964315,15734,0.0
3633,1774584628.6051965,89.77718022210506,10.713983999721677,11.138687999846297,15734,0.0
3634,1774584628.6175013,81.32726089865722,11.857248000069376,12.295999999878404,15734,0.0
3635,1774584628.630391,77.64090893018522,12.453728000309638,12.879808000434423,15734,0.0
3636,1774584628.642906,79.96192532910308,12.069919999703416,12.505952000083198,15734,0.0
3637,1774584628.6554184,79.97891116085145,12.057472000378766,12.503295999977126,15734,0.0
3638,1774584628.667642,81.86200031551255,11.797599999681552,12.215679999826534,15734,0.0
3639,1774584628.6799212,81.49608557972135,11.851584000396542,12.270528000044578,15734,0.0
3640,1774584628.6919472,83.210846964741,11.587168000005477,12.017664000268269,15734,0.0
3641,1774584628.7040548,82.65315298684308,11.67395199991006,12.098751999928936,15734,0.0
3642,1774584628.7152987,89.01561547712748,10.731776000284299,11.233983999773045,15734,0.0
3643,1774584628.7279932,78.83550498957311,12.23091200017734,12.684639999861247,15734,0.0
3644,1774584628.7403512,80.98162688765282,11.90582400022322,12.348480000127893,15734,0.0
3645,1774584628.7528796,79.88343409465833,12.051423999764665,12.51823999973567,15734,0.0
3646,1774584628.767377,69.02812813311209,13.999711999986175,14.486848000160535,15734,0.0
3647,1774584628.7820346,68.26602121751488,14.186783999775798,14.648575999672175,15734,0.0
3648,1774584628.7951958,76.04053873193962,12.67232000009244,13.150880000011966,15734,0.0
3649,1774584628.8064375,89.04554573056733,10.756256000149733,11.230207999687991,15734,0.0
3650,1774584628.818808,80.90195976760393,11.894912000116165,12.360640000224521,15734,0.0
3651,1774584628.8312168,80.65078082786611,11.929855999824213,12.399136000112776,15734,0.0
3652,1774584628.8437243,80.1388903123879,12.011519999759912,12.478336000185664,15734,0.0
3653,1774584628.8560305,81.32514443558941,11.836287999813067,12.296319999677507,15734,0.0
3654,1774584628.8678777,84.48229251252143,11.375648000012006,11.83679999985543,15734,0.0
3655,1774584628.8823228,69.27618029839815,13.991775999784295,14.434976000302413,15734,0.0
3656,1774584628.8948488,79.89487113249963,12.04444799986959,12.516448000042146,15734,0.0
3657,1774584628.9084377,73.64308202859438,13.016416000027675,13.579007999851456,15734,0.0
3658,1774584628.920781,81.09237264765684,11.843104000035964,12.33161599975574,15734,0.0
3659,1774584628.9326391,84.40174691363784,11.369983999884425,11.848095999994257,15734,0.0
3660,1774584628.9449923,81.0316036207372,11.851904000195645,12.340864000179863,15575,0.0
3661,1774584628.9568226,84.59458215666608,11.33283199988,11.821088000033342,15575,0.0
3662,1774584628.9691782,81.00786748616869,11.865183999816509,12.344479999683244,15575,0.0
3663,1774584628.9814372,81.65259629106573,11.779456000112987,12.247008000031201,15575,0.0
3664,1774584628.9926374,89.38301407977349,10.719584000071336,11.187808000158839,15575,0.0
3665,1774584629.0038722,89.1001314429974,10.747968000032415,11.223327999687172,15575,0.0
3666,1774584629.0151043,89.11486835428545,10.753279999789811,11.221471999760979,15575,0.0
3667,1774584629.026357,88.9558152875732,10.775104000003921,11.2415360003979,15575,0.0
3668,1774584629.037687,88.35345907479238,10.826080000242655,11.318175999804225,15575,0.0
3669,1774584629.0523748,68.17963643206548,13.71971200023836,14.667136000298342,15575,0.0
3670,1774584629.0709207,53.95596502729079,18.06953599998451,18.533631999616773,15575,0.0
3671,1774584629.084198,75.37967233424507,12.760576000346191,13.266175999888219,15575,0.0
3672,1774584629.095497,88.59417348113357,10.741792000317218,11.28742399987459,15575,0.0
3673,1774584629.106746,88.99533522062899,10.75542399985352,11.23654399998486,15575,0.0
3674,1774584629.1180234,88.76151414503933,10.79555199976312,11.266143999819178,15575,0.0
3675,1774584629.1292362,89.27194090188041,10.711903999890637,11.201727999832656,15575,0.0
3676,1774584629.1405363,88.5901550121614,10.788512000090122,11.287935999916954,15575,0.0
3677,1774584629.1519084,88.03064874936142,10.88527999991129,11.359680000168737,15575,0.0
3678,1774584629.1632063,88.60196029781773,10.810815999775514,11.286432000360946,15575,0.0
3679,1774584629.1744595,88.96163974097581,10.72489600028348,11.240799999995943,15575,0.0
3680,1774584629.1856837,89.18099032293495,10.74425600018003,11.213151999982074,15575,0.0
3681,1774584629.1968923,89.30178860512223,10.729695999998512,11.197984000318684,15575,0.0
3682,1774584629.2080777,89.47950132035015,10.709984000186523,11.175743999956467,15575,0.0
3683,1774584629.2193,89.19397191129679,10.722112000166817,11.211520000415476,15575,0.0
3684,1774584629.230507,89.32629394444886,10.719871999754105,11.194912000064505,15575,0.0
3685,1774584629.241804,88.61904586212583,10.809504000008019,11.284256000180903,15575,0.0
3686,1774584629.2530189,89.25740693950529,10.720736000166653,11.203551999642514,15575,0.0
3687,1774584629.264338,88.43797314279517,10.818687999744725,11.307360000046174,15575,0.0
3688,1774584629.2755938,88.93859963587143,10.740960000021005,11.243712000123196,15575,0.0
3689,1774584629.2868447,88.97658421065535,10.755360000075598,11.238911999953416,15575,0.0
3690,1774584629.2981076,88.87688063590217,10.785087999920506,11.251519999859738,15575,0.0
3691,1774584629.3093796,88.79177830428934,10.769695999897522,11.26230400041095,15575,0.0
3692,1774584629.324201,67.52887534787955,13.820959999975457,14.808479999828705,15575,0.0
3693,1774584629.3387525,68.78426832259042,14.062367999940761,14.538207999976294,15575,0.0
3694,1774584629.3510768,81.21777278701217,11.839551999855757,12.31257600011304,15575,0.0
3695,1774584629.3623507,88.78723736552901,10.792384000069433,11.262880000231235,15575,0.0
3696,1774584629.3736475,88.61150730274719,10.806815999785613,11.28521600003296,15575,0.0
3697,1774584629.3848534,89.32425131917145,10.729344000083074,11.195168000085687,15575,0.0
3698,1774584629.3960578,89.33063483426794,10.728000000199245,11.194367999905808,15575,0.0
3699,1774584629.4073188,88.89457814266618,10.751039999831846,11.249279999901773,15575,0.0
3700,1774584629.419022,85.5229488852614,11.232608000227629,11.69276800010266,15575,0.0
3701,1774584629.4307103,85.64224834877682,11.214111999834131,11.67648000000554,15575,0.0
3702,1774584629.4436188,77.71060818021301,12.207039999793778,12.868256000274414,15575,0.0
3703,1774584629.4571748,73.8292453589385,13.095679999878485,13.544767999974283,15854,0.0
3704,1774584629.4701025,77.40704961472643,12.45232000019314,12.918720000016037,15854,0.0
3705,1774584629.4813182,89.24695560530546,10.751776000233804,11.204864000319503,15854,0.0
3706,1774584629.4924984,89.52923380429839,10.723551999944902,11.169535999670188,15854,0.0
3707,1774584629.5036986,89.36895508235445,10.742911999841454,11.189568000190775,15854,0.0
3708,1774584629.5161884,80.12615061365622,12.00384000003396,12.4803199996677,15854,0.0
3709,1774584629.5277183,86.81954315134938,10.891072000049462,11.518143999637687,15854,0.0
3710,1774584629.5392938,86.47694317148373,11.076448000039818,11.56377600000269,15854,0.0
3711,1774584629.550828,86.77277473011912,10.865728000226227,11.524351999923965,15854,0.0
3712,1774584629.5687127,55.94994046964992,17.223935999936657,17.873119999876508,15854,0.0
3713,1774584629.5831711,69.22277772799498,13.970975999654911,14.446111999859568,15854,0.0
3714,1774584629.5944245,88.93961214061548,10.782560000279773,11.243583999657858,15854,0.0
3715,1774584629.6056561,89.1250345796411,10.755520000202523,11.220192000109819,15854,0.0
3716,1774584629.6168728,89.23676154456321,10.731807999945886,11.206144000425411,15854,0.0
3717,1774584629.6280928,89.2087398870224,10.744191999947361,11.209664000034536,15854,0.0
3718,1774584629.639319,89.1641962245642,10.719520000293414,11.215263999929448,15854,0.0
3719,1774584629.6505806,88.89483101617756,10.769248000087828,11.249247999785439,15854,0.0
3720,1774584629.6653683,67.68009945163074,14.278527999977086,14.77539200004685,15854,0.0
3721,1774584629.6815348,61.902271664319805,15.665695999814488,16.154496000126528,15854,0.0
3722,1774584629.6961029,68.69505769310823,14.071071999751439,14.557087999946816,15854,0.0
3723,1774584629.7102509,70.73864729400236,13.65014400016662,14.13654400039377,15854,0.0
3724,1774584629.7263258,62.258933409061456,15.569600000162609,16.061952000200108,15854,0.0
3725,1774584629.740365,71.28827610227881,13.522495999950479,14.027551999788557,15854,0.0
3726,1774584629.754733,69.65806250275018,13.84790400015845,14.355840000007447,15854,0.0
3727,1774584629.7676446,77.52591846593246,12.356895999801054,12.898911999855045,15854,0.0
3728,1774584629.779739,82.76282161733172,11.573023999972065,12.082719999852998,15854,0.0
3729,1774584629.7934623,72.93341704153481,13.208192000092822,13.711135999983526,15854,0.0
3730,1774584629.809021,64.32860492324627,15.027743999780796,15.545184000075096,15854,0.0
3731,1774584629.8278127,53.254669796369456,18.243359999814857,18.77769599968815,15854,0.0
3732,1774584629.8410356,75.71205675092429,12.662944000112475,13.20793600007164,15854,0.0
3733,1774584629.861373,49.207019047096885,19.761856000059197,20.32230399981927,15854,0.0
3734,1774584629.8763745,66.72260689992378,14.45283200018821,14.987424000082683,15854,0.0
3735,1774584629.8927352,61.176028394492256,15.83494399983465,16.346271999736928,15854,0.0
3736,1774584629.909416,59.99404859035121,16.161728000042785,16.668320000007952,15854,0.0
3737,1774584629.9268343,57.450027668210254,16.882303999864234,17.406431999916094,15854,0.0
3738,1774584629.9456491,53.187505957156866,18.255584000144154,18.801407999944786,15854,0.0
3739,1774584629.959963,69.93273030971355,13.777344000118319,14.299455999662314,15854,0.0
3740,1774584629.9747248,67.80094943117227,14.022975999978371,14.749055999800476,15440,0.0
3741,1774584629.9932575,53.99138902142096,17.931872000190197,18.521471999974892,15440,0.0
3742,1774584630.0126784,51.52684342419298,18.788383999890357,19.40736000005927,15440,0.0
3743,1774584630.0349255,44.97587134388978,21.69798399972933,22.234144000321976,15440,0.0
3744,1774584630.048748,72.41540721776308,13.244096000107675,13.809216000026936,15440,0.0
3745,1774584630.061954,75.80204628929768,12.560799999846495,13.192256000365887,15440,0.0
3746,1774584630.0842202,44.94055622802978,21.727391999775136,22.251615999721253,15440,0.0
3747,1774584630.0961013,84.2504273178148,11.333248000028107,11.86937600004967,15440,0.0
3748,1774584630.1150818,52.71708050258156,18.439071999637235,18.969184000070527,15440,0.0
3749,1774584630.13027,65.89309925192279,14.366016000167292,15.176096000232064,15440,0.0
3750,1774584630.144906,68.38313814111117,13.795135999771446,14.623487999870122,15440,0.0
3751,1774584630.1671057,45.07181201632952,21.56585599959726,22.186816000157705,15440,0.0
3752,1774584630.1837978,59.96365722572128,16.14300799974444,16.676768000252196,15440,0.0
3753,1774584630.2048874,47.44524439296086,20.526304000213713,21.076927999729378,15440,0.0
3754,1774584630.2264638,46.37461787369704,21.034400000189635,21.56351999974504,15440,0.0
3755,1774584630.2422702,63.31370777182705,15.242751999721804,15.794368000115355,15440,0.0
3756,1774584630.2607074,54.277501323793835,17.882208000173705,18.423840000195923,15440,0.0
3757,1774584630.2773123,60.274659569303765,15.374527999938437,16.590719999840076,15440,0.0
3758,1774584630.2984622,47.31414624811885,20.43132800008607,21.13532800012763,15440,0.0
3759,1774584630.3217266,43.00598780926603,22.74003200000152,23.252576000231784,15440,0.0
3760,1774584630.3377244,62.555424106044725,15.480479999951058,15.985823999926652,15440,0.0
3761,1774584630.3530552,65.27592394227867,14.814879999903496,15.319583999826136,15440,0.0
3762,1774584630.3656816,79.27367555831005,12.119936000090092,12.614528000085556,15440,0.0
3763,1774584630.3783681,78.89939758568923,12.178112000128749,12.674368000261893,15440,0.0
3764,1774584630.3903058,83.85322331921829,11.439039999913803,11.92559999981313,15440,0.0
3765,1774584630.4021335,84.63284241656655,11.328000000048633,11.815744000159611,15440,0.0
3766,1774584630.4145794,80.42785042735794,11.949504000313027,12.43350400000054,15440,0.0
3767,1774584630.4258256,89.01586903612179,10.755135999716003,11.233952000111458,15440,0.0
3768,1774584630.4370434,89.23166539106069,10.734239999692363,11.206784000023617,15440,0.0
3769,1774584630.4482582,89.24568122306052,10.739839999587275,11.205023999991681,15440,0.0
3770,1774584630.4633887,66.13056819415041,14.552320000348118,15.121599999929458,15440,0.0
3771,1774584630.4746575,88.82913254428524,10.760927999854175,11.257568000019091,15440,0.0
3772,1774584630.4870648,80.67139250463349,11.91129600010754,12.395967999964341,15040,0.0
3773,1774584630.498351,88.6929916919941,10.78105599981427,11.274848000084603,15040,0.0
3774,1774584630.5096743,88.39969675281901,10.810239999955229,11.31225600011021,15040,0.0
3775,1774584630.5209723,88.60648230780079,10.788288000185275,11.285856000085914,15040,0.0
3776,1774584630.5322576,88.70986056212834,10.737567999967723,11.272704000020894,15040,0.0
3777,1774584630.5448265,79.64116874763572,11.962496000251122,12.556320000385313,15040,0.0
3778,1774584630.556266,87.50952103874612,10.850784000012936,11.427327999626868,15040,0.0
3779,1774584630.568043,85.00417540605024,10.791296000206785,11.764127999867924,15040,0.0
3780,1774584630.579909,84.38214716790368,11.175615999945876,11.850847999994585,15040,0.0
3781,1774584630.5913754,87.32196797379642,10.890592000123434,11.451871999724972,15040,0.0
3782,1774584630.6026428,88.85060020250798,10.755743999652623,11.254848000135098,15040,0.0
3783,1774584630.6145623,83.97806089998389,11.394592000215198,11.907871999937925,15040,0.0
3784,1774584630.6310308,60.76680907258117,15.764383999794518,16.45635199975004,15040,0.0
3785,1774584630.6432788,81.72712294135631,11.669376000099874,12.235840000357712,15040,0.0
3786,1774584630.6559253,79.16302516994199,12.034079999921232,12.632159999611758,15040,0.0
3787,1774584630.6779213,45.49060709903879,21.426591999897937,21.982560000196827,15040,0.0
3788,1774584630.7001903,44.93060557849503,21.557183999902918,22.256543999901623,15040,0.0
3789,1774584630.718334,55.154034185768445,17.539968000164663,18.131040000298526,15040,0.0
3790,1774584630.7372434,52.919102356259316,18.37513600003149,18.896768000104203,15040,0.0
3791,1774584630.7541559,59.17170967437791,16.374912000173936,16.899967999961518,15040,0.0
3792,1774584630.7805471,37.90929912103367,25.30841599991618,26.378751999800443,15040,0.0
3793,1774584630.7966273,62.24157299026204,15.41215999986889,16.06643199966129,15040,0.0
3794,1774584630.8133633,59.79384994078758,15.894111999841698,16.724127999623306,15040,0.0
3795,1774584630.829333,62.66732174970368,15.436896000210254,15.957279999838647,15040,0.0
3796,1774584630.8455973,61.52652728532912,15.732127999854129,16.253151999990223,15040,0.0
3797,1774584630.8623857,59.6082829772341,16.23647999986133,16.776191999724688,15040,0.0
3798,1774584630.875651,75.45702812788856,12.72441599985541,13.252576000013505,15040,0.0
3799,1774584630.8954153,50.62532400206013,19.195744000171544,19.75296000000526,15040,0.0
3800,1774584630.9126935,57.91917263519242,16.540512000119634,17.26544000030117,15040,0.0
3801,1774584630.9312205,54.01527984308588,16.73542400021688,18.51327999975183,15040,0.0
3802,1774584630.95042,52.16592938897713,18.638688000010006,19.169599999713682,15040,0.0
3803,1774584630.9691775,53.3489482147819,18.18879999973433,18.744512000012037,15040,0.0
3804,1774584630.9898806,48.44848569493804,20.082559999991645,20.640479999656236,14800,0.0
3805,1774584631.0088966,52.615273750221164,18.49036800012982,19.00588800026526,14800,0.0
3806,1774584631.0254602,60.41963125590077,16.027551999741263,16.550912000184326,14800,0.0
3807,1774584631.0418293,61.13449981186876,15.80643199986298,16.357376000087243,14800,0.0
3808,1774584631.059049,58.116072208958,16.49715199982893,17.20694400000866,14800,0.0
3809,1774584631.0743687,65.327505074802,14.79375999997501,15.307487999962177,14800,0.0
3810,1774584631.093356,52.700455669227644,18.472255999768095,18.97516799999721,14800,0.0
3811,1774584631.1121519,53.23870189520162,18.26569600007133,18.783328000154143,14800,0.0
3812,1774584631.1291144,58.99710583834688,16.322783999839885,16.949983999893448,14800,0.0
3813,1774584631.1461275,58.82264361248594,16.49254399990241,17.00025599984656,14800,0.0
3814,1774584631.1617045,64.2455516383395,15.071167999849422,15.565279999918857,14800,0.0
3815,1774584631.1791434,57.38483093832902,16.781664000063756,17.4262080004155,14800,0.0
3816,1774584631.1962214,58.60048905641518,16.24009599981946,17.064703999949415,14800,0.0
3817,1774584631.2125347,61.345237253987044,15.665727999930823,16.30118399998537,14800,0.0
3818,1774584631.2288635,61.29422010140475,15.801504000137356,16.314752000198496,14800,0.0
3819,1774584631.244984,62.084036952115866,15.515711999796622,16.107200000078592,14800,0.0
3820,1774584631.2625387,57.01025454962055,16.894496000077197,17.540703999657126,14800,0.0
3821,1774584631.2792172,60.007527344088786,16.034336000302574,16.664576000039233,14800,0.0
3822,1774584631.295281,62.661792749053724,15.400799999952142,15.958687999955146,14800,0.0
3823,1774584631.3130057,56.46104007517313,17.192895999869506,17.711328000132198,14800,0.0
3824,1774584631.3300276,58.78844999828972,16.502976000083436,17.010143999868887,14800,0.0
3825,1774584631.3470383,58.82984150764688,16.49315199983903,16.99817600001552,14800,0.0
3826,1774584631.363721,59.986217565975416,16.179296000245813,16.670496000187995,14800,0.0
3827,1774584631.3835487,50.462397036680855,19.270048000180395,19.816735999938828,14800,0.0
3828,1774584631.4015055,55.72486006392398,17.418303999875207,17.945311999937985,14800,0.0
3829,1774584631.4201667,53.62367334992427,18.12835200007612,18.64848000013808,14800,0.0
3830,1774584631.4431372,43.55716372456508,22.449151999808237,22.958336000101554,14800,0.0
3831,1774584631.4613097,55.06404168228352,17.64854400016702,18.16067200024918,14800,0.0
3832,1774584631.474751,74.46149447067266,12.92124799965677,13.429760000235547,14800,0.0
3833,1774584631.4893985,68.32557519158489,14.129728000170871,14.635808000093675,14800,0.0
3834,1774584631.5040658,68.24216907416819,14.154176000374719,14.653696000095806,14800,0.0
3835,1774584631.5197308,63.8828072467473,15.163871999902767,15.653663999728451,14382,0.0
3836,1774584631.5320873,81.00282797239154,11.86489600013374,12.345247999746789,14382,0.0
3837,1774584631.5433087,89.19982759446566,10.714719999668887,11.210784000013518,14382,0.0
3838,1774584631.5570202,72.99253023595709,13.197728000250208,13.700032000087958,14382,0.0
3839,1774584631.570054,76.79698808501995,12.451968000277702,13.021343999753299,14382,0.0
3840,1774584631.582614,79.69194282612523,12.063040000157343,12.548319999950763,14382,0.0
3841,1774584631.594908,81.41561564518089,11.808320000000094,12.282656000024872,14382,0.0
3842,1774584631.60722,81.29129597768866,11.836959999982355,12.301440000101138,14382,0.0
3843,1774584631.6185362,88.66053088440435,10.759008000150061,11.278976000085095,14382,0.0
3844,1774584631.6298032,88.85287385737114,10.759839999991527,11.254559999997582,14382,0.0
3845,1774584631.6411066,88.54647769434177,10.807199999817385,11.293503999695531,14382,0.0
3846,1774584631.6523347,89.15529282950405,10.750911999821255,11.21638399990843,14382,0.0
3847,1774584631.6635876,88.94594078882382,10.716991999743186,11.242784000387473,14382,0.0
3848,1774584631.674802,89.25842670885828,10.721535999891785,11.20342400008667,14382,0.0
3849,1774584631.6861026,88.56630285948236,10.808063999775186,11.290976000054798,14382,0.0
3850,1774584631.697381,88.76050569479503,10.75302399976863,11.266271999829769,14382,0.0
3851,1774584631.7113717,71.53714437360311,13.468671999817161,13.978752000184613,14382,0.0
3852,1774584631.7247493,74.81804252091244,12.886559999969904,13.365759999942384,14382,0.0
3853,1774584631.7371802,80.51405324615037,11.916672000097606,12.420191999808594,14382,0.0
3854,1774584631.7483878,89.32808131729423,10.71583999964787,11.194688000159658,14382,0.0
3855,1774584631.759664,88.77286078678607,10.76316799981214,11.264704000041093,14382,0.0
3856,1774584631.7709253,88.89280807555515,10.762272000192752,11.24950399980662,14382,0.0
3857,1774584631.7833164,80.77899384294749,11.889888000041537,12.379455999962374,14382,0.0
3858,1774584631.7957764,80.33129913217722,11.963232000198332,12.448447999759082,14382,0.0
3859,1774584631.807141,88.07158458338415,10.831808000148158,11.354400000072928,14382,0.0
3860,1774584631.8193405,82.06235163067988,11.616031999892584,12.18585600008737,14382,0.0
3861,1774584631.8341348,67.6464030514602,14.283552000051714,14.782751999973698,14382,0.0
3862,1774584631.84728,76.14095701430236,12.635648000014044,13.133535999713786,14382,0.0
3863,1774584631.8597612,80.18700893316121,11.990495999725681,12.470848000248225,14382,0.0
3864,1774584631.8710008,89.05594993190624,10.747584000000643,11.228896000375244,14382,0.0
3865,1774584631.8846707,73.21330256440118,13.154847999885533,13.658719999966706,14382,0.0
3866,1774584631.8969698,81.38381126420046,11.842304000310833,12.287455999739905,14382,0.0
3867,1774584631.909164,82.06558418769839,11.748480000278505,12.185376000161341,14382,0.0
3868,1774584631.9214282,81.59631106460914,11.813183999947796,12.255455999820697,14382,0.0
3869,1774584631.9336839,81.64683628314356,11.812000000190892,12.247871999989002,14382,0.0
3870,1774584631.9448125,89.93478648905517,10.690879999856406,11.119167999822821,14382,0.0
3871,1774584631.9559171,90.124126153296,10.648416000094585,11.095808000391116,14382,0.0
3872,1774584631.9670892,89.58158947807408,10.702655999921262,11.163008000039554,14382,0.0
3873,1774584631.9784646,87.99396290937308,10.906112000157009,11.364416000105848,14382,0.0
3874,1774584631.9896662,89.3651215785278,10.739071999978478,11.190048000116803,14382,0.0
3875,1774584632.0019732,81.3230280796691,11.839423999845167,12.296639999931358,14382,0.0
3876,1774584632.013073,90.183425871583,10.650495999925624,11.08851200024219,14382,0.0
3877,1774584632.0241895,90.0355820616789,10.67248000026666,11.106720000043424,15360,0.0
3878,1774584632.0353496,89.6664122507327,10.682848000215017,11.152448000302684,15360,0.0
3879,1774584632.0464625,90.05166804419275,10.668767999959528,11.10473600010664,15360,0.0
3880,1774584632.0575948,89.8941693930866,10.70854399995369,11.124191999897448,15360,0.0
3881,1774584632.0687501,89.70656623447535,10.696255999846471,11.147455999889644,15360,0.0
3882,1774584632.0799122,89.6764473789997,10.69526399987808,11.151199999858363,15360,0.0
3883,1774584632.0910904,89.54796188984712,10.727007999776106,11.167199999817967,15360,0.0
3884,1774584632.1034558,80.92731044073626,11.858463999942614,12.35676800024521,15360,0.0
3885,1774584632.1146727,89.2321749823904,10.731167999892932,11.206719999790948,15360,0.0
3886,1774584632.1271188,80.4131563668041,11.934912000015174,12.435775999620091,15360,0.0
3887,1774584632.1384282,88.5098621240153,10.821984000358498,11.29817599985472,15360,0.0
3888,1774584632.1497247,88.60397002582522,10.824863999914669,11.286175999885018,15360,0.0
3889,1774584632.1609218,89.38940599683855,10.735807999935787,11.18700799997896,15360,0.0
3890,1774584632.173148,81.8598559261149,11.7796479999015,12.216000000080385,15360,0.0
3891,1774584632.1865504,74.66448765921031,12.945152000156668,13.393247999829327,15360,0.0
3892,1774584632.199886,75.04370545262117,12.870976000158407,13.325568000254862,15360,0.0
3893,1774584632.2133155,74.52293398578783,12.946335999913572,13.418688000001566,15360,0.0
3894,1774584632.2245445,89.13367769997515,10.741408000285446,11.219103999792424,15360,0.0
3895,1774584632.2357516,89.30740322623417,10.744960000010906,11.19728000003306,15360,0.0
3896,1774584632.2481039,81.01521789748641,11.906944000202202,12.34336000015901,15360,0.0
3897,1774584632.2594535,88.18839864005137,10.871871999825089,11.339359999965382,15360,0.0
3898,1774584632.271672,81.91242578886693,11.780255999838118,12.20815999977276,15360,0.0
3899,1774584632.282815,89.81020588840617,10.716704000060417,11.13459199996214,15360,0.0
3900,1774584632.293946,89.89727258975302,10.708319999594096,11.123807999865676,15360,0.0
3901,1774584632.3051822,89.06787970064991,10.76924799963308,11.227391999909742,15360,0.0
3902,1774584632.3163538,89.60419318740986,10.703167999963625,11.160192000261304,15360,0.0
3903,1774584632.3275197,89.63657745909885,10.690111999792862,11.156160000155069,15360,0.0
3904,1774584632.33867,89.75088027752798,10.694016000343254,11.141951999888988,15360,0.0
3905,1774584632.3498437,89.57594032978207,10.731264000241936,11.163712000325177,15360,0.0
3906,1774584632.3609533,90.07866389697577,10.661888000413455,11.101407999831281,15360,0.0
3907,1774584632.372201,88.98469178654251,10.763839999981428,11.23788799986869,15360,0.0
3908,1774584632.383958,85.1285236420487,11.27894399996876,11.746943999696668,15360,0.0
3909,1774584632.3952665,88.5005876433821,10.805215999880602,11.299360000066372,15360,0.0
3910,1774584632.4065676,88.58161697408394,10.813087999849813,11.289024000234349,15360,0.0
3911,1774584632.4188673,81.37109646643064,11.852608000026521,12.289375999898766,15360,0.0
3912,1774584632.430402,86.75759788356473,11.110240000107297,11.526367999977083,15360,0.0
3913,1774584632.4415085,90.09580427537561,10.680607999802305,11.099295999883907,15360,0.0
3914,1774584632.4526489,89.82466226077169,10.692415999983496,11.13279999981387,15360,0.0
3915,1774584632.4638033,89.72742960331708,10.708799999974872,11.144864000016241,15360,0.0
3916,1774584632.475983,82.16073532028337,11.75532800016299,12.171263999789517,15360,0.0
3917,1774584632.4870827,90.15506671320728,10.675647999960347,11.092000000189728,15360,0.0
3918,1774584632.4982042,89.97958543035718,10.68931200006773,11.113632000160578,15360,0.0
3919,1774584632.5093994,89.39170731136326,10.760640000171406,11.186719999841443,15360,0.0
3920,1774584632.5205436,89.81046399435695,10.707775999890146,11.134560000300553,15360,0.0
3921,1774584632.5316658,89.97569936241487,10.694623999825126,11.114112000086607,15760,0.0
3922,1774584632.542758,90.21779297052557,10.667135999938182,11.084287999892695,15760,0.0
3923,1774584632.5539482,89.42854444738242,10.753439999916736,11.182111999914923,15760,0.0
3924,1774584632.5650883,89.84248097518031,10.697631999846635,11.13059199997224,15760,0.0
3925,1774584632.5762038,90.03921387653347,10.685856000236527,11.10627200023373,15760,0.0
3926,1774584632.587299,90.19487866161111,10.665247999895655,11.087104000125692,15760,0.0
3927,1774584632.5983815,90.29599750343199,10.660608000307548,11.074688000007882,15760,0.0
3928,1774584632.609538,89.70270370907606,10.693151999930706,11.14793600027042,15760,0.0
3929,1774584632.6206467,90.09606402550384,10.681759999897622,11.09926400022232,15760,0.0
3930,1774584632.6317422,90.19487866161111,10.661727999831783,11.087104000125692,15760,0.0
3931,1774584632.642875,89.89830703625307,10.687712000162719,11.123679999855085,15760,0.0
3932,1774584632.6540196,89.80504402590306,10.711743999763712,11.135232000015094,15760,0.0
3933,1774584632.6651495,89.90968751551998,10.690015999898606,11.122272000193334,15760,0.0
3934,1774584632.67624,90.23394413327574,10.662719999800174,11.082303999955911,15760,0.0
3935,1774584632.687401,89.66075240326904,10.69632000007914,11.15315200013356,15760,0.0
3936,1774584632.698491,90.24228248105133,10.663487999863719,11.081279999871185,15760,0.0
3937,1774584632.7096727,89.49923388580774,10.72316799991313,11.173280000093655,15760,0.0
3938,1774584632.7212133,86.72653804328495,11.091775999830134,11.530495999977575,15760,0.0
3939,1774584632.7334216,81.96936312867487,11.76313600035428,12.199680000321678,15760,0.0
3940,1774584632.7445168,90.20112686413205,10.663776000001235,11.086336000062147,15760,0.0
3941,1774584632.7556794,89.65277837464352,10.709503999805747,11.154144000101951,15760,0.0
3942,1774584632.7667987,90.01950182503573,10.668863999853784,11.108703999980207,15760,0.0
3943,1774584632.7782757,87.20889670247135,11.027968000234978,11.466720000044006,15760,0.0
3944,1774584632.7894325,89.72150445048084,10.689856000226428,11.145599999963451,15760,0.0
3945,1774584632.8009717,86.74820535337858,11.088224000104674,11.527615999966656,15760,0.0
3946,1774584632.8120666,90.21206330369361,10.665088000223477,11.08499199972357,15760,0.0
3947,1774584632.8231628,90.18967248737778,10.6628799999271,11.087744000178645,15760,0.0
3948,1774584632.8342936,89.90917016016998,10.694272000364435,11.122335999971256,15760,0.0
3949,1774584632.8454018,90.09138870435625,10.677759999907721,11.099840000042605,15760,0.0
3950,1774584632.8564763,90.37303095035983,10.647392000009859,11.065248000249994,15760,0.0
3951,1774584632.8676462,89.59443109943554,10.710527999890473,11.161407999679795,15760,0.0
3952,1774584632.8787575,90.08359757940772,10.675168000034319,11.100799999894662,15760,0.0
3953,1774584632.889916,89.6939498908662,10.731744000167964,11.149024000133068,15760,0.0
3954,1774584632.9010196,90.12100727915227,10.673504000351386,11.096191999968141,15760,0.0
3955,1774584632.9121115,90.22248142079721,10.656704000211903,11.08371200007241,15760,0.0
3956,1774584632.9233453,89.09124083333352,10.75980800032994,11.224448000120901,15760,0.0
3957,1774584632.9344895,89.79575417217293,10.696864000237838,11.136383999655664,15760,0.0
3958,1774584632.9457126,89.1868442980434,10.753407999800402,11.212416000034864,15760,0.0
3959,1774584632.9579494,81.78722758340491,11.796704000062164,12.22684799995477,15760,0.0
3960,1774584632.970193,81.7435841093021,11.800384000252961,12.233376000040153,15760,0.0
3961,1774584632.9813485,89.72201965200729,10.70185600019613,11.145535999730782,15760,0.0
3962,1774584632.9924872,89.8479054672185,10.691071999644919,11.12991999980295,15760,0.0
3963,1774584633.0036447,89.6890587952813,10.696287999962806,11.149632000069687,15760,0.0
3964,1774584633.0147424,90.18030289185715,10.65692800011675,11.088895999819215,15760,0.0
3965,1774584633.0259335,89.42649714315554,10.744000000158849,11.182367999936105,15760,0.0
3966,1774584633.0371118,89.52615596411455,10.680255999886867,11.16991999970196,15774,0.0
3967,1774584633.0482514,89.83524933915699,10.688096000194491,11.131488000046375,15774,0.0
3968,1774584633.0594156,89.65277837464352,10.68838399987726,11.154144000101951,15774,0.0
3969,1774584633.0705624,89.79033597529883,10.706943999593932,11.137055999824952,15774,0.0
3970,1774584633.0817893,89.14893434859653,10.750655999800074,11.21718400008831,15774,0.0
3971,1774584633.0929132,89.98191723372595,10.681920000024547,11.113344000023062,15774,0.0
3972,1774584633.1040277,90.03610087654096,10.672448000150325,11.106655999810755,15774,0.0
3973,1774584633.1151805,89.74057077878824,10.702655999921262,11.143231999994896,15774,0.0
3974,1774584633.1263278,89.78440250811175,10.685504000321089,11.13779200022691,15774,0.0
3975,1774584633.1374564,89.92236462768042,10.670143999959691,11.12070399994991,15774,0.0
3976,1774584633.1485732,90.03739793248229,10.671903999991628,11.106496000138577,15774,0.0
3977,1774584633.1597104,89.86573340534657,10.68851199988785,11.12771199996132,15774,0.0
3978,1774584633.1708322,89.99098650243491,10.671775999981037,11.11222400004408,15774,0.0
3979,1774584633.1820278,89.39170731136326,10.74700799972561,11.186719999841443,15774,0.0
3980,1774584633.1931455,90.01976113906812,10.672320000139734,11.108671999863873,15774,0.0
3981,1774584633.2043579,89.24695560530546,10.775647999707871,11.204864000319503,15774,0.0
3982,1774584633.2155304,89.57979194600458,10.687584000152128,11.1632319999444,15774,0.0
3983,1774584633.2266772,89.79085196395734,10.695712000142521,11.13699200004703,15774,0.0
3984,1774584633.237842,89.64326284378663,10.720576000039728,11.155327999858855,15774,0.0
3985,1774584633.2489734,89.91434399999297,10.691072000099666,11.121695999918302,15774,0.0
3986,1774584633.2600946,89.98450826892548,10.671775999981037,11.113023999769212,15774,0.0
3987,1774584633.2712655,89.92986909283366,10.686975999760762,11.11977599975944,15774,0.0
3988,1774584633.282374,90.1072348199007,10.669568000139407,11.097887999767408,15774,0.0
3989,1774584633.2935123,89.84919710651893,10.696703999656165,11.129760000130773,15774,0.0
3990,1774584633.304624,90.07762529196692,10.671327999716596,11.101536000296619,15774,0.0
3991,1774584633.3157365,90.06101093115342,10.679359999812732,11.103584000011324,15774,0.0
3992,1774584633.3268402,90.1345239757186,10.679615999833914,11.094527999830461,15774,0.0
3993,1774584633.3380415,89.34263831038922,10.759008000150061,11.192863999895053,15774,0.0
3994,1774584633.3492205,89.53692932888525,10.714111999732268,11.168575999818131,15774,0.0
3995,1774584633.3603806,89.68133709914399,10.698304000015924,11.150591999921744,15774,0.0
3996,1774584633.371524,89.81924057486404,10.66975999992792,11.133471999983158,15774,0.0
3997,1774584633.3826537,89.92391717085387,10.69151999990936,11.120512000161398,15774,0.0
3998,1774584633.3938196,89.6219245343194,10.727807999955985,11.157983999964927,15774,0.0
3999,1774584633.4049454,89.95161322827877,10.693887999877916,11.117087999991782,15774,0.0
4000,1774584633.4160588,90.04569999322415,10.671200000160752,11.105472000053851,15774,0.0
4001,1774584633.4273403,89.29311285647671,10.738495999703446,11.199072000181332,15774,0.0
4002,1774584633.4396129,81.55053001439167,11.748607999834348,12.262335999821516,15774,0.0
4003,1774584633.4571733,56.98322596061814,17.077311999855738,17.549024000345526,15774,0.0
4004,1774584633.474132,59.00490354214546,16.480256000249938,16.94774400039023,15774,0.0
4005,1774584633.4864953,80.95435469802429,11.896863999936613,12.352639999789972,15774,0.0
4006,1774584633.497686,89.43903835028031,10.731775999829551,11.180800000147428,15774,0.0
4007,1774584633.5088406,89.7112016989308,10.708031999911327,11.146880000069359,15774,0.0
4008,1774584633.5199473,90.1009996179025,10.671328000171343,11.098655999830953,15774,0.0
4009,1774584633.5310843,89.85488077460604,10.699200000090059,11.12905599984515,15774,0.0
4010,1774584633.5422614,89.53975135247222,10.724960000061401,11.168223999902693,15774,0.0
4011,1774584633.5533764,90.04855417929173,10.67449599986503,11.105120000138413,15640,0.0
4012,1774584633.564491,90.04025159595032,10.668864000308531,11.106143999768392,15640,0.0
4013,1774584633.5757427,88.94897886650627,10.77238399966518,11.242399999900954,15640,0.0
4014,1774584633.5868647,89.99461472035672,10.676992000298924,11.111776000234386,15640,0.0
4015,1774584633.5980585,89.40449454325775,10.752544000297348,11.185119999936433,15640,0.0
4016,1774584633.6091886,89.92288213856635,10.688735999792698,11.120639999717241,15640,0.0
4017,1774584633.6202931,90.12828499659253,10.66528000001199,11.095295999894006,15640,0.0
4018,1774584633.631423,89.91382658737696,10.668224000255577,11.12176000015097,15640,0.0
4019,1774584633.642544,89.98761770593012,10.686655999961658,11.11263999973744,15640,0.0
4020,1774584633.6536763,89.9058074863265,10.693023999920115,11.122751999664615,15640,0.0
4021,1774584633.6647916,90.03376626411885,10.682495999844832,11.106943999948271,15640,0.0
4022,1774584633.675997,89.31021079973856,10.768736000045465,11.196928000117623,15640,0.0
4023,1774584633.6871054,90.09268735374599,10.678527999971266,11.099680000370427,15640,0.0
4024,1774584633.6982331,89.94073984265833,10.692992000258528,11.118432000330358,15640,0.0
4025,1774584633.709375,89.8207895590982,10.711072000049171,11.133280000194645,15640,0.0
4026,1774584633.7204628,90.26287437242017,10.66988799993851,11.078752000230452,15640,0.0
4027,1774584633.7315807,90.01094533316797,10.688480000226264,11.10975999972652,15640,0.0
4028,1774584633.742694,90.04492161091379,10.675775999970938,11.105567999948107,15640,0.0
4029,1774584633.7538826,89.44569430013648,10.749632000170095,11.179967999851215,15640,0.0
4030,1774584633.7650013,90.01431587652836,10.685344000194164,11.109344000033161,15640,0.0
4031,1774584633.776194,89.40935465043238,10.749695999948017,11.184511999999813,15640,0.0
4032,1774584633.787318,89.96818724674603,10.665631999927427,11.115040000277077,15640,0.0
4033,1774584633.7984295,90.06568310351132,10.683615999823814,11.103007999736292,15640,0.0
4034,1774584633.8095794,89.75500474029984,10.722175999944739,11.141439999846625,15640,0.0
4035,1774584633.8206775,90.1691139744167,10.679199999685807,11.090272000274126,15640,0.0
4036,1774584633.831771,90.20399091201703,10.67030399963187,11.08598400014671,15640,0.0
4037,1774584633.8429043,89.8776226284879,10.70988799983752,11.1262400000669,15640,0.0
4038,1774584633.8540337,89.91667242310605,10.706719999689085,11.121407999780786,15640,0.0
4039,1774584633.8651474,90.04907314366426,10.683072000119864,11.105055999905744,15640,0.0
4040,1774584633.8763325,89.4700225307847,10.750464000011561,11.176928000168118,15640,0.0
4041,1774584633.8874574,89.95730986141116,10.661952000191377,11.116383999706159,15640,0.0
4042,1774584633.8985467,90.24019774593309,10.670560000107798,11.081536000347114,15640,0.0
4043,1774584633.9096973,89.74881818828568,10.72784000007232,11.14220799991017,15640,0.0
4044,1774584633.9207687,90.3816564278329,10.651232000327582,11.064192000048934,15640,0.0
4045,1774584633.931854,90.26496015543609,10.673311999653379,11.078495999754523,15640,0.0
4046,1774584633.9429665,90.04518107141772,10.685279999961494,11.105535999831773,15640,0.0
4047,1774584633.9541786,89.25944650513645,10.759775999758858,11.20329600007608,15640,0.0
4048,1774584633.9653137,89.87555471121219,10.688639999898442,11.126496000088082,15640,0.0
4049,1774584633.9764605,89.77614855762252,10.71248000016567,11.138816000311635,15640,0.0
4050,1774584633.9875898,89.92003590975865,10.691616000258364,11.120992000087426,15640,0.0
4051,1774584633.998701,90.06075137941576,10.686655999961658,11.103616000127658,15640,0.0
4052,1774584634.0098462,89.78311273105328,10.724320000008447,11.137951999899087,15640,0.0
4053,1774584634.0209575,90.05867502674704,10.694143999899097,11.10387200014884,15640,0.0
4054,1774584634.0320518,90.19748197227821,10.673728000256233,11.086784000326588,15640,0.0
4055,1774584634.0431473,90.18941219351797,10.675872000319941,11.08777600029498,15640,0.0
4056,1774584634.054285,89.84945544030391,10.700383999846963,11.129728000014438,15640,0.0
4057,1774584634.0653832,90.16547167293398,10.684480000236363,11.09072000008382,15814,0.0
4058,1774584634.0765069,89.95290785109437,10.70259200014334,11.116928000319604,15814,0.0
4059,1774584634.0876496,89.80891536623368,10.721631999786041,11.134752000089065,15814,0.0
4060,1774584634.098757,90.09840186989857,10.686559999612655,11.098976000084804,15814,0.0
4061,1774584634.109888,89.91149831164743,10.713663999922574,11.122048000288487,15814,0.0
4062,1774584634.1209729,90.27512970551592,10.671168000044418,11.077248000219697,15814,0.0
4063,1774584634.1320772,90.11632936897178,10.68537599985575,11.096767999788426,15814,0.0
4064,1774584634.1432028,89.94876518410223,10.69391999999425,11.11743999990722,15814,0.0
4065,1774584634.1543925,89.43724653806271,10.716736000176752,11.181023999597528,15814,0.0
4066,1774584634.165607,89.23676154818445,10.760864000076253,11.206143999970664,15814,0.0
4067,1774584634.17683,89.1868442980434,10.748640000201704,11.212416000034864,15814,0.0
4068,1774584634.1879754,89.80375365207135,10.702816000048188,11.13539200014202,15814,0.0
4069,1774584634.1994162,87.4740027254373,10.95024000005651,11.43196800012447,15814,0.0
4070,1774584634.2105818,89.63580613384802,10.716224000134389,11.156256000049325,15814,0.0
4071,1774584634.2217236,89.81975689578302,10.718208000071172,11.133408000205236,15814,0.0
4072,1774584634.2328615,89.8546224096225,10.712543999943591,11.129087999961484,15814,0.0
4073,1774584634.2440639,89.3372746551449,10.771232000024611,11.193536000064341,15814,0.0
4074,1774584634.2551477,90.29234494054171,10.673087999748532,11.075136000272323,15814,0.0
4075,1774584634.2662888,89.81691719501421,10.739680000369844,11.133760000120674,15814,0.0
4076,1774584634.277378,90.23628913876206,10.680895999939821,11.082015999818395,15814,0.0
4077,1774584634.288457,90.31870218616643,10.67548800028817,11.07190399989122,15814,0.0
4078,1774584634.2995698,90.04232709548442,10.682112000267807,11.105888000201958,15814,0.0
4079,1774584634.310708,89.85229719897185,10.713568000028317,11.129376000099,15814,0.0
4080,1774584634.3219674,88.87637509454555,10.845664000044053,11.251584000092407,15814,0.0
4081,1774584634.333086,90.00161283034507,10.700159999942116,11.110911999821838,15814,0.0
4082,1774584634.3442986,89.25766187784754,10.780160000194883,11.203519999980927,15814,0.0
4083,1774584634.3554723,89.56413078557962,10.705344000143668,11.16518399976485,15814,0.0
4084,1774584634.3665843,90.07087496897621,10.678143999939493,11.102368000138085,15814,0.0
4085,1774584634.3777635,89.52538653804514,10.75280000031853,11.170015999596217,15814,0.0
4086,1774584634.3888469,90.30486924107342,10.669023999980709,11.073599999690487,15814,0.0
4087,1774584634.3999598,90.05192753988959,10.693535999962478,11.104704000445054,15814,0.0
4088,1774584634.4110732,90.0462189210116,10.681920000024547,11.10540800027593,15814,0.0
4089,1774584634.4222596,89.47335268804879,10.735071999988577,11.176512000020011,15814,0.0
4090,1774584634.4334266,89.61935433739691,10.702624000259675,11.158304000218777,15814,0.0
4091,1774584634.4446638,89.06331047826684,10.78345599989916,11.227967999730026,15814,0.0
4092,1774584634.4558177,89.73567459745883,10.699167999973724,11.143839999931515,15814,0.0
4093,1774584634.4669807,89.65792274747083,10.717407999891293,11.153504000048997,15814,0.0
4094,1774584634.4781487,89.61215857897541,10.73091199987175,11.159199999838165,15814,0.0
4095,1774584634.4893246,89.54744868532397,10.72015999989162,11.167264000050636,15814,0.0
4096,1774584634.5004935,89.61035981991802,10.721023999849422,11.159423999743012,15814,0.0
4097,1774584634.5116632,89.5995687745404,10.732896000263281,11.160768000081589,15814,0.0
4098,1774584634.5228148,89.7428902104147,10.697311999592785,11.14294399985738,15814,0.0
4099,1774584634.5339756,89.6664122507327,10.722272000293742,11.152448000302684,15814,0.0
4100,1774584634.545142,89.62860772972658,10.729536000326334,11.15715200012346,15814,0.0
4101,1774584634.5563016,89.6795355618415,10.705247999794665,11.150815999826591,15814,0.0
4102,1774584634.5675282,89.35030178923607,10.697184000036941,11.191904000042996,15814,0.0
4103,1774584634.5789793,87.39963026792599,11.009311999714555,11.441695999565127,15894,0.0
4104,1774584634.5901418,89.65998066556743,10.726720000093337,11.153247999573068,15894,0.0
4105,1774584634.6012864,89.79859253487484,10.700448000079632,11.136031999740226,15894,0.0
4106,1774584634.6124196,89.89313503813159,10.699039999963134,11.124320000362786,15894,0.0
4107,1774584634.6235623,89.81252891738082,10.672736000287841,11.134304000279371,15894,0.0
4108,1774584634.6347136,89.73850916324918,10.709119999773975,11.143488000016077,15894,0.0
4109,1774584634.645889,89.55437742087072,10.73331199995664,11.166399999638088,15894,0.0
4110,1774584634.657021,89.90684212925885,10.691808000046876,11.122623999654024,15894,0.0
4111,1774584634.6681592,89.85436404612473,10.693151999930706,11.129120000077819,15894,0.0
4112,1774584634.6793282,89.60547783267637,10.69286399979319,11.160032000134379,15894,0.0
4113,1774584634.6904569,89.93349238411885,10.696576000100322,11.119327999949746,15894,0.0
4114,1774584634.701598,89.81975689945173,10.70854399995369,11.133407999750489,15894,0.0
4115,1774584634.712726,89.93530413925096,10.695039999973233,11.1191040000449,15894,0.0
4116,1774584634.7241423,87.65655460673028,10.982367999986309,11.408159999973577,15894,0.0
4117,1774584634.7352867,89.80143107701858,10.672863999843685,11.135679999824788,15894,0.0
4118,1774584634.7464151,89.93245712771983,10.693824000099994,11.119455999960337,15894,0.0
4119,1774584634.7575805,89.63529192195307,10.717215999648033,11.156320000281994,15894,0.0
4120,1774584634.7687144,89.88279283802639,10.695359999772336,11.125600000013947,15894,0.0
4121,1774584634.7798457,89.90710079095592,10.68931200006773,11.122591999992437,15894,0.0
4122,1774584634.7909532,90.0924276230875,10.67676799993933,11.099712000032014,15894,0.0
4123,1774584634.8021216,89.60290858262896,10.748160000275675,11.160351999933482,15894,0.0
4124,1774584634.8132188,90.18108361651102,10.67388799992841,11.088799999924959,15894,0.0
4125,1774584634.8243268,90.08723326903016,10.68463999990854,11.100352000084968,15894,0.0
4126,1774584634.8354347,90.08463631845382,10.664767999969627,11.10067199988407,15894,0.0
4127,1774584634.8465943,89.67721940385623,10.722207999606326,11.151103999964107,15894,0.0
4128,1774584634.857736,89.8179497967022,10.717856000155734,11.133631999655336,15894,0.0
4129,1774584634.8688512,90.0270225090954,10.678720000214525,11.107776000244485,15894,0.0
4130,1774584634.879962,90.06204914937601,10.692543999994086,11.103456000000733,15894,0.0
4131,1774584634.8910646,90.13270418517308,10.683135999897786,11.094751999735308,15894,0.0
4132,1774584634.9021637,90.15948852857572,10.683808000067074,11.09145600003103,15894,0.0
4133,1774584634.913271,90.09216789392657,10.691296000004513,11.099743999693601,15894,0.0
4134,1774584634.924343,90.38034943440032,10.657375999926444,11.064351999721111,15894,0.0
4135,1774584634.9355032,89.66769868434318,10.682015999918804,11.152287999721011,15894,0.0
4136,1774584634.9466336,89.91874222928756,10.691296000004513,11.121152000214352,15894,0.0
4137,1774584634.9577885,89.7160952099582,10.717152000324859,11.14627200013274,15894,0.0
4138,1774584634.968922,89.8931350418063,10.687391999908868,11.124319999908039,15894,0.0
4139,1774584634.9801273,89.31684758829785,10.770752000098582,11.19609599982141,15894,0.0
4140,1774584634.991314,89.45772871964091,10.690239999803453,11.17846399984046,15894,0.0
4141,1774584635.0024195,90.10827410413567,10.682463999728498,11.097759999756818,15894,0.0
4142,1774584635.01357,89.7426324890549,10.710367999763548,11.142975999973714,15894,0.0
4143,1774584635.024672,90.13166433363095,10.67936000026748,11.094880000200646,15894,0.0
4144,1774584635.0358217,89.75861395436647,10.709407999911491,11.140992000036931,15894,0.0
4145,1774584635.046975,89.73361320687158,10.714752000239969,11.144095999952697,15894,0.0
4146,1774584635.0584934,86.8890656001323,11.082336000072246,11.508928000239393,15894,0.0
4147,1774584635.0696743,89.51307750114415,10.724191999997856,11.171552000178053,15894,0.0
4148,1774584635.0808403,89.62706536680142,10.741503999724955,11.157343999911973,15894,0.0
4149,1774584635.0919344,90.20268904817739,10.66969599969525,11.086144000273634,15894,0.0
4150,1774584635.1038024,84.32021715306581,10.809888000039791,11.85955200026001,15894,0.0
4151,1774584635.1160223,81.89654042674839,11.767968000185647,12.210528000196064,15894,0.0
4152,1774584635.1314993,64.65187293933037,15.013184000054025,15.467455999896629,15894,0.0
4153,1774584635.144025,79.89630099504154,12.033728000005794,12.516223999682552,15894,0.0
4154,1774584635.155415,87.88136999100323,10.856640000383777,11.378976000287366,15894,0.0
4155,1774584635.1666057,89.44313420106911,10.713663999922574,11.180288000105065,15894,0.0
4156,1774584635.1778293,89.17997231859493,10.752447999948345,11.213279999992665,15894,0.0
4157,1774584635.1890278,89.37841246795479,10.731488000146783,11.188383999979123,15894,0.0
4158,1774584635.200153,89.96637416651849,10.679008000352042,11.115264000181924,15894,0.0
4159,1774584635.2114437,88.63387544066416,10.820127999977558,11.282368000138376,15894,0.0
4160,1774584635.2226,89.71248941438957,10.692352000205574,11.146719999942434,15894,0.0
4161,1774584635.2337964,89.39068449068287,10.746272000233148,11.186847999852034,15894,0.0
4162,1774584635.2450328,89.07651173492229,10.78646399992067,11.226304000047094,15894,0.0
4163,1774584635.2561607,89.94073984633694,10.685312000077829,11.118431999875611,15894,0.0
4164,1774584635.2672963,89.87762263216133,10.663071999715612,11.126239999612153,15894,0.0
4165,1774584635.279147,84.46105736981943,10.71654400038824,11.839776000215352,15894,0.0
4166,1774584635.2909844,84.55658526835677,11.378272000001743,11.826399999790738,15894,0.0
4167,1774584635.302158,89.57722416505439,10.721183999976347,11.163552000198251,15894,0.0
4168,1774584635.314429,81.55925638801409,11.823423999885563,12.261024000054022,15894,0.0
4169,1774584635.3256104,89.50384795088404,10.737311999946542,11.172703999818623,15894,0.0
4170,1774584635.3367336,89.9775128185245,10.68271999974968,11.11388800018176,15894,0.0
4171,1774584635.3478801,89.79110996234367,10.710976000154915,11.136959999930696,15894,0.0
4172,1774584635.3590002,89.99746566878336,10.685343999739416,11.111424000318948,15894,0.0
4173,1774584635.3701813,89.50077185221217,10.750271999768302,11.173088000305142,15894,0.0
4174,1774584635.381342,89.66281044761145,10.704512000302202,11.152896000112378,15894,0.0
4175,1774584635.3924754,89.89597956418655,10.685759999887523,11.123967999992601,15894,0.0
4176,1774584635.4035773,90.13790378063985,10.66214399997989,11.094112000137102,15894,0.0
4177,1774584635.4147005,89.97440407979826,10.682240000278398,11.114272000213532,15894,0.0
4178,1774584635.4258358,89.87374536257185,10.70393600002717,11.126719999992929,15894,0.0
4179,1774584635.4369414,90.11892814718388,10.679999999865686,11.096447999989323,15894,0.0
4180,1774584635.4480367,90.20425129003446,10.664991999874474,11.085952000030375,15894,0.0
4181,1774584635.4591417,90.12256668924039,10.676991999844176,11.096000000179629,15894,0.0
4182,1774584635.4702454,90.11788861717415,10.684064000088256,11.096575999999914,15894,0.0
4183,1774584635.4813738,89.91718986479894,10.685376000310498,11.121344000002864,15894,0.0
4184,1774584635.4924922,89.99979840266543,10.691296000004513,11.111135999726685,15894,0.0
4185,1774584635.503655,89.66229592949638,10.714592000113043,11.1529599998903,15894,0.0
4186,1774584635.5148187,89.650977984534,10.706847999699676,11.154368000006798,15894,0.0
4187,1774584635.526009,89.43519883174649,10.753088000001298,11.181280000073457,15894,0.0
4188,1774584635.5371253,90.02754122531591,10.680288000003202,11.107712000011816,15894,0.0
4189,1774584635.5482445,89.99876161548481,10.692800000015268,11.111264000192023,15894,0.0
4190,1774584635.5594018,89.68725694408062,10.685759999887523,11.149856000429281,15894,0.0
4191,1774584635.5705173,90.03869502948145,10.676928000066255,11.106336000011652,15894,0.0
4192,1774584635.5816963,89.52795134061405,10.742879999725119,11.16969600025186,15894,0.0
4193,1774584635.5928135,90.0200204545945,10.682463999728498,11.108639999747538,15894,0.0
4194,1774584635.603929,90.02624444965784,10.6754240000555,11.107872000138741,15894,0.0
4195,1774584635.6150606,89.91512012640608,10.694591999708791,11.121600000024046,15894,0.0
4196,1774584635.626198,89.8582396399165,10.712736000186851,11.12864000015179,15894,0.0
4197,1774584635.637264,90.42716345330793,10.658143999989989,11.058623999815609,15894,0.0
4198,1774584635.6483383,90.3719855499217,10.670752000351058,11.065376000260585,15894,0.0
4199,1774584635.6594567,89.9995391999474,10.68659199972899,11.111168000297766,15894,0.0
4200,1774584635.6705341,90.33697861163894,10.677056000076846,11.069663999933255,15894,0.0
4201,1774584635.681651,90.02391035203566,10.716256000250723,11.10815999982151,15894,0.0
4202,1774584635.692751,90.15480662275448,10.693663999973069,11.092031999851315,15894,0.0
4203,1774584635.7038343,90.29051877546758,10.682911999992939,11.075359999722423,15894,0.0
4204,1774584635.7149224,90.24410669913028,10.692735999782599,11.081055999966338,15894,0.0
4205,1774584635.72602,90.16365063253605,10.700512000312301,11.090943999988667,15894,0.0
4206,1774584635.7370942,90.36257803792951,10.672383999917656,11.066527999901155,15894,0.0
4207,1774584635.748209,90.0412893319136,10.69798400021682,11.106016000212549,15894,0.0
4208,1774584635.7603016,82.75646559684648,11.674112000036985,12.083648000043468,15894,0.0
4209,1774584635.7714221,89.99254141609751,10.676384000362305,11.112032000255567,15894,0.0
4210,1774584635.7829163,87.06942428324655,11.078239999733341,11.485087999972166,15894,0.0
4211,1774584635.7940564,89.8362823587401,10.729984000136028,11.131360000035784,15894,0.0
4212,1774584635.8051333,90.34611959839806,10.67548800028817,11.068543999954272,15894,0.0
4213,1774584635.8162627,89.91977717362795,10.705856000186031,11.121023999749013,15894,0.0
4214,1774584635.828185,83.9494100727793,11.493376000089484,11.911935999705747,15894,0.0
4215,1774584635.8394117,89.14944299542749,10.74393599992618,11.21711999985564,15894,0.0
4216,1774584635.8506765,88.85060020250798,10.77625599964449,11.254848000135098,15894,0.0
4217,1774584635.8623414,85.80780150831106,11.206623999896692,11.653951999960555,15894,0.0
4218,1774584635.873728,87.90436005330552,10.864416000003985,11.376000000382192,15894,0.0
4219,1774584635.884923,89.41626202793967,10.717472000123962,11.183648000042012,15894,0.0
4220,1774584635.8971734,81.70105518547722,11.783423999986553,12.239743999998609,15894,0.0
4221,1774584635.908313,89.85048878662793,10.685663999993267,11.129600000003848,15894,0.0
4222,1774584635.9194868,89.56926498610905,10.700288000407454,11.164544000166643,15894,0.0
4223,1774584635.9306338,89.79265798013085,10.702175999995234,11.136767999687436,15894,0.0
4224,1774584635.9418025,89.6062486397083,10.730559999956313,11.159935999785375,15894,0.0
4225,1774584635.952924,89.99098650243491,10.686239999813552,11.11222400004408,15894,0.0
4226,1774584635.9641025,89.53718587012777,10.712064000017563,11.168543999701797,15894,0.0
4227,1774584635.9752781,89.55309424039666,10.706240000217804,11.166559999765013,15894,0.0
4228,1774584635.9864023,89.97544030217175,10.688960000152292,11.114144000202941,15894,0.0
4229,1774584635.997557,89.72253485578982,10.71855999998661,11.14547199995286,15894,0.0
4230,1774584636.0086412,90.29208405370531,10.66112000034991,11.075168000388658,15894,0.0
4231,1774584636.0197642,89.97544030217175,10.701919999974052,11.114144000202941,15894,0.0
4232,1774584636.0308993,89.87658866162853,10.706432000006316,11.126367999622744,15894,0.0
4233,1774584636.0420735,89.56053719103197,10.748224000053597,11.16563200002929,15894,0.0
4234,1774584636.0532136,89.84532229268162,10.703167999963625,11.130240000056801,15894,0.0
4235,1774584636.0643308,90.02209502153478,10.686784000426996,11.108384000181104,15894,0.0
4236,1774584636.0754364,90.13192429426711,10.65139199999976,11.094848000084312,15894,0.0
4237,1774584636.0865414,90.13322411624742,10.687135999887687,11.094687999957387,15894,0.0
4238,1774584636.0976975,89.71274696264945,10.735104000104911,11.1466879998261,15894,0.0
4239,1774584636.1087997,90.14180387279599,10.692191999623901,11.093632000211073,15854,0.0
4240,1774584636.1199002,90.15168561741136,10.686432000056811,11.092416000337835,15854,0.0
4241,1774584636.1310225,89.97880819065088,10.704480000185868,11.113728000054834,15854,0.0
4242,1774584636.14216,89.85849802570222,10.703263999857882,11.128608000035456,15854,0.0
4243,1774584636.153247,90.26417797411939,10.675808000087272,11.078592000103527,15854,0.0
4244,1774584636.164338,90.22899396924714,10.685311999623082,11.08291199989253,15854,0.0
4245,1774584636.1754856,89.77073273005458,10.683967999739252,11.139488000026176,15854,0.0
4246,1774584636.1866143,89.94125756506834,10.700000000269938,11.11836800009769,15854,0.0
4247,1774584636.1977923,89.53975135247222,10.739488000126585,11.168223999902693,15854,0.0
4248,1774584636.2089677,89.56336070663087,10.716960000081599,11.165279999659106,15854,0.0
4249,1774584636.2220743,76.35322344858089,12.653664000026765,13.097024000217061,15854,0.0
4250,1774584636.2332537,89.53359443744098,10.72035200013488,11.168991999966238,15854,0.0
4251,1774584636.244493,89.05544235497854,10.715775999869948,11.228960000153165,15854,0.0
4252,1774584636.2556396,89.79420604762865,10.700704000100814,11.136575999898923,15854,0.0
4253,1774584636.2667754,89.88434401871929,10.695968000163703,11.125407999770687,15854,0.0
4254,1774584636.2779264,89.73928226072246,10.727328000029956,11.143391999667074,15854,0.0
4255,1774584636.2890265,90.15740762068945,10.677855999801977,11.091712000052212,15854,0.0
4256,1774584636.3001509,89.9775128185245,10.68985599977168,11.11388800018176,15854,0.0
4257,1774584636.311364,89.25715199537353,10.689535999972577,11.203584000213596,15854,0.0
4258,1774584636.3225167,89.73850916324918,10.698752000280365,11.143488000016077,15854,0.0
4259,1774584636.333705,89.4538875962603,10.744288000296365,11.178943999766489,15854,0.0
4260,1774584636.344811,90.11191178591399,10.675168000034319,11.097311999947124,15854,0.0
4261,1774584636.3559346,89.95860464820996,10.694944000078976,11.11622400003398,15854,0.0
4262,1774584636.367059,89.9720726694831,10.696992000248429,11.1145599998963,15854,0.0
4263,1774584636.3782434,89.47745168235504,10.76182399992831,11.175999999977648,15854,0.0
4264,1774584636.3893716,89.92598731794345,10.70908799965764,11.120255999685469,15854,0.0
4265,1774584636.400474,90.13998378828343,10.683872000299743,11.09385600011592,15854,0.0
4266,1774584636.4115837,90.07347112618021,10.677407999992283,11.102048000338982,15854,0.0
4267,1774584636.422691,90.10619555963909,10.682143999929394,11.098015999778,15854,0.0
4268,1774584636.433869,89.52718188732887,10.748512000191113,11.16979199969137,15854,0.0
4269,1774584636.4449942,89.94306963308401,10.70860800018636,11.118144000192842,15854,0.0
4270,1774584636.456073,90.32992825724672,10.660832000212395,11.070527999891056,15854,0.0
4271,1774584636.4671965,89.96482015696519,10.700352000185376,11.115455999970436,15854,0.0
4272,1774584636.478303,90.10411711103266,10.669664000033663,11.09827199979918,15854,0.0
4273,1774584636.489367,90.44338967080691,10.658688000148686,11.056640000333573,15854,0.0
4274,1774584636.5004547,90.25687829843842,10.686208000151964,11.079487999722915,15854,0.0
4275,1774584636.5115788,89.95238999823219,10.686240000268299,11.116992000097525,15854,0.0
4276,1774584636.5226529,90.36310062445098,10.679263999918476,11.066464000123233,15854,0.0
4277,1774584636.5337765,89.9518721513325,10.725952000029793,11.117055999875447,15854,0.0
4278,1774584636.5449438,89.59854119165172,10.751615999652131,11.16089600009218,15854,0.0
4279,1774584636.5560298,90.26365652743922,10.679936000087764,11.078656000336196,15854,0.0
4280,1774584636.5671825,89.72176204684375,10.715072000039072,11.145568000301864,15854,0.0
4281,1774584636.5794923,81.29912092959566,11.805791999904613,12.300255999889487,15854,0.0
4282,1774584636.5905938,90.14856483553974,10.66547200025525,11.09279999991486,15854,0.0
4283,1774584636.602006,87.69099097790756,10.84694400014996,11.403680000057648,15854,0.0
4284,1774584636.61313,89.9720726694831,10.692192000078649,11.1145599998963,15934,0.0
4285,1774584636.6242924,89.65123517973818,10.71708800009219,11.154335999890463,15934,0.0
4286,1774584636.635437,89.79936666426889,10.6904639997083,11.13593599984597,15934,0.0
4287,1774584636.6465182,90.30017222076962,10.666112000308203,11.074175999965519,15934,0.0
4288,1774584636.6576297,90.05452260861848,10.708352000165178,11.104384000191203,15934,0.0
4289,1774584636.6687436,90.03454445357826,10.690975999750663,11.106848000054015,15934,0.0
4290,1774584636.680239,87.05972157545388,11.05833600013284,11.486368000078073,15934,0.0
4291,1774584636.6913717,89.8931350418063,10.682367999834241,11.124319999908039,15934,0.0
4292,1774584636.7024853,90.04959211033108,10.68784000017331,11.104992000127822,15934,0.0
4293,1774584636.7136407,89.71351961264166,10.732704000020021,11.146591999931843,15934,0.0
4294,1774584636.72476,90.00420499627327,10.699903999920934,11.110592000022734,15934,0.0
4295,1774584636.735894,89.87891512235421,10.703903999910835,11.126080000394722,15934,0.0
4296,1774584636.7470002,90.10463671234892,10.694271999909688,11.098208000021259,15934,0.0
4297,1774584636.7581475,89.761965626298,10.730623999734235,11.140576000343572,15934,0.0
4298,1774584636.769274,89.94177529343867,10.70380800001658,11.11830399986502,15934,0.0
4299,1774584636.7805288,88.91759544237296,10.820255999988149,11.24636799977452,15934,0.0
4300,1774584636.7916799,89.75397358906892,10.710847999689577,11.141567999857216,15934,0.0
4301,1774584636.804081,80.69472346806806,10.712320000038744,12.392384000122547,15934,0.0
4302,1774584636.8185117,69.34628093119322,13.97865599983561,14.42038400000456,15934,0.0
4303,1774584636.8296475,89.86883463903746,10.696959999677347,11.127327999929548,15934,0.0
4304,1774584636.8407776,89.90166915271841,10.696543999983987,11.123263999706978,15934,0.0
4305,1774584636.8518784,90.15532680885693,10.671808000097371,11.091968000073393,15934,0.0
4306,1774584636.8629918,90.04336488666382,10.674815999664133,11.10575999973662,15934,0.0
4307,1774584636.8741765,89.48231972865207,10.74259200004235,11.175391999586282,15934,0.0
4308,1774584636.885384,89.29745052188814,10.771232000024611,11.198528000022634,15934,0.0
4309,1774584636.8965302,89.78853005252897,10.711103999710758,11.137280000184546,15934,0.0
4310,1774584636.907723,89.40679663476199,10.726367999723152,11.184831999798917,15934,0.0
4311,1774584636.9188237,90.15948852857572,10.671327999716596,11.09145600003103,15934,0.0
4312,1774584636.9299664,89.80710869969964,10.714592000113043,11.134975999993912,15934,0.0
4313,1774584636.9411042,89.86159876002397,10.700415999963298,11.128224000003684,15934,0.0
4314,1774584636.9522376,89.88382695131482,10.690239999803453,11.125472000003356,15934,0.0
4315,1774584636.9634018,89.64429144908533,10.684031999971921,11.155200000303012,15934,0.0
4316,1774584636.974521,90.01431587652836,10.6808320001619,11.109344000033161,15934,0.0
4317,1774584636.9856653,89.80685060936634,10.721791999912966,11.135008000110247,15934,0.0
4318,1774584636.996777,90.06075138310419,10.685535999982676,11.103615999672911,15934,0.0
4319,1774584637.0079277,89.75397358906892,10.7021439998789,11.141567999857216,15934,0.0
4320,1774584637.0190253,90.17770056904033,10.66975999992792,11.089216000073066,15934,0.0
4321,1774584637.0302181,89.40577346511513,10.757535999800893,11.184960000264255,15934,0.0
4322,1774584637.041318,90.1659919858141,10.65945600021223,11.090655999851151,15934,0.0
4323,1774584637.0524113,90.21388629652232,10.666176000086125,11.08476800027347,15934,0.0
4324,1774584637.063551,89.837573667546,10.677279999981693,11.131199999908858,15934,0.0
4325,1774584637.0746808,89.92650486685068,10.6871040002261,11.120191999907547,15934,0.0
4326,1774584637.0858264,89.79394803144997,10.723072000018874,11.136608000015258,15934,0.0
4327,1774584637.0968914,90.44496026136348,10.647839999819553,11.056448000090313,15934,0.0
4328,1774584637.1080048,90.04985159775141,10.69593599959262,11.104960000011488,15934,0.0
4329,1774584637.1190844,90.32888385004533,10.66675199990641,11.070656000356394,15934,0.0
4330,1774584637.1302016,90.01120459422187,10.7007359997624,11.109728000064933,15894,0.0
4331,1774584637.1413174,90.02780058566772,10.686208000151964,11.107679999895481,15894,0.0
4332,1774584637.152445,89.93711596738197,10.685151999950904,11.118880000140052,15894,0.0
4333,1774584637.1646113,82.25545781263861,11.736416000076133,12.157248000221443,15894,0.0
4334,1774584637.1768153,81.99904487389033,11.783680000007735,12.19526400018367,15894,0.0
4335,1774584637.1878903,90.36231674507884,10.662976000276103,11.066560000017489,15894,0.0
4336,1774584637.1989594,90.40675808394117,10.665439999684168,11.061120000249502,15894,0.0
4337,1774584637.2101183,89.67387405393501,10.748063999926671,11.151520000112214,15894,0.0
4338,1774584637.2211862,90.42559348077378,10.666207999747712,11.058816000058869,15894,0.0
4339,1774584637.2322445,90.49865482890704,10.66528000001199,11.049887999888597,15894,0.0
4340,1774584637.2433522,90.09190815888124,10.67596799975945,11.099776000264683,15894,0.0
4341,1774584637.2544315,90.32522863357379,10.673728000256233,11.07110399971134,15894,0.0
4342,1774584637.265526,90.19279611979346,10.694176000015432,11.087360000146873,15894,0.0
4343,1774584637.2766163,90.23394413327574,10.690015999898606,11.082303999955911,15894,0.0
4344,1774584637.287674,90.50179989724445,10.665952000181278,11.049504000311572,15894,0.0
4345,1774584637.2987387,90.4420808913501,10.67094400013957,11.056800000005751,15894,0.0
4346,1774584637.3098404,90.13426400008612,10.709248000239313,11.094559999946796,15894,0.0
4347,1774584637.3208902,90.55897345276951,10.657983999863063,11.042527999961749,15894,0.0
4348,1774584637.3319223,90.70354019465611,10.639903999617673,11.024928000097134,15894,0.0
4349,1774584637.3429775,90.51516889168612,10.66028799959895,11.047872000290226,15894,0.0
4350,1774584637.354077,90.15220577489026,10.705312000027334,11.092351999650418,15894,0.0
4351,1774584637.365143,90.42821013071143,10.670111999843357,11.058495999805018,15894,0.0
4352,1774584637.3762155,90.3745990982234,10.678688000098191,11.065056000006734,15894,0.0
4353,1774584637.3873255,90.06801936779269,10.656960000233084,11.102720000053523,15894,0.0
4354,1774584637.3983805,90.52460820789844,10.656383999958052,11.04672000019491,15894,0.0
4355,1774584637.4094641,90.28138903206636,10.683200000130455,11.076480000156153,15894,0.0
4356,1774584637.4205117,90.57445945228868,10.652959999788436,11.040639999919222,15894,0.0
4357,1774584637.4316204,90.0755481611774,10.680736000267643,11.1017920003178,15894,0.0
4358,1774584637.4456244,71.45208937240999,13.589407999916148,13.995392000197171,15894,0.0
4359,1774584637.4567595,89.8706437899547,10.698783999941952,11.127104000024701,15894,0.0
4360,1774584637.4678116,90.544279773679,10.65084800029581,11.04432000011002,15894,0.0
4361,1774584637.4788609,90.5668470266239,10.658623999916017,11.041568000109692,15894,0.0
4362,1774584637.4899786,90.00290889280313,10.698911999952543,11.11075200014966,15894,0.0
4363,1774584637.5010788,90.15142554646658,10.707488000207377,11.092447999999422,15894,0.0
4364,1774584637.5121095,90.71565215326875,10.647871999935887,11.023455999747966,15894,0.0
4365,1774584637.523202,90.20607397084582,10.686335999707808,11.085728000125528,15894,0.0
4366,1774584637.5343404,89.84093124271338,10.673408000002382,11.130783999760752,15894,0.0
4367,1774584637.5453804,90.63356487090041,10.667359999843029,11.033440000119299,15894,0.0
4368,1774584637.5564556,90.34429125379877,10.673664000023564,11.06876799985912,15894,0.0
4369,1774584637.5675588,90.1267253849158,10.678143999939493,11.095488000137266,15894,0.0
4370,1774584637.5786111,90.53457406478488,10.660383999947953,11.045504000321671,15894,0.0
4371,1774584637.5897408,89.90787679232906,10.731200000009267,11.122496000098181,15894,0.0
4372,1774584637.6008205,90.31217668182758,10.691072000099666,11.072704000071099,15894,0.0
4373,1774584637.6118655,90.59677910302017,10.666879999917,11.037920000035228,15894,0.0
4374,1774584637.6229486,90.28295399747716,10.675680000076682,11.07628800036764,15894,0.0
4375,1774584637.634056,90.08671386472228,10.713312000007136,11.100416000317637,15894,0.0
4376,1774584637.6451292,90.36780419001379,10.674015999939002,11.065888000302948,15774,0.0
4377,1774584637.656207,90.33567290632296,10.670688000118389,11.06982400006018,15774,0.0
4378,1774584637.6672976,90.23290194814844,10.65171200025361,11.082431999966502,15774,0.0
4379,1774584637.6783237,90.75806948050592,10.654495999915525,11.018304000117496,15774,0.0
4380,1774584637.6894193,90.1852477145785,10.670688000118389,11.088287999882596,15774,0.0
4381,1774584637.7004805,90.47612153918936,10.661119999895163,11.052640000343672,15774,0.0
4382,1774584637.711536,90.51805292112961,10.647456000242528,11.047519999920041,15774,0.0
4383,1774584637.722625,90.234465233016,10.676639999928739,11.08224000017799,15774,0.0
4384,1774584637.7337537,89.92702242539269,10.722207999606326,11.120127999674878,15774,0.0
4385,1774584637.7447937,90.64381765547964,10.651231999872834,11.032192000129726,15774,0.0
4386,1774584637.7558858,90.22196045945925,10.67209599978014,11.083775999850332,15774,0.0
4387,1774584637.76696,90.365974967651,10.671712000203115,11.066112000207795,15774,0.0
4388,1774584637.7780564,90.17952217702296,10.692511999877752,11.088992000168219,15774,0.0
4389,1774584637.7891457,90.24384609097403,10.669056000097044,11.081088000082673,15774,0.0
4390,1774584637.8002222,90.3466419982827,10.670207999737613,11.068479999721603,15774,0.0
4391,1774584637.8112938,90.38008803876399,10.660639999969135,11.064383999837446,15774,0.0
4392,1774584637.8223643,90.39002209884504,10.659519999990152,11.063167999964207,15774,0.0
4393,1774584637.833452,90.24984043717876,10.682879999876604,11.080352000135463,15774,0.0
4394,1774584637.8445094,90.5031104093862,10.650560000158293,11.049344000184647,15774,0.0
4395,1774584637.8556094,90.15064533524365,10.671360000287677,11.092543999893678,15774,0.0
4396,1774584637.8666756,90.42873347664025,10.641152000061993,11.058432000027096,15774,0.0
4397,1774584637.8777773,90.13660382737964,10.71983999963777,11.09427199980928,15774,0.0
4398,1774584637.888867,90.2336835838113,10.657440000159113,11.082336000072246,15774,0.0
4399,1774584637.899949,90.29547569275962,10.682368000288989,11.074751999785803,15774,0.0
4400,1774584637.9109783,90.72460654647027,10.652575999756664,11.022367999885319,15774,0.0
4401,1774584637.9221265,89.75423137190792,10.738047999893752,11.141536000195629,15774,0.0
4402,1774584637.9331908,90.43763131781502,10.672127999896475,11.057343999709701,15774,0.0
4403,1774584637.9442503,90.4740259935616,10.67283199972735,11.052895999910106,15774,0.0
4404,1774584637.9553905,89.82930993847917,10.68156800010911,11.132223999993585,15774,0.0
4405,1774584637.9665341,89.80478595110414,10.715360000176588,11.135263999676681,15774,0.0
4406,1774584637.9782307,85.55619741749733,11.277215999598411,11.688223999954062,15774,0.0
4407,1774584637.9893615,89.90580748265076,10.708799999974872,11.122752000119362,15774,0.0
4408,1774584638.000492,89.90322098133772,10.712576000059926,11.123071999918466,15774,0.0
4409,1774584638.0116365,89.79162595989781,10.732128000199737,11.136896000152774,15774,0.0
4410,1774584638.023801,82.26195364958629,11.76515199995265,12.156287999914639,15774,0.0
4411,1774584638.0349276,89.93944557006606,10.709088000112388,11.118592000002536,15774,0.0
4412,1774584638.0460684,89.82517864402524,10.716255999795976,11.132736000035948,15774,0.0
4413,1774584638.0571957,89.93349238411885,10.716320000028645,11.119327999949746,15774,0.0
4414,1774584638.0682733,90.33750090210735,10.676671999590326,11.069600000155333,15774,0.0
4415,1774584638.0794091,89.86986843116716,10.697792000428308,11.127199999918957,15774,0.0
4416,1774584638.0904975,90.25192561415406,10.67670399970666,11.080096000114281,15774,0.0
4417,1774584638.1016061,90.07788494466362,10.714879999795812,11.101503999725537,15774,0.0
4418,1774584638.1126852,90.32470648129062,10.679808000077173,11.07116799994401,15774,0.0
4419,1774584638.12374,90.52723059144479,10.664800000085961,11.046399999941059,15774,0.0
4420,1774584638.134803,90.4499341549109,10.671936000107962,11.055839999698946,15774,0.0
4421,1774584638.146028,89.15096896713223,10.770943999887095,11.21692799961238,15774,0.0
4422,1774584638.1580575,83.19179635527215,11.609983999733231,12.020416000268597,15854,0.0
4423,1774584638.169165,90.09970072517602,10.697728000195639,11.098815999957878,15854,0.0
4424,1774584638.1803243,89.67696206319846,10.743616000127076,11.151135999625694,15854,0.0
4425,1774584638.1914105,90.26965350949784,10.67910399979155,11.077919999934238,15854,0.0
4426,1774584638.202496,90.26365653114429,10.685920000014448,11.078655999881448,15854,0.0
4427,1774584638.2136157,89.98891336534484,10.723616000177572,11.112480000065261,15854,0.0
4428,1774584638.2246635,90.57340938658952,10.657568000169704,11.040767999929813,15854,0.0
4429,1774584638.2358086,89.782854778622,10.739935999936279,11.137984000015422,15854,0.0
4430,1774584638.2469413,89.88537816770129,10.699840000143013,11.125279999760096,15854,0.0
4431,1774584638.258143,89.33676386632466,10.76409600000261,11.193599999842263,15854,0.0
4432,1774584638.269233,90.2360285720523,10.676704000161408,11.082048000389477,15854,0.0
4433,1774584638.280359,89.93737480698242,10.711360000186687,11.118848000023718,15854,0.0
4434,1774584638.2914848,89.93763364807276,10.686816000088584,11.118815999907383,15854,0.0
4435,1774584638.302569,90.28060656970611,10.676832000171999,11.076576000050409,15854,0.0
4436,1774584638.3137133,89.7854343586391,10.742112000116322,11.137664000216319,15854,0.0
4437,1774584638.3248072,90.19748197597785,10.692639999888343,11.086783999871841,15854,0.0
4438,1774584638.3358917,90.26730677331314,10.665440000138915,11.078207999617007,15854,0.0
4439,1774584638.3469722,90.30930575996508,10.68377599995074,11.073055999986536,15854,0.0
4440,1774584638.3581223,89.74160162208021,10.739071999978478,11.143103999984305,15854,0.0
4441,1774584638.3692446,89.96870528519402,10.707423999974708,11.114976000044408,15854,0.0
4442,1774584638.380362,90.01353803670872,10.700480000195967,11.109439999927417,15854,0.0
4443,1774584638.3915472,89.46157017290909,10.694880000301055,11.177983999914431,15854,0.0
4444,1774584638.4026265,90.31739700911783,10.680128000331024,11.072064000018145,15854,0.0
4445,1774584638.4137824,89.69600945951734,10.750655999800074,11.148768000111886,15854,0.0
4446,1774584638.4248505,90.39995834295578,10.672607999822503,11.061952000090969,15854,0.0
4447,1774584638.435941,90.22222093752536,10.692639999888343,11.083744000188744,15854,0.0
4448,1774584638.447033,90.20841752795391,10.679584000172326,11.085439999988012,15854,0.0
4449,1774584638.458222,89.43443096468785,10.75513600017075,11.18137600042246,15854,0.0
4450,1774584638.4692929,90.3976048269115,10.655744000359846,11.062239999773738,15854,0.0
4451,1774584638.480525,89.09251081231493,10.819136000009166,11.224287999993976,15854,0.0
4452,1774584638.4916625,89.84919710651893,10.723872000198753,11.129760000130773,15854,0.0
4453,1774584638.503874,81.94980214043677,11.788031999913073,12.202591999994183,15854,0.0
4454,1774584638.5149765,90.14050380704126,10.694879999846307,11.093791999883251,15854,0.0
4455,1774584638.5260968,89.99461472403974,10.715583999626688,11.111775999779638,15854,0.0
4456,1774584638.5371675,90.39002209884504,10.66975999992792,11.063167999964207,15854,0.0
4457,1774584638.5482616,90.1985233430635,10.694271999909688,11.08665599986125,15854,0.0
4458,1774584638.5593936,89.89778980818969,10.68703999999343,11.123744000087754,15854,0.0
4459,1774584638.5704973,90.12100727915227,10.693215999708627,11.096191999968141,15854,0.0
4460,1774584638.5816112,90.05011108297968,10.697184000036941,11.1049280003499,15854,0.0
4461,1774584638.5927033,90.22638883926844,10.687263999898278,11.083231999691634,15854,0.0
4462,1774584638.6037796,90.3586588186812,10.662208000212559,11.067007999827183,15854,0.0
4463,1774584638.6148608,90.30956674633073,10.676799999600917,11.073023999870202,15854,0.0
4464,1774584638.6259975,89.85410568778424,10.729279999850405,11.129151999739406,15854,0.0
4465,1774584638.6370933,90.19071367784174,10.68764799993005,11.087615999713307,15854,0.0
4466,1774584638.6481652,90.38453195164917,10.670591999769385,11.063840000133496,15854,0.0
4467,1774584638.659372,89.28520408335451,10.697375999825454,11.200064000149723,15894,0.0
4468,1774584638.6704514,90.31452575535442,10.674079999716923,11.072415999933582,15894,0.0
4469,1774584638.681592,89.82362950840674,10.732704000020021,11.13292799982446,15894,0.0
4470,1774584638.69267,90.33097268117864,10.675808000087272,11.070400000335212,15894,0.0
4471,1774584638.7037432,90.3683268406988,10.670112000298104,11.065824000070279,15894,0.0
4472,1774584638.7148,90.50442095948226,10.658495999905426,11.049184000057721,15894,0.0
4473,1774584638.7258978,90.16807328999236,10.704416000407946,11.09039999982997,15894,0.0
4474,1774584638.7369628,90.43108861758225,10.670079999727022,11.05814399988958,15894,0.0
4475,1774584638.7480485,90.26991426673007,10.681151999961003,11.077887999817904,15894,0.0
4476,1774584638.7591774,89.92521100023633,10.703584000111732,11.120352000034472,15894,0.0
4477,1774584638.7703297,89.73773608275816,10.731264000241936,11.143583999910334,15894,0.0
4478,1774584638.7814276,90.17770056904033,10.679647999950248,11.089216000073066,15894,0.0
4479,1774584638.792511,90.29077964955142,10.679424000045401,11.075328000060836,15894,0.0
4480,1774584638.8036168,90.1059357473964,10.67168000008678,11.098047999894334,15894,0.0
4481,1774584638.8147054,90.24280368080736,10.692511999877752,11.081215999638516,15894,0.0
4482,1774584638.825804,90.16625214450607,10.702848000164522,11.090623999734817,15894,0.0
4483,1774584638.836904,90.1490849533109,10.704704000090715,11.09273599968219,15894,0.0
4484,1774584638.8479798,90.3445524387025,10.669471999790403,11.068736000197532,15894,0.0
4485,1774584638.8590786,90.16182966199773,10.693023999920115,11.091168000348262,15894,0.0
4486,1774584638.8701909,90.05971319111367,10.695967999708955,11.10374400013825,15894,0.0
4487,1774584638.8821363,83.770054550283,11.534591999861732,11.937440000110655,15894,0.0
4488,1774584638.8932014,90.44051040079249,10.659999999916181,11.05699200024901,15894,0.0
4489,1774584638.9042847,90.28634495064918,10.678079999706824,11.075871999764786,15894,0.0
4490,1774584638.9153662,90.29417118690245,10.667968000234396,11.074911999912729,15894,0.0
4491,1774584638.9264567,90.22638883556642,10.690111999792862,11.083232000146381,15894,0.0
4492,1774584638.937584,89.92883391985046,10.725728000124946,11.119903999770031,15894,0.0
4493,1774584638.9486747,90.22717035839418,10.681247999855259,11.083136000252125,15894,0.0
4494,1774584638.9597564,90.30539116032095,10.671615999854112,11.073535999912565,15894,0.0
4495,1774584638.9708393,90.29364939363042,10.669503999906738,11.074976000145398,15894,0.0
4496,1774584638.9819489,90.07399037779409,10.70767999999589,11.101984000106313,15894,0.0
4497,1774584638.993047,90.15948852857572,10.688832000141701,11.09145600003103,15894,0.0
4498,1774584639.0041366,90.2469734770829,10.677184000087436,11.0807040000509,15894,0.0
4499,1774584639.015271,89.8794321332483,10.689824000110093,11.126016000162053,15894,0.0
4500,1774584639.0263553,90.2793024971476,10.676704000161408,11.076735999722587,15894,0.0
4501,1774584639.0374675,90.05478212814309,10.697535999952379,11.104351999620121,15894,0.0
4502,1774584639.0485542,90.26209223466104,10.674624000330368,11.07884799966996,15894,0.0
4503,1774584639.059638,90.28138903206636,10.680416000013793,11.076480000156153,15894,0.0
4504,1774584639.0707047,90.43396728771336,10.656096000275284,11.057791999974143,15894,0.0
4505,1774584639.0818157,90.06178959534266,10.706975999710266,11.10348799966232,15894,0.0
4506,1774584639.0928867,90.38636192908686,10.666912000033335,11.063615999773901,15894,0.0
4507,1774584639.103969,90.30173784114918,10.674592000214034,11.073983999722259,15894,0.0
4508,1774584639.1150477,90.32340113070383,10.674752000340959,11.071328000070935,15894,0.0
4509,1774584639.12615,90.13270418517308,10.705599999710103,11.094751999735308,15894,0.0
4510,1774584639.1372392,90.23446523671866,10.689279999951395,11.082239999723242,15894,0.0
4511,1774584639.1483233,90.2800849369031,10.685631999876932,11.07663999982833,15894,0.0
4512,1774584639.1594276,90.11580962909946,10.661727999831783,11.096832000021095,15894,0.0
4513,1774584639.1705205,90.21388630022331,10.690527999940969,11.084767999818723,15894,0.0
4514,1774584639.1816394,89.99694730276288,10.716832000071008,11.11148800009687,15894,0.0
4515,1774584639.1927185,90.33384498451672,10.678719999759778,11.070047999965027,15894,0.0
4516,1774584639.2037888,90.39812781864782,10.667168000054517,11.062175999995816,15894,0.0
4517,1774584639.2148602,90.39682034507943,10.673215999759122,11.062336000122741,15894,0.0
4518,1774584639.2259846,89.95653300280645,10.72703999989244,11.116480000055162,15894,0.0
4519,1774584639.237035,90.55608681893868,10.650688000168884,11.042879999877186,15894,0.0
4520,1774584639.2481055,90.38871485973864,10.670527999991464,11.063328000091133,15894,0.0
4521,1774584639.2591987,90.20425129003446,10.689120000279217,11.085952000030375,15894,0.0
4522,1774584639.2703116,90.04803522090087,10.693887999877916,11.105184000371082,15894,0.0
4523,1774584639.2814035,90.20945914756723,10.675583999727678,11.08531199997742,15894,0.0
4524,1774584639.2924902,90.25870310667035,10.690335999697709,11.079263999818068,15894,0.0
4525,1774584639.303603,90.04258654103657,10.719807999976183,11.105856000085623,15894,0.0
4526,1774584639.3146782,90.34533601361005,10.677376000330696,11.068639999848529,15894,0.0
4527,1774584639.3257763,90.16417092439917,10.703360000206885,11.090879999755998,15894,0.0
4528,1774584639.3368428,90.42036063888577,10.66800000035073,11.059456000111823,15894,0.0
4529,1774584639.347941,90.16287020969683,10.696223999730137,11.091039999882923,15894,0.0
4530,1774584639.359059,89.999798398982,10.705983999741875,11.111136000181432,15894,0.0
4531,1774584639.3702283,89.5995687745404,10.756096000022808,11.160768000081589,15894,0.0
4532,1774584639.3813372,90.08541538753643,10.695072000089567,11.100575999989815,15894,0.0
4533,1774584639.3924189,90.30095502231923,10.676608000267152,11.074080000071262,15894,0.0
4534,1774584639.403505,90.25375022582756,10.671264000393421,11.079871999754687,15894,0.0
4535,1774584639.4145696,90.43815477279853,10.66300799993769,11.05727999993178,15894,0.0
4536,1774584639.4256794,90.06698101191924,10.716736000176752,11.102848000064114,15894,0.0
4537,1774584639.436777,90.16547167663099,10.698688000047696,11.090719999629073,15894,0.0
4538,1774584639.4478517,90.3586588186812,10.679359999812732,11.067007999827183,15894,0.0
4539,1774584639.4589598,90.08203951390793,10.704287999942608,11.100992000137921,15894,0.0
4540,1774584639.4700682,90.08437663052393,10.703360000206885,11.100704000000405,15894,0.0
4541,1774584639.4811714,90.12152707528763,10.689023999930214,11.09612800019022,15894,0.0
4542,1774584639.4922762,90.1184083810278,10.685695999654854,11.096511999767245,15894,0.0
4543,1774584639.5034053,89.91020488050005,10.693568000078812,11.122207999960665,15894,0.0
4544,1774584639.5145044,90.15974864973974,10.688864000258036,11.091423999914696,15894,0.0
4545,1774584639.525635,89.90192778465101,10.723007999786205,11.123232000045391,15894,0.0
4546,1774584639.5367045,90.39917382399133,10.667584000202623,11.062047999985225,15894,0.0
4547,1774584639.5477765,90.3793038646415,10.6700159999491,11.064479999731702,15894,0.0
4548,1774584639.5588706,90.20373053550279,10.686975999760762,11.086016000263044,15894,0.0
4549,1774584639.5699928,89.98139904680075,10.716768000293087,11.113407999800984,15894,0.0
4550,1774584639.581075,90.29443208579998,10.667999999895983,11.074879999796394,15894,0.0
4551,1774584639.5922012,89.92831634045685,10.710720000133733,11.1199680000027,15894,0.0
4552,1774584639.6033444,89.81381954340704,10.686432000056811,11.134144000152446,15894,0.0
4553,1774584639.6144557,90.06594267998703,10.677760000362468,11.102976000074705,15894,0.0
4554,1774584639.6255782,89.97000040005256,10.700896000344073,11.11481600037223,15894,0.0
4555,1774584639.6378,81.86950655713188,11.816927999916516,12.214559999847552,15894,0.0
4556,1774584639.6499896,82.0862785865705,11.78384000013466,12.18230400036191,15894,0.0
4557,1774584639.6621847,82.04856224490513,11.783135999849037,12.187904000256822,15894,0.0
4558,1774584639.674366,82.14907230894624,11.768767999910779,12.172991999705118,15894,0.0
4559,1774584639.6865275,82.2749483957273,11.750015999950847,12.154368000210525,15774,0.0
4560,1774584639.697641,90.03402565665314,10.70873600019695,11.106912000286684,15774,0.0
4561,1774584639.7087584,90.01068606623892,10.706432000006316,11.109792000297602,15774,0.0
4562,1774584639.7198522,90.20320979068389,10.687263999898278,11.086080000040965,15774,0.0
4563,1774584639.7312424,87.99619292943292,10.68150399987644,11.36412800042308,15774,0.0
4564,1774584639.743365,82.55249678444326,11.664863999612862,12.113503999898967,15774,0.0
4565,1774584639.7544699,90.1264654579622,10.686464000173146,11.095519999798853,15774,0.0
4566,1774584639.7656112,89.81924057486404,10.699712000132422,11.133471999983158,15774,0.0
4567,1774584639.7767055,90.19826299811285,10.677568000119209,11.086687999977585,15774,0.0
4568,1774584639.7877877,90.30252066613524,10.676832000171999,11.07388800028275,15774,0.0
4569,1774584639.7988942,90.09736281337712,10.700576000090223,11.099104000095394,15774,0.0
4570,1774584639.8100796,89.46003355346835,10.776480000004085,11.178175999702944,15774,0.0
4571,1774584639.8211725,90.20633436088909,10.696383999857062,11.085696000009193,15774,0.0
4572,1774584639.8322597,90.25140430902508,10.688672000014776,11.08016000034695,15774,0.0
4573,1774584639.8433757,90.02105772426977,10.698495999804436,11.108512000191695,15774,0.0
4574,1774584639.854457,90.30069408572533,10.674623999875621,11.074112000187597,15774,0.0
4575,1774584639.8655891,89.88977356361113,10.739232000105403,11.124736000056146,15774,0.0
4576,1774584639.876687,90.1646912185701,10.688480000226264,11.090815999978076,15774,0.0
4577,1774584639.8878264,89.84144781303839,10.716511999817158,11.13071999998283,15774,0.0
4578,1774584639.8989584,89.89029069943525,10.717696000028809,11.124671999823477,15774,0.0
4579,1774584639.9101176,89.67258745044103,10.740224000073795,11.151679999784392,15774,0.0
4580,1774584639.9212189,90.15272593097968,10.68223999982365,11.092287999872497,15774,0.0
4581,1774584639.932404,89.46336296352244,10.77424000004612,11.177760000009584,15774,0.0
4582,1774584639.9435682,89.6337493289731,10.70767999999589,11.156512000070506,15774,0.0
4583,1774584639.9547248,89.70347618974162,10.716704000060417,11.147839999921416,15774,0.0
4584,1774584639.9658601,89.87555471121219,10.708512000292103,11.126496000088082,15774,0.0
4585,1774584639.9770045,89.79136796221263,10.704096000154095,11.136927999814361,15774,0.0
4586,1774584639.9881225,90.01846458753074,10.69638400031181,11.108831999990798,15774,0.0
4587,1774584639.9993036,89.49795228508485,10.724063999987266,11.17344000022058,15774,0.0
4588,1774584640.0103958,90.21805342452845,10.672959999737941,11.084256000231107,15774,0.0
4589,1774584640.021525,89.91046356154675,10.706175999985135,11.122176000299078,15774,0.0
4590,1774584640.0326116,90.25453221902264,10.66726400040352,11.079776000315178,15774,0.0
4591,1774584640.0437214,90.07061536038012,10.688544000004185,11.10240000025442,15774,0.0
4592,1774584640.054855,89.87994915009043,10.692704000121012,11.125951999929384,15774,0.0
4593,1774584640.066032,89.52949029779926,10.741695999968215,11.169504000008601,15774,0.0
4594,1774584640.077179,89.76402832341269,10.71929599993382,11.140319999867643,15774,0.0
4595,1774584640.088305,89.93918671854618,10.704831999646558,11.11862400011887,15774,0.0
4596,1774584640.099411,90.10645536968791,10.67782400014039,11.097984000116412,15774,0.0
4597,1774584640.1105084,90.16625214450607,10.691871999824798,11.090623999734817,15774,0.0
4598,1774584640.1216285,89.98062177208053,10.719328000050155,11.113504000149987,15774,0.0
4599,1774584640.1327462,90.00446422218361,10.718047999944247,11.1105599999064,15774,0.0
4600,1774584640.1438518,90.10151918326413,10.70079999999507,11.098592000053031,15774,0.0
4601,1774584640.1621146,54.78150506222367,17.78755200029991,18.25433600015458,15774,0.0
4602,1774584640.173957,84.52570933950636,11.343743999987055,11.83072000003449,15774,0.0
4603,1774584640.1862154,81.65088954013349,10.893152000335249,12.247263999597635,15774,0.0
4604,1774584640.201289,66.38907182940477,14.594464000310836,15.062719999605179,15774,0.0
4605,1774584640.2125957,88.52590905375763,10.82278400008363,11.296128000140016,15774,0.0
4606,1774584640.223897,88.56655386878636,10.814207999828795,11.290943999938463,15774,0.0
4607,1774584640.2351637,88.838728567394,10.793183999794564,11.256352000145853,15774,0.0
4608,1774584640.2465615,87.81716045619436,10.810751999997592,11.387296000066272,15774,0.0
4609,1774584640.2578797,88.43321806371593,10.852415999579534,11.307967999982793,15774,0.0
4610,1774584640.269154,88.77891351673104,10.813280000093073,11.263935999977548,15774,0.0
4611,1774584640.2804084,88.934802962776,10.778079999909096,11.244192000049225,15774,0.0
4612,1774584640.2917116,88.54748128350911,10.84348799986401,11.293376000139688,15774,0.0
4613,1774584640.3029473,89.08412962512556,10.772959999940213,11.225344000195037,15774,0.0
4614,1774584640.3142476,88.57483794553671,10.83513599996877,11.289887999737402,15774,0.0
4615,1774584640.3276196,74.84097788985281,12.897344000066369,13.361664000058227,15774,0.0
4616,1774584640.3388178,89.38480372324328,10.734367999702954,11.187584000253992,15774,0.0
4617,1774584640.351155,81.1199484987163,11.87766399971224,12.327423999977327,15774,0.0
4618,1774584640.3631432,83.47936657332848,11.541983999904915,11.979007999798341,15774,0.0
4619,1774584640.3742747,89.91279178368579,10.706495999784238,11.121888000161562,15774,0.0
4620,1774584640.3853476,90.38740766215805,10.65705600012734,11.06348799976331,15774,0.0
4621,1774584640.3964746,89.94255189349126,10.70352000033381,11.118207999970764,15774,0.0
4622,1774584640.4101307,73.275104051061,13.220256000295194,13.647199999923032,15774,0.0
4623,1774584640.4213073,89.54283012754105,10.72428800034686,11.167839999870921,15774,0.0
4624,1774584640.432425,90.0140565975512,10.682687999633345,11.109375999694748,15774,0.0
4625,1774584640.4435675,89.8096896772873,10.6935999997404,11.134655999740062,15774,0.0
4626,1774584640.4547794,89.25893660589607,10.754943999927491,11.203359999854001,15774,0.0
4627,1774584640.4660091,89.12452621491035,10.78665600016393,11.22025599988774,15774,0.0
4628,1774584640.4771194,90.07321150630771,10.687999999845488,11.10208000000057,15774,0.0
4629,1774584640.4882507,89.91227439261033,10.700000000269938,11.121951999939483,15774,0.0
4630,1774584640.499435,89.46925406927814,10.701247999804764,11.177024000062374,15774,0.0
4631,1774584640.5105515,90.01509372979129,10.696992000248429,11.109248000138905,15774,0.0
4632,1774584640.5216928,89.82388769151981,10.719232000155898,11.132896000162873,15774,0.0
4633,1774584640.5328221,89.91563755390969,10.707488000207377,11.121535999791377,15774,0.0
4634,1774584640.5439389,90.01094533316797,10.691487999793026,11.10975999972652,15774,0.0
4635,1774584640.5551217,89.48975091900367,10.733600000094157,11.174463999850559,15774,0.0
4636,1774584640.5663345,89.26250603379238,10.759136000160652,11.202912000044307,15774,0.0
4637,1774584640.5776384,88.531175722573,10.739104000094812,11.295455999970727,15774,0.0
4638,1774584640.588948,88.48956106202851,10.866592000184028,11.30076800018287,15774,0.0
4639,1774584640.6000996,89.7444365659965,10.714720000123634,11.14275199961412,15774,0.0
4640,1774584640.6112015,90.13972378484941,10.67417599961118,11.093887999777508,15774,0.0
4641,1774584640.622316,90.05037057707857,10.662816000149178,11.104895999778819,15774,0.0
4642,1774584640.6334467,89.90839413279451,10.699360000216984,11.12243200032026,15774,0.0
4643,1774584640.6445713,89.96352518755965,10.698143999888998,11.115616000097361,15774,0.0
4644,1774584640.6557136,89.82027322630685,10.703519999879063,11.133343999972567,15774,0.0
4645,1774584640.66686,89.78362863669678,10.703264000312629,11.137888000121166,15774,0.0
4646,1774584640.6781166,88.90823532100403,10.788703999878635,11.247551999986172,15774,0.0
4647,1774584640.689231,90.04959211033108,10.682208000162063,11.104992000127822,15774,0.0
4648,1774584640.7004557,89.15580154528084,10.723647999839159,11.216320000130509,15774,0.0
4649,1774584640.711695,89.04503826501903,10.79280000021754,11.230272000375408,15934,0.0
4650,1774584640.7228138,90.00498267480015,10.681727999781288,11.110496000128478,15934,0.0
4651,1774584640.7339878,89.55617392947813,10.753792000286921,11.166176000187988,15934,0.0
4652,1774584640.7450938,90.11113225847815,10.677343999759614,11.09740799984138,15934,0.0
4653,1774584640.7562113,90.01846458753074,10.697696000079304,11.108831999990798,15934,0.0
4654,1774584640.768442,81.81934811419369,11.812384000222664,12.222048000239738,15934,0.0
4655,1774584640.7806494,81.97688907618486,11.773855999763327,12.198559999887948,15934,0.0
4656,1774584640.7928553,81.98463148725686,11.789472000145906,12.197408000247378,15934,0.0
4657,1774584640.8039541,90.15636720276689,10.694560000047204,11.091840000062803,15934,0.0
4658,1774584640.8150146,90.4782171893382,10.651263999989169,11.052383999867743,15934,0.0
4659,1774584640.826175,89.6648685864354,10.752864000096451,11.152640000091196,15934,0.0
4660,1774584640.837254,90.32000739722812,10.675711999738269,11.071744000219041,15934,0.0
4661,1774584640.8483758,89.96974137998747,10.706592000133242,11.11484799957907,15934,0.0
4662,1774584640.8595014,89.94643509860794,10.701440000048024,11.117728000044735,15934,0.0
4663,1774584640.87056,90.48109886076293,10.675648000415094,11.052031999952305,15934,0.0
4664,1774584640.8817077,89.75835614268878,10.733216000062384,11.141024000153266,15934,0.0
4665,1774584640.8928022,90.19618030000974,10.686944000099174,11.086943999998766,15934,0.0
4666,1774584640.903871,90.40492728424738,10.6722880000234,11.06134400015435,15934,0.0
4667,1774584640.9149716,90.14492419026753,10.676064000108454,11.093248000179301,15934,0.0
4668,1774584640.9261153,89.80091496309903,10.721120000198425,11.135744000057457,15934,0.0
4669,1774584640.9372394,89.9684462652243,10.699360000216984,11.115008000160742,15934,0.0
4670,1774584640.9483402,90.14986513752521,10.678304000066419,11.092639999787934,15934,0.0
4671,1774584640.9595077,89.6119016079312,10.705632000281184,11.1592319999545,15934,0.0
4672,1774584640.9705765,90.40571190679368,10.661888000413455,11.061247999805346,15934,0.0
4673,1774584640.9817324,89.70759629669548,10.724927999945066,11.147327999879053,15934,0.0
4674,1774584640.9928284,90.1909739755149,10.678015999928903,11.08758400005172,15934,0.0
4675,1774584641.0038917,90.45726509268644,10.66393600012816,11.054944000079558,15934,0.0
4676,1774584641.014966,90.36832684441246,10.650879999957397,11.065823999615532,15934,0.0
4677,1774584641.0261319,89.62423783686778,10.749183999905654,11.15769599982741,15934,0.0
4678,1774584641.0372198,90.25062237003118,10.67888000034145,11.08025599978646,15934,0.0
4679,1774584641.0483258,90.10307792268617,10.689279999951395,11.098399999809772,15934,0.0
4680,1774584641.0594192,90.21857434444846,10.66694400014967,11.084191999998438,15934,0.0
4681,1774584641.0704765,90.50494519163821,10.668192000139243,11.049119999825052,15934,0.0
4682,1774584641.0815973,89.98036268349122,10.704767999868636,11.113536000266322,15934,0.0
4683,1774584641.0926845,90.26104939552064,10.681472000214853,11.078976000135299,15934,0.0
4684,1774584641.1037605,90.3469031967786,10.666112000308203,11.068448000060016,15934,0.0
4685,1774584641.1148806,89.99461472035672,10.699072000079468,11.111776000234386,15934,0.0
4686,1774584641.1260443,89.63246387294559,10.753312000360893,11.156672000197432,15934,0.0
4687,1774584641.1371498,90.10801427990631,10.685631999876932,11.097791999873152,15934,0.0
4688,1774584641.1482131,90.45307583775575,10.644640000009531,11.055456000121922,15934,0.0
4689,1774584641.1593509,89.8497137755744,10.69350400030089,11.129695999898104,15934,0.0
4690,1774584641.1704218,90.39028355194682,10.671968000224297,11.063135999847873,15934,0.0
4691,1774584641.1815798,89.68880138301172,10.717888000272069,11.149664000186021,15934,0.0
4692,1774584641.1926904,90.07217303071559,10.681599999770697,11.10220800001116,15934,0.0
4693,1774584641.2038174,89.93168070198122,10.68297599977086,11.119551999854593,15934,0.0
4694,1774584641.2149096,90.21883480666432,10.672032000002218,11.084159999882104,15934,0.0
4695,1774584641.226084,89.55104122593436,10.763711999970837,11.166816000240942,15934,0.0
4696,1774584641.2371838,90.16781312079111,10.678527999971266,11.090431999946304,15934,0.0
4697,1774584641.2482948,90.06594267998703,10.68950400031099,11.102976000074705,15934,0.0
4698,1774584641.2594314,89.86547497794895,10.685535999982676,11.127744000077655,15934,0.0
4699,1774584641.270505,90.37695142020327,10.676928000066255,11.064767999869218,15934,0.0
4700,1774584641.2816584,89.72562621372576,10.72729600036837,11.145087999921088,15934,0.0
4701,1774584641.2927709,90.05452260861848,10.702816000048188,11.104384000191203,15934,0.0
4702,1774584641.3038318,90.4666923352118,10.676223999780632,11.053791999984242,15934,0.0
4703,1774584641.314944,90.05504164178754,10.684224000215181,11.104319999958534,15934,0.0
4704,1774584641.3261025,89.68571256565454,10.747616000116977,11.150047999763046,15934,0.0
4705,1774584641.3372219,89.99409639086029,10.699615999783418,11.11183999955756,15934,0.0
4706,1774584641.348354,89.89442798554468,10.707232000186195,11.124159999781114,15934,0.0
4707,1774584641.3594875,89.88330989353318,10.686848000204918,11.125535999781277,15934,0.0
4708,1774584641.3705423,90.52827958666006,10.658687999693939,11.046271999930468,15934,0.0
4709,1774584641.3817308,89.44006227780953,10.759999999663705,11.180672000136838,15934,0.0
4710,1774584641.3928173,90.27278268089161,10.67321600021387,11.077536000357213,15934,0.0
4711,1774584641.4038928,90.35317248062094,10.671551999621443,11.067679999996471,15934,0.0
4712,1774584641.4149947,90.13556388955114,10.679552000055992,11.09439999981987,15934,0.0
4713,1774584641.4261215,89.94177528975997,10.715584000081435,11.118304000319768,15934,0.0
4714,1774584641.4371967,90.35317248062094,10.665184000117733,11.067679999996471,15934,0.0
4715,1774584641.4483075,90.06775977565754,10.69212799984598,11.102752000169858,15934,0.0
4716,1774584641.4594114,90.11684911114628,10.654176000116422,11.096704000010504,15934,0.0
4717,1774584641.4707,88.64443511668325,10.88694400004897,11.2810239997998,15934,0.0
4718,1774584641.4820359,88.27110103019145,10.920031999830826,11.328735999995843,15934,0.0
4719,1774584641.4942265,82.08520049779764,11.782655999923008,12.182464000034088,15934,0.0
4720,1774584641.5064003,82.19574423285802,11.774015999890253,12.166080000042712,15934,0.0
4721,1774584641.5186007,82.01561577108495,11.777216000155022,12.192800000320858,15934,0.0
4722,1774584641.5308251,81.85256584913385,11.804991999724734,12.217087999943033,15934,0.0
4723,1774584641.5430026,82.17088915625118,11.774496000271029,12.169759999778762,15934,0.0
4724,1774584641.5552025,82.01561577108495,11.78038399984871,12.192800000320858,15934,0.0
4725,1774584641.5674388,81.77353049915774,11.76441600000544,12.228895999669476,15934,0.0
4726,1774584641.578558,90.00109441286655,10.694176000015432,11.110976000054507,15934,0.0
4727,1774584641.590067,86.95095687776677,11.080287999902794,11.500736000016332,15934,0.0
4728,1774584641.6011577,90.22638883556642,10.671775999981037,11.083232000146381,15934,0.0
4729,1774584641.6122637,90.1059357473964,10.69212799984598,11.098047999894334,15934,0.0
4730,1774584641.6233926,89.91227438893405,10.659935999683512,11.12195200039423,15934,0.0
4731,1774584641.6345243,89.89778980818969,10.72150399977545,11.123744000087754,15934,0.0
4732,1774584641.6456318,90.09502502659483,10.712512000282004,11.099391999778163,15934,0.0
4733,1774584641.6567538,89.9697413763065,10.696607999761909,11.114848000033817,15934,0.0
4734,1774584641.6678407,90.26730676960777,10.680576000140718,11.078208000071754,15934,0.0
4735,1774584641.67891,90.40937364389494,10.65472000027512,11.060799999995652,15934,0.0
4736,1774584641.690064,89.7140347188103,10.696800000005169,11.146528000153921,15934,0.0
4737,1774584641.7021217,82.99537616155095,11.633311999958096,12.048864000007597,15934,0.0
4738,1774584641.7141266,83.34955871504104,11.582399999952031,11.997663999864017,15934,0.0
4739,1774584641.7258527,85.34287352714948,11.28563199972632,11.717440000211354,15774,0.0
4740,1774584641.7369902,89.86289079673472,10.681759999897622,11.128063999876758,15774,0.0
4741,1774584641.748131,89.84428906886113,10.68284799976027,11.130367999612645,15774,0.0
4742,1774584641.759523,87.86110915650289,10.941632000140089,11.381600000277103,15774,0.0
4743,1774584641.7706468,89.96663317455715,10.690143999909196,11.115232000065589,15774,0.0
4744,1774584641.7817998,89.74546749444026,10.727680000400142,11.142624000058277,15774,0.0
4745,1774584641.7928956,90.20034579240034,10.679135999907885,11.086431999956403,15774,0.0
4746,1774584641.8039744,90.32418433504435,10.661631999937526,11.071232000176678,15774,0.0
4747,1774584641.8151155,89.82801887089269,10.69632000007914,11.132383999665763,15774,0.0
4748,1774584641.8262658,89.76660682170983,10.713472000134061,11.14000000006854,15774,0.0
4749,1774584641.8373888,89.97362692960156,10.696543999983987,11.114368000107788,15774,0.0
4750,1774584641.8485146,89.94410513383032,10.690271999919787,11.118016000182251,15774,0.0
4751,1774584641.8597002,89.47873269600828,10.730495999723644,11.175839999850723,15774,0.0
4752,1774584641.871899,82.04425401217608,11.765728000227682,12.188544000309776,15774,0.0
4753,1774584641.884094,82.06019673210032,11.762655999973504,12.18617600034122,15774,0.0
4754,1774584641.895208,90.04881366073027,10.677056000076846,11.105088000022079,15774,0.0
4755,1774584641.906328,89.98684032377096,10.673696000139898,11.112736000086443,15774,0.0
4756,1774584641.9174306,90.1267253849158,10.682495999844832,11.095488000137266,15774,0.0
4757,1774584641.9285247,90.20581358600614,10.677759999907721,11.085759999787115,15774,0.0
4758,1774584641.939608,90.28895354408508,10.673279999991792,11.075551999965683,15774,0.0
4759,1774584641.9507024,90.19826299811285,10.690335999697709,11.086687999977585,15774,0.0
4760,1774584641.961821,89.99513306319004,10.713119999763876,11.111712000001717,15774,0.0
4761,1774584641.9729054,90.27539049438676,10.684416000003694,11.077216000103363,15774,0.0
4762,1774584641.9840033,90.17067505349075,10.684895999929722,11.090080000030866,15774,0.0
4763,1774584641.9950695,90.42716345330793,10.661311999683676,11.058623999815609,15774,0.0
4764,1774584642.0061717,90.12724525070863,10.697600000185048,11.095423999904597,15774,0.0
4765,1774584642.017273,90.14258393468353,10.682623999855423,11.09353599986207,15774,0.0
4766,1774584642.0283628,90.23576801425294,10.66729599961036,11.082080000051064,15774,0.0
4767,1774584642.0395045,89.8133032907463,10.679072000129963,11.134207999930368,15774,0.0
4768,1774584642.050598,90.21284457837025,10.674432000087108,11.084895999829314,15774,0.0
4769,1774584642.0617242,89.9355629684226,10.72035200013488,11.119071999928565,15774,0.0
4770,1774584642.0728033,90.321573705492,10.663807999662822,11.071551999975782,15774,0.0
4771,1774584642.083905,90.14908494961524,10.675200000150653,11.092736000136938,15774,0.0
4772,1774584642.0949945,90.23472578699449,10.67583999974886,11.082208000061655,15774,0.0
4773,1774584642.1061401,89.7820809338871,10.7272320001357,11.138079999909678,15774,0.0
4774,1774584642.1172483,90.0908692558214,10.685056000056647,11.099903999820526,15774,0.0
4775,1774584642.1283507,90.13998378828343,10.687263999898278,11.09385600011592,15774,0.0
4776,1774584642.139461,90.07269226736312,10.670720000234724,11.102143999778491,15774,0.0
4777,1774584642.1506097,89.76222346237508,10.716960000081599,11.14054399977249,15774,0.0
4778,1774584642.1618137,89.32271941333167,10.751968000022316,11.1953599998742,15774,0.0
4779,1774584642.1729522,89.84196439297433,10.714175999964937,11.13065599975016,15774,0.0
4780,1774584642.184071,90.00161283034507,10.692575999655674,11.110911999821838,15774,0.0
4781,1774584642.1951706,90.16052901854108,10.675200000150653,11.09132800002044,15774,0.0
4782,1774584642.2062917,89.98528560711023,10.699423999994906,11.112927999874955,15774,0.0
4783,1774584642.2174213,89.90580748265076,10.71081600002799,11.122752000119362,15774,0.0
4784,1774584642.2285156,90.20425129003446,10.67113600038283,11.085952000030375,15774,0.0
4785,1774584642.239645,89.91641370265457,10.70380800001658,11.12143999989712,15854,0.0
4786,1774584642.2507427,90.1717158016709,10.681792000013957,11.089952000020276,15854,0.0
4787,1774584642.2618828,89.82776065669167,10.724320000008447,11.132416000236844,15854,0.0
4788,1774584642.272983,90.16365063253605,10.672607999822503,11.090943999988667,15854,0.0
4789,1774584642.2840986,90.02909740247114,10.68470400014121,11.107520000223303,15854,0.0
4790,1774584642.2952697,89.58878033145503,10.706976000165014,11.162111999965418,15854,0.0
4791,1774584642.3064315,89.66229592949638,10.70140799993169,11.1529599998903,15854,0.0
4792,1774584642.3175976,89.6296360023859,10.706112000207213,11.15702400011287,15854,0.0
4793,1774584642.3287537,89.72459573741146,10.7030079998367,11.145215999931679,15854,0.0
4794,1774584642.3399374,89.49359512298872,10.728352000114683,11.17398399992453,15854,0.0
4795,1774584642.351164,89.14918867128648,10.75855999988562,11.217151999971975,15854,0.0
4796,1774584642.3624055,89.0298171534924,10.782207999909588,11.232192000079522,15854,0.0
4797,1774584642.373589,89.4912885595095,10.728031999860832,11.174272000062047,15854,0.0
4798,1774584642.3847256,89.87426231031824,10.684255999876768,11.126656000215007,15854,0.0
4799,1774584642.3981795,74.37872934952227,13.003647999994428,13.44470399999409,15854,0.0
4800,1774584642.4093084,89.9409987031183,10.67216000001281,11.118400000214024,15854,0.0
4801,1774584642.4204545,89.79936666426889,10.694080000121176,11.13593599984597,15854,0.0
4802,1774584642.4316053,89.76428616401152,10.6722880000234,11.140288000206056,15854,0.0
4803,1774584642.4427404,89.88873931348743,10.69712000025902,11.124864000066736,15854,0.0
4804,1774584642.453904,89.65535048908954,10.733855999660591,11.1538239998481,15854,0.0
4805,1774584642.464994,90.24879788852643,10.664607999842701,11.080479999691306,15854,0.0
4806,1774584642.476103,90.08489600788094,10.679104000246298,11.100639999767736,15854,0.0
4807,1774584642.4872077,90.13192429426711,10.677920000034646,11.094848000084312,15854,0.0
4808,1774584642.4983196,90.07087496897621,10.660127999926772,11.102368000138085,15854,0.0
4809,1774584642.50943,90.07788494466362,10.686752000310662,11.101503999725537,15854,0.0
4810,1774584642.5205297,90.16130940085134,10.677567999664461,11.091232000126183,15854,0.0
4811,1774584642.5316575,89.93064548729137,10.70787200023915,11.119679999865184,15854,0.0
4812,1774584642.542776,90.01172312817906,10.693631999856734,11.109663999832264,15854,0.0
4813,1774584642.5539477,89.57594033343089,10.732992000157537,11.16371199987043,15854,0.0
4814,1774584642.565038,90.24306427923966,10.659391999979562,11.081183999976929,15854,0.0
4815,1774584642.5761392,90.14830477890479,10.669216000223969,11.092832000031194,15854,0.0
4816,1774584642.587214,90.35839754849569,10.654176000116422,11.067039999943518,15854,0.0
4817,1774584642.5983646,89.74340565391256,10.689376000300399,11.142880000079458,15854,0.0
4818,1774584642.6094637,90.15610710111419,10.669824000160588,11.091872000179137,15854,0.0
4819,1774584642.6205542,90.23915542004856,10.681855999791878,11.081663999902958,15854,0.0
4820,1774584642.631665,90.06127048438711,10.679072000129963,11.10355199989499,15854,0.0
4821,1774584642.6428175,89.72794486923193,10.693472000184556,11.14480000023832,15854,0.0
4822,1774584642.6541348,88.42120750744543,10.894592000113335,11.309504000109882,15854,0.0
4823,1774584642.6652784,89.79859253120786,10.722720000103436,11.136032000194973,15854,0.0
4824,1774584642.6763914,90.04310543662626,10.683519999929558,11.105791999852954,15854,0.0
4825,1774584642.6875381,89.77434320916035,10.695968000163703,11.139040000216482,15854,0.0
4826,1774584642.6986387,90.1558470046585,10.684064000088256,11.091903999840724,15854,0.0
4827,1774584642.7097914,89.72408050629988,10.73305599993546,11.145280000164348,15854,0.0
4828,1774584642.7208774,90.26704602743953,10.672448000150325,11.078240000188089,15854,0.0
4829,1774584642.7320058,89.9327159405046,10.696031999941624,11.119423999844003,15854,0.0
4830,1774584642.7431862,89.5092316232789,10.681952000140882,11.172032000104082,15854,0.0
4831,1774584642.7544394,88.92898202641378,10.806880000018282,11.244927999996435,15934,0.0
4832,1774584642.7655656,89.94073984265833,10.711167999943427,11.118432000330358,15934,0.0
4833,1774584642.7766836,90.00498267848401,10.702432000016415,11.11049599967373,15934,0.0
4834,1774584642.7877817,90.17119542642651,10.676831999717251,11.090015999798197,15934,0.0
4835,1774584642.79892,89.85074712784063,10.700415999963298,11.129567999887513,15934,0.0
4836,1774584642.8100924,89.57414302806191,10.736832000020513,11.163935999775276,15934,0.0
4837,1774584642.8212264,89.88770508716314,10.698495999804436,11.124992000077327,15934,0.0
4838,1774584642.8323495,89.96145331920388,10.702688000037597,11.115871999663796,15934,0.0
4839,1774584642.843457,90.09138870804719,10.676095999770041,11.099839999587857,15934,0.0
4840,1774584642.8545303,90.37564455912849,10.660160000043106,11.064927999996144,15934,0.0
4841,1774584642.8656747,89.79446406529013,10.737151999819616,11.136543999782589,15934,0.0
4842,1774584642.8767533,90.3278394744155,10.659296000085305,11.070783999912237,15934,0.0
4843,1774584642.8878546,90.14284395831291,10.673472000235051,11.093503999745735,15934,0.0
4844,1774584642.8989882,89.89287645678678,10.696608000216656,11.124352000024373,15934,0.0
4845,1774584642.9103062,88.42220826252664,10.897535999902175,11.309376000099292,15934,0.0
4846,1774584642.9213884,90.30225972420124,10.663296000075206,11.073919999944337,15934,0.0
4847,1774584642.9325197,89.89649677141958,10.698336000132258,11.123903999759932,15934,0.0
4848,1774584642.9436734,89.72047406883866,10.733567999977822,11.145727999974042,15934,0.0
4849,1774584642.9548063,89.88667088463741,10.701504000280693,11.125120000087918,15934,0.0
4850,1774584642.9659615,89.71145923979714,10.720415999912802,11.146847999953025,15934,0.0
4851,1774584642.9772062,88.99229397914802,10.825151999597438,11.236928000016633,15934,0.0
4852,1774584642.9883254,89.99824323453551,10.694591999708791,11.111327999969944,15934,0.0
4853,1774584642.999468,89.80607635093445,10.688767999909032,11.135104000004503,15934,0.0
4854,1774584643.0106034,89.87038533431469,10.701791999963461,11.127136000141036,15934,0.0
4855,1774584643.021786,89.49949021108543,10.7483200004026,11.17324799997732,15934,0.0
4856,1774584643.0329518,89.63092137730278,10.734623999724136,11.156863999985944,15934,0.0
4857,1774584643.0440712,89.99720648686831,10.702304000005824,11.111455999980535,15934,0.0
4858,1774584643.0551758,90.11632936897178,10.673568000129308,11.096767999788426,15934,0.0
4859,1774584643.0662718,90.18941219721695,10.682527999961167,11.087775999840233,15934,0.0
4860,1774584643.07798,85.46143706646768,11.285567999948398,11.701183999775822,15934,0.0
4861,1774584643.0890841,90.12126717462374,10.678399999960675,11.096160000306554,15934,0.0
4862,1774584643.1001692,90.27747685218516,10.66928000000189,11.076960000082181,15934,0.0
4863,1774584643.1113272,89.68313870882868,10.697344000163866,11.150368000016897,15934,0.0
4864,1774584643.122408,90.31113268878481,10.666816000139079,11.07283200008169,15934,0.0
4865,1774584643.133548,89.82182224982773,10.73276800025269,11.133151999729307,15934,0.0
4866,1774584643.1446235,90.3445524424142,10.658847999820864,11.068735999742785,15934,0.0
4867,1774584643.1557472,89.9671511951085,10.690271999919787,11.11516799983292,15934,0.0
4868,1774584643.166869,89.98010359639393,10.679775999960839,11.113568000382656,15934,0.0
4869,1774584643.1786847,84.6908715448097,11.391743999865866,11.807647999830806,15934,0.0
4870,1774584643.1898425,89.69266271123233,10.725504000220099,11.149183999805246,15934,0.0
4871,1774584643.2009761,89.88460255097839,10.706592000133242,11.1253760001091,15934,0.0
4872,1774584643.212078,90.13816377726933,10.689695999644755,11.094080000020767,15934,0.0
4873,1774584643.223157,90.31348170800152,10.662720000254922,11.072543999944173,15934,0.0
4874,1774584643.234276,89.99487389102701,10.699552000005497,11.111744000118051,15934,0.0
4875,1774584643.245359,90.28817095059773,10.66694400014967,11.075647999859939,15934,0.0
4876,1774584643.2564392,90.31061070316913,10.675360000277578,11.072895999859611,15854,0.0
4877,1774584643.2675743,89.8613403564058,10.679327999696397,11.128256000120018,15854,0.0
4878,1774584643.2786932,90.00420499627327,10.691615999803616,11.110592000022734,15854,0.0
4879,1774584643.289856,89.64274854633486,10.726336000061565,11.155392000091524,15854,0.0
4880,1774584643.3009655,90.0773656481467,10.683872000299743,11.101567999958206,15854,0.0
4881,1774584643.3120663,90.14128384273303,10.675711999738269,11.093695999988995,15854,0.0
4882,1774584643.3231678,90.14206389562017,10.665728000276431,11.093599999639991,15854,0.0
4883,1774584643.3343236,89.70476367976495,10.727679999945394,11.147680000249238,15854,0.0
4884,1774584643.3453965,90.37669004422183,10.649536000073567,11.064799999985553,15854,0.0
4885,1774584643.356718,88.38644533828683,10.702047999984643,11.313951999909477,15854,0.0
4886,1774584643.3678553,89.86418287059999,10.694048000004841,11.127903999749833,15854,0.0
4887,1774584643.379061,89.30229900132602,10.781279999719118,11.197919999631267,15854,0.0
4888,1774584643.390203,89.81149644399984,10.711903999890637,11.134432000289962,15854,0.0
4889,1774584643.4012866,90.28817094689065,10.66707200016026,11.075648000314686,15854,0.0
4890,1774584643.4123673,90.31374271850403,10.667263999948773,11.072511999827839,15854,0.0
4891,1774584643.4234533,90.26965350949784,10.656511999968643,11.077919999934238,15854,0.0
4892,1774584643.4345374,90.27695525184167,10.670239999853948,11.07702400031485,15854,0.0
4893,1774584643.445705,89.60753334026208,10.75680000030843,11.159776000113197,15854,0.0
4894,1774584643.456757,90.54742801777509,10.645536000083666,11.043936000078247,15854,0.0
4895,1774584643.4678693,90.05452260861848,10.714175999964937,11.104384000191203,15854,0.0
4896,1774584643.47896,90.2232628796374,10.681792000013957,11.083615999723406,15854,0.0
4897,1774584643.4911056,82.38730734568416,11.742336000224896,12.137791999975889,15854,0.0
4898,1774584643.5033236,81.89460884595452,11.789663999934419,12.210815999878832,15854,0.0
4899,1774584643.5145514,89.11995117884491,10.800096000366466,11.220831999708025,15854,0.0
4900,1774584643.5267484,82.04166929276201,11.777279999932944,12.1889279998868,15854,0.0
4901,1774584643.5389361,82.10029635178181,11.77702400036651,12.180223999621376,15854,0.0
4902,1774584643.5511343,82.0237960875785,11.780287999954453,12.191583999992872,15854,0.0
4903,1774584643.5633416,81.96742811125698,11.779839999690012,12.199968000004446,15854,0.0
4904,1774584643.5743988,90.49446173950696,10.663359999853128,11.05039999993096,15854,0.0
4905,1774584643.5854762,90.32705620668627,10.671007999917492,11.070879999806493,15854,0.0
4906,1774584643.5965886,90.04466215190511,10.678464000193344,11.105600000064442,15854,0.0
4907,1774584643.6076772,90.24019774963622,10.694783999952051,11.081535999892367,15854,0.0
4908,1774584643.6187458,90.40309655870203,10.656575999746565,11.061568000059196,15854,0.0
4909,1774584643.6298566,90.05867502674704,10.71855999998661,11.10387200014884,15854,0.0
4910,1774584643.6409028,90.58312342062322,10.657823999736138,11.039584000172908,15854,0.0
4911,1774584643.651989,90.25479289260623,10.683808000067074,11.079743999744096,15854,0.0
4912,1774584643.6630633,90.37067883616992,10.678879999886703,11.065535999932763,15854,0.0
4913,1774584643.674185,89.96741020394043,10.725120000188326,11.115136000171333,15854,0.0
4914,1774584643.685245,90.47690739801465,10.651168000094913,11.052543999994668,15854,0.0
4915,1774584643.6973934,82.369934580315,11.746143999971537,12.140351999732957,15854,0.0
4916,1774584643.7095652,82.20158195550339,11.777535999954125,12.165215999630163,15854,0.0
4917,1774584643.7213707,84.75771498564899,11.398816000109946,11.79833600008351,15854,0.0
4918,1774584643.7324293,90.4871247679493,10.65244800020082,11.051296000005095,15854,0.0
4919,1774584643.7435467,90.00550113338959,10.685663999993267,11.110432000350556,15854,0.0
4920,1774584643.7546153,90.3970818375106,10.670207999737613,11.062304000006407,15854,0.0
4921,1774584643.7657418,89.93064548729137,10.724479999680625,11.119679999865184,15854,0.0
4922,1774584643.7768035,90.45988357221648,10.654015999989497,11.054624000280455,15760,0.0
4923,1774584643.7879212,90.01483444264836,10.696543999983987,11.10928000025524,15760,0.0
4924,1774584643.7989783,90.50337252083874,10.661119999895163,11.049311999613565,15760,0.0
4925,1774584643.810137,89.67181550167777,10.767423999823222,11.151776000133395,15760,0.0
4926,1774584643.8212066,90.39498994785168,10.664576000181114,11.062560000027588,15760,0.0
4927,1774584643.8322806,90.35996518484701,10.663871999895491,11.066848000155005,15760,0.0
4928,1774584643.8433583,90.3294060506271,10.659583999768074,11.070592000123725,15760,0.0
4929,1774584643.8544307,90.37773555350424,10.668160000022908,11.064671999974962,15760,0.0
4930,1774584643.8655462,90.0200204545945,10.714944000028481,11.108639999747538,15760,0.0
4931,1774584643.8766208,90.35473993567555,10.66435199982152,11.067488000207959,15760,0.0
4932,1774584643.8876886,90.4214071625297,10.664127999916673,11.059327999646484,15760,0.0
4933,1774584643.8987687,90.30695695797017,10.67897599978096,11.073344000124052,15760,0.0
4934,1774584643.9098754,90.08801238672211,10.704576000080124,11.100255999735964,15760,0.0
4935,1774584643.920956,90.29756297905152,10.677759999907721,11.074495999764622,15760,0.0
4936,1774584643.9320357,90.31818010933654,10.672447999695578,11.071968000123888,15760,0.0
4937,1774584643.943118,90.29208405370531,10.684224000215181,11.075168000388658,15760,0.0
4938,1774584643.9542344,90.01690877793277,10.716256000250723,11.10902399977931,15760,0.0
4939,1774584643.965318,90.28477986397276,10.674944000129472,11.076064000008046,15760,0.0
4940,1774584643.9764004,90.29469298620522,10.672032000002218,11.07484799968006,15760,0.0
4941,1774584643.9875102,90.06698101191924,10.674912000013137,11.102848000064114,15760,0.0
4942,1774584643.9986033,90.21466760647624,10.682112000267807,11.084671999924467,15760,0.0
4943,1774584644.0097523,89.75139581647615,10.737728000094648,11.14188799965632,15760,0.0
4944,1774584644.020827,90.34664199457083,10.664800000085961,11.06848000017635,15760,0.0
4945,1774584644.03192,90.20425129003446,10.684352000225772,11.085952000030375,15760,0.0
4946,1774584644.0430198,90.14960506969238,10.686080000141374,11.092672000359016,15760,0.0
4947,1774584644.054154,89.86935153029293,10.723647999839159,11.127264000151627,15760,0.0
4948,1774584644.0652726,90.00601960163601,10.666816000139079,11.110368000117887,15760,0.0
4949,1774584644.0763535,90.30617405235832,10.67395200016108,11.073440000018309,15760,0.0
4950,1774584644.08747,90.01042680817206,10.659935999683512,11.10982399995919,15760,0.0
4951,1774584644.098556,90.2620922309561,10.675680000076682,11.078848000124708,15760,0.0
4952,1774584644.1096623,90.10125939798843,10.698496000259183,11.098624000169366,15760,0.0
4953,1774584644.1207283,90.42585513969676,10.654400000021269,11.058783999942534,15760,0.0
4954,1774584644.1317937,90.43265877721844,10.651999999936379,11.057952000101068,15760,0.0
4955,1774584644.142869,90.3469031967786,10.666623999895819,11.068448000060016,15760,0.0
4956,1774584644.1539538,90.27121806807725,10.673184000097535,11.077728000145726,15760,0.0
4957,1774584644.1650221,90.41225093167543,10.664511999948445,11.060448000080214,15760,0.0
4958,1774584644.1760974,90.34638079387338,10.663487999863719,11.068512000292685,15760,0.0
4959,1774584644.187172,90.3550011847096,10.658816000159277,11.067456000091624,15760,0.0
4960,1774584644.198295,89.96948235037094,10.706880000270758,11.114880000150151,15760,0.0
4961,1774584644.2093737,90.33332273632104,10.666528000001563,11.070111999742949,15760,0.0
4962,1774584644.220463,90.23967657998094,10.674399999970774,11.081600000125036,15760,0.0
4963,1774584644.2315817,90.0044642184998,10.684255999876768,11.110560000361147,15760,0.0
4964,1774584644.24265,90.40701963386971,10.65900799994779,11.061088000133168,15760,0.0
4965,1774584644.2537947,89.78698218073356,10.733888000231673,11.137471999973059,15760,0.0
4966,1774584644.2649078,90.04232709917133,10.674239999843849,11.10588799974721,15760,0.0
4967,1774584644.276861,83.72337262031161,11.246047999975417,11.94409599975188,15760,0.0
4968,1774584644.294315,57.33418952395035,16.978367999854527,17.441599999983737,15814,0.0
4969,1774584644.3114717,58.324110346806194,16.659039999922243,17.145568000159983,15814,0.0
4970,1774584644.3232515,84.96396168528037,11.329568000292056,11.769696000101249,15814,0.0
4971,1774584644.3344135,89.67130088020922,10.706399999889982,11.151839999911317,15814,0.0
4972,1774584644.346199,84.92147820670854,11.328799999773764,11.775583999678929,15814,0.0
4973,1774584644.3574603,88.8862341525497,10.736351999639737,11.250336000102834,15814,0.0
4974,1774584644.3686996,89.05290454991332,10.77404799980286,11.229279999952269,15814,0.0
4975,1774584644.3864126,56.4882902034141,17.201343999659002,17.7027839999937,15814,0.0
4976,1774584644.4051073,53.52209649017517,18.191808000210585,18.68387200011057,15814,0.0
4977,1774584644.4177694,79.04128610727155,12.108063999676233,12.65161600031206,15814,0.0
4978,1774584644.4289193,89.777953982362,10.681695999664953,11.138591999952041,15814,0.0
4979,1774584644.4401085,89.46157017290909,10.718240000187507,11.177983999914431,15814,0.0
4980,1774584644.4513159,89.3063823338492,10.712832000081107,11.197408000043652,15814,0.0
4981,1774584644.4624817,89.63477771961144,10.712960000091698,11.156384000059916,15814,0.0
4982,1774584644.4737847,88.55877326686735,10.831776000031823,11.291936000361602,15814,0.0
4983,1774584644.4886782,67.19433030359738,14.402784000139945,14.882208000017272,15814,0.0
4984,1774584644.5079715,51.86179702362289,18.800607999764907,19.282016000033764,15814,0.0
4985,1774584644.5231073,66.1161570958339,14.664799999991374,15.124896000088484,15814,0.0
4986,1774584644.5342972,89.44441423228386,10.724415999902703,11.18012799997814,15814,0.0
4987,1774584644.5454764,89.53051629743489,10.734015999787516,11.16937599999801,15814,0.0
4988,1774584644.55662,89.8215640712503,10.707199999615113,11.133184000300389,15814,0.0
4989,1774584644.5677757,89.7158376424736,10.716640000282496,11.146304000249074,15814,0.0
4990,1774584644.578926,89.75629371357319,10.68844800010993,11.1412799997197,15814,0.0
4991,1774584644.5901735,88.98190463798107,10.815424000156781,11.238240000238875,15814,0.0
4992,1774584644.6013258,89.74211705077597,10.70633600011206,11.143040000206383,15814,0.0
4993,1774584644.6125576,89.11181893422487,10.736736000126257,11.221856000247499,15814,0.0
4994,1774584644.6236815,89.97233171033416,10.682560000077501,11.114527999779966,15814,0.0
4995,1774584644.634808,89.95679195418383,10.692287999972905,11.116447999938828,15814,0.0
4996,1774584644.6459885,89.51615444576724,10.743359999651148,11.171167999691534,15814,0.0
4997,1774584644.6571066,90.01820528096808,10.697344000163866,11.108864000107133,15814,0.0
4998,1774584644.6681898,90.2926058288857,10.66908799975863,11.075104000155989,15814,0.0
4999,1774584644.6793418,89.72871778469231,10.69632000007914,11.144703999889316,15814,0.0
5000,1774584644.6915781,81.7925792522013,11.778751999827364,12.226048000229639,15814,0.0
5001,1774584644.703841,82.10180623858275,11.758048000046983,12.180000000171276,15814,0.0
5002,1774584644.7193882,64.36318549480956,15.044608000152948,15.53683199972511,15814,0.0
5003,1774584644.7379665,53.85284816961302,18.141344000014215,18.569119999938266,15814,0.0
5004,1774584644.7528927,67.03735643355667,14.47366399997918,14.917055999831064,15814,0.0
5005,1774584644.7651167,81.8783013356217,11.77750399983779,12.21324799962531,15814,0.0
5006,1774584644.7772877,82.224292083809,11.753375999887794,12.161855999693216,15814,0.0
5007,1774584644.788393,90.1184083810278,10.690080000131275,11.096511999767245,15814,0.0
5008,1774584644.7995698,89.53898169269692,10.689247999835061,11.16831999979695,15360,0.0
5009,1774584644.8117363,82.25264327152055,11.764224000216927,12.157663999914803,15360,0.0
5010,1774584644.8238869,82.35105000984787,11.751072000151908,12.143135999849619,15360,0.0
5011,1774584644.8360841,82.03456214485534,11.776735999774246,12.189984000087861,15360,0.0
5012,1774584644.8482535,82.22494112522685,11.756544000036229,12.161760000253707,15360,0.0
5013,1774584644.8593588,90.108014276214,10.690239999803453,11.0977920003279,15360,0.0
5014,1774584644.8704464,90.25453222272695,10.672191999674396,11.07977599986043,15360,0.0
5015,1774584644.881565,90.00420499627327,10.71708800009219,11.110592000022734,15360,0.0
5016,1774584644.8926425,90.3419406316405,10.662239999874146,11.069055999996635,15360,0.0
5017,1774584644.9037657,89.96248923961261,10.706080000090878,11.115744000107952,15360,0.0
5018,1774584644.914845,90.32914494958149,10.677279999981693,11.070624000240059,15360,0.0
5019,1774584644.9259791,89.87917363073133,10.717984000166325,11.12604799982364,15360,0.0
5020,1774584644.937057,90.33906781717172,10.66006400014885,11.069407999912073,15360,0.0
5021,1774584644.9481637,90.10307792268617,10.680159999992611,11.098399999809772,15360,0.0
5022,1774584644.9592876,89.97103652467591,10.664191999694594,11.114687999906891,15360,0.0
5023,1774584644.9705138,89.14105109377368,10.737951999999495,11.218176000056701,15360,0.0
5024,1774584644.9839673,74.3843947495583,12.953504000051907,13.443679999909364,15360,0.0
5025,1774584644.9961202,82.34627597109838,11.7435199999818,12.143840000135242,15360,0.0
5026,1774584645.007244,90.12204688111258,10.693407999951887,11.09606399995755,15360,0.0
5027,1774584645.0183408,90.18212460497726,10.678464000193344,11.088671999914368,15360,0.0
5028,1774584645.0314555,76.3058681058312,12.654496000322979,13.105151999752707,15360,0.0
5029,1774584645.0460532,68.54167443406043,14.143008000246482,14.589664000141056,15360,0.0
5030,1774584645.0627828,59.807811187281466,16.290143999867723,16.72022399998241,15360,0.0
5031,1774584645.0749297,82.3829634665848,11.723871999947733,12.138432000028843,15360,0.0
5032,1774584645.0860617,89.89856564884153,10.713664000377321,11.123648000193498,15360,0.0
5033,1774584645.097168,90.1121716326206,10.681279999971593,11.09727999983079,15360,0.0
5034,1774584645.108207,90.6427659847159,10.654816000169376,11.03231999968557,15360,0.0
5035,1774584645.1193943,89.45337546945805,10.706239999763056,11.179007999999158,15360,0.0
5036,1774584645.131031,86.00806962120514,11.184351999872888,11.626815999989049,15360,0.0
5037,1774584645.144323,75.2772612083852,12.836735999826487,13.284224000017275,15360,0.0
5038,1774584645.161936,56.80599435107807,17.15820800018264,17.60377599975982,15360,0.0
5039,1774584645.177997,62.29753301790553,15.588927999942825,16.05199999994511,15360,0.0
5040,1774584645.1958363,56.08640716747938,17.372704000081285,17.82963200002996,15360,0.0
5041,1774584645.2112606,64.88396670378998,14.91913600011685,15.412128000207304,15360,0.0
5042,1774584645.2287197,57.31683831123047,16.981216000203858,17.446880000079545,15360,0.0
5043,1774584645.2451072,61.060439088396116,15.912608000235196,16.377215999909822,15360,0.0
5044,1774584645.2564385,88.33997178638424,10.86851200034289,11.319904000174574,15360,0.0
5045,1774584645.267612,89.58441431760336,10.699519999889162,11.162656000124116,15360,0.0
5046,1774584645.2795427,83.88878897067917,11.46329599987439,11.920543999622168,15360,0.0
5047,1774584645.2907176,89.56798137896945,10.703167999963625,11.164704000293568,15360,0.0
5048,1774584645.3020062,88.66883255159485,10.845856000287313,11.277919999884034,15240,0.0
5049,1774584645.3131719,89.62937893474903,10.712320000038744,11.157055999774457,15240,0.0
5050,1774584645.3242989,89.9518721513325,10.68022400022528,11.117055999875447,15240,0.0
5051,1774584645.335464,89.63966290016143,10.704287999942608,11.155775999668549,15240,0.0
5052,1774584645.346595,89.91098093545804,10.697344000163866,11.122112000066409,15240,0.0
5053,1774584645.3578382,89.00851633605363,10.813471999881585,11.23487999984718,15240,0.0
5054,1774584645.3692443,87.74343538841032,10.966047999772854,11.39686399983475,15240,0.0
5055,1774584645.3804183,89.57388627499728,10.716448000039236,11.16396799989161,15240,0.0
5056,1774584645.3915446,89.9547203922671,10.680288000003202,11.11670399996001,15240,0.0
5057,1774584645.402663,90.01068606623892,10.689599999750499,11.109792000297602,15240,0.0
5058,1774584645.413809,89.77950154288932,10.725408000325842,11.138400000163529,15240,0.0
5059,1774584645.4249399,89.9065834653743,10.699327999645902,11.122655999770359,15240,0.0
5060,1774584645.4360673,89.93711596738197,10.691647999919951,11.118880000140052,15240,0.0
5061,1774584645.4472136,89.78595029462973,10.708352000165178,11.13759999998365,15240,0.0
5062,1774584645.4583178,90.12360632717876,10.65993600013826,11.095872000169038,15240,0.0
5063,1774584645.4694417,89.96326619741605,10.695039999973233,11.115648000213696,15240,0.0
5064,1774584645.4805462,90.12152707528763,10.676639999928739,11.09612800019022,15240,0.0
5065,1774584645.491667,89.9878768326188,10.700671999984479,11.112608000075852,15240,0.0
5066,1774584645.5027585,90.22352336522397,10.67417599961118,11.083584000061819,15240,0.0
5067,1774584645.5139604,89.32757063359473,10.782847999962542,11.19475199993758,15240,0.0
5068,1774584645.525032,90.38034943068567,10.652192000179639,11.064352000175859,15240,0.0
5069,1774584645.5361485,90.01587160018265,10.695424000005005,11.109151999789901,15240,0.0
5070,1774584645.5473065,89.68494039455767,10.689568000088912,11.150143999657303,15240,0.0
5071,1774584645.5584192,90.0529655523837,10.686879999866505,11.104575999979716,15240,0.0
5072,1774584645.5695221,90.12438607045019,10.679583999717579,11.095776000274782,15240,0.0
5073,1774584645.5806441,89.97777189070231,10.696543999983987,11.113856000065425,15240,0.0
5074,1774584645.591754,90.07425000584605,10.688320000099338,11.101951999989979,15240,0.0
5075,1774584645.6028724,90.00653807217164,10.690944000089075,11.110304000339966,15240,0.0
5076,1774584645.6140475,89.54847509660615,10.720320000018546,11.167136000040045,15240,0.0
5077,1774584645.6251986,89.74031307075002,10.71283199962636,11.14326400011123,15240,0.0
5078,1774584645.6363108,90.05815595538336,10.68284799976027,11.103935999926762,15240,0.0
5079,1774584645.6474779,89.61215857897541,10.708735999742203,11.159199999838165,15240,0.0
5080,1774584645.65858,90.12802505694901,10.675200000150653,11.09532800001034,15240,0.0
5081,1774584645.669735,89.7078538168616,10.721183999976347,11.147295999762719,15240,0.0
5082,1774584645.68085,90.0348038542829,10.681856000246626,11.10681599993768,15240,0.0
5083,1774584645.691952,90.13712380344532,10.684991999823978,11.094208000031358,15240,0.0
5084,1774584645.7030787,89.9327159405046,10.684320000109437,11.119423999844003,15240,0.0
5085,1774584645.7143497,88.79606740136362,10.829439999724855,11.261759999797505,15240,0.0
5086,1774584645.7257895,87.49114589476076,10.992800000167335,11.429728000166506,15240,0.0
5087,1774584645.7369306,89.8280188672233,10.689663999983168,11.13238400012051,15240,0.0
5088,1774584645.7481365,89.31812400380556,10.73257600000943,11.195936000149231,15240,0.0
5089,1774584645.7594035,88.83216264397264,10.744768000222393,11.25718399998732,15240,0.0
5090,1774584645.7705693,89.64094855903298,10.704672000429127,11.155615999996371,15240,0.0
5091,1774584645.7817583,89.45568007533038,10.736704000009922,11.178720000316389,15240,0.0
5092,1774584645.7929165,89.69626691316388,10.70547200015426,11.148735999995552,15240,0.0
5093,1774584645.804106,89.45363152848732,10.719840000092518,11.17897600033757,15240,0.0
5094,1774584645.8153703,88.85009496007822,10.819264000019757,11.254912000367767,15680,0.0
5095,1774584645.8265028,89.89235929121078,10.696704000110913,11.124416000257042,15680,0.0
5096,1774584645.8376524,89.76480185698142,10.715039999922737,11.140223999973387,15680,0.0
5097,1774584645.8487852,89.90115188596666,10.701631999836536,11.123327999939647,15680,0.0
5098,1774584645.859878,90.21336543443904,10.669023999980709,11.084832000051392,15680,0.0
5099,1774584645.8710005,89.97259074899564,10.696864000237838,11.114496000118379,15680,0.0
5100,1774584645.8822632,88.8503475841648,10.826719999840861,11.254879999796685,15680,0.0
5101,1774584645.8933837,89.99487389471004,10.697247999814863,11.111743999663304,15680,0.0
5102,1774584645.9044921,90.09164843271546,10.690496000279381,11.09980799992627,15680,0.0
5103,1774584645.9156299,89.85333061066265,10.717311999997037,11.12924800008841,15680,0.0
5104,1774584645.9267309,90.14622439092453,10.682911999992939,11.093087999597628,15680,0.0
5105,1774584645.937883,89.73799377233381,10.743808000370336,11.143552000248746,15680,0.0
5106,1774584645.9492788,87.8144459682637,10.80108799988011,11.38764799998171,15680,0.0
5107,1774584645.960528,88.96594526089794,10.824863999914669,11.240255999837245,15680,0.0
5108,1774584645.971628,90.1568874105747,10.68911999982447,11.091775999830134,15680,0.0
5109,1774584645.9827256,90.18368613088988,10.680416000013793,11.088480000125855,15680,0.0
5110,1774584645.9938433,90.01924251249731,10.709088000112388,11.108736000096542,15680,0.0
5111,1774584646.0049446,90.13998378828343,10.686848000204918,11.09385600011592,15680,0.0
5112,1774584646.0160518,90.09528477222985,10.677887999918312,11.099360000116576,15680,0.0
5113,1774584646.0271802,89.93349238411885,10.691200000110257,11.119327999949746,15680,0.0
5114,1774584646.038326,89.79369002042064,10.710079999626032,11.136639999676845,15680,0.0
5115,1774584646.0494452,89.9956514083113,10.697343999709119,11.111648000223795,15680,0.0
5116,1774584646.0605228,90.33959013550961,10.654591999809782,11.069343999679404,15680,0.0
5117,1774584646.071622,90.17587903464843,10.660576000191213,11.089439999977913,15680,0.0
5118,1774584646.0827484,89.94824737893694,10.67468800010829,11.117503999685141,15680,0.0
5119,1774584646.0939715,89.16546828434299,10.80243199976394,11.215103999802523,15680,0.0
5120,1774584646.1050816,90.0784042434782,10.675455999717087,11.101439999947615,15680,0.0
5121,1774584646.1161854,90.13088446441401,10.68598399979237,11.094976000094903,15680,0.0
5122,1774584646.1272743,90.2469734770829,10.656479999852309,11.0807040000509,15680,0.0
5123,1774584646.138353,90.33201713668413,10.663647999990644,11.070271999869874,15680,0.0
5124,1774584646.1494489,90.19279611979346,10.664863999863883,11.087360000146873,15680,0.0
5125,1774584646.1605878,89.85178050020477,10.705824000069697,11.12944000033167,15680,0.0
5126,1774584646.1717136,89.95446145281605,10.698208000121667,11.116736000076344,15680,0.0
5127,1774584646.1828082,90.20242868287886,10.674912000013137,11.086175999935222,15680,0.0
5128,1774584646.193956,89.75887176752516,10.727007999776106,11.140959999920597,15680,0.0
5129,1774584646.2050564,90.1503852666051,10.678847999770369,11.092576000010013,15680,0.0
5130,1774584646.216163,90.09970072517602,10.673503999896639,11.098815999957878,15680,0.0
5131,1774584646.2272866,89.97336788497356,10.678336000182753,11.114399999769375,15680,0.0
5132,1774584646.2383773,90.22586782910335,10.671712000203115,11.083295999924303,15680,0.0
5133,1774584646.2495925,89.22580553080458,10.781152000163274,11.207519999970827,15680,0.0
5134,1774584646.2607052,90.06127048069864,10.669951999716432,11.103552000349737,15680,0.0
5135,1774584646.2718256,89.9917639525496,10.688031999961822,11.112128000149823,15680,0.0
5136,1774584646.282927,90.14544426602956,10.677152000425849,11.093183999946632,15680,0.0
5137,1774584646.2942476,88.39619599408596,10.895679999975982,11.312703999919904,15680,0.0
5138,1774584646.3053505,90.13452397202413,10.671199999706005,11.094528000285209,15680,0.0
5139,1774584646.316456,90.11503003422462,10.679583999717579,11.096927999915351,15680,0.0
5140,1774584646.3275976,89.8215640712503,10.682879999876604,11.133184000300389,15814,0.0
5141,1774584646.3386972,90.15974864973974,10.664224000265676,11.091423999914696,15814,0.0
5142,1774584646.3498502,89.72846014472599,10.730880000210163,11.14473600000565,15814,0.0
5143,1774584646.3609285,90.3304504661937,10.65955199965174,11.070464000113134,15814,0.0
5144,1774584646.3720036,90.35421744585214,10.661631999937526,11.06755199998588,15814,0.0
5145,1774584646.3831253,89.98295363284555,10.690271999919787,11.113215999557724,15814,0.0
5146,1774584646.3942797,89.7227924617303,10.724352000124782,11.145439999836526,15814,0.0
5147,1774584646.4054024,89.9720726694831,10.695903999931033,11.1145599998963,15814,0.0
5148,1774584646.41656,89.68545517259228,10.6935999997404,11.150079999879381,15814,0.0
5149,1774584646.4278505,88.64368076811607,10.807040000145207,11.281120000148803,15814,0.0
5150,1774584646.439064,89.25358299565025,10.743551999894407,11.20403200002329,15814,0.0
5151,1774584646.4502585,89.40423876182304,10.745951999979297,11.185152000052767,15814,0.0
5152,1774584646.4613898,89.90761812616688,10.691552000025695,11.122527999759768,15814,0.0
5153,1774584646.472506,90.02442902870807,10.690080000131275,11.108096000043588,15814,0.0
5154,1774584646.4836345,89.92831634045685,10.678912000003038,11.1199680000027,15814,0.0
5155,1774584646.4947467,90.05711782691832,10.697151999920607,11.104063999937352,15814,0.0
5156,1774584646.5059147,89.60676251477904,10.746015999757219,11.159872000007454,15814,0.0
5157,1774584646.51745,86.7568753064001,11.10502399978941,11.526464000326087,15814,0.0
5158,1774584646.5285451,90.19956473049565,10.682911999992939,11.086528000305407,15814,0.0
5159,1774584646.539643,90.16391077771702,10.699359999762237,11.090911999872333,15814,0.0
5160,1774584646.550767,89.95601510820406,10.684192000098847,11.116543999833084,15814,0.0
5161,1774584646.561899,89.8941693930866,10.729984000136028,11.124191999897448,15814,0.0
5162,1774584646.573004,90.10931340865244,10.672448000150325,11.097632000200974,15814,0.0
5163,1774584646.5841415,89.86134036007792,10.695936000047368,11.12825599966527,15814,0.0
5164,1774584646.5951946,90.54244339998591,10.647007999978086,11.044544000014866,15814,0.0
5165,1774584646.6062706,90.34664199457083,10.65545600022233,11.06848000017635,15814,0.0
5166,1774584646.6173575,90.25531423317757,10.6776960001298,11.079679999966174,15814,0.0
5167,1774584646.6284347,90.34115711934004,10.676832000171999,11.069151999890892,15814,0.0
5168,1774584646.6422,72.68777286895147,13.332800000171119,13.757472000179405,15814,0.0
5169,1774584646.6532986,90.17665968270586,10.680223999770533,11.089344000083656,15814,0.0
5170,1774584646.6643581,90.49157921313852,10.637727999892377,11.050752000301145,15814,0.0
5171,1774584646.6754594,90.1503852666051,10.680735999812896,11.092576000010013,15814,0.0
5172,1774584646.6867974,88.26910637755745,10.892351999700622,11.328992000017024,15814,0.0
5173,1774584646.6980636,88.83797091199966,10.798207999869192,11.256448000040109,15814,0.0
5174,1774584646.7092526,89.45132702816399,10.71228799992241,11.17926400002034,15814,0.0
5175,1774584646.7204032,89.75191135402063,10.698560000037105,11.141824000333145,15814,0.0
5176,1774584646.7315822,89.52025735916469,10.708896000323875,11.170656000103918,15814,0.0
5177,1774584646.7427921,89.27525632600576,10.73516800033758,11.201312000139296,15814,0.0
5178,1774584646.755093,81.36410502022042,11.831424000320112,12.290432000099827,15814,0.0
5179,1774584646.766347,88.94037153070518,10.782624000057695,11.243487999763602,15814,0.0
5180,1774584646.777892,86.69670302953874,11.06294400005936,11.534463999851141,15814,0.0
5181,1774584646.789078,89.47822028468912,10.728927999934967,11.175904000083392,15814,0.0
5182,1774584646.8002307,89.74907594151178,10.704192000048351,11.142176000248583,15814,0.0
5183,1774584646.8116667,87.52030471096008,10.99558399982925,11.425919999965117,15814,0.0
5184,1774584646.8228257,89.6885439758777,10.697759999857226,11.149695999847609,15814,0.0
5185,1774584646.8340142,89.44723042701315,10.775679999824206,11.179776000062702,15934,0.0
5186,1774584646.8451083,90.19696130330192,10.681535999992775,11.086847999649763,15934,0.0
5187,1774584646.856227,90.00264967953551,10.686016000363452,11.110783999811247,15934,0.0
5188,1774584646.8673701,89.8096896772873,10.688960000152292,11.134655999740062,15934,0.0
5189,1774584646.8787518,87.9177146492487,10.966463999920961,11.374271999557095,15934,0.0
5190,1774584646.8898716,89.99331889307898,10.704096000154095,11.111936000361311,15934,0.0
5191,1774584646.9009767,90.10931341234485,10.700415999963298,11.097631999746227,15934,0.0
5192,1774584646.9120677,90.22248142079721,10.68777599994064,11.08371200007241,15934,0.0
5193,1774584646.9231677,90.14830477890479,10.698719999709283,11.092832000031194,15934,0.0
5194,1774584646.9342833,90.02676315691232,10.710783999911655,11.107807999906072,15934,0.0
5195,1774584646.9453695,90.2605279886915,10.684000000310334,11.07903999991322,15934,0.0
5196,1774584646.9564488,90.31635289538013,10.674559999642952,11.072192000028735,15934,0.0
5197,1774584646.9675913,89.809947780271,10.69807999965633,11.134624000078475,15934,0.0
5198,1774584646.9789453,88.13044998515355,10.941344000002573,11.346816000241233,15934,0.0
5199,1774584646.9900923,89.77666438689995,10.728063999977167,11.138752000078966,15934,0.0
5200,1774584647.0011692,90.3458584007212,10.671712000203115,11.068576000070607,15934,0.0
5201,1774584647.0122721,90.12724525070863,10.70140799993169,11.095423999904597,15934,0.0
5202,1774584647.0234246,89.73232488493223,10.70860800018636,11.144256000079622,15934,0.0
5203,1774584647.0345252,90.14934501075145,10.665344000244659,11.092704000020603,15934,0.0
5204,1774584647.0456088,90.28764923037875,10.679999999865686,11.07571199963786,15934,0.0
5205,1774584647.056674,90.42951850875099,10.663391999969463,11.05833600013284,15934,0.0
5206,1774584647.0677392,90.44103389282466,10.661792000064452,11.056928000016342,15934,0.0
5207,1774584647.0790331,88.60497492223375,10.885568000048806,11.286047999874427,15934,0.0
5208,1774584647.0902038,89.58518476228988,10.758112000075926,11.162559999775112,15934,0.0
5209,1774584647.1012955,90.22638883556642,10.682208000162063,11.083232000146381,15934,0.0
5210,1774584647.1123796,90.28504070489504,10.667392000414111,11.076032000346459,15934,0.0
5211,1774584647.1235197,89.83550759274303,10.702304000005824,11.13145599993004,15934,0.0
5212,1774584647.1345978,90.32653403327328,10.677151999971102,11.070944000039162,15934,0.0
5213,1774584647.14574,89.80685060936634,10.740703999999823,11.135008000110247,15934,0.0
5214,1774584647.156843,90.12776511880489,10.673215999759122,11.095360000126675,15934,0.0
5215,1774584647.1680317,89.44902264657445,10.762687999886111,11.179551999703108,15934,0.0
5216,1774584647.1791391,90.10022027555763,10.679552000055992,11.098752000179957,15934,0.0
5217,1774584647.190283,89.80375365573876,10.714208000081271,11.135391999687272,15934,0.0
5218,1774584647.2014954,89.26199609959605,10.7704960000774,11.202975999822229,15934,0.0
5219,1774584647.2126315,89.87736413270602,10.688928000035958,11.126272000183235,15934,0.0
5220,1774584647.2238376,89.31352907072511,10.750911999821255,11.196511999969516,15934,0.0
5221,1774584647.235431,87.615266645077,10.705952000080288,11.413535999963642,15934,0.0
5222,1774584647.2477562,81.21946148487642,11.86355200024991,12.312319999637111,15934,0.0
5223,1774584647.258896,89.85384732725798,10.686751999855915,11.12918399985574,15934,0.0
5224,1774584647.2700562,89.68751435114292,10.715584000081435,11.1498239998582,15934,0.0
5225,1774584647.2811873,89.92003590975865,10.68931200006773,11.120992000087426,15934,0.0
5226,1774584647.292318,89.92184712642812,10.678623999865522,11.120767999727832,15934,0.0
5227,1774584647.3034809,89.66152416156766,10.684575999675872,11.153055999784556,15934,0.0
5228,1774584647.3145928,90.0667214257695,10.677440000108618,11.102880000180448,15934,0.0
5229,1774584647.3257446,89.7428902104147,10.713503999795648,11.14294399985738,15934,0.0
5230,1774584647.3368478,90.13634383605458,10.673664000023564,11.094304000380362,15934,0.0
5231,1774584647.3479412,90.20737593239481,10.667712000213214,11.085567999998602,15894,0.0
5232,1774584647.3590512,90.07788494466362,10.678655999981856,11.101503999725537,15894,0.0
5233,1774584647.3702326,89.51153911179783,10.751392000202031,11.171743999966566,15894,0.0
5234,1774584647.3813345,90.14102382810408,10.680351999781124,11.09372800010533,15894,0.0
5235,1774584647.392425,90.2302965888001,10.669248000340303,11.082752000220353,15894,0.0
5236,1774584647.4035335,90.0934665657803,10.675584000182425,11.099584000021423,15894,0.0
5237,1774584647.4146144,90.31348170800152,10.669824000160588,11.072543999944173,15894,0.0
5238,1774584647.4257522,89.84893877789057,10.734143999798107,11.12979199979236,15894,0.0
5239,1774584647.4368286,90.35108262266832,10.66540800002258,11.067936000017653,15894,0.0
5240,1774584647.4479032,90.36022646409823,10.668607999832602,11.06681600003867,15894,0.0
5241,1774584647.4589863,90.29104052885008,10.676448000140226,11.075295999944501,15894,0.0
5242,1774584647.4700801,90.21076120313586,10.684127999866178,11.085152000305243,15894,0.0
5243,1774584647.4811578,90.33280049045314,10.674751999886212,11.070175999975618,15894,0.0
5244,1774584647.4922354,90.32992825353621,10.665343999789911,11.070528000345803,15894,0.0
5245,1774584647.503349,90.03869502948145,10.664255999927263,11.106336000011652,15894,0.0
5246,1774584647.5144253,90.34376888481016,10.647967999830144,11.068831999637041,15894,0.0
5247,1774584647.5255125,90.25401089118978,10.685696000109601,11.079839999638352,15894,0.0
5248,1774584647.5365994,90.26183152261684,10.669727999811585,11.078879999786295,15894,0.0
5249,1774584647.5476918,90.22222093752536,10.684895999929722,11.083744000188744,15894,0.0
5250,1774584647.558776,90.28530155103135,10.675487999833422,11.076000000230124,15894,0.0
5251,1774584647.5699682,89.41882058527473,10.766848000002938,11.18332800024291,15894,0.0
5252,1774584647.5810633,90.20138722191534,10.682048000035138,11.08630400040056,15894,0.0
5253,1774584647.5921528,90.24254307647345,10.674271999960183,11.081248000209598,15894,0.0
5254,1774584647.6032424,90.40571190679368,10.651200000211247,11.061247999805346,15894,0.0
5255,1774584647.614329,90.27278268459743,10.67135999983293,11.077535999902466,15894,0.0
5256,1774584647.6254337,90.11554976141146,10.684800000035466,11.09686400013743,15894,0.0
5257,1774584647.637658,81.86007036060857,11.801248000210762,12.21596799996405,15894,0.0
5258,1774584647.6498766,81.8967550534778,11.813247999725718,12.21049600007973,15894,0.0
5259,1774584647.661017,89.83008459757895,10.697119999804272,11.132128000099328,15894,0.0
5260,1774584647.6721325,90.04258654472352,10.671903999991628,11.105855999630876,15894,0.0
5261,1774584647.6843634,81.82556099571632,11.796576000051573,12.221120000049268,15894,0.0
5262,1774584647.6954608,90.17457798212256,10.65920000019105,11.089600000104838,15894,0.0
5263,1774584647.7065418,90.30434732415029,10.67983999973876,11.073663999923156,15894,0.0
5264,1774584647.7176952,89.72124685193639,10.730592000072647,11.145632000079786,15894,0.0
5265,1774584647.7288249,89.91356788697843,10.687743999824306,11.121791999812558,15894,0.0
5266,1774584647.7399447,89.99228226254415,10.691263999888179,11.112063999917154,15894,0.0
5267,1774584647.7510364,90.22300239185321,10.679135999907885,11.08364799983974,15894,0.0
5268,1774584647.7621517,90.03117239149108,10.702336000122159,11.107264000202122,15894,0.0
5269,1774584647.773277,89.95549721588502,10.697535999952379,11.116608000065753,15894,0.0
5270,1774584647.7843528,90.35238876977502,10.663008000392438,11.067776000345475,15894,0.0
5271,1774584647.7954998,89.77950154288932,10.671647999970446,11.138400000163529,15894,0.0
5272,1774584647.8065863,90.26548161347311,10.671232000277087,11.078431999976601,15894,0.0
5273,1774584647.8177838,89.36716607345825,10.785024000142585,11.189792000095622,15894,0.0
5274,1774584647.8288724,90.25140430902508,10.65507199973581,11.08016000034695,15894,0.0
5275,1774584647.8399994,89.9368571329497,10.70560000016485,11.11891199980164,15894,0.0
5276,1774584647.8510642,90.44260440156327,10.649760000433162,11.056735999773082,15894,0.0
5277,1774584647.8622465,89.49256996939052,10.74246400003176,11.174111999935121,15880,0.0
5278,1774584647.8735487,88.54798309018942,10.831872000380827,11.293311999907019,15880,0.0
5279,1774584647.884723,89.57619709827111,10.721471999659116,11.163679999754095,15880,0.0
5280,1774584647.8969402,81.91500237399646,11.774783999953797,12.207775999740988,15880,0.0
5281,1774584647.9083865,87.43973653327217,10.993280000093364,11.4364480000404,15880,0.0
5282,1774584647.921679,75.28215752607191,12.841279999975086,13.283360000059474,15880,0.0
5283,1774584647.934624,77.31129858256563,12.49785600020914,12.934719999975641,15880,0.0
5284,1774584647.945771,89.78930401210634,10.71267200040893,11.137183999835543,15880,0.0
5285,1774584647.95689,90.00031680153016,10.682688000088092,11.111071999948763,15880,0.0
5286,1774584647.967998,90.09424578760236,10.671040000033827,11.099488000127167,15880,0.0
5287,1774584647.9791126,90.04414323837341,10.689983999782271,11.10566400029711,15880,0.0
5288,1774584647.9903007,89.45209518538408,10.729471999638918,11.179167999671336,15880,0.0
5289,1774584648.0014365,89.87891512235421,10.698432000026514,11.126080000394722,15880,0.0
5290,1774584648.0125546,90.01172312449464,10.691968000173802,11.109664000287012,15880,0.0
5291,1774584648.0236757,89.99383722098518,10.692895999909524,11.111872000128642,15880,0.0
5292,1774584648.034793,90.02183569405611,10.69065599995156,11.108416000297439,15880,0.0
5293,1774584648.0459504,89.69755419990713,10.739007999745809,11.148575999868626,15880,0.0
5294,1774584648.0570488,90.17691990296123,10.675007999907393,11.089311999967322,15880,0.0
5295,1774584648.068147,90.17457798212256,10.676095999770041,11.089600000104838,15880,0.0
5296,1774584648.0793014,89.72820250990044,10.700960000121995,11.144767999667238,15880,0.0
5297,1774584648.0904977,89.38326973977678,10.73539199978768,11.187776000042504,15880,0.0
5298,1774584648.1019812,87.16024934713884,10.955104000004212,11.473120000118797,15880,0.0
5299,1774584648.113232,88.97430422022114,10.78278400018462,11.239200000090932,15880,0.0
5300,1774584648.1244948,88.86879268941517,10.794143999646622,11.252544000399212,15880,0.0
5301,1774584648.1356926,89.38787185177134,10.746208000000479,11.18720000022222,15880,0.0
5302,1774584648.151854,61.91085629088371,15.562560000034864,16.152256000168563,15880,0.0
5303,1774584648.1709259,52.4634308897044,18.577152000034403,19.06089600015548,15880,0.0
5304,1774584648.1911633,49.438849284225896,19.74041599987686,20.22700800034727,15880,0.0
5305,1774584648.2099452,53.27555138003336,18.28739200027485,18.770336000216048,15880,0.0
5306,1774584648.2286224,53.57311229780734,18.162624000069627,18.666080000002694,15880,0.0
5307,1774584648.2471344,54.05517606390522,17.970143999718857,18.499616000099195,15880,0.0
5308,1774584648.2618167,68.1686306512344,14.159328000005189,14.66950399981215,15880,0.0
5309,1774584648.2744508,79.22483882683468,12.115743999856932,12.622303999705764,15880,0.0
5310,1774584648.291929,57.25267759399726,16.917503999593464,17.46643199976461,15880,0.0
5311,1774584648.3112633,51.75349108390108,18.806336000125157,19.32236799984821,15880,0.0
5312,1774584648.328469,58.163557786168774,16.704575999938243,17.192895999869506,15880,0.0
5313,1774584648.3427405,70.11710116906552,13.788768000267737,14.261855999848194,15880,0.0
5314,1774584648.3604658,56.451962541102,17.220960000031482,17.714176000026782,15880,0.0
5315,1774584648.3761249,63.90357819190259,15.183007999894471,15.648575999875902,15040,0.0
5316,1774584648.3940427,55.84385878361577,17.41612800014991,17.90707200007091,15040,0.0
5317,1774584648.4091945,66.04531236811468,14.669087999664043,15.141119999952934,15040,0.0
5318,1774584648.4270065,56.16886968347515,17.33487999990757,17.80345600036526,15040,0.0
5319,1774584648.4425926,64.19803810810984,15.114015999643016,15.576799999962532,15040,0.0
5320,1774584648.4635863,47.658336243660685,20.414911999978358,20.98268800000369,15040,0.0
5321,1774584648.4802983,59.88310817303244,16.154175999872677,16.699199999948178,15040,0.0
5322,1774584648.4964485,61.964379900436256,15.632736000043224,16.138303999923664,15040,0.0
5323,1774584648.5133076,59.35478969381951,16.3452479996522,16.847840000082215,15040,0.0
5324,1774584648.5267446,74.47285136850401,12.939936000293528,13.427712000066094,15040,0.0
5325,1774584648.5435941,59.38276132572382,16.325503999723878,16.839904000335082,15040,0.0
5326,1774584648.5594542,63.09613225817911,15.323520000038116,15.84883199984688,15040,0.0
5327,1774584648.5778475,54.40327011537516,17.86009599982208,18.381247999968764,15040,0.0
5328,1774584648.594174,61.29422010140475,15.80803199976799,16.314752000198496,15040,0.0
5329,1774584648.6109467,59.6648458542713,16.251167999598692,16.760288000114087,15040,0.0
5330,1774584648.627841,59.23305981878733,16.337216000010812,16.88246399999116,15040,0.0
5331,1774584648.6452248,57.56272956112275,16.864096000063,17.3723519997111,15040,0.0
5332,1774584648.661164,62.786305551722165,15.41462400018645,15.927040000406123,15040,0.0
5333,1774584648.678054,59.25102907179472,16.374335999898904,16.877344000022276,15040,0.0
5334,1774584648.6948733,59.49423239194627,16.30832000000737,16.80835199977082,15040,0.0
5335,1774584648.7125483,56.61467778542104,17.14454399962051,17.663264000020718,15040,0.0
5336,1774584648.7289114,61.15447914894875,15.861312000197358,16.352032000213512,15040,0.0
5337,1774584648.7457426,59.453371432861694,16.340000000127475,16.819904000385577,15040,0.0
5338,1774584648.7629087,58.283535880627056,16.675968000072316,17.157503999897017,15040,0.0
5339,1774584648.77937,60.79056919420699,15.935584000089875,16.449920000013663,15040,0.0
5340,1774584648.7963498,58.932686614066874,16.475295999953232,16.968511999948532,15040,0.0
5341,1774584648.812321,62.65814916971496,15.473695999844495,15.959615999690868,15040,0.0
5342,1774584648.828832,60.607823741824774,16.000608000013017,16.499520000252232,15040,0.0
5343,1774584648.8459504,58.45973106596328,16.610015999958705,17.10579200016582,15040,0.0
5344,1774584648.8622434,61.41781804609282,15.785056000368058,16.281919999983074,15040,0.0
5345,1774584648.87922,58.943468969214805,16.471423999973922,16.965408000032767,15040,0.0
5346,1774584648.8959174,60.0781304061733,16.141216000050918,16.644992000237835,14382,0.0
5347,1774584648.912018,62.15429779634582,15.600607999658678,16.08899199982261,14382,0.0
5348,1774584648.9292238,58.15782078416378,16.717152000182978,17.19459200012352,14382,0.0
5349,1774584648.9457254,60.64181354985677,15.913535999970918,16.49027199982811,14382,0.0
5350,1774584648.9619353,61.73388251873973,15.683551999700285,16.19855999979336,14382,0.0
5351,1774584648.9794855,57.01753585816598,16.95638399996824,17.53846399969916,14382,0.0
5352,1774584648.9916,82.61971927807059,11.60556800004997,12.103647999992972,14382,0.0
5353,1774584649.0027585,89.70888390865163,10.689280000406143,11.147167999752128,14382,0.0
5354,1774584649.0139408,89.51282110167674,10.73238399976617,11.17158399983964,14382,0.0
5355,1774584649.0250576,90.02105772426977,10.679200000140554,11.108512000191695,14382,0.0
5356,1774584649.0361807,89.97854911250545,10.682751999866014,11.113760000171169,14382,0.0
5357,1774584649.0473719,89.44083023793259,10.69872000016403,11.180576000242581,14382,0.0
5358,1774584649.058491,90.01872389558734,10.684608000246953,11.108799999874464,14382,0.0
5359,1774584649.0696328,89.82414587978616,10.713472000134061,11.132864000046538,14382,0.0
5360,1774584649.0807235,90.23785254099897,10.654784000053041,11.081824000029883,14382,0.0
5361,1774584649.0918329,90.0908692521305,10.67123199982234,11.099904000275274,14382,0.0
5362,1774584649.1029756,89.81949873641587,10.688031999961822,11.133439999866823,14382,0.0
5363,1774584649.1141803,89.33446537984,10.753695999937918,11.19388799997978,14382,0.0
5364,1774584649.1252823,90.15922841260914,10.657472000275447,11.091487999692617,14382,0.0
5365,1774584649.1364894,89.31123177965497,10.692031999951723,11.196800000107032,14382,0.0
5366,1774584649.1476314,89.83963983738406,10.669088000213378,11.130943999887677,14382,0.0
5367,1774584649.158786,89.7282025062392,10.702208000111568,11.144768000121985,14382,0.0
5368,1774584649.169962,89.56130722142727,10.712320000038744,11.165536000135035,14382,0.0
5369,1774584649.1811936,89.11715555087859,10.767648000182817,11.22118400007821,14382,0.0
5370,1774584649.1924334,89.05163570342276,10.762720000002446,11.229439999624447,14382,0.0
5371,1774584649.2053337,77.58134869897975,12.402368000039132,12.889696000002004,14382,0.0
5372,1774584649.2227595,57.425429634960985,16.922943999816198,17.4138879997372,14382,0.0
5373,1774584649.2390835,61.304320532427155,15.774528000292776,16.31206399997609,14382,0.0
5374,1774584649.2580314,52.81044514551181,18.42246400019576,18.93564800002423,14382,0.0
5375,1774584649.2766817,53.65479278838859,18.12569599997005,18.637664000380028,14382,0.0
5376,1774584649.295472,53.25594038095854,18.040671999642655,18.777247999878455,14382,0.0
5377,1774584649.312109,60.162564061472345,16.080416000022524,16.621631999896636,14382,0.0
5378,1774584649.330307,54.99078794327301,17.632575999869005,18.184863999977097,14382,0.0
5379,1774584649.3485746,54.78016064183269,17.730271999880642,18.254783999964275,14382,0.0
5380,1774584649.3670518,54.15691120253569,17.91142399997625,18.464863999724912,14382,0.0
5381,1774584649.3821557,66.26223731072976,14.561888000116596,15.091551999830699,14382,0.0
5382,1774584649.3971915,66.56201343115583,14.478463999694213,15.023584000118717,14800,0.0
5383,1774584649.4153707,55.04454645059526,17.622175999804313,18.167103999985557,14800,0.0
5384,1774584649.4336011,54.89496178469972,17.68867200007662,18.216607999875123,14800,0.0
5385,1774584649.4521906,53.833366350357856,18.037664000075893,18.575840000266908,14800,0.0
5386,1774584649.4682379,62.36939847955901,15.489760000036767,16.03350400000636,14800,0.0
5387,1774584649.4853663,58.42399178882971,16.601664000063465,17.116256000008434,14800,0.0
5388,1774584649.5027008,57.73426718015971,16.689631999724952,17.320736000328907,14800,0.0
5389,1774584649.5233629,48.547987938299194,19.993087999864656,20.59817600002134,14800,0.0
5390,1774584649.545191,45.83912739973146,21.288351999828592,21.815423999669292,14800,0.0
5391,1774584649.5613317,62.00335314179862,15.612575999966793,16.128159999880154,14800,0.0
5392,1774584649.5781205,59.606691208766954,16.28252800037444,16.77663999998913,14800,0.0
5393,1774584649.5907314,79.37273946631802,12.107968000236724,12.598783999692387,14800,0.0
5394,1774584649.6049898,70.19001841736697,13.766783999926702,14.247040000100242,14800,0.0
5395,1774584649.6162667,88.7660524529343,10.79020799988939,11.265567999998893,14800,0.0
5396,1774584649.6284423,82.20244687041234,11.670112000047084,12.16508800007432,14800,0.0
5397,1774584649.6429377,69.0381930341484,14.017567999871972,14.484735999758414,14800,0.0
5398,1774584649.6584046,64.69215848276973,14.998112000284891,15.457823999895481,14800,0.0
5399,1774584649.6695886,89.50307890821443,10.707775999890146,11.172799999712879,14800,0.0
5400,1774584649.6807299,89.84325586146329,10.682879999876604,11.130496000077983,14800,0.0
5401,1774584649.691871,89.83524933915699,10.680255999886867,11.131488000046375,14800,0.0
5402,1774584649.702968,90.19201519233,10.645631999977923,11.08745600004113,14800,0.0
5403,1774584649.714154,89.48206349807568,10.717696000028809,11.175424000157363,14800,0.0
5404,1774584649.7261739,83.27382030995257,11.559359999864682,12.008575999971072,14800,0.0
5405,1774584649.738402,81.86071366778292,11.77769600008105,12.215872000069794,14800,0.0
5406,1774584649.7506242,81.87937399342437,11.767392000365362,12.213088000407879,14800,0.0
5407,1774584649.7617648,89.84325586146329,10.701376000270102,11.130496000077983,14800,0.0
5408,1774584649.7728689,90.12490590925617,10.671135999928083,11.095712000042113,14800,0.0
5409,1774584649.7839673,90.17900171167474,10.660959999768238,11.08905599994614,14800,0.0
5410,1774584649.7950883,89.98761770593012,10.679712000182917,11.11263999973744,14800,0.0
5411,1774584649.806254,89.64017715855377,10.722911999891949,11.155711999890627,14800,0.0
5412,1774584649.817372,90.01016754791439,10.683519999929558,11.109856000075524,14800,0.0
5413,1774584649.8284833,90.07269226367372,10.684256000331516,11.102144000233238,14800,0.0
5414,1774584649.841966,74.22414980732047,13.030111999796645,13.472703999923397,14800,0.0
5415,1774584649.8543203,81.00828746947862,11.899264000021503,12.34441600036007,14800,0.0
5416,1774584649.865495,89.56900826465647,10.685184000067238,11.16457599982823,14800,0.0
5417,1774584649.8766768,89.51718013612461,10.709312000017235,11.17104000013569,14800,0.0
5418,1774584649.8886607,83.52198165018756,11.509087999911571,11.972895999861066,14800,0.0
5419,1774584649.8998828,89.19422649463472,10.746880000169767,11.211487999844394,14800,0.0
5420,1774584649.9125469,79.02929268140714,12.186208000002807,12.653536000016175,15040,0.0
5421,1774584649.923758,89.27525632600576,10.732415999882505,11.201312000139296,15040,0.0
5422,1774584649.934919,89.67850614392837,10.688415999993595,11.150943999837182,15040,0.0
5423,1774584649.9460838,89.63709168574346,10.717440000007628,11.1560959999224,15040,0.0
5424,1774584649.9573772,88.624574957361,10.829312000169011,11.28355199989528,15040,0.0
5425,1774584649.9696229,81.73182545695512,11.779264000324474,12.235136000072089,15040,0.0
5426,1774584649.9818752,81.67927359000555,11.789407999913237,12.2430080000413,15040,0.0
5427,1774584649.9941304,81.6660394716297,11.779359999763983,12.244991999978083,15040,0.0
5428,1774584650.0069833,77.87094603914886,12.38249599964547,12.841759999901114,15040,0.0
5429,1774584650.019252,81.57437233428445,11.7984640000941,12.258751999979722,15040,0.0
5430,1774584650.0303645,90.06853855286312,10.67488000035155,11.102656000275601,15040,0.0
5431,1774584650.0415215,89.69987140842785,10.696767999888834,11.14828799973111,15040,0.0
5432,1774584650.052699,89.53615971397812,10.718496000208688,11.168672000167135,15040,0.0
5433,1774584650.0639305,89.11004020885139,10.758303999864438,11.222079999697598,15040,0.0
5434,1774584650.0757487,84.68926492617699,11.334079999869573,11.807871999735653,15040,0.0
5435,1774584650.087091,88.25190624227567,10.786144000121567,11.331199999858654,15040,0.0
5436,1774584650.0982883,89.39170731136326,10.720991999733087,11.186719999841443,15040,0.0
5437,1774584650.1096246,88.29579231818424,10.721055999965756,11.325567999847408,15040,0.0
5438,1774584650.1208625,89.06965674688078,10.756543999832502,11.227168000004895,15040,0.0
5439,1774584650.1320612,89.38173580896049,10.724000000209344,11.187967999831017,15040,0.0
5440,1774584650.1432195,89.70579370058933,10.68918400005714,11.147552000238647,15040,0.0
5441,1774584650.1544688,89.16470504195104,10.748927999884472,11.215200000151526,15040,0.0
5442,1774584650.1657295,88.89053237650667,10.780000000067957,11.249791999944136,15040,0.0
5443,1774584650.1780224,81.41646410240932,11.82636800012915,12.282528000014281,15040,0.0
5444,1774584650.1902614,81.77609835051392,11.770079999678273,12.22851200009245,15040,0.0
5445,1774584650.201445,89.49820860302158,10.701696000069205,11.173408000104246,15040,0.0
5446,1774584650.2126102,89.650977984534,10.689824000110093,11.154368000006798,15040,0.0
5447,1774584650.2237782,89.63117845744088,10.689600000205246,11.15683199986961,15040,0.0
5448,1774584650.2349324,89.73541691754053,10.681535999992775,11.14387200004785,15040,0.0
5449,1774584650.2461483,89.23395859063918,10.755104000054416,11.206495999886101,15040,0.0
5450,1774584650.257307,89.69575200734873,10.691967999719054,11.14880000022822,15040,0.0
5451,1774584650.2684765,89.62115346122452,10.698975999730465,11.158079999859183,15040,0.0
5452,1774584650.279685,89.29821603856185,10.733536000316235,11.19843199967363,15040,0.0
5453,1774584650.2908447,89.6944647759911,10.695135999867489,11.148959999900399,15040,0.0
5454,1774584650.3021073,88.87511126990685,10.787424000227475,11.251744000219333,15040,0.0
5455,1774584650.313244,89.87684714927637,10.68076799992923,11.126335999961157,15040,0.0
5456,1774584650.3243873,89.83034282147115,10.681983999802469,11.132095999982994,15040,0.0
5457,1774584650.3355837,89.40014647243966,10.709216000122979,11.18566400009513,15040,0.0
5458,1774584650.3468041,89.21485220333814,10.715487999732431,11.208895999970991,15040,0.0
5459,1774584650.358526,85.39137943199596,11.281439999947906,11.710784000115382,15040,0.0
5460,1774584650.369973,87.42383635475117,11.019424000096478,11.43852799987144,15040,0.0
5461,1774584650.3822365,81.59801553759704,11.82342400034031,12.255199999799515,15040,0.0
5462,1774584650.3934054,89.61190160427945,10.712320000038744,11.159232000409247,15040,0.0
5463,1774584650.4045827,89.54154727795424,10.731295999903523,11.167999999997846,15040,0.0
5464,1774584650.4158208,89.05442721487415,10.73318399994605,11.229088000163756,15040,0.0
5465,1774584650.4270172,89.39631029227841,10.751935999905982,11.186144000021159,15480,0.0
5466,1774584650.4381783,89.66461131300122,10.711328000070353,11.15267200020753,15480,0.0
5467,1774584650.4493191,89.837573667546,10.689663999983168,11.131199999908858,15480,0.0
5468,1774584650.4604664,89.7862082648486,10.698240000238002,11.137567999867315,15480,0.0
5469,1774584650.472056,86.35101341269844,11.13846399994145,11.580640000374842,15480,0.0
5470,1774584650.483199,89.82027322630685,10.684384000342106,11.133343999972567,15480,0.0
5471,1774584650.4943595,89.67155819203346,10.71001599984811,11.151807999794983,15480,0.0
5472,1774584650.5054786,90.00264967585184,10.676768000394077,11.110784000265994,15480,0.0
5473,1774584650.5166743,89.392218728664,10.732448000453587,11.186656000063522,15480,0.0
5474,1774584650.527845,89.59699986333676,10.701023999899917,11.161087999880692,15480,0.0
5475,1774584650.5390446,89.36256609322542,10.72851199978686,11.190367999915907,15480,0.0
5476,1774584650.550216,89.5916056245182,10.72710400012511,11.16176000004998,15480,0.0
5477,1774584650.5613842,89.61524233550854,10.72390399986034,11.158815999806393,15480,0.0
5478,1774584650.5725014,90.01794597589931,10.68316800001412,11.108896000223467,15480,0.0
5479,1774584650.5836315,89.91537883941349,10.679583999717579,11.121567999907711,15480,0.0
5480,1774584650.5947628,89.91460270485761,10.697184000036941,11.121664000256715,15480,0.0
5481,1774584650.6059666,89.32195348011568,10.757984000065335,11.195455999768456,15480,0.0
5482,1774584650.617106,89.84351415741425,10.70320000007996,11.130464000416396,15480,0.0
5483,1774584650.6282408,89.87865662648471,10.694592000163539,11.126111999601562,15480,0.0
5484,1774584650.6393921,89.74881818828568,10.691968000173802,11.14220799991017,15480,0.0
5485,1774584650.6505353,89.81304516480743,10.707295999964117,11.134240000046702,15480,0.0
5486,1774584650.6617134,89.5284643216788,10.744096000053105,11.169632000019192,15480,0.0
5487,1774584650.672853,89.83602410069956,10.704511999847455,11.131392000152118,15480,0.0
5488,1774584650.6839654,90.04518107141772,10.684127999866178,11.105535999831773,15480,0.0
5489,1774584650.6950958,89.91641370265457,10.695424000005005,11.12143999989712,15480,0.0
5490,1774584650.706243,89.78337068130104,10.718527999870275,11.1379200002375,15480,0.0
5491,1774584650.7173479,90.11736886300906,10.674111999833258,11.096639999777835,15480,0.0
5492,1774584650.7284558,90.09268735743703,10.681216000193672,11.09967999991568,15480,0.0
5493,1774584650.7396412,89.4666926250452,10.714431999986118,11.177343999861478,15480,0.0
5494,1774584650.7507992,89.69703927931246,10.70374399978391,11.148640000101295,15480,0.0
5495,1774584650.761978,89.52666892096018,10.73631999997815,11.169855999924039,15480,0.0
5496,1774584650.7731287,89.74881818828568,10.699616000238166,11.14220799991017,15480,0.0
5497,1774584650.7842312,90.14336400637687,10.666048000075534,11.093439999967813,15480,0.0
5498,1774584650.7953877,89.69884152360022,10.66860800028735,11.148415999741701,15480,0.0
5499,1774584650.8065119,89.97518124710182,10.686367999824142,11.114175999864528,15480,0.0
5500,1774584650.8176973,89.47796408123033,10.722208000061073,11.175936000199727,15480,0.0
5501,1774584650.8288143,90.02209502522004,10.685311999623082,11.108383999726357,15480,0.0
5502,1774584650.8399196,90.1134708812473,10.67782400014039,11.097120000158611,15480,0.0
5503,1774584650.8510382,90.00524190519019,10.680479999791714,11.110464000012144,15480,0.0
5504,1774584650.8621998,89.66126690732524,10.727359999691544,11.15308799990089,15480,0.0
5505,1774584650.8732898,90.23290194814844,10.672127999896475,11.082431999966502,15480,0.0
5506,1774584650.8843613,90.3879305359101,10.65286399989418,11.063423999985389,15480,0.0
5507,1774584650.895482,89.9847673813889,10.680863999823487,11.112991999652877,15480,0.0
5508,1774584650.9066002,90.01120459422187,10.691552000025695,11.109728000064933,15480,0.0
5509,1774584650.917717,90.02053908644413,10.703039999953035,11.108575999969617,15480,0.0
5510,1774584650.9288027,90.27069654376002,10.656480000307056,11.077791999923647,15480,0.0
5511,1774584650.9398806,90.33854550487361,10.658847999820864,11.069472000144742,15654,0.0
5512,1774584650.950933,90.54559151637886,10.639967999850342,11.044159999983094,15654,0.0
5513,1774584650.962086,89.73258254709295,10.730528000294726,11.144223999963287,15654,0.0
5514,1774584650.973176,90.23654969957096,10.671743999864702,11.081984000156808,15654,0.0
5515,1774584650.984258,90.30460828185774,10.657440000159113,11.073631999806821,15654,0.0
5516,1774584650.9953666,90.08957065515425,10.652351999851817,11.100063999947452,15654,0.0
5517,1774584651.006495,89.92391717085387,10.692672000004677,11.120512000161398,15654,0.0
5518,1774584651.0176156,89.98994992194993,10.694048000004841,11.11235200005467,15654,0.0
5519,1774584651.0287278,90.05815595538336,10.685248000299907,11.103935999926762,15654,0.0
5520,1774584651.0398376,90.0737307549283,10.677728000246134,11.1020159997679,15654,0.0
5521,1774584651.0509377,90.1568874068784,10.67388799992841,11.09177600028488,15654,0.0
5522,1774584651.06206,89.97155459225579,10.699200000090059,11.11462400012897,15654,0.0
5523,1774584651.0731452,90.27278268459743,10.665184000117733,11.077535999902466,15654,0.0
5524,1774584651.084231,90.27382578746843,10.66140800003268,11.077408000346622,15654,0.0
5525,1774584651.0953674,89.85513914107538,10.679359999812732,11.129023999728815,15654,0.0
5526,1774584651.1064937,89.95886361151449,10.68470400014121,11.116191999917646,15654,0.0
5527,1774584651.117671,89.53282487986266,10.74265600027502,11.169088000315242,15654,0.0
5528,1774584651.1287487,90.3377620514619,10.663487999863719,11.069568000038998,15654,0.0
5529,1774584651.1398335,90.27382579117433,10.670976000255905,11.077407999891875,15654,0.0
5530,1774584651.150921,90.24254307647345,10.682655999971757,11.081248000209598,15654,0.0
5531,1774584651.1620464,89.94203415985899,10.710144000313448,11.118271999748686,15654,0.0
5532,1774584651.1731253,90.32314006437197,10.66320000018095,11.07136000018727,15654,0.0
5533,1774584651.1841915,90.42507017118896,10.65852800002176,11.05887999983679,15654,0.0
5534,1774584651.1952927,90.13244422003815,10.662976000276103,11.094783999851643,15654,0.0
5535,1774584651.2063599,90.4166980117636,10.657599999831291,11.059903999921517,15654,0.0
5536,1774584651.2174373,90.33384498451672,10.661920000075042,11.070047999965027,15654,0.0
5537,1774584651.2285142,90.33384498080588,10.663487999863719,11.070048000419774,15654,0.0
5538,1774584651.2397733,88.87308923027369,10.846784000023035,11.251999999785767,15654,0.0
5539,1774584651.25088,90.09294709328418,10.690751999845816,11.099647999799345,15654,0.0
5540,1774584651.2620497,89.58467113102644,10.751520000212622,11.162624000007781,15654,0.0
5541,1774584651.2731605,90.06516394767102,10.694816000068386,11.10307199996896,15654,0.0
5542,1774584651.2842355,90.3550011847096,10.668288000033499,11.067456000091624,15654,0.0
5543,1774584651.2953653,89.90710079095592,10.667296000065107,11.122591999992437,15654,0.0
5544,1774584651.306448,90.29469298620522,10.66227199999048,11.07484799968006,15654,0.0
5545,1774584651.317577,89.91744858971703,10.703583999656985,11.12131199988653,15654,0.0
5546,1774584651.3286748,90.16026889287413,10.679872000309842,11.091360000136774,15654,0.0
5547,1774584651.339753,90.32810056420371,10.666528000001563,11.07075200025065,15654,0.0
5548,1774584651.3508437,90.22795189476085,10.671296000055008,11.083040000357869,15654,0.0
5549,1774584651.3619885,89.78827207263436,10.720992000187834,11.137311999846133,15654,0.0
5550,1774584651.3730695,90.31034971076957,10.664320000159933,11.072927999975946,15654,0.0
5551,1774584651.3841503,90.31243768478696,10.672928000076354,11.072671999954764,15654,0.0
5552,1774584651.3952186,90.40231198526804,10.668383999927755,11.061663999953453,15654,0.0
5553,1774584651.4063344,90.28582324782572,10.674784000002546,11.075935999997455,15654,0.0
5554,1774584651.4173896,90.50887710776897,10.653631999957724,11.048640000353771,15654,0.0
5555,1774584651.4284782,90.24332488288044,10.687360000247281,11.081151999860595,15654,0.0
5556,1774584651.439559,90.30408636795103,10.656639999979234,11.07369600003949,15654,0.0
5557,1774584651.4506361,90.3307115747867,10.677759999907721,11.0704319999968,15774,0.0
5558,1774584651.4617584,89.96430216693766,10.72377599984975,11.115519999748358,15774,0.0
5559,1774584651.4728384,90.3158308457094,10.67897599978096,11.072256000261405,15774,0.0
5560,1774584651.4839177,90.31609186979037,10.684544000014284,11.07222400014507,15774,0.0
5561,1774584651.4949949,90.3330616089215,10.681759999897622,11.07014400031403,15774,0.0
5562,1774584651.5060883,90.20425129003446,10.699104000195803,11.085952000030375,15774,0.0
5563,1774584651.5171573,90.39106791661176,10.678720000214525,11.063039999953617,15774,0.0
5564,1774584651.5282056,90.56579713742404,10.655327999756992,11.041696000120282,15774,0.0
5565,1774584651.5392983,90.20112686783199,10.681312000087928,11.0863359996074,15774,0.0
5566,1774584651.5503728,90.34977650961262,10.679391999929067,11.068096000144578,15774,0.0
5567,1774584651.5614703,90.16729279058987,10.700768000333483,11.090495999724226,15774,0.0
5568,1774584651.5725358,90.42271534371513,10.671999999885884,11.059167999974306,15774,0.0
5569,1774584651.5836327,90.17509840010683,10.697152000375354,11.089535999872169,15774,0.0
5570,1774584651.5947154,90.28373650423516,10.673375999886048,11.076192000018636,15774,0.0
5571,1774584651.6058414,89.9422930240907,10.718368000198097,11.118240000087098,15774,0.0
5572,1774584651.6169345,90.20867793152728,10.686399999940477,11.085407999871677,15774,0.0
5573,1774584651.6280265,90.21831388743784,10.689407999961986,11.084223999660026,15774,0.0
5574,1774584651.6391022,90.3419406316405,10.68230400005632,11.069055999996635,15774,0.0
5575,1774584651.6502495,89.76531755587663,10.742655999820272,11.140159999740717,15774,0.0
5576,1774584651.6613386,90.23785254099897,10.682495999844832,11.081824000029883,15774,0.0
5577,1774584651.6724153,90.342985337086,10.678592000203935,11.068927999986045,15774,0.0
5578,1774584651.6835089,90.19956473419545,10.668800000075862,11.08652799985066,15774,0.0
5579,1774584651.694583,90.36414582305417,10.670432000097207,11.066335999657895,15774,0.0
5580,1774584651.7056844,90.13764378551025,10.69945600011124,11.094144000253436,15774,0.0
5581,1774584651.7167506,90.41879090627582,10.674912000013137,11.059647999900335,15774,0.0
5582,1774584651.7278147,90.4334438812028,10.67100800037224,11.057855999752064,15774,0.0
5583,1774584651.7388744,90.48136084100992,10.668607999832602,11.05199999983597,15774,0.0
5584,1774584651.7499754,90.13374405332026,10.701984000206721,11.094624000179465,15774,0.0
5585,1774584651.7610772,90.1397237811545,10.692256000311318,11.093888000232255,15774,0.0
5586,1774584651.7723482,88.78496706852464,10.677279999981693,11.26316800036875,15774,0.0
5587,1774584651.7834744,89.93892787219475,10.680448000130127,11.118655999780458,15774,0.0
5588,1774584651.7945616,90.26026728568353,10.686240000268299,11.079072000029555,15774,0.0
5589,1774584651.8056629,90.13348408588121,10.706175999985135,11.094655999841052,15774,0.0
5590,1774584651.8167312,90.40231198526804,10.673471999780304,11.061663999953453,15774,0.0
5591,1774584651.8278046,90.36858816830842,10.672704000171507,11.065791999953944,15774,0.0
5592,1774584651.8388717,90.41957576576795,10.65632000018013,11.059552000006079,15774,0.0
5593,1774584651.849972,90.14414409157142,10.707167999953526,11.093344000073557,15774,0.0
5594,1774584651.8610425,90.38636192537172,10.672448000150325,11.063616000228649,15774,0.0
5595,1774584651.8720958,90.53168898994366,10.658239999884245,11.045855999782361,15774,0.0
5596,1774584651.8831599,90.4316119968297,10.6731519999812,11.058080000111659,15774,0.0
5597,1774584651.8942842,89.940480987367,10.733088000051794,11.118463999991945,15774,0.0
5598,1774584651.9053237,90.64381765921597,10.641567999755353,11.032191999674978,15774,0.0
5599,1774584651.9163978,90.35761375071729,10.673311999653379,11.067135999837774,15774,0.0
5600,1774584651.9274669,90.39969683759882,10.652928000126849,11.061983999752556,15774,0.0
5601,1774584651.9385371,90.38583906976757,10.675519999949756,11.06368000000657,15774,0.0
5602,1774584651.9497323,89.37969064734585,10.748352000064187,11.188223999852198,15774,0.0
5603,1774584651.9608865,89.72433812111602,10.730655999850569,11.145248000048014,15800,0.0
5604,1774584651.9722059,88.40544860333446,10.905567999998311,11.311520000163,15800,0.0
5605,1774584651.9833272,89.9878768326188,10.684416000003694,11.112608000075852,15800,0.0
5606,1774584651.99441,90.29130140594891,10.675487999833422,11.075264000282914,15800,0.0
5607,1774584652.0059576,86.66136068288736,11.116799999854265,11.539167999671918,15800,0.0
5608,1774584652.0171907,89.09505087529097,10.815071999786596,11.223968000194873,15800,0.0
5609,1774584652.0282958,90.12568567501565,10.680703999696561,11.095616000147857,15800,0.0
5610,1774584652.039399,90.13322411255305,10.667296000065107,11.094688000412134,15800,0.0
5611,1774584652.0505118,90.05374407377059,10.690688000067894,11.10448000008546,15800,0.0
5612,1774584652.0616624,89.74856043287717,10.733344000072975,11.142240000026504,15800,0.0
5613,1774584652.0727866,89.9650791560561,10.693119999814371,11.115423999854102,15800,0.0
5614,1774584652.0839055,90.01146386045367,10.686015999908705,11.109695999948599,15800,0.0
5615,1774584652.0950303,89.95653300280645,10.693280000396044,11.116480000055162,15800,0.0
5616,1774584652.1061637,89.88460255097839,10.712576000059926,11.1253760001091,15800,0.0
5617,1774584652.1172736,90.0773656481467,10.683647999940149,11.101567999958206,15800,0.0
5618,1774584652.128396,89.97000040373355,10.701247999804764,11.114815999917482,15800,0.0
5619,1774584652.1396205,89.15885397270426,10.77539199968669,11.215936000098736,15800,0.0
5620,1774584652.1507263,90.10957324037388,10.680448000130127,11.09760000008464,15800,0.0
5621,1774584652.1619928,88.8215582011649,10.837568000169995,11.258527999871148,15800,0.0
5622,1774584652.1730757,90.30069408943343,10.660863999873982,11.07411199973285,15800,0.0
5623,1774584652.1841745,90.1646912185701,10.674464000203443,11.090815999978076,15800,0.0
5624,1774584652.1953025,89.93556296474442,10.678143999939493,11.119072000383312,15800,0.0
5625,1774584652.2064042,90.15480662275448,10.676255999896966,11.092031999851315,15800,0.0
5626,1774584652.217548,89.80504402590306,10.723584000061237,11.135232000015094,15800,0.0
5627,1774584652.2286613,90.05244654314541,10.68784000017331,11.104640000212385,15800,0.0
5628,1774584652.2397738,90.0545226123064,10.668479999822011,11.104383999736456,15800,0.0
5629,1774584652.2509153,89.81924057486404,10.720895999838831,11.133471999983158,15800,0.0
5630,1774584652.2620683,89.735932278857,10.721760000251379,11.14380799981518,15800,0.0
5631,1774584652.2732065,89.85074712784063,10.709023999879719,11.129567999887513,15800,0.0
5632,1774584652.2843454,89.8429975633269,10.705343999688921,11.130528000194317,15800,0.0
5633,1774584652.2955189,89.57208905205425,10.702527999910671,11.164191999796458,15800,0.0
5634,1774584652.3066087,90.23576801425294,10.656927999662003,11.082080000051064,15800,0.0
5635,1774584652.317776,89.61421439308243,10.741888000211475,11.158943999816984,15800,0.0
5636,1774584652.3288848,90.0815201731782,10.673855999812076,11.101055999915843,15800,0.0
5637,1774584652.3400187,89.88356842351736,10.698848000174621,11.125503999664943,15800,0.0
5638,1774584652.3511152,90.17665968270586,10.671840000213706,11.089344000083656,15800,0.0
5639,1774584652.3622723,89.68751435114292,10.729856000125437,11.1498239998582,15800,0.0
5640,1774584652.3734372,89.62732242116726,10.67209599978014,11.157312000250386,15800,0.0
5641,1774584652.384547,90.07425000584605,10.6925120003325,11.101951999989979,15800,0.0
5642,1774584652.3956947,89.76712253767994,10.719712000081927,11.139936000290618,15800,0.0
5643,1774584652.406833,89.85203885251684,10.70540799992159,11.129407999760588,15800,0.0
5644,1774584652.4179912,89.68107973119577,10.730239999702462,11.150624000038079,15800,0.0
5645,1774584652.429101,90.07399037779409,10.684703999686462,11.101984000106313,15800,0.0
5646,1774584652.4401844,90.29312761009655,10.657312000148522,11.07503999992332,15800,0.0
5647,1774584652.4513478,89.64583440860316,10.700319999614294,11.155008000059752,15800,0.0
5648,1774584652.4625864,89.04909811169941,10.695808000036777,11.229759999878297,15734,0.0
5649,1774584652.4737651,89.52641243998019,10.739295999883325,11.169888000040373,15734,0.0
5650,1774584652.4849112,89.80426979495373,10.697727999740891,11.135328000364098,15734,0.0
5651,1774584652.4960258,90.04388378753741,10.68784000017331,11.105695999958698,15734,0.0
5652,1774584652.5071337,90.09710305206855,10.683968000194,11.099136000211729,15734,0.0
5653,1774584652.5182722,89.84170610226379,10.710144000313448,11.130687999866495,15734,0.0
5654,1774584652.5293639,90.22821241482798,10.668320000149834,11.083007999786787,15734,0.0
5655,1774584652.5404665,90.14180387279599,10.668287999578752,11.093632000211073,15734,0.0
5656,1774584652.5516627,89.39784472338178,10.733279999840306,11.185952000232646,15734,0.0
5657,1774584652.5629046,89.03844181130277,10.776191999866569,11.231104000216874,15734,0.0
5658,1774584652.5741496,89.01941905336203,10.752512000181014,11.233503999847017,15734,0.0
5659,1774584652.5854745,88.39469575125389,10.770144000161963,11.312896000163164,15734,0.0
5660,1774584652.5966208,89.80401172827206,10.700127999825781,11.135359999570937,15734,0.0
5661,1774584652.60772,90.17796079530305,10.668160000022908,11.089183999956731,15734,0.0
5662,1774584652.6188247,90.12230678258021,10.673247999875457,11.096032000295963,15734,0.0
5663,1774584652.6301062,88.71338621315962,10.78966400018544,11.272255999756453,15734,0.0
5664,1774584652.6412137,90.09190816257222,10.66707200016026,11.099775999809935,15734,0.0
5665,1774584652.6523614,89.77718021843982,10.719007999796304,11.138688000301045,15734,0.0
5666,1774584652.663506,89.80297944703837,10.694623999825126,11.135488000036275,15734,0.0
5667,1774584652.6746023,90.1909739755149,10.671519999959855,11.08758400005172,15734,0.0
5668,1774584652.6857367,89.8804661728807,10.716671999944083,11.125887999696715,15734,0.0
5669,1774584652.696843,90.10957324037388,10.689856000226428,11.09760000008464,15734,0.0
5670,1774584652.7079532,90.08048150230309,10.670271999970282,11.101184000381181,15734,0.0
5671,1774584652.719048,90.20425129003446,10.683680000056484,11.085952000030375,15734,0.0
5672,1774584652.730172,89.96637416651849,10.709568000038416,11.115264000181924,15734,0.0
5673,1774584652.7412744,90.13998378828343,10.685663999993267,11.09385600011592,15734,0.0
5674,1774584652.7523482,90.37094017366887,10.672672000055172,11.065504000271176,15734,0.0
5675,1774584652.7634869,89.8404146746583,10.680352000235871,11.13084799999342,15734,0.0
5676,1774584652.7745655,90.34246297948728,10.649536000073567,11.068992000218714,15734,0.0
5677,1774584652.7857494,89.4807823926922,10.749344000032579,11.175583999829541,15734,0.0
5678,1774584652.7969062,89.69884151994138,10.713824000049499,11.148416000196448,15734,0.0
5679,1774584652.8080094,90.13218425640284,10.674207999727514,11.094815999967977,15734,0.0
5680,1774584652.8191063,90.17691989926328,10.670784000012645,11.089312000422069,15734,0.0
5681,1774584652.830219,90.0529655523837,10.69433599968761,11.104575999979716,15734,0.0
5682,1774584652.8413227,90.11658924115613,10.675104000256397,11.096735999672092,15734,0.0
5683,1774584652.8524265,90.11814849835153,10.687552000035794,11.096543999883579,15734,0.0
5684,1774584652.863577,89.74289020675225,10.69465599994146,11.142944000312127,15734,0.0
5685,1774584652.874691,90.03791676827193,10.696607999761909,11.106431999905908,15734,0.0
5686,1774584652.8858452,89.71403472247037,10.728767999808042,11.146527999699174,15734,0.0
5687,1774584652.8969297,90.27617286633372,10.673056000086945,11.077120000209106,15734,0.0
5688,1774584652.9080126,90.28817095059773,10.662432000117406,11.075647999859939,15734,0.0
5689,1774584652.9191086,90.18863132835102,10.680448000130127,11.087871999734489,15734,0.0
5690,1774584652.930248,89.83809020293081,10.719136000261642,11.13113599967619,15734,0.0
5691,1774584652.941344,90.18316561747672,10.683647999940149,11.088543999903777,15734,0.0
5692,1774584652.9524255,90.30904477510789,10.664192000149342,11.07308800010287,15734,0.0
5693,1774584652.9635618,89.85565587479985,10.680800000045565,11.128959999950894,15734,0.0
5694,1774584652.9746726,90.06256826561946,10.693600000195147,11.103392000222811,15814,0.0
5695,1774584652.9858763,89.31710286630418,10.788544000206457,11.196064000159822,15814,0.0
5696,1774584652.996997,89.98347183399403,10.697952000100486,11.11315200023455,15814,0.0
5697,1774584653.0081131,90.0246883711283,10.693312000057631,11.108063999927253,15814,0.0
5698,1774584653.0192118,90.15948852857572,10.686432000056811,11.09145600003103,15814,0.0
5699,1774584653.0303144,90.12854493404144,10.673343999769713,11.095264000232419,15814,0.0
5700,1774584653.0414073,90.21570937043235,10.679424000045401,11.084543999913876,15814,0.0
5701,1774584653.0525262,89.99642893903054,10.699295999984315,11.111552000329539,15814,0.0
5702,1774584653.0636456,90.00368655261595,10.70047999974122,11.110655999800656,15814,0.0
5703,1774584653.074784,89.85565587112819,10.710783999911655,11.128960000405641,15814,0.0
5704,1774584653.0859354,89.74752942971107,10.724031999870931,11.142368000037095,15814,0.0
5705,1774584653.0970273,90.21440716832124,10.670207999737613,11.084704000040801,15814,0.0
5706,1774584653.1081283,90.14024379691234,10.679775999960839,11.093823999999586,15814,0.0
5707,1774584653.1192958,89.60984589993548,10.700608000206557,11.159487999975681,15814,0.0
5708,1774584653.1304057,90.07425000584605,10.679647999950248,11.101951999989979,15814,0.0
5709,1774584653.1415331,89.9321983164247,10.703616000228067,11.119488000076672,15814,0.0
5710,1774584653.152712,89.52359125712213,10.72377599984975,11.170239999955811,15814,0.0
5711,1774584653.1638222,90.08697356612755,10.6745600000977,11.100384000201302,15814,0.0
5712,1774584653.1749382,90.03480385059659,10.677183999632689,11.106816000392428,15814,0.0
5713,1774584653.186136,89.3733001195755,10.73257600000943,11.189024000032077,15814,0.0
5714,1774584653.197277,89.82672783674802,10.694304000026023,11.132543999792688,15814,0.0
5715,1774584653.208409,89.90373826822426,10.69932800010065,11.123008000140544,15814,0.0
5716,1774584653.2195365,89.92805755299419,10.665984000297613,11.120000000119035,15814,0.0
5717,1774584653.230655,90.02027977161487,10.693663999973069,11.108607999631204,15814,0.0
5718,1774584653.2428124,82.30333453621273,11.75199999988763,12.150175999977364,15814,0.0
5719,1774584653.2549996,82.09964927049798,11.784927999997308,12.18031999997038,15814,0.0
5720,1774584653.267176,82.17391418697638,11.77350399984789,12.169311999969068,15814,0.0
5721,1774584653.2793837,81.96592315985149,11.790239999754704,12.200191999909293,15814,0.0
5722,1774584653.2915688,82.11690820149403,11.75887999988845,12.177759999758564,15814,0.0
5723,1774584653.3027616,89.41063371134116,10.771199999908276,11.184352000327635,15814,0.0
5724,1774584653.3149347,82.19855488435842,11.757023999962257,12.165663999894605,15814,0.0
5725,1774584653.3260784,89.79807645358248,10.728319999998348,11.136095999972895,15814,0.0
5726,1774584653.3371377,90.48109886076293,10.659808000127668,11.052031999952305,15814,0.0
5727,1774584653.3482277,90.22664934290539,10.687680000046385,11.083200000030047,15814,0.0
5728,1774584653.359314,90.26313509419377,10.657599999831291,11.07871999965937,15814,0.0
5729,1774584653.370384,90.40100439066231,10.667040000043926,11.061824000080378,15814,0.0
5730,1774584653.381534,89.74701393884223,10.741152000264265,11.142431999815017,15814,0.0
5731,1774584653.3926094,90.35604619224063,10.659359999863227,11.067328000081034,15814,0.0
5732,1774584653.4040954,87.12404233121926,11.067999999795575,11.477888000172243,15814,0.0
5733,1774584653.4173608,75.43061831350931,12.86595200008378,13.25721600005636,15814,0.0
5734,1774584653.4306612,75.23086848785948,12.902848000067024,13.292416000240337,15814,0.0
5735,1774584653.4439461,75.3099153637306,12.895679999928689,13.278463999995438,15814,0.0
5736,1774584653.4572237,75.35767767951661,12.888767999811535,13.270048000322276,15814,0.0
5737,1774584653.4704595,75.59813242301142,12.823968000247987,13.22784000012689,15814,0.0
5738,1774584653.4815447,90.27043578200835,10.681247999855259,11.077824000039982,15814,0.0
5739,1774584653.492634,90.24514914310367,10.677983999812568,11.080927999955748,15560,0.0
5740,1774584653.5038705,89.06483349910161,10.827552000137075,11.227775999941514,15560,0.0
5741,1774584653.5149515,90.30930575996508,10.674655999991955,11.073055999986536,15560,0.0
5742,1774584653.5261059,89.72949070980722,10.731487999692035,11.14460799999506,15560,0.0
5743,1774584653.5371888,90.2986066546775,10.670079999727022,11.074368000208779,15560,0.0
5744,1774584653.548263,90.36466842770955,10.668255999917164,11.066271999879973,15560,0.0
5745,1774584653.5594363,89.5615639023841,10.709983999731776,11.1655040000187,15560,0.0
5746,1774584653.5721128,78.94843214547205,12.212543999794434,12.666496000292682,15560,0.0
5747,1774584653.5832427,90.06931734353631,10.665184000117733,11.102560000381345,15560,0.0
5748,1774584653.5943766,89.89960012877563,10.681951999686135,11.12351999972816,15560,0.0
5749,1774584653.606229,84.44006106702227,11.257375999775832,11.842720000004192,15560,0.0
5750,1774584653.6173427,90.06230870859397,10.660576000191213,11.103423999884399,15560,0.0
5751,1774584653.6316626,69.88002996351416,13.872735999939323,14.310240000213525,15560,0.0
5752,1774584653.6445584,77.601191955254,12.435743999958504,12.886399999842979,15560,0.0
5753,1774584653.655808,88.97582420206066,10.742848000063532,11.239007999847672,15560,0.0
5754,1774584653.6670403,89.11258127148018,10.759007999695314,11.221759999898495,15560,0.0
5755,1774584653.6782682,89.14715413762342,10.755488000086189,11.217407999993156,15560,0.0
5756,1774584653.6896052,88.29479442257129,10.832511999979033,11.325695999857999,15560,0.0
5757,1774584653.7007844,89.53462053114544,10.709696000049007,11.168863999955647,15560,0.0
5758,1774584653.7120287,89.01282639109697,10.786175999783154,11.23433600014323,15560,0.0
5759,1774584653.7232177,89.45439972528757,10.711999999784894,11.178879999988567,15560,0.0
5760,1774584653.7343857,89.79007798136028,10.682688000088092,11.137087999941286,15560,0.0
5761,1774584653.7455556,89.60676251477904,10.718175999954838,11.159872000007454,15560,0.0
5762,1774584653.7566636,90.1072348199007,10.666976000266004,11.097887999767408,15560,0.0
5763,1774584653.7678027,89.85513913740378,10.677855999801977,11.129024000183563,15560,0.0
5764,1774584653.778924,90.00342733118518,10.666432000107307,11.11068799991699,15560,0.0
5765,1774584653.7900906,89.63632034798903,10.720799999944575,11.156192000271403,15560,0.0
5766,1774584653.8023221,81.81977655996127,11.782944000060525,12.221984000007069,15560,0.0
5767,1774584653.8141887,84.33887766001095,11.404127999867342,11.856927999815525,15560,0.0
5768,1774584653.8256066,87.65704636625702,10.958368000046903,11.408095999740908,15560,0.0
5769,1774584653.836805,89.3756006048783,10.728255999765679,11.188735999894561,15560,0.0
5770,1774584653.8479862,89.51948803448178,10.705984000196622,11.170751999998174,15560,0.0
5771,1774584653.8593457,88.11032258157425,10.849792000044545,11.349408000114636,15560,0.0
5772,1774584653.8706698,88.38294562900556,10.724063999987266,11.314399999719171,15560,0.0
5773,1774584653.8821816,86.94539272913674,10.83219200017993,11.501471999963542,15560,0.0
5774,1774584653.8933985,89.23854533979599,10.737216000052285,11.205920000065817,15560,0.0
5775,1774584653.9045758,89.55514734170019,10.710976000154915,11.16630400019858,15560,0.0
5776,1774584653.915718,89.82440406953678,10.67823999983375,11.132831999930204,15560,0.0
5777,1774584653.926875,89.7163527789217,10.698111999772664,11.146240000016405,15560,0.0
5778,1774584653.9380586,89.49897756199829,10.714112000187015,11.17331200020999,15560,0.0
5779,1774584653.9493484,88.65348826885612,10.682560000077501,11.279871999704483,15560,0.0
5780,1774584653.9607496,87.78484426386038,10.939007999695605,11.391487999844685,15560,0.0
5781,1774584653.9721372,87.89348153781052,10.707232000186195,11.377408000043943,15560,0.0
5782,1774584653.9852934,76.076451357696,10.845503999917128,13.144671999725688,15560,0.0
5783,1774584653.997349,83.02889405471828,11.169600000357605,12.044000000059896,15560,0.0
5784,1774584654.0157459,54.3887832053429,17.932576000021072,18.3861440000328,15814,0.0
5785,1774584654.0275252,84.9671958661986,11.278752000180248,11.769247999836807,15814,0.0
5786,1774584654.0449493,57.430284228386974,16.882848000022932,17.412416000297526,15814,0.0
5787,1774584654.0618992,59.035222774881696,16.43824000029781,16.939040000124805,15814,0.0
5788,1774584654.0785432,60.122977943571925,16.158207999978913,16.632576000120025,15814,0.0
5789,1774584654.0958843,57.70473640387667,16.620383999907062,17.32960000026651,15814,0.0
5790,1774584654.1123571,60.74601943404129,15.726015999916854,16.461984000216034,15814,0.0
5791,1774584654.1292906,59.09316107675849,16.417727999851195,16.922432000228582,15814,0.0
5792,1774584654.145858,60.39767763764719,16.07456000010643,16.556927999772597,15814,0.0
5793,1774584654.1617377,63.0195330309008,15.394368000215763,15.868095999849174,15814,0.0
5794,1774584654.1785684,59.452127245217895,16.32860800009439,16.820255999846268,15814,0.0
5795,1774584654.1955192,59.03711876202001,16.39104000014413,16.938495999966108,15814,0.0
5796,1774584654.212081,60.422668652161235,16.064127999925404,16.550079999888112,15814,0.0
5797,1774584654.2286992,60.21821152878883,16.126815999996325,16.606271999989985,15814,0.0
5798,1774584654.2455,59.55999931367672,16.28675200026919,16.78979200005415,15814,0.0
5799,1774584654.262413,59.17070131920724,16.41087999996671,16.900256000099034,15814,0.0
5800,1774584654.279112,59.92640079088356,16.07977599996957,16.687136000200553,15814,0.0
5801,1774584654.2952816,61.894670125923554,15.633600000001024,16.15648000006331,15814,0.0
5802,1774584654.3125346,57.99968819359772,16.748223999911716,17.24147200002335,15814,0.0
5803,1774584654.3289804,60.85259845467122,15.929760000290116,16.433151999990514,15814,0.0
5804,1774584654.3452373,61.557796368820235,15.753535999920132,16.24489599998924,15814,0.0
5805,1774584654.3621643,59.120327366858795,16.420863999883295,16.91465599969888,15814,0.0
5806,1774584654.379172,58.8401431004204,16.50662399970315,16.995199999655597,15814,0.0
5807,1774584654.396604,57.40559764351266,16.945855999892956,17.419903999780217,15814,0.0
5808,1774584654.4171898,48.60582927756945,20.068064000042796,20.57366400003957,15814,0.0
5809,1774584654.437847,48.436470724809716,20.163167999726284,20.645600000079867,15814,0.0
5810,1774584654.4556286,56.27284677461325,17.262752000078763,17.770560000371916,15814,0.0
5811,1774584654.4734006,56.30630630573469,17.279231999964395,17.7600000001803,15814,0.0
5812,1774584654.488753,65.18428902233607,14.849248000246007,15.34111999990273,15814,0.0
5813,1774584654.5027115,71.70572429507128,13.441023999803292,13.945888000307605,15814,0.0
5814,1774584654.5139563,89.02119416636532,10.765407999770105,11.23327999994217,15814,0.0
5815,1774584654.528753,67.63761820289514,14.312384000277234,14.78467200013256,14543,0.0
5816,1774584654.5399723,89.21587100415789,10.735231999660755,11.2087679999604,14543,0.0
5817,1774584654.5512547,88.72094211779037,10.784192000301118,11.271295999904396,14543,0.0
5818,1774584654.5639136,79.07148568347087,12.172480000117503,12.646784000025946,14543,0.0
5819,1774584654.5751402,89.16495945462985,10.736960000031104,11.215168000035192,14543,0.0
5820,1774584654.5863945,88.93581537747954,10.767327999928966,11.244064000038634,14543,0.0
5821,1774584654.5977182,88.39344558838549,10.776320000331907,11.31305600029009,14543,0.0
5822,1774584654.6145294,59.52233563731934,16.188255999622925,16.800416000023688,14543,0.0
5823,1774584654.6259184,87.88285285985953,10.844704000191996,11.378784000044107,14543,0.0
5824,1774584654.6375773,85.85188420822345,10.997727999892959,11.64796800003387,14543,0.0
5825,1774584654.6553833,56.19412056672747,17.271872000037547,17.79545599993071,14543,0.0
5826,1774584654.6667423,88.12274581853406,10.824704000242491,11.347808000209625,14543,0.0
5827,1774584654.6786847,83.81206786688014,11.422816000049352,11.931455999729224,14543,0.0
5828,1774584654.6900332,88.21130064603672,10.806272000081663,11.336415999721794,14543,0.0
5829,1774584654.7019763,83.81521494300772,10.84316799961016,11.93100799991953,14543,0.0
5830,1774584654.7134588,87.17994498755867,10.98729600016668,11.470527999790647,14543,0.0
5831,1774584654.7270198,73.80204520264388,13.073824000002787,13.549759999932576,14543,0.0
5832,1774584654.7393484,81.18928665208774,11.820000000170694,12.316895999902044,14543,0.0
5833,1774584654.750504,89.7282025062392,10.705279999911,11.144768000121985,14543,0.0
5834,1774584654.7617316,89.14410251124087,10.767199999918375,11.217792000024929,14543,0.0
5835,1774584654.7729383,89.31863458312604,10.738464000041859,11.195871999916562,14543,0.0
5836,1774584654.7861798,75.57930022129318,12.774368000009417,13.231135999831167,14543,0.0
5837,1774584654.7973654,89.48206349807568,10.72764799982906,11.175424000157363,14543,0.0
5838,1774584654.8085265,89.6687278504962,10.695488000237674,11.152160000165168,14543,0.0
5839,1774584654.8197339,89.3099555611272,10.724480000135372,11.19695999977921,14543,0.0
5840,1774584654.8309216,89.46720490070254,10.687296000014612,11.177280000083556,14543,0.0
5841,1774584654.8422024,88.73202643881373,10.802367999986018,11.269888000242645,14543,0.0
5842,1774584654.8545346,81.15260064780992,11.854719999973895,12.32246400013537,14543,0.0
5843,1774584654.8668501,81.26381485008791,11.864256000080786,12.305599999763217,14543,0.0
5844,1774584654.8781092,88.89280807555515,10.787423999772727,11.24950399980662,14543,0.0
5845,1774584654.8916106,74.12309414781888,12.99996799980363,13.491071999851556,14543,0.0
5846,1774584654.9028096,89.37866810163496,10.735039999872242,11.188351999862789,14543,0.0
5847,1774584654.9144237,86.18026981924253,10.712895999859029,11.603584000113187,14543,0.0
5848,1774584654.9255674,89.81304516480743,10.686655999961658,11.134240000046702,14543,0.0
5849,1774584654.9379456,80.85088767832052,11.912192000181676,12.368447999961063,14543,0.0
5850,1774584654.949099,89.7428902104147,10.696511999867653,11.14294399985738,14543,0.0
5851,1774584654.9616978,79.43366970825956,12.135263999880408,12.589120000029652,14543,0.0
5852,1774584654.9729068,89.29796086487895,10.732319999988249,11.198463999789965,14543,0.0
5853,1774584654.9842203,88.47352730585563,10.856607999812695,11.302815999897575,14543,0.0
5854,1774584654.995387,89.63169261848789,10.676959999727842,11.156768000091688,14543,0.0
5855,1774584655.0065515,89.6620386708253,10.70873600019695,11.152992000006634,14543,0.0
5856,1774584655.0177479,89.40014647243966,10.733760000221082,11.18566400009513,14543,0.0
5857,1774584655.0288734,89.96171229522928,10.694111999782763,11.115840000002208,15280,0.0
5858,1774584655.0399911,90.01457516068383,10.689376000300399,11.109311999916827,15280,0.0
5859,1774584655.0511208,89.92365840870961,10.684863999813388,11.120544000277732,15280,0.0
5860,1774584655.0622768,89.71274695898947,10.710592000123142,11.146688000280847,15280,0.0
5861,1774584655.0734172,89.83524933915699,10.70886400020754,11.131488000046375,15280,0.0
5862,1774584655.084544,89.9456584314959,10.68009600021469,11.117823999938992,15280,0.0
5863,1774584655.0956874,89.81433580200272,10.705952000080288,11.134080000374524,15280,0.0
5864,1774584655.1067998,90.06256826561946,10.684928000046057,11.103392000222811,15280,0.0
5865,1774584655.1179683,89.60701945635032,10.74079999989408,11.159839999891119,15280,0.0
5866,1774584655.1291044,89.87529622732518,10.7084159999431,11.126528000204416,15280,0.0
5867,1774584655.1402276,89.96274822528274,10.699519999889162,11.115711999991618,15280,0.0
5868,1774584655.1513758,89.76995909426624,10.678944000119373,11.139583999920433,15280,0.0
5869,1774584655.16249,90.05374407745845,10.675615999844013,11.104479999630712,15280,0.0
5870,1774584655.1736367,89.7854343586391,10.724768000272888,11.137664000216319,15280,0.0
5871,1774584655.1847408,90.12100727915227,10.685344000194164,11.096191999968141,15280,0.0
5872,1774584655.1958382,90.17431777908072,10.67081600012898,11.089631999766425,15280,0.0
5873,1774584655.206976,89.86314920559754,10.695359999772336,11.128032000215171,15280,0.0
5874,1774584655.2181666,89.43187151396221,10.756864000086352,11.181696000221564,15280,0.0
5875,1774584655.229281,90.04777574763591,10.692096000184392,11.10521600003267,15280,0.0
5876,1774584655.240382,90.1496050733881,10.680800000045565,11.092671999904269,15280,0.0
5877,1774584655.2515438,89.65998066191176,10.69411200023751,11.153248000027816,15280,0.0
5878,1774584655.2627327,89.45132702816399,10.756031999790139,11.17926400002034,15280,0.0
5879,1774584655.2739396,89.30459582924313,10.773759999665344,11.197631999948499,15280,0.0
5880,1774584655.2850695,89.92521100023633,10.684768000373879,11.120352000034472,15280,0.0
5881,1774584655.2961948,89.96870528519402,10.694208000131766,11.114976000044408,15280,0.0
5882,1774584655.3073463,89.73876686092689,10.682816000098683,11.143455999899743,15280,0.0
5883,1774584655.3185084,89.67027165133567,10.699039999963134,11.151967999921908,15280,0.0
5884,1774584655.3297865,88.74185349943711,10.832319999735773,11.268639999798324,15280,0.0
5885,1774584655.3409433,89.7158376424736,10.71721600010278,11.146304000249074,15280,0.0
5886,1774584655.352066,89.98735857705137,10.687680000046385,11.112671999853774,15280,0.0
5887,1774584655.3631847,90.01172312449464,10.693503999846143,11.109664000287012,15280,0.0
5888,1774584655.3743324,89.77331161720868,10.702783999931853,11.139167999772326,15280,0.0
5889,1774584655.385459,89.95109538664313,10.688127999856079,11.11715200022445,15280,0.0
5890,1774584655.3965676,90.0924276230875,10.673279999991792,11.099712000032014,15280,0.0
5891,1774584655.4077053,89.85565587479985,10.69171200015262,11.128959999950894,15280,0.0
5892,1774584655.4188185,90.06023228042855,10.672064000118553,11.103680000360328,15280,0.0
5893,1774584655.429953,89.88486108839874,10.708192000038252,11.125343999992765,15280,0.0
5894,1774584655.441072,90.00290889648683,10.679871999855095,11.110751999694912,15280,0.0
5895,1774584655.452203,89.90942883893877,10.69158400014203,11.122303999854921,15280,0.0
5896,1774584655.4633567,89.73052129856158,10.68297599977086,11.144479999984469,15280,0.0
5897,1774584655.4745557,89.3658882522563,10.75561600009678,11.189952000222547,15280,0.0
5898,1774584655.4856994,89.81304516480743,10.703872000249248,11.134240000046702,15280,0.0
5899,1774584655.4968052,90.11970781319972,10.672927999621606,11.09635199964032,15280,0.0
5900,1774584655.5078924,90.26261365956272,10.663263999958872,11.078783999892039,15280,0.0
5901,1774584655.5189874,90.19565963866225,10.666111999853456,11.087008000231435,15280,0.0
5902,1774584655.5301125,89.95549721588502,10.695424000005005,11.116608000065753,15280,0.0
5903,1774584655.5412207,90.08853180231296,10.684672000024875,11.100191999958042,15600,0.0
5904,1774584655.552364,89.80323751512192,10.694815999613638,11.135455999919941,15600,0.0
5905,1774584655.5635283,89.65483605293137,10.683520000384306,11.15388800008077,15600,0.0
5906,1774584655.5746593,89.90787679232906,10.681087999728334,11.122496000098181,15600,0.0
5907,1774584655.585831,89.59751363233266,10.718080000060581,11.16102400010277,15600,0.0
5908,1774584655.5969598,89.93297475477901,10.692031999951723,11.119391999727668,15600,0.0
5909,1774584655.6080859,89.95912257262987,10.680288000003202,11.116160000256059,15600,0.0
5910,1774584655.6192157,89.92883391985046,10.67763199989713,11.119903999770031,15600,0.0
5911,1774584655.630398,89.50179719737096,10.693887999877916,11.172959999839804,15600,0.0
5912,1774584655.6415274,89.91693114136974,10.69766399996297,11.121376000119199,15600,0.0
5913,1774584655.6526408,90.05088955870015,10.671391999949265,11.104832000000897,15600,0.0
5914,1774584655.663764,89.96430216325712,10.674304000076518,11.115520000203105,15600,0.0
5915,1774584655.6749027,89.85074712416939,10.706047999974544,11.12956800034226,15600,0.0
5916,1774584655.68608,89.53821204250734,10.741759999746137,11.168416000145953,15600,0.0
5917,1774584655.697175,90.19722163703867,10.674847999780468,11.086815999988175,15600,0.0
5918,1774584655.7082894,90.04466215190511,10.664224000265676,11.105600000064442,15600,0.0
5919,1774584655.7194383,89.77021697260233,10.682527999961167,11.139551999804098,15600,0.0
5920,1774584655.7305772,89.85023045057201,10.687296000014612,11.129631999665435,15600,0.0
5921,1774584655.7421417,86.54256232479618,11.122751999664615,11.555007999959344,15600,0.0
5922,1774584655.7543654,81.86478818542912,11.792576000061672,12.215264000133175,15600,0.0
5923,1774584655.76548,90.04673785846747,10.687263999898278,11.10534400004326,15600,0.0
5924,1774584655.77659,90.07528852933146,10.680288000003202,11.101823999979388,15600,0.0
5925,1774584655.7877216,89.90942883526272,10.693952000110585,11.122304000309668,15600,0.0
5926,1774584655.7988691,89.78027534682587,10.671647999970446,11.138303999814525,15600,0.0
5927,1774584655.8100953,89.14944299542749,10.77798400001484,11.21711999985564,15600,0.0
5928,1774584655.8213882,88.620553730068,10.854655999992247,11.284063999937644,15600,0.0
5929,1774584655.8325043,90.02961614260217,10.681151999961003,11.107455999990634,15600,0.0
5930,1774584655.8436337,89.91900096313918,10.670239999853948,11.121120000098017,15600,0.0
5931,1774584655.8547335,90.16625214080901,10.674655999991955,11.090624000189564,15600,0.0
5932,1774584655.8659043,89.58672568412011,10.730592000072647,11.1623679999866,15600,0.0
5933,1774584655.878191,81.44468537590139,11.863071999869135,12.278272000003199,15600,0.0
5934,1774584655.8904107,81.89718431031149,11.783167999965372,12.21043199984706,15600,0.0
5935,1774584655.9018931,87.15684606275904,11.040607999802887,11.473568000383239,15600,0.0
5936,1774584655.915129,75.60288766838286,12.80505600016113,13.227007999830676,15600,0.0
5937,1774584655.9273987,81.55819209508986,11.81548800013843,12.261184000180947,15600,0.0
5938,1774584655.9385102,90.06801936779269,10.688319999644591,11.102720000053523,15600,0.0
5939,1774584655.9496157,90.1072348199007,10.697952000100486,11.097887999767408,15600,0.0
5940,1774584655.9606857,90.39734333145462,10.664447999715776,11.062271999890072,15600,0.0
5941,1774584655.9717975,90.05971319111367,10.67948800027807,11.10374400013825,15600,0.0
5942,1774584655.9828882,90.23550745795829,10.666399999990972,11.082111999712652,15600,0.0
5943,1774584655.994036,89.7686697284739,10.742624000158685,11.139744000047358,15600,0.0
5944,1774584656.0051079,90.38348628511733,10.662463999778993,11.063968000144087,15600,0.0
5945,1774584656.0162153,90.09580427168432,10.686208000151964,11.099296000338654,15600,0.0
5946,1774584656.027333,90.01198239371358,10.674815999664133,11.109632000170677,15600,0.0
5947,1774584656.0396833,81.03076316891024,11.909216000276501,12.340991999735706,15600,0.0
5948,1774584656.0519068,81.87100797003544,11.767903999952978,12.214335999942705,15640,0.0
5949,1774584656.0631068,89.3492799158555,10.752191999927163,11.192032000053587,15640,0.0
5950,1774584656.0742688,89.6517495709187,10.746495999683248,11.154272000112542,15640,0.0
5951,1774584656.0853982,89.91667241942942,10.683295999569964,11.121408000235533,15640,0.0
5952,1774584656.096491,90.22222093752536,10.664576000181114,11.083744000188744,15640,0.0
5953,1774584656.107608,90.02027976792976,10.675359999822831,11.108608000085951,15640,0.0
5954,1774584656.1186984,90.2313387137444,10.670975999801158,11.082624000209762,15640,0.0
5955,1774584656.1298113,90.04803522458825,10.711775999880047,11.105183999916335,15640,0.0
5956,1774584656.1408603,90.56343497851802,10.663039999599278,11.041983999803051,15640,0.0
5957,1774584656.1520052,89.7854343586391,10.71081600002799,11.137664000216319,15640,0.0
5958,1774584656.1631103,90.11918803435688,10.687136000342434,11.096415999872988,15640,0.0
5959,1774584656.174274,89.64660590645303,10.7200960001137,11.154912000165496,15640,0.0
5960,1774584656.1854522,89.53462053114544,10.751519999757875,11.168863999955647,15640,0.0
5961,1774584656.196506,90.53404949306214,10.659040000064124,11.045568000099593,15640,0.0
5962,1774584656.207575,90.41198935147749,10.649568000189902,11.060480000196549,15640,0.0
5963,1774584656.2186809,90.10931341234485,10.706239999763056,11.097631999746227,15640,0.0
5964,1774584656.2298148,89.87529623099843,10.730272000273544,11.126527999749669,15640,0.0
5965,1774584656.240915,90.14414409157142,10.678912000003038,11.093344000073557,15640,0.0
5966,1774584656.2520063,90.22769138360236,10.67750399988654,11.083072000019456,15640,0.0
5967,1774584656.2630656,90.4782171893382,10.667936000118061,11.052383999867743,15640,0.0
5968,1774584656.2741885,89.95653300280645,10.698752000280365,11.116480000055162,15640,0.0
5969,1774584656.2852557,90.41460521413623,10.673375999886048,11.060159999942698,15640,0.0
5970,1774584656.2963393,90.27878087570774,10.670656000002054,11.076799999955256,15640,0.0
5971,1774584656.3074863,89.77408531078228,10.676383999907557,11.13907199987807,15640,0.0
5972,1774584656.3185554,90.41486680575336,10.655743999905098,11.06012800028111,15640,0.0
5973,1774584656.329702,89.78491843224373,10.729279999850405,11.13772799999424,15640,0.0
5974,1774584656.3407943,90.22508632883962,10.661280000022089,11.08339199981856,15640,0.0
5975,1774584656.351895,90.1503852666051,10.684960000162391,11.092576000010013,15640,0.0
5976,1774584656.3630562,89.65612215074083,10.744767999767646,11.153727999953844,15640,0.0
5977,1774584656.3741946,89.8458389135036,10.709055999996053,11.13017600027888,15640,0.0
5978,1774584656.385271,90.34925407719098,10.662367999884736,11.0681599999225,15640,0.0
5979,1774584656.3963678,90.18706962378594,10.673312000108126,11.088064000432496,15640,0.0
5980,1774584656.4076583,88.63840070904631,10.647135999988677,11.281791999863344,15640,0.0
5981,1774584656.418748,90.24462791995833,10.667168000054517,11.08099199973367,15640,0.0
5982,1774584656.4298763,89.9239171745311,10.724127999765187,11.12051199970665,15640,0.0
5983,1774584656.4409375,90.46433533943895,10.648896000020613,11.054080000121758,15640,0.0
5984,1774584656.4520338,90.18134385860077,10.684608000246953,11.088768000263372,15640,0.0
5985,1774584656.4631107,90.33932897558569,10.66934400023456,11.069375999795739,15640,0.0
5986,1774584656.4742348,89.95601510820406,10.711040000387584,11.116543999833084,15640,0.0
5987,1774584656.4853196,90.27617287003983,10.669312000118225,11.077119999754359,15640,0.0
5988,1774584656.4963892,90.40152742545195,10.651840000264201,11.061759999847709,15640,0.0
5989,1774584656.5075235,89.88072468283274,10.664767999969627,11.125856000035128,15640,0.0
5990,1774584656.518633,90.0828185417659,10.68585599978178,11.100895999788918,15640,0.0
5991,1774584656.5301695,86.75013186061076,11.10975999972652,11.527359999945475,15640,0.0
5992,1774584656.5412555,90.27200037141063,10.678847999770369,11.077631999796722,15640,0.0
5993,1774584656.552362,90.09944095407793,10.682048000035138,11.098847999619466,15640,0.0
5994,1774584656.5645065,82.40034173193958,11.726367999926879,12.135871999817027,15814,0.0
5995,1774584656.576664,82.31439092648635,11.743776000002981,12.148543999956019,15814,0.0
5996,1774584656.5888402,82.18320674641804,11.758912000004784,12.167936000423651,15814,0.0
5997,1774584656.600087,88.98038445199144,10.81958399981886,11.238432000027387,15814,0.0
5998,1774584656.61145,88.07357031894632,10.889535999922373,11.354144000051747,15814,0.0
5999,1774584656.6228373,87.88310001011953,10.957760000110284,11.378751999927772,15814,0.0
6000,1774584656.6356902,77.85348596822087,12.399839999943651,12.844639999912033,15814,0.0
6001,1774584656.6473444,86.39971688664156,11.092895999809116,11.574111999834713,15814,0.0
6002,1774584656.6602397,77.61449068749482,12.374335999993491,12.884192000001349,15814,0.0
6003,1774584656.6817055,46.60846946784092,20.976799999971263,21.455327999774454,15814,0.0
6004,1774584656.6930668,88.08871449492972,10.909472000093956,11.352192000231298,15814,0.0
6005,1774584656.7066176,73.8438999044698,13.099616000090464,13.542079999751877,15814,0.0
6006,1774584656.718845,81.8482781741686,11.784064000039507,12.217727999995986,15814,0.0
6007,1774584656.7310586,81.92616944652349,11.782752000272012,12.206112000058056,15814,0.0
6008,1774584656.7432797,81.87701417542978,11.768639999900188,12.21343999986857,15814,0.0
6009,1774584656.7544138,89.88718798476262,10.699808000026678,11.125055999855249,15814,0.0
6010,1774584656.7655551,89.82440406953678,10.685184000067238,11.132831999930204,15814,0.0
6011,1774584656.776673,90.02053908644413,10.687520000374207,11.108575999969617,15814,0.0
6012,1774584656.7877927,89.99876161916816,10.691871999824798,11.111263999737275,15814,0.0
6013,1774584656.7989426,89.75448915989107,10.715007999806403,11.141504000079294,15814,0.0
6014,1774584656.8100955,89.72562621372576,10.715392000292923,11.145087999921088,15814,0.0
6015,1774584656.8212135,90.01457516068383,10.695680000026186,11.109311999916827,15814,0.0
6016,1774584656.8323236,90.07347112986967,10.68223999982365,11.102047999884235,15814,0.0
6017,1774584656.8434775,89.71789821643993,10.691968000173802,11.146048000227893,15814,0.0
6018,1774584656.8545592,90.2996503618458,10.66400000036083,11.07423999974344,15814,0.0
6019,1774584656.865715,89.70965649210396,10.736063999956968,11.147071999857872,15814,0.0
6020,1774584656.8767948,90.3153088094924,10.653152000031696,11.072319999584579,15814,0.0
6021,1774584656.8879442,89.76428616401152,10.707936000017071,11.140288000206056,15814,0.0
6022,1774584656.9002728,81.17262625267227,11.883904000114853,12.319423999997525,15814,0.0
6023,1774584656.9114301,89.70373368259413,10.707423999974708,11.147808000259829,15814,0.0
6024,1774584656.9225435,90.05711782691832,10.695231999761745,11.104063999937352,15814,0.0
6025,1774584656.9337013,89.6929201456669,10.742943999957788,11.149151999688911,15814,0.0
6026,1774584656.9448104,90.08281853807566,10.68537599985575,11.100896000243665,15814,0.0
6027,1774584656.9559526,89.81769164405429,10.719840000092518,11.13366399977167,15814,0.0
6028,1774584656.9670348,90.29938943279181,10.664895999980217,11.074271999859775,15814,0.0
6029,1774584656.978177,89.82492044982176,10.713055999985954,11.132768000152282,15814,0.0
6030,1774584656.9892888,90.05997274055566,10.681248000310006,11.103711999567167,15814,0.0
6031,1774584657.0004084,89.99461472035672,10.69286399979319,11.111776000234386,15814,0.0
6032,1774584657.01154,89.9047728672071,10.67427200041493,11.122879999675206,15814,0.0
6033,1774584657.0226452,90.11087241776575,10.694751999835717,11.097439999957714,15814,0.0
6034,1774584657.0337377,90.21753251432523,10.68371199971807,11.08432000000903,15814,0.0
6035,1774584657.0448327,90.19904403377376,10.6902400002582,11.086592000083328,15814,0.0
6036,1774584657.0559092,90.34246298319881,10.673184000097535,11.068991999763966,15814,0.0
6037,1774584657.0670102,90.14726457106428,10.680192000108946,11.092960000041785,15814,0.0
6038,1774584657.0781472,89.86263238568581,10.718592000102944,11.128095999993093,15694,0.0
6039,1774584657.089246,90.17041486927515,10.679007999897294,11.0901120001472,15694,0.0
6040,1774584657.100347,90.15844806262545,10.672448000150325,11.091584000041621,15694,0.0
6041,1774584657.1115394,89.42931220972602,10.711263999837684,11.182016000020667,15694,0.0
6042,1774584657.122669,89.93193951029711,10.692159999962314,11.119519999738259,15694,0.0
6043,1774584657.1338074,89.84454737075298,10.717120000208524,11.130335999951058,15694,0.0
6044,1774584657.1449146,90.09268735374599,10.683839999728661,11.099680000370427,15694,0.0
6045,1774584657.1560326,90.02442902870807,10.684607999792206,11.108096000043588,15694,0.0
6046,1774584657.1671538,89.99202310680057,10.68444799966528,11.112096000033489,15694,0.0
6047,1774584657.1783223,89.60213783671006,10.741888000211475,11.160447999827738,15694,0.0
6048,1774584657.1894405,90.00653807585563,10.688479999771516,11.110303999885218,15694,0.0
6049,1774584657.2005548,90.0348038542829,10.687839999718562,11.10681599993768,15694,0.0
6050,1774584657.2116466,90.21987666686564,10.664384000392602,11.084031999871513,15694,0.0
6051,1774584657.222763,90.02494771504277,10.678015999928903,11.108031999810919,15694,0.0
6052,1774584657.2338984,89.87943213692189,10.707999999794993,11.126015999707306,15694,0.0
6053,1774584657.245055,89.70579370424873,10.692383999867161,11.1475519997839,15694,0.0
6054,1774584657.2562058,89.75010698387351,10.704639999858045,11.142047999783244,15694,0.0
6055,1774584657.2673452,89.84273927034631,10.688672000014776,11.130559999855905,15694,0.0
6056,1774584657.2784555,90.07347112986967,10.686015999908705,11.102047999884235,15694,0.0
6057,1774584657.2896173,89.65252117058492,10.740767999777745,11.154176000218285,15694,0.0
6058,1774584657.3007028,90.27539049438676,10.668767999959528,11.077216000103363,15694,0.0
6059,1774584657.3118088,90.10931340865244,10.680479999791714,11.097632000200974,15694,0.0
6060,1774584657.3229291,89.98528560711023,10.695200000100158,11.112927999874955,15694,0.0
6061,1774584657.3340805,89.73799377599585,10.733120000168128,11.143551999794,15694,0.0
6062,1774584657.345185,90.12074738148644,10.67916800002422,11.096224000084476,15694,0.0
6063,1774584657.356341,89.70708126079873,10.712096000133897,11.147392000111722,15694,0.0
6064,1774584657.3675008,89.68494039455767,10.677856000256725,11.150143999657303,15694,0.0
6065,1774584657.3786104,90.07762529565673,10.674847999780468,11.101535999841872,15694,0.0
6066,1774584657.3897758,89.63143553540036,10.737023999809026,11.156800000208023,15694,0.0
6067,1774584657.400873,90.18290536117408,10.66854400005468,11.088576000020112,15694,0.0
6068,1774584657.4119608,90.25609625717978,10.660416000064288,11.079584000071918,15694,0.0
6069,1774584657.4230928,89.89261787325495,10.706047999974544,11.124384000140708,15694,0.0
6070,1774584657.4342418,89.76351263933053,10.731295999903523,11.140384000100312,15694,0.0
6071,1774584657.445365,89.96378417919445,10.69318400004704,11.115583999981027,15694,0.0
6072,1774584657.456493,89.93659829632897,10.700031999931525,11.118943999917974,15694,0.0
6073,1774584657.4676094,90.02183569774135,10.685503999866341,11.108415999842691,15694,0.0
6074,1774584657.478701,90.21805342822977,10.67481600011888,11.08425599977636,15694,0.0
6075,1774584657.4899213,89.19066252526345,10.800192000260722,11.211935999654088,15694,0.0
6076,1774584657.5010097,90.24671285236897,10.671072000150161,11.080736000167235,15694,0.0
6077,1774584657.5121121,90.13478394915629,10.678623999865522,11.094496000168874,15694,0.0
6078,1774584657.5232594,89.77460111268519,10.70313599984729,11.139008000100148,15694,0.0
6079,1774584657.534348,90.24723410330215,10.676928000066255,11.080671999934566,15694,0.0
6080,1774584657.5454423,90.19956473419545,10.676639999928739,11.08652799985066,15694,0.0
6081,1774584657.5565524,90.06620225795898,10.683616000278562,11.102944000413117,15694,0.0
6082,1774584657.5676837,89.90089325482293,10.686879999866505,11.123360000055982,15694,0.0
6083,1774584657.5788429,89.68262395372827,10.6731519999812,11.150432000249566,15694,0.0
6084,1774584657.590517,85.72541532432659,11.208383999928628,11.665151999750378,15720,0.0
6085,1774584657.601782,88.83822346355818,10.826879999967787,11.256415999923775,15720,0.0
6086,1774584657.6129134,89.90684212558301,10.687424000025203,11.122624000108772,15720,0.0
6087,1774584657.6240697,89.71480739464447,10.70854399995369,11.146431999804918,15720,0.0
6088,1774584657.6352906,89.18862609817619,10.766848000002938,11.21219199967527,15720,0.0
6089,1774584657.6464875,89.37278891871982,10.740000000168948,11.189087999809999,15720,0.0
6090,1774584657.6577485,88.88092515943744,10.79587200001697,11.251007999817375,15720,0.0
6091,1774584657.6689181,89.61010285918991,10.707967999678658,11.159455999859347,15720,0.0
6092,1774584657.6800876,89.61421439308243,10.712832000081107,11.158943999816984,15720,0.0
6093,1774584657.691415,88.34271886531205,10.844064000139042,11.31955199980439,15720,0.0
6094,1774584657.7026134,89.38557073835456,10.723935999976675,11.187487999904988,15720,0.0
6095,1774584657.7138274,89.2515436943455,10.761407999780204,11.204288000044471,15720,0.0
6096,1774584657.7249987,89.58441431760336,10.695232000216492,11.162656000124116,15720,0.0
6097,1774584657.736117,90.02676315322668,10.677728000246134,11.10780800036082,15720,0.0
6098,1774584657.7475057,87.87247383916707,10.71040000033463,11.380128000382683,15720,0.0
6099,1774584657.758682,89.55463405846059,10.727328000029956,11.1663679999765,15720,0.0
6100,1774584657.7698526,89.5916056245182,10.728352000114683,11.16176000004998,15720,0.0
6101,1774584657.780978,89.9606763890332,10.692192000078649,11.1159680000128,15720,0.0
6102,1774584657.7920752,90.18160410589087,10.672863999843685,11.088736000147037,15720,0.0
6103,1774584657.803166,90.23446523671866,10.671424000065599,11.082239999723242,15720,0.0
6104,1774584657.8142824,90.02027976792976,10.705056000006152,11.108608000085951,15720,0.0
6105,1774584657.8253896,90.10229854438782,10.689823999655346,11.098496000158775,15720,0.0
6106,1774584657.8364637,90.37642866975222,10.66435199982152,11.064832000101887,15720,0.0
6107,1774584657.8475716,90.09138870435625,10.677184000087436,11.099840000042605,15720,0.0
6108,1774584657.8586638,90.22222094122702,10.68076799992923,11.083743999733997,15720,0.0
6109,1774584657.8697753,90.0529655523837,10.706560000016907,11.104575999979716,15720,0.0
6110,1774584657.8808565,90.29573659548808,10.68323200024679,11.074720000124216,15720,0.0
6111,1774584657.8919728,90.01379731638312,10.7146880000073,11.109407999811083,15720,0.0
6112,1774584657.9030535,90.30252066984349,10.674655999991955,11.073887999828003,15720,0.0
6113,1774584657.9151611,82.64943679307929,11.692351999954553,12.099296000087634,15720,0.0
6114,1774584657.9265127,88.15904173198255,10.93395199995939,11.343136000050436,15720,0.0
6115,1774584657.9376516,89.8380901992606,10.732191999977658,11.131136000130937,15720,0.0
6116,1774584657.948739,90.25166496454086,10.671775999981037,11.080127999775868,15720,0.0
6117,1774584657.9598327,90.21909527038412,10.67388799992841,11.08412799976577,15720,0.0
6118,1774584657.9709113,90.32052949518328,10.667743999874801,11.071679999986372,15720,0.0
6119,1774584657.9820383,89.92909270810381,10.710240000207705,11.119872000108444,15720,0.0
6120,1774584657.9931357,90.17587903464843,10.675168000034319,11.089439999977913,15720,0.0
6121,1774584658.0042624,89.93711596738197,10.69433599968761,11.118880000140052,15720,0.0
6122,1774584658.0154076,89.80220525535422,10.679135999907885,11.135583999930532,15720,0.0
6123,1774584658.02653,89.98347183399403,10.702976000175113,11.11315200023455,15720,0.0
6124,1774584658.0376472,90.01924251249731,10.699488000227575,11.108736000096542,15720,0.0
6125,1774584658.0487683,89.99124565220816,10.68931200006773,11.112191999927745,15720,0.0
6126,1774584658.0598931,89.9498008123181,10.675968000214198,11.117312000351376,15720,0.0
6127,1774584658.070997,90.12412615698962,10.678687999643444,11.095807999936369,15720,0.0
6128,1774584658.0821342,89.8582396399165,10.713471999679314,11.12864000015179,15720,0.0
6129,1774584658.0933058,89.5831302798728,10.724927999945066,11.162815999796294,15720,0.0
6130,1774584658.1044254,90.00472344590335,10.67081600012898,11.110528000244813,15734,0.0
6131,1774584658.1156273,89.34595899151012,10.692384000321908,11.192447999746946,15734,0.0
6132,1774584658.126747,90.00187203764033,10.681216000193672,11.11088000016025,15734,0.0
6133,1774584658.1379318,89.4838571137963,10.749632000170095,11.17519999979777,15734,0.0
6134,1774584658.1491003,89.6057347668802,10.735968000062712,11.160000000018044,15734,0.0
6135,1774584658.1602333,89.89184213525999,10.705312000027334,11.124480000034964,15734,0.0
6136,1774584658.1714282,89.3929858710381,10.756032000244886,11.186559999714518,15734,0.0
6137,1774584658.182541,90.06049183286255,10.689824000110093,11.103647999789246,15734,0.0
6138,1774584658.1937318,89.42112341461495,10.740511999756563,11.183040000105393,15734,0.0
6139,1774584658.204831,90.1667724626968,10.677952000150981,11.090559999956895,15734,0.0
6140,1774584658.215924,90.20763632995467,10.668864000308531,11.085535999882268,15734,0.0
6141,1774584658.2270393,90.02831930716873,10.695680000026186,11.10761600011756,15734,0.0
6142,1774584658.238177,89.84609723164887,10.720512000261806,11.130143999707798,15734,0.0
6143,1774584658.2493026,89.9472117791329,10.7030079998367,11.11763200015048,15734,0.0
6144,1774584658.260463,89.65586492749603,10.677664000013465,11.153760000070179,15734,0.0
6145,1774584658.2716012,89.85513914107538,10.685279999961494,11.129023999728815,15734,0.0
6146,1774584658.2826905,90.23889484048823,10.66214399997989,11.081696000019292,15734,0.0
6147,1774584658.2938256,89.86676712612798,10.716064000007464,11.12758399995073,15734,0.0
6148,1774584658.3049142,90.23863426613585,10.66841600004409,11.08172799968088,15734,0.0
6149,1774584658.316008,90.19331674808161,10.682207999707316,11.087295999914204,15734,0.0
6150,1774584658.327102,90.20008543692913,10.673664000023564,11.086464000072738,15734,0.0
6151,1774584658.3382583,89.7014162781832,10.734431999935623,11.148095999942598,15734,0.0
6152,1774584658.349361,90.1293247664666,10.677087999738433,11.095167999883415,15734,0.0
6153,1774584658.360477,90.02546640366891,10.695200000100158,11.107968000032997,15734,0.0
6154,1774584658.3715968,89.99902081004052,10.67801600038365,11.111232000075688,15734,0.0
6155,1774584658.3827348,89.85074712784063,10.696319999624393,11.129567999887513,15734,0.0
6156,1774584658.3939018,89.61704129058784,10.722368000187998,11.158591999901546,15734,0.0
6157,1774584658.4050138,90.05893456651687,10.692479999761417,11.103840000032505,15734,0.0
6158,1774584658.4160976,90.28582324782572,10.664160000033007,11.075935999997455,15734,0.0
6159,1774584658.4272017,90.12230678627368,10.692319999634492,11.096031999841216,15734,0.0
6160,1774584658.4383335,89.89184213893459,10.685471999750007,11.124479999580217,15734,0.0
6161,1774584658.4494746,89.82053139379488,10.706592000133242,11.133311999856232,15734,0.0
6162,1774584658.460576,90.14024379691234,10.678623999865522,11.093823999999586,15734,0.0
6163,1774584658.471697,89.97673561462392,10.694271999909688,11.113984000076016,15734,0.0
6164,1774584658.4827871,90.24567037597348,10.667424000075698,11.080863999723078,15734,0.0
6165,1774584658.4939213,89.87917363073133,10.717343999658624,11.12604799982364,15734,0.0
6166,1774584658.5050173,90.18108361651102,10.679104000246298,11.088799999924959,15734,0.0
6167,1774584658.5161233,90.10203875830973,10.685920000014448,11.098527999820362,15734,0.0
6168,1774584658.5272183,90.18915190485957,10.666815999684331,11.087807999956567,15734,0.0
6169,1774584658.5383723,89.99357805996867,10.695743999804108,11.11190399979023,15734,0.0
6170,1774584658.549771,87.7942159768008,10.967648000132613,11.390271999971446,15734,0.0
6171,1774584658.5609086,89.8546224096225,10.695840000153112,11.129087999961484,15734,0.0
6172,1774584658.57201,90.14752462169776,10.672511999928247,11.09292799992545,15734,0.0
6173,1774584658.5831091,90.15454653010626,10.674912000013137,11.09206399996765,15734,0.0
6174,1774584658.594297,89.45107097868903,10.737216000052285,11.179296000136674,15734,0.0
6175,1774584658.605866,86.49992249795113,11.13779200022691,11.560703999748512,15800,0.0
6176,1774584658.6170154,89.75835614268878,10.71375999981683,11.141024000153266,15800,0.0
6177,1774584658.6281724,89.70888390499196,10.715360000176588,11.147168000206875,15800,0.0
6178,1774584658.6393225,89.75062251027485,10.67750399988654,11.141984000005323,15800,0.0
6179,1774584658.6504462,89.96352518755965,10.700767999878735,11.115616000097361,15800,0.0
6180,1774584658.661654,89.2839286049368,10.748416000296857,11.200224000276648,15800,0.0
6181,1774584658.672776,89.97932634773586,10.689375999845652,11.113664000276913,15800,0.0
6182,1774584658.683895,90.00679731520543,10.674208000182261,11.110271999768884,15800,0.0
6183,1774584658.6950998,89.31123178328227,10.75855999988562,11.196799999652285,15800,0.0
6184,1774584658.7063031,89.33957328619337,10.733600000094157,11.193247999926825,15800,0.0
6185,1774584658.7193587,76.65551380156757,12.583711999923253,13.045375999809039,15800,0.0
6186,1774584658.7316074,81.71045475542041,11.77123199977359,12.23833599988211,15800,0.0
6187,1774584658.7462213,68.47664124796417,14.19123200003014,14.603520000036951,15800,0.0
6188,1774584658.7573671,89.79291598522933,10.717151999870111,11.136736000025849,15800,0.0
6189,1774584658.768489,89.97414503069523,10.707135999837192,11.11430399987512,15800,0.0
6190,1774584658.7795966,90.08697356981814,10.672352000256069,11.100383999746555,15800,0.0
6191,1774584658.7906911,90.2013872256153,10.676096000224788,11.086303999945812,15800,0.0
6192,1774584658.80189,89.3748337644961,10.76643199985483,11.188831999788817,15800,0.0
6193,1774584658.8130107,89.99668812015028,10.701216000143177,11.111520000213204,15800,0.0
6194,1774584658.8240917,90.31295969152244,10.67289599996002,11.072608000176842,15800,0.0
6195,1774584658.8351872,90.19279611979346,10.684576000130619,11.087360000146873,15800,0.0
6196,1774584658.8462658,90.33358385780865,10.67363199990723,11.070080000081362,15800,0.0
6197,1774584658.8573282,90.46250220706733,10.66521599977932,11.054304000026605,15800,0.0
6198,1774584658.8683794,90.54611622559221,10.653887999978906,11.044095999750425,15800,0.0
6199,1774584658.8794525,90.36728154908788,10.641759999998612,11.06595200008087,15800,0.0
6200,1774584658.8905149,90.44993415119053,10.664127999916673,11.055840000153694,15800,0.0
6201,1774584658.9016187,90.12100727915227,10.694879999846307,11.096191999968141,15800,0.0
6202,1774584658.9126725,90.53142671444816,10.646623999946314,11.045888000353443,15800,0.0
6203,1774584658.9237423,90.40309655870203,10.662015999969299,11.061568000059196,15800,0.0
6204,1774584658.9348311,90.24514914310367,10.671424000065599,11.080927999955748,15800,0.0
6205,1774584658.9459372,90.1124314808258,10.697567999613966,11.097247999714455,15800,0.0
6206,1774584658.9572349,88.57785071742693,10.893312000007427,11.289504000160377,15800,0.0
6207,1774584658.9683163,90.31008871987854,10.67395200016108,11.07296000009228,15800,0.0
6208,1774584658.9793804,90.45490859183224,10.646272000030876,11.055231999762327,15800,0.0
6209,1774584658.9904745,90.20841752795391,10.686048000025039,11.085439999988012,15800,0.0
6210,1774584659.001596,89.9865811993693,10.680064000098355,11.112768000202777,15800,0.0
6211,1774584659.012717,89.99020906575306,10.69712000025902,11.112319999938336,15800,0.0
6212,1774584659.0238283,90.06101093484186,10.694623999825126,11.103583999556577,15800,0.0
6213,1774584659.0349739,89.78388659357476,10.713824000049499,11.137856000004831,15800,0.0
6214,1774584659.0461361,89.65663659800289,10.730943999988085,11.153664000175922,15800,0.0
6215,1774584659.0572307,90.19539931394212,10.669599999800994,11.087039999893022,15800,0.0
6216,1774584659.0683749,89.79988275672433,10.714624000229378,11.135872000068048,15800,0.0
6217,1774584659.0795455,89.5918624791739,10.690112000247609,11.161727999933646,15800,0.0
6218,1774584659.0906608,90.03817618840907,10.677792000024056,11.106399999789573,15800,0.0
6219,1774584659.101867,89.30000228429752,10.755232000065007,11.19820800022353,15800,0.0
6220,1774584659.112974,90.1124314808258,10.659680000117078,11.097247999714455,15800,0.0
6221,1774584659.1240835,90.08229918836348,10.67081600012898,11.100960000021587,15854,0.0
6222,1774584659.1351893,90.1106125785519,10.674879999896802,11.097472000074049,15854,0.0
6223,1774584659.1463063,90.02650380253792,10.651776000031532,11.107840000022406,15854,0.0
6224,1774584659.1573985,90.22039760413925,10.662719999800174,11.083968000093591,15854,0.0
6225,1774584659.1685193,89.98943163882116,10.698047999994742,11.11241600028734,15854,0.0
6226,1774584659.1796045,90.27304345990817,10.65692800011675,11.077503999786131,15854,0.0
6227,1774584659.1907256,89.98709944966498,10.69139199989877,11.112703999970108,15854,0.0
6228,1774584659.2019043,89.53231185247178,10.75302399976863,11.169152000093163,15854,0.0
6229,1774584659.2129858,90.30434732415029,10.661088000233576,11.073663999923156,15854,0.0
6230,1774584659.2240689,90.30304256194405,10.665696000160096,11.073824000050081,15854,0.0
6231,1774584659.2351592,90.2469734770829,10.674271999960183,11.0807040000509,15854,0.0
6232,1774584659.246211,90.55188840596122,10.649887999989005,11.04339199991955,15854,0.0
6233,1774584659.2572582,90.57839741458606,10.648831999787944,11.040159999993193,15854,0.0
6234,1774584659.2683256,90.41120462368237,10.659583999768074,11.060576000090805,15854,0.0
6235,1774584659.279424,90.17483819036384,10.648768000010023,11.089567999988503,15854,0.0
6236,1774584659.290471,90.5865369562048,10.642207999808306,11.039168000024802,15854,0.0
6237,1774584659.301596,89.9650791560561,10.702655999921262,11.115423999854102,15854,0.0
6238,1774584659.3127074,90.06698101191924,10.681535999992775,11.102848000064114,15854,0.0
6239,1774584659.3238115,90.13582387268225,10.66988799993851,11.094367999703536,15854,0.0
6240,1774584659.334933,89.9964289427137,10.694399999920279,11.111551999874791,15854,0.0
6241,1774584659.3460398,90.09736281337712,10.694880000301055,11.099104000095394,15854,0.0
6242,1774584659.3570805,90.64092561025873,10.634400000071764,11.032544000045164,15854,0.0
6243,1774584659.3681617,90.31322069900766,10.64431999975568,11.072576000060508,15854,0.0
6244,1774584659.379238,90.47664544355604,10.646656000062649,11.052576000111003,15854,0.0
6245,1774584659.3903127,90.36153287930652,10.666495999885228,11.066655999911745,15854,0.0
6246,1774584659.4013956,90.29025789547669,10.664064000138751,11.075392000293505,15854,0.0
6247,1774584659.412942,86.67001328454415,10.679263999918476,11.538016000031348,15854,0.0
6248,1774584659.4240034,90.48398071575218,10.644672000125865,11.051680000036868,15854,0.0
6249,1774584659.435074,90.39629736847155,10.652511999978742,11.062399999900663,15854,0.0
6250,1774584659.4461803,90.10463671604094,10.689728000215837,11.098207999566512,15854,0.0
6251,1774584659.4572499,90.40283503147208,10.65353599960872,11.061600000175531,15854,0.0
6252,1774584659.4683447,90.20268905187744,10.677215999749023,11.086143999818887,15854,0.0
6253,1774584659.479511,89.61986836644891,10.692415999983496,11.158239999986108,15854,0.0
6254,1774584659.4905505,90.66248893872076,10.632607999923493,11.029920000055426,15854,0.0
6255,1774584659.5017047,89.72047406883866,10.733535999861488,11.145727999974042,15854,0.0
6256,1774584659.5128057,90.15116547332647,10.677600000235543,11.092480000115756,15854,0.0
6257,1774584659.5239108,90.10905358212183,10.67801600038365,11.097663999862561,15854,0.0
6258,1774584659.534991,90.3220958178457,10.650720000285219,11.07148800019786,15854,0.0
6259,1774584659.5461514,89.66769868434318,10.73619199996756,11.152287999721011,15854,0.0
6260,1774584659.5572388,90.26183152261684,10.668991999864375,11.078879999786295,15854,0.0
6261,1774584659.5683522,90.04102989752367,10.697855999751482,11.106047999874136,15854,0.0
6262,1774584659.5794802,89.9340100194174,10.684767999919131,11.119264000171825,15854,0.0
6263,1774584659.590593,90.05556068093958,10.68230400005632,11.104255999725865,15854,0.0
6264,1774584659.6017537,89.66023790877327,10.734080000020185,11.153215999911481,15854,0.0
6265,1774584659.6128561,90.14024379691234,10.674975999791059,11.093823999999586,15854,0.0
6266,1774584659.6245174,85.80874398002695,11.177760000009584,11.653823999949964,15854,0.0
6267,1774584659.6356447,89.9355629684226,10.691743999814207,11.119071999928565,15894,0.0
6268,1774584659.6467502,90.11295117803932,10.677855999801977,11.097183999936533,15894,0.0
6269,1774584659.6579175,89.61601330689129,10.742559999926016,11.158719999912137,15894,0.0
6270,1774584659.6690023,90.28217150798991,10.65379200008465,11.076384000261896,15894,0.0
6271,1774584659.6800985,90.18706962748473,10.673727999801486,11.088063999977749,15894,0.0
6272,1774584659.6911652,90.42664012183312,10.648832000242692,11.058688000048278,15894,0.0
6273,1774584659.7023237,89.68983103729748,10.726879999765515,11.14953600017543,15894,0.0
6274,1774584659.713432,90.10048005853292,10.675456000171835,11.098719999608875,15894,0.0
6275,1774584659.7245567,89.95860464820996,10.690751999845816,11.11622400003398,15894,0.0
6276,1774584659.7356985,89.83215042294593,10.695712000142521,11.131872000078147,15894,0.0
6277,1774584659.7468393,89.83654061826553,10.701631999836536,11.13132799991945,15894,0.0
6278,1774584659.7589645,82.52829730513712,11.680191999857925,12.117055999624426,15894,0.0
6279,1774584659.770121,89.70476368342428,10.717311999997037,11.14767999979449,15894,0.0
6280,1774584659.78123,90.09216789023557,10.674239999843849,11.099744000148348,15894,0.0
6281,1774584659.7923791,89.76686467712197,10.71260800017626,11.139968000406952,15894,0.0
6282,1774584659.8034885,90.08957065515425,10.658176000106323,11.100063999947452,15894,0.0
6283,1774584659.814666,89.53385095957356,10.6745600000977,11.168959999849903,15894,0.0
6284,1774584659.8258216,89.70630872170157,10.73017599992454,11.147488000005978,15894,0.0
6285,1774584659.8369398,90.01042680817206,10.692832000131602,11.10982399995919,15894,0.0
6286,1774584659.8480327,90.21284457837025,10.666048000075534,11.084895999829314,15894,0.0
6287,1774584659.8591416,90.0815201731782,10.692608000226755,11.101055999915843,15894,0.0
6288,1774584659.8702533,90.06049183286255,10.690464000163047,11.103647999789246,15894,0.0
6289,1774584659.8813763,89.9720726694831,10.705568000048515,11.1145599998963,15894,0.0
6290,1774584659.8924994,89.96482015696519,10.696159999952215,11.115455999970436,15894,0.0
6291,1774584659.903645,89.79059396705362,10.71228799992241,11.137024000163365,15894,0.0
6292,1774584659.914729,90.28217150798991,10.66320000018095,11.076384000261896,15894,0.0
6293,1774584659.925872,89.80659252418408,10.720927999955165,11.135039999771834,15894,0.0
6294,1774584659.9369843,90.05737735771282,10.691135999877588,11.104031999821018,15894,0.0
6295,1774584659.9480817,90.18316561747672,10.675040000023728,11.088543999903777,15894,0.0
6296,1774584659.9591734,90.23342303585152,10.65859200025443,11.08236800018858,15894,0.0
6297,1774584659.9703026,89.9215883761971,10.701984000206721,11.120799999844166,15894,0.0
6298,1774584659.9813948,90.22404434831306,10.671584000192524,11.08351999982915,15894,0.0
6299,1774584659.9925303,89.86289079673472,10.691903999941132,11.128063999876758,15894,0.0
6300,1774584660.00367,89.84868044707659,10.695552000015596,11.129823999908695,15894,0.0
6301,1774584660.0167272,76.63821855962811,12.601599999925384,13.048320000052627,15894,0.0
6302,1774584660.0278487,89.98580383880055,10.686464000173146,11.112864000097034,15894,0.0
6303,1774584660.0389748,89.93504531156913,10.69171200015262,11.119136000161234,15894,0.0
6304,1774584660.0501707,89.38020192715881,10.769120000077237,11.188160000074276,15894,0.0
6305,1774584660.0613067,89.8584980293741,10.708256000270922,11.128607999580709,15894,0.0
6306,1774584660.072435,89.93219832010261,10.698176000005333,11.119487999621924,15894,0.0
6307,1774584660.0835664,89.90115188596666,10.68851199988785,11.123327999939647,15894,0.0
6308,1774584660.0947082,89.81794979303363,10.69151999990936,11.133632000110083,15894,0.0
6309,1774584660.1059086,89.34723623921397,10.767295999812632,11.192288000074768,15894,0.0
6310,1774584660.1170287,89.99928000608918,10.68838399987726,11.111199999959354,15894,0.0
6311,1774584660.1281626,89.88408548427343,10.694784000406798,11.125439999887021,15894,0.0
6312,1774584660.1392903,89.93504531156913,10.677407999992283,11.119136000161234,15814,0.0
6313,1774584660.1504025,90.04907314366426,10.677952000150981,11.105055999905744,15814,0.0
6314,1774584660.161558,89.70296120115297,10.727872000188654,11.147904000154085,15814,0.0
6315,1774584660.1726747,90.01716807334121,10.688447999655182,11.108992000117723,15814,0.0
6316,1774584660.1837823,90.08983037303088,10.681023999950412,11.100031999831117,15814,0.0
6317,1774584660.1949005,90.01431587652836,10.691072000099666,11.109344000033161,15814,0.0
6318,1774584660.2060566,89.69858405151496,10.727712000061729,11.148448000312783,15814,0.0
6319,1774584660.2172139,89.69549455665803,10.709120000228722,11.148832000344555,15814,0.0
6320,1774584660.2283635,89.7650597020241,10.7084159999431,11.1401920003118,15814,0.0
6321,1774584660.2395146,89.74830267894919,10.687872000289644,11.142272000142839,15814,0.0
6322,1774584660.25061,90.19774231272022,10.67168000008678,11.086752000210254,15814,0.0
6323,1774584660.26178,89.59391736214029,10.739935999936279,11.161471999912465,15814,0.0
6324,1774584660.2729056,89.95135430671566,10.690495999824634,11.117120000108116,15814,0.0
6325,1774584660.2840436,89.85565587479985,10.707519999868964,11.128959999950894,15814,0.0
6326,1774584660.2951458,90.13322411624742,10.680288000003202,11.094687999957387,15814,0.0
6327,1774584660.306279,89.88848075375662,10.707167999953526,11.124896000183071,15814,0.0
6328,1774584660.3173614,90.29599750343199,10.658879999937199,11.074688000007882,15814,0.0
6329,1774584660.3284743,90.04673785846747,10.685599999760598,11.10534400004326,15814,0.0
6330,1774584660.3396263,89.73567459745883,10.696767999888834,11.143839999931515,15814,0.0
6331,1774584660.350761,89.88279283802639,10.703072000069369,11.125600000013947,15814,0.0
6332,1774584660.3619008,89.8406729579433,10.700895999889326,11.130815999877086,15814,0.0
6333,1774584660.3730252,89.95756881358115,10.69558400013193,11.116352000044571,15814,0.0
6334,1774584660.3841116,90.26131010304667,10.655648000010842,11.078944000018964,15814,0.0
6335,1774584660.3952072,90.1883710405009,10.664064000138751,11.087903999850823,15814,0.0
6336,1774584660.4063268,90.00290889648683,10.658335999778501,11.110751999694912,15814,0.0
6337,1774584660.4174619,89.87452078825812,10.693312000057631,11.126624000098673,15814,0.0
6338,1774584660.428576,90.0399921601669,10.677855999801977,11.106176000339474,15814,0.0
6339,1774584660.439684,90.08775267932742,10.673312000108126,11.100287999852299,15814,0.0
6340,1774584660.4507787,90.19722163703867,10.665855999832274,11.086815999988175,15814,0.0
6341,1774584660.4619472,89.60111019489369,10.740832000010414,11.16057599983833,15814,0.0
6342,1774584660.4730713,89.95109539032258,10.700960000121995,11.117151999769703,15814,0.0
6343,1774584660.4841816,90.06931734722544,10.684448000120028,11.102559999926598,15814,0.0
6344,1774584660.4952917,90.0771060058233,10.673632000361977,11.101599999619793,15814,0.0
6345,1774584660.506409,90.0140565975512,10.692960000142193,11.109375999694748,15814,0.0
6346,1774584660.5175354,89.94177529343867,10.7061439998688,11.11830399986502,15814,0.0
6347,1774584660.5286586,89.96741020762121,10.702880000280857,11.115135999716586,15814,0.0
6348,1774584660.5397413,90.29651932013542,10.65779200007455,11.07462400022996,15814,0.0
6349,1774584660.550861,89.99902081004052,10.703519999879063,11.111232000075688,15814,0.0
6350,1774584660.5620203,89.67593270070878,10.712320000038744,11.151264000091032,15814,0.0
6351,1774584660.573117,90.17848124863607,10.680704000151309,11.08912000017881,15814,0.0
6352,1774584660.5842183,90.14700452193114,10.68044799967538,11.09299200015812,15814,0.0
6353,1774584660.5953946,89.5443695926502,10.715104000155407,11.167648000082409,15814,0.0
6354,1774584660.6065042,90.08177984094947,10.689824000110093,11.101024000254256,15814,0.0
6355,1774584660.6176782,89.56207726506393,10.735840000052121,11.165440000240778,15814,0.0
6356,1774584660.6288025,89.95938153891629,10.696448000089731,11.116128000139724,15814,0.0
6357,1774584660.6399155,90.05633924719787,10.687200000120356,11.104159999831609,15814,0.0
6358,1774584660.6510322,90.01820528096808,10.695424000005005,11.108864000107133,15854,0.0
6359,1774584660.6621704,89.84248097518031,10.723456000050646,11.13059199997224,15854,0.0
6360,1774584660.6732724,90.13556388585657,10.681312000087928,11.094400000274618,15854,0.0
6361,1774584660.6843586,90.25974588789028,10.68451199989795,11.079135999807477,15854,0.0
6362,1774584660.695451,90.20893833290346,10.669088000213378,11.08537600021009,15854,0.0
6363,1774584660.7065446,90.20763632995467,10.68316800001412,11.085535999882268,15854,0.0
6364,1774584660.7176783,89.87581319658601,10.717856000155734,11.126463999971747,15854,0.0
6365,1774584660.7287986,89.98088086216188,10.708832000091206,11.113472000033653,15854,0.0
6366,1774584660.739925,89.94436401366211,10.703104000185704,11.117984000065917,15854,0.0
6367,1774584660.7510746,89.75294246153052,10.725151999849913,11.141695999867807,15854,0.0
6368,1774584660.7622035,89.91718986479894,10.712543999943591,11.121344000002864,15854,0.0
6369,1774584660.7733781,89.55386413916257,10.73945600001025,11.166464000325504,15854,0.0
6370,1774584660.7844806,90.13842377539869,10.672255999907065,11.094047999904433,15854,0.0
6371,1774584660.7955995,89.99720648686831,10.675327999706496,11.111455999980535,15854,0.0
6372,1774584660.8066878,90.25140431272914,10.680576000140718,11.080159999892203,15854,0.0
6373,1774584660.8178165,89.9226233823788,10.709215999668231,11.120671999833576,15854,0.0
6374,1774584660.828916,90.161049274378,10.682592000193836,11.09126399978777,15854,0.0
6375,1774584660.8400044,90.24228248105133,10.670368000319286,11.081279999871185,15854,0.0
6376,1774584660.8511136,90.0828185417659,10.68377599995074,11.100895999788918,15854,0.0
6377,1774584660.8622665,89.7251109744404,10.721856000145635,11.14515199969901,15854,0.0
6378,1774584660.8733783,90.06127048438711,10.679936000087764,11.10355199989499,15854,0.0
6379,1774584660.8845327,89.71970129905301,10.730559999956313,11.145823999868298,15854,0.0
6380,1774584660.8956609,89.9296102964342,10.700255999836372,11.119807999875775,15854,0.0
6381,1774584660.9067645,90.12490590925617,10.67510399980165,11.095712000042113,15854,0.0
6382,1774584660.917929,89.63709168208965,10.7399999997142,11.156096000377147,15854,0.0
6383,1774584660.929047,90.01276021033206,10.686879999866505,11.109535999821674,15854,0.0
6384,1774584660.94012,90.3735536615057,10.662367999884736,11.065184000017325,15854,0.0
6385,1774584660.951206,90.26991426302449,10.665248000350402,11.077888000272651,15854,0.0
6386,1774584660.9623415,89.86211556804652,10.697088000142685,11.128160000225762,15854,0.0
6387,1774584660.9734483,90.09762257618354,10.667647999980545,11.09907199997906,15854,0.0
6388,1774584660.9845734,89.95135430671566,10.681535999992775,11.117120000108116,15854,0.0
6389,1774584660.9956725,90.16729279058987,10.667455999737285,11.090495999724226,15854,0.0
6390,1774584661.006751,90.33619518169336,10.650111999893852,11.069760000282258,15854,0.0
6391,1774584661.0179179,89.6219245343194,10.73151999980837,11.157983999964927,15854,0.0
6392,1774584661.0290127,90.20060614937454,10.66947200024515,11.086399999840069,15854,0.0
6393,1774584661.0401623,89.75216913234023,10.681920000024547,11.141791999762063,15854,0.0
6394,1774584661.0512927,89.90115188596666,10.665152000001399,11.123327999939647,15854,0.0
6395,1774584661.0624042,90.06853855286312,10.678976000235707,11.102656000275601,15854,0.0
6396,1774584661.0734684,90.44783981472148,10.633503999997629,11.056096000174875,15854,0.0
6397,1774584661.0845451,90.34925407719098,10.658240000338992,11.0681599999225,15854,0.0
6398,1774584661.095643,90.16729278689272,10.663168000064616,11.090496000178973,15854,0.0
6399,1774584661.1067271,90.27669445393019,10.666528000001563,11.077056000431185,15854,0.0
6400,1774584661.1178613,89.87193608678062,10.714015999838011,11.126943999897776,15854,0.0
6401,1774584661.1289356,90.36205545373927,10.660576000191213,11.066592000133824,15854,0.0
6402,1774584661.1400723,89.85333061433411,10.696831999666756,11.129247999633662,15854,0.0
6403,1774584661.151246,89.57285928110615,10.712031999901228,11.164095999902202,15854,0.0
6404,1774584661.163341,82.74025121255882,11.64156799995908,12.086016000012023,15894,0.0
6405,1774584661.1744685,89.937892490653,10.69286399979319,11.118783999791049,15894,0.0
6406,1774584661.185657,89.44287819849498,10.751167999842437,11.1803200002214,15894,0.0
6407,1774584661.1967835,89.94772957605412,10.685087999718235,11.11756799991781,15894,0.0
6408,1774584661.2078617,90.33123379279067,10.663168000064616,11.070368000218878,15894,0.0
6409,1774584661.2189856,89.96119434098925,10.690560000057303,11.11590399978013,15894,0.0
6410,1774584661.2301419,89.70733877800787,10.732288000326662,11.147359999995388,15894,0.0
6411,1774584661.241324,89.49436400269008,10.762912000245706,11.173888000030274,15894,0.0
6412,1774584661.2523997,90.35918136358505,10.65913599995838,11.066943999594514,15894,0.0
6413,1774584661.2635343,89.87607167977336,10.695552000015596,11.12643200031016,15894,0.0
6414,1774584661.274639,90.12308650705809,10.678272000404831,11.09593599994696,15894,0.0
6415,1774584661.2858238,89.47181566018432,10.763744000087172,11.176704000263271,15894,0.0
6416,1774584661.296944,89.99228225886134,10.696704000110913,11.112064000371902,15894,0.0
6417,1774584661.3080416,90.16963432933466,10.686080000141374,11.090208000041457,15894,0.0
6418,1774584661.3191044,90.45726509268644,10.645631999977923,11.054944000079558,15894,0.0
6419,1774584661.3302307,89.94617621053298,10.709631999816338,11.117759999706323,15894,0.0
6420,1774584661.341315,90.28060657341257,10.664447999715776,11.076575999595661,15894,0.0
6421,1774584661.352422,90.0952847759211,10.69097600020541,11.099359999661829,15894,0.0
6422,1774584661.3635836,89.6597234165264,10.696895999899425,11.15328000014415,15894,0.0
6423,1774584661.374709,89.9531667816012,10.696864000237838,11.116896000203269,15894,0.0
6424,1774584661.3858263,90.00679731152142,10.707296000418864,11.110272000223631,15894,0.0
6425,1774584661.3969321,90.10411711103266,10.68524799984516,11.09827199979918,15894,0.0
6426,1774584661.408022,90.24358548802638,10.672064000118553,11.08111999974426,15894,0.0
6427,1774584661.4191542,89.89339362463878,10.707295999964117,11.124288000246452,15894,0.0
6428,1774584661.4303222,89.61035981626638,10.732159999861324,11.15942400019776,15894,0.0
6429,1774584661.4414568,89.87839812108157,10.713824000049499,11.126144000172644,15894,0.0
6430,1774584661.4526727,89.22656981596911,10.785024000142585,11.207424000076571,15894,0.0
6431,1774584661.4640768,87.75871268578119,10.971359999984998,11.394879999897967,15894,0.0
6432,1774584661.4751782,90.1496050733881,10.67216000001281,11.092671999904269,15894,0.0
6433,1774584661.4863555,89.53256836725495,10.749120000127732,11.169119999976829,15894,0.0
6434,1774584661.497495,89.83447459097765,10.712991999753285,11.13158399994063,15894,0.0
6435,1774584661.5086,90.11528989522223,10.692543999994086,11.096896000253764,15894,0.0
6436,1774584661.519715,90.02624444965784,10.672320000139734,11.107872000138741,15894,0.0
6437,1774584661.5308278,90.04492161091379,10.695743999804108,11.105567999948107,15894,0.0
6438,1774584661.5419867,89.67670471670355,10.742527999809681,11.151168000196776,15894,0.0
6439,1774584661.5530908,90.125165830908,10.674368000309187,11.095679999925778,15894,0.0
6440,1774584661.564173,90.2970411465778,10.663296000075206,11.074559999997291,15894,0.0
6441,1774584661.5752866,90.03869502948145,10.660191999704693,11.106336000011652,15894,0.0
6442,1774584661.5863748,90.25661761651307,10.671296000055008,11.079519999839249,15894,0.0
6443,1774584661.5976703,88.58463021072997,10.86438399988765,11.288640000202577,15894,0.0
6444,1774584661.6087604,90.24462791625483,10.658751999926608,11.080992000188417,15894,0.0
6445,1774584661.619881,89.98088086216188,10.68838399987726,11.113472000033653,15894,0.0
6446,1774584661.631062,89.51000077168527,10.756319999927655,11.171936000209826,15894,0.0
6447,1774584661.6421943,89.90192778465101,10.708255999816174,11.123232000045391,15894,0.0
6448,1774584661.6533148,89.98347183767613,10.691711999697873,11.113151999779802,15894,0.0
6449,1774584661.664467,89.73438621632769,10.68870400013111,11.14400000005844,15894,0.0
6450,1774584661.6756558,89.43238339457005,10.779072000332235,11.181631999988895,15814,0.0
6451,1774584661.68678,89.95239000191175,10.697824000089895,11.116991999642778,15814,0.0
6452,1774584661.6980739,88.60321636936953,10.865568000099302,11.286271999779274,15814,0.0
6453,1774584661.7091632,90.2373313984321,10.667712000213214,11.081888000262552,15814,0.0
6454,1774584661.7202916,89.9231408925659,10.70720000006986,11.120608000055654,15814,0.0
6455,1774584661.731451,89.66924244608842,10.712192000028153,11.152095999932499,15814,0.0
6456,1774584661.7425454,90.19357706447964,10.682399999950576,11.08726399979787,15814,0.0
6457,1774584661.753766,89.18251737121489,10.797727999943163,11.212960000193561,15814,0.0
6458,1774584661.7648818,90.02624444965784,10.690207999687118,11.107872000138741,15814,0.0
6459,1774584661.7759752,90.21128203884832,10.68063999991864,11.085088000072574,15814,0.0
6460,1774584661.7871444,89.58852349447166,10.750240000106714,11.162144000081753,15814,0.0
6461,1774584661.7982967,89.7282025062392,10.730015999797615,11.144768000121985,15814,0.0
6462,1774584661.8094053,90.08100083474658,10.684767999919131,11.101120000148512,15814,0.0
6463,1774584661.82055,89.80891536623368,10.70687999981601,11.134752000089065,15814,0.0
6464,1774584661.8317037,89.7253685915129,10.714591999658296,11.145120000037423,15814,0.0
6465,1774584661.8427913,90.25062237003118,10.669056000097044,11.08025599978646,15814,0.0
6466,1774584661.8539178,89.9384101766048,10.705471999699512,11.118720000013127,15814,0.0
6467,1774584661.8650107,90.20503242940568,10.673279999991792,11.085856000136118,15814,0.0
6468,1774584661.8760788,90.40832740249603,10.661727999831783,11.060928000006243,15814,0.0
6469,1774584661.887172,90.20034579240034,10.689759999877424,11.086431999956403,15814,0.0
6470,1774584661.8982794,90.0911289774946,10.690080000131275,11.099872000158939,15814,0.0
6471,1774584661.909451,89.56926498975733,10.766784000225016,11.164543999711896,15814,0.0
6472,1774584661.920532,90.30513019808883,10.682879999876604,11.0735680000289,15814,0.0
6473,1774584661.9316356,90.11087241776575,10.702752000270266,11.097439999957714,15814,0.0
6474,1774584661.9427063,90.39106791661176,10.671616000308859,11.063039999953617,15814,0.0
6475,1774584661.9538186,90.05478212445514,10.712960000091698,11.104352000074869,15814,0.0
6476,1774584661.9649005,90.28686665579487,10.683872000299743,11.075807999986864,15814,0.0
6477,1774584661.9759781,90.33593404510877,10.677407999992283,11.069791999943845,15814,0.0
6478,1774584661.9870858,90.08333790115684,10.69190400039588,11.100831999556249,15814,0.0
6479,1774584661.998229,89.79317399547703,10.745248000148422,11.136703999909514,15814,0.0
6480,1774584662.0099752,85.18491259291005,11.325343999942561,11.73916800007646,15814,0.0
6481,1774584662.0210986,89.9720726694831,10.703712000122323,11.1145599998963,15814,0.0
6482,1774584662.0321958,90.18004265207712,10.676576000150817,11.08892799993555,15814,0.0
6483,1774584662.0433595,89.64223425843849,10.700352000185376,11.155455999869446,15814,0.0
6484,1774584662.0544605,90.15324609676749,10.691263999888179,11.092223999639828,15814,0.0
6485,1774584662.065582,89.96663317455715,10.72297599966987,11.115232000065589,15814,0.0
6486,1774584662.0766373,90.5138580340284,10.659232000307384,11.048031999962404,15814,0.0
6487,1774584662.0878334,89.37023299489434,10.778175999803352,11.189407999609102,15814,0.0
6488,1774584662.0989215,90.2532288996201,10.675680000076682,11.079935999987356,15814,0.0
6489,1774584662.110035,90.03739793248229,10.708031999911327,11.106496000138577,15814,0.0
6490,1774584662.1211038,90.39368256876602,10.667296000065107,11.062719999699766,15814,0.0
6491,1774584662.1321764,90.37120152010714,10.661887999958708,11.065471999700094,15814,0.0
6492,1774584662.1432784,90.12854493404144,10.668863999853784,11.095264000232419,15814,0.0
6493,1774584662.154383,90.11840837733465,10.69212799984598,11.096512000221992,15814,0.0
6494,1774584662.165478,90.19331674808161,10.682976000225608,11.087295999914204,15814,0.0
6495,1774584662.1765633,90.26782825846328,10.672928000076354,11.078143999839085,15814,0.0
6496,1774584662.1876605,90.17353716787206,10.68096000017249,11.089728000115429,15774,0.0
6497,1774584662.1987307,90.39342109600064,10.65827200000058,11.0627519998161,15774,0.0
6498,1774584662.2098663,89.86547498162139,10.716319999573898,11.127743999622908,15774,0.0
6499,1774584662.2209566,90.23785254099897,10.672192000129144,11.081824000029883,15774,0.0
6500,1774584662.23203,90.37642866975222,10.665759999938018,11.064832000101887,15774,0.0
6501,1774584662.243123,90.21206329999278,10.668480000276759,11.084992000178318,15774,0.0
6502,1774584662.2542393,90.02546640366891,10.69519999964541,11.107968000032997,15774,0.0
6503,1774584662.2653644,89.94643509860794,10.695488000237674,11.117728000044735,15774,0.0
6504,1774584662.2764618,90.17952217702296,10.672799999611016,11.088992000168219,15774,0.0
6505,1774584662.2875996,89.84945544030391,10.67916800002422,11.129728000014438,15774,0.0
6506,1774584662.298702,90.13582386898767,10.680255999886867,11.094368000158283,15774,0.0
6507,1774584662.3098385,89.8590148017316,10.717823999584652,11.128543999802787,15774,0.0
6508,1774584662.3209252,90.2605279886915,10.669568000139407,11.07903999991322,15774,0.0
6509,1774584662.3320458,89.9788081943326,10.701727999730792,11.113727999600087,15774,0.0
6510,1774584662.3431392,90.21675115844852,10.674784000002546,11.084415999903285,15774,0.0
6511,1774584662.3542776,89.84196439297433,10.71942399994441,11.13065599975016,15774,0.0
6512,1774584662.365361,90.28373650423516,10.665695999705349,11.076192000018636,15774,0.0
6513,1774584662.3764787,90.00472344958719,10.701791999963461,11.110527999790065,15774,0.0
6514,1774584662.3875813,90.12620552512026,10.670336000202951,11.095552000369935,15774,0.0
6515,1774584662.398713,89.90684212558301,10.712192000028153,11.122624000108772,15774,0.0
6516,1774584662.409843,89.91330918439219,10.714112000187015,11.121823999928893,15774,0.0
6517,1774584662.420964,89.9845082652433,10.68931200006773,11.113024000223959,15774,0.0
6518,1774584662.4320476,90.28973615113914,10.660991999884573,11.075456000071426,15774,0.0
6519,1774584662.4431515,90.124126153296,10.673119999864866,11.095808000391116,15774,0.0
6520,1774584662.454306,89.71867095882575,10.709919999953854,11.14595199987889,15774,0.0
6521,1774584662.4654188,90.05011108666724,10.696031999941624,11.104927999895153,15774,0.0
6522,1774584662.4765034,90.28451902085088,10.668480000276759,11.07609600012438,15774,0.0
6523,1774584662.4876451,89.8169171986827,10.708095999689249,11.133759999665926,15774,0.0
6524,1774584662.4987864,89.82879350772504,10.712704000070516,11.132287999771506,15774,0.0
6525,1774584662.5099626,89.5453959333468,10.75200000013865,11.167520000071818,15774,0.0
6526,1774584662.5210552,90.20529281343592,10.678336000182753,11.085824000019784,15774,0.0
6527,1774584662.5321567,90.13348408218683,10.691007999866997,11.0946560002958,15774,0.0
6528,1774584662.5432763,89.98684032377096,10.687487999803125,11.112736000086443,15774,0.0
6529,1774584662.554343,90.42297698598178,10.667743999874801,11.059135999857972,15774,0.0
6530,1774584662.5654051,90.45281402499666,10.660416000064288,11.055487999783509,15774,0.0
6531,1774584662.5764885,90.28504070860185,10.67836799984434,11.076031999891711,15774,0.0
6532,1774584662.5875897,90.13868377502796,10.66528000001199,11.094015999788098,15774,0.0
6533,1774584662.5986779,90.2482766195289,10.67990399997143,11.080543999923975,15774,0.0
6534,1774584662.6098125,89.8693515339657,10.726399999839487,11.12726399969688,15774,0.0
6535,1774584662.6208916,90.31791907318492,10.67123199982234,11.072000000240223,15774,0.0
6536,1774584662.6319673,90.3568299628239,10.669184000107634,11.067232000186777,15774,0.0
6537,1774584662.6430278,90.46407345777402,10.662816000149178,11.054112000238092,15774,0.0
6538,1774584662.6541438,90.01768667600935,10.717984000166325,11.108927999885054,15774,0.0
6539,1774584662.6652179,90.35656870692713,10.680319999664789,11.067263999848365,15774,0.0
6540,1774584662.6762824,90.43867823384161,10.65379200008465,11.057216000153858,15774,0.0
6541,1774584662.6874073,89.95031863904829,10.677792000024056,11.117248000118707,15774,0.0
6542,1774584662.6985042,90.18420665031162,10.68524799984516,11.088416000347934,15854,0.0
6543,1774584662.709603,90.1503852666051,10.683007999887195,11.092576000010013,15854,0.0
6544,1774584662.7206986,90.18680934864877,10.666399999990972,11.088096000094083,15854,0.0
6545,1774584662.7318063,90.09216789023557,10.676928000066255,11.099744000148348,15854,0.0
6546,1774584662.7439969,82.08282879788574,11.76287999987835,12.182815999949526,15854,0.0
6547,1774584662.7551029,90.10541612740585,10.674271999960183,11.098112000127003,15854,0.0
6548,1774584662.766235,89.89934150656012,10.69017600002553,11.123551999844494,15854,0.0
6549,1774584662.7773821,89.77460111635023,10.727072000008775,11.1390079996454,15854,0.0
6550,1774584662.7884977,90.02909740615698,10.680416000013793,11.107519999768556,15854,0.0
6551,1774584662.7996967,89.35643352040724,10.744415999852208,11.191135999979451,15854,0.0
6552,1774584662.810898,89.35541150676902,10.738880000189965,11.191263999990042,15854,0.0
6553,1774584662.823714,78.08888389047509,12.353663999874698,12.805920000118931,15854,0.0
6554,1774584662.8348517,89.8546224096225,10.699072000079468,11.129087999961484,15854,0.0
6555,1774584662.8460493,89.37227772007982,10.762143999727414,11.189152000042668,15854,0.0
6556,1774584662.8571603,90.07191341463671,10.680800000045565,11.102240000127495,15854,0.0
6557,1774584662.8682718,90.06153003911685,10.689407999961986,11.103519999778655,15854,0.0
6558,1774584662.8793845,90.05140854630378,10.667232000287186,11.104768000222975,15854,0.0
6559,1774584662.8904848,90.14960506969238,10.680159999992611,11.092672000359016,15854,0.0
6560,1774584662.901633,89.75835614635248,10.730464000062057,11.141023999698518,15854,0.0
6561,1774584662.9127572,89.96430216693766,10.687743999824306,11.115519999748358,15854,0.0
6562,1774584662.9249446,82.10892504329156,11.74204800008738,12.178943999970215,15854,0.0
6563,1774584662.9360898,89.80375365573876,10.684544000014284,11.135391999687272,15854,0.0
6564,1774584662.9471898,90.15610710481043,10.6637439998849,11.09187199972439,15854,0.0
6565,1774584662.9583435,89.71944371086246,10.696543999983987,11.145855999984633,15854,0.0
6566,1774584662.9694598,90.01768667600935,10.68870400013111,11.108927999885054,15854,0.0
6567,1774584662.980566,90.09710305575994,10.686080000141374,11.099135999756982,15854,0.0
6568,1774584662.991686,89.9917639525496,10.684831999697053,11.112128000149823,15854,0.0
6569,1774584663.0028038,90.01172312817906,10.696864000237838,11.109663999832264,15854,0.0
6570,1774584663.0139265,89.97129555956063,10.699936000037269,11.114655999790557,15854,0.0
6571,1774584663.025023,90.17952218072112,10.673215999759122,11.088991999713471,15854,0.0
6572,1774584663.0383003,75.36967317343239,12.848031999965315,13.267935999920155,15854,0.0
6573,1774584663.0505877,81.44128930000637,11.863263999657647,12.278784000045562,15854,0.0
6574,1774584663.061713,89.95316678528083,10.701375999815355,11.116895999748522,15854,0.0
6575,1774584663.072814,90.14934501075145,10.685792000003858,11.092704000020603,15854,0.0
6576,1774584663.0839293,90.03039426032136,10.701184000026842,11.107360000096378,15854,0.0
6577,1774584663.0950456,90.01768667600935,10.69779199997356,11.108927999885054,15854,0.0
6578,1774584663.1062205,89.54847509660615,10.753439999916736,11.167136000040045,15854,0.0
6579,1774584663.1173372,90.01742737392834,10.694976000195311,11.108960000001389,15854,0.0
6580,1774584663.1285012,89.63272096558563,10.744927999894571,11.15663999962635,15854,0.0
6581,1774584663.1396294,89.92831634045685,10.712384000271413,11.1199680000027,15854,0.0
6582,1774584663.1507647,89.87193608678062,10.720000000219443,11.126943999897776,15854,0.0
6583,1774584663.161928,89.646348741464,10.750592000022152,11.154943999827083,15854,0.0
6584,1774584663.1730251,90.17509840010683,10.682688000088092,11.089535999872169,15854,0.0
6585,1774584663.1841264,90.14232391255426,10.685728000225936,11.093567999978404,15854,0.0
6586,1774584663.1952195,90.21024038083883,10.681887999908213,11.085215999628417,15854,0.0
6587,1774584663.2076948,80.49849822070743,12.012736000087898,12.422591999893484,15854,0.0
6588,1774584663.2187684,90.37381501934613,10.663424000085797,11.06515199990099,15854,0.0
6589,1774584663.2300277,88.87688063590217,10.853023999970901,11.251519999859738,15854,0.0
6590,1774584663.241121,90.21388630022331,10.681728000236035,11.084767999818723,15854,0.0
6591,1774584663.252244,89.98088086216188,10.697440000058123,11.113472000033653,15854,0.0
6592,1774584663.2633944,89.75294245786726,10.678208000172162,11.141696000322554,15854,0.0
6593,1774584663.2745209,89.9409987031183,10.70166399995287,11.118400000214024,15854,0.0
6594,1774584663.2857075,89.46310684513855,10.771488000045792,11.177792000125919,15854,0.0
6595,1774584663.2968287,89.9845082652433,10.70393600002717,11.113024000223959,15854,0.0
6596,1774584663.3079605,89.8941693930866,10.706847999699676,11.124191999897448,15854,0.0
6597,1774584663.3190756,90.0309130153973,10.693343999719218,11.107295999863709,15854,0.0
6598,1774584663.3302608,89.47309651246402,10.761504000129207,11.176544000136346,15854,0.0
6599,1774584663.3413749,90.03739793248229,10.696960000132094,11.106496000138577,15854,0.0
6600,1774584663.3525124,89.86418286692764,10.7030079998367,11.12790400020458,15854,0.0
6601,1774584663.3636491,89.87400383753827,10.702911999942444,11.126687999876594,15854,0.0
6602,1774584663.3747764,89.93426884114025,10.696704000110913,11.11923200005549,15854,0.0
6603,1774584663.3860507,88.76706102922196,10.84809599979053,11.265439999988303,15854,0.0
6604,1774584663.3971303,90.32575078818377,10.661887999958708,11.071039999933419,15854,0.0
6605,1774584663.4082434,90.05192754357729,10.698623999815027,11.104703999990306,15854,0.0
6606,1774584663.419372,89.92003590975865,10.66412800037142,11.120992000087426,15854,0.0
6607,1774584663.4304574,90.27356501134368,10.675200000150653,11.07744000000821,15854,0.0
6608,1774584663.4415793,89.96766921794452,10.71488000025056,11.115104000054998,15854,0.0
6609,1774584663.452647,90.41382044093207,10.667904000001727,11.060255999836954,15854,0.0
6610,1774584663.4637058,90.48371872405696,10.658751999926608,11.051711999698455,15854,0.0
6611,1774584663.474793,90.24827661582509,10.694080000121176,11.080544000378723,15854,0.0
6612,1774584663.4858837,90.22196045945925,10.695488000237674,11.083775999850332,15854,0.0
6613,1774584663.4969702,90.25739966310205,10.691903999941132,11.079423999944993,15854,0.0
6614,1774584663.5080714,90.1345239757186,10.694976000195311,11.094527999830461,15854,0.0
6615,1774584663.5191524,90.30043315434753,10.678879999886703,11.074143999849184,15854,0.0
6616,1774584663.5302536,90.1444041242017,10.702304000005824,11.093311999957223,15854,0.0
6617,1774584663.5413647,90.0636065197483,10.703712000122323,11.10326400021222,15854,0.0
6618,1774584663.5524282,90.45543224683792,10.659296000085305,11.055167999984405,15854,0.0
6619,1774584663.563536,90.09970072517602,10.692864000247937,11.098815999957878,15854,0.0
6620,1774584663.5746133,90.33149490591227,10.683872000299743,11.070336000102543,15854,0.0
6621,1774584663.5857532,89.826986041342,10.73692799991477,11.132511999676353,15854,0.0
6622,1774584663.5968277,90.36858816459474,10.670016000403848,11.065792000408692,15854,0.0
6623,1774584663.6079376,90.07710600213353,10.696639999878244,11.10160000007454,15854,0.0
6624,1774584663.6190648,89.93582179908402,10.725759999786533,11.11903999981223,15854,0.0
6625,1774584663.6301632,90.16026889287413,10.70140799993169,11.091360000136774,15854,0.0
6626,1774584663.6412334,90.39002209884504,10.677984000267315,11.063167999964207,15854,0.0
6627,1774584663.6522987,90.43710786517164,10.671999999885884,11.05740799994237,15854,0.0
6628,1774584663.6634028,90.10645536968791,10.679871999855095,11.097984000116412,15854,0.0
6629,1774584663.6744792,90.33515063699154,10.68003199998202,11.069887999838102,15854,0.0
6630,1774584663.6855688,90.23524689946562,10.69151999990936,11.082143999828986,15854,0.0
6631,1774584663.6966474,90.3223568781411,10.687935999612819,11.071456000081525,15854,0.0
6632,1774584663.7077348,90.25062236632718,10.67094400013957,11.080256000241206,15854,0.0
6633,1774584663.7196937,83.67158967813029,11.562400000002526,11.95148800024981,15774,0.0
6634,1774584663.7307665,90.36623628165846,10.671040000033827,11.06608000009146,15774,0.0
6635,1774584663.7418652,90.1566273059204,10.705791999953362,11.091807999946468,15774,0.0
6636,1774584663.7529268,90.46197846648,10.667104000276595,11.054368000259274,15774,0.0
6637,1774584663.7640035,90.33384498451672,10.682559999622754,11.070047999965027,15774,0.0
6638,1774584663.7750664,90.44443672759704,10.670399999980873,11.056511999868235,15774,0.0
6639,1774584663.7861555,90.2302965888001,10.693568000078812,11.082752000220353,15774,0.0
6640,1774584663.7972083,90.53247581063957,10.653408000052877,11.045759999888105,15774,0.0
6641,1774584663.8082845,90.33802320232631,10.682720000204426,11.069535999922664,15774,0.0
6642,1774584663.819391,90.09009008871415,10.655232000317483,11.10000000016953,15774,0.0
6643,1774584663.8304718,90.30721793076029,10.680991999834077,11.073312000007718,15774,0.0
6644,1774584663.8415759,90.11528989891512,10.699552000005497,11.096895999799017,15774,0.0
6645,1774584663.8526351,90.48109886076293,10.660735999863391,11.052031999952305,15774,0.0
6646,1774584663.8636987,90.4373695907359,10.671135999928083,11.057375999826036,15774,0.0
6647,1774584663.8747723,90.35291124216167,10.682048000035138,11.067712000112806,15774,0.0
6648,1774584663.8858821,90.06412565763398,10.689279999951395,11.103199999979552,15774,0.0
6649,1774584663.8969455,90.4475780285522,10.66854400005468,11.05612800029121,15774,0.0
6650,1774584663.908001,90.50756643234119,10.657696000180295,11.048800000025949,15774,0.0
6651,1774584663.9190426,90.62410281961948,10.642495999945822,11.034592000214616,15774,0.0
6652,1774584663.9301257,90.27617287003983,10.685023999940313,11.077119999754359,15774,0.0
6653,1774584663.9412127,90.25401089118978,10.686751999855915,11.079839999638352,15774,0.0
6654,1774584663.9522831,90.38087222649433,10.65766400006396,11.06428799994319,15774,0.0
6655,1774584663.963401,90.007315794701,10.68537599985575,11.110207999990962,15774,0.0
6656,1774584663.9744914,90.22352336522397,10.686688000077993,11.083584000061819,15774,0.0
6657,1774584663.9855855,90.19644063293767,10.692000000290136,11.086911999882432,15774,0.0
6658,1774584663.996653,90.41120462368237,10.665888000403356,11.060576000090805,15774,0.0
6659,1774584664.0077333,90.30852281362755,10.679519999939657,11.073151999880793,15774,0.0
6660,1774584664.0188239,90.22534682495535,10.682015999918804,11.083360000156972,15774,0.0
6661,1774584664.0299637,89.83111749838561,10.739071999978478,11.132000000088738,15774,0.0
6662,1774584664.0410464,90.29338850296342,10.676416000023892,11.075007999806985,15774,0.0
6663,1774584664.0521283,90.2899970244078,10.669312000118225,11.075423999955092,15774,0.0
6664,1774584664.0632014,90.37120151639323,10.665504000371584,11.065472000154841,15774,0.0
6665,1774584664.0743036,90.12828499659253,10.682623999855423,11.095295999894006,15774,0.0
6666,1774584664.0853562,90.5324758069124,10.654976000296301,11.045760000342852,15774,0.0
6667,1774584664.0964112,90.5138580340284,10.658751999926608,11.048031999962404,15774,0.0
6668,1774584664.1074858,90.35291124216167,10.654624000380863,11.067712000112806,15774,0.0
6669,1774584664.1188056,88.4009470925174,10.906271999829187,11.312095999983285,15774,0.0
6670,1774584664.1299272,89.97259074899564,10.715807999986282,11.114496000118379,15774,0.0
6671,1774584664.1410058,90.31818010933654,10.667456000192033,11.071968000123888,15774,0.0
6672,1774584664.152078,90.36989482531429,10.665312000128324,11.06563199982702,15774,0.0
6673,1774584664.1631446,90.41172777279313,10.672383999917656,11.060512000312883,15774,0.0
6674,1774584664.1753573,81.93476157671984,11.770271999921533,12.204831999952148,15774,0.0
6675,1774584664.1864393,90.30878379175913,10.660799999641313,11.073120000219205,15774,0.0
6676,1774584664.1975312,90.20841752795391,10.681599999770697,11.085439999988012,15774,0.0
6677,1774584664.2086198,90.24202188343098,10.68150399987644,11.08131199998752,15774,0.0
6678,1774584664.2196894,90.40309656241855,10.654048000105831,11.06156799960445,15774,0.0
6679,1774584664.2312531,86.53681068220942,11.121600000024046,11.555776000022888,15734,0.0
6680,1774584664.2423272,90.36362322073023,10.66694400014967,11.066399999890564,15734,0.0
6681,1774584664.2534175,90.23081765011442,10.669888000393257,11.082687999987684,15734,0.0
6682,1774584664.2644966,90.32470648129062,10.660223999821028,11.07116799994401,15734,0.0
6683,1774584664.275607,90.06101093115342,10.682751999866014,11.103584000011324,15734,0.0
6684,1774584664.2866826,90.34063478659371,10.664704000191705,11.069215999668813,15734,0.0
6685,1774584664.2978137,89.8998587488039,10.730208000040875,11.123488000066573,15734,0.0
6686,1774584664.3088822,90.40780428901861,10.660512000413291,11.060992000238912,15734,0.0
6687,1774584664.3199635,90.30173784114918,10.670143999959691,11.073983999722259,15734,0.0
6688,1774584664.3310213,90.4913171774394,10.653568000179803,11.050783999962732,15734,0.0
6689,1774584664.3421433,89.96663317455715,10.71948800017708,11.115232000065589,15734,0.0
6690,1774584664.3532171,90.35970390710678,10.64431999975568,11.06688000027134,15734,0.0
6691,1774584664.364294,90.32966715318217,10.670560000107798,11.07056000000739,15734,0.0
6692,1774584664.375369,90.35134384684119,10.64198399990346,11.067904000356066,15734,0.0
6693,1774584664.3864212,90.53509864631397,10.65139199999976,11.045440000089002,15734,0.0
6694,1774584664.3974807,90.47350212325253,10.661696000170195,11.052959999688028,15734,0.0
6695,1774584664.4085634,90.28321483526268,10.670847999790567,11.076255999796558,15734,0.0
6696,1774584664.4196386,90.35343371687843,10.663040000054025,11.067648000334884,15734,0.0
6697,1774584664.4307323,90.19878368951706,10.67843200007701,11.086623999744916,15734,0.0
6698,1774584664.4418685,89.85539750535891,10.726400000294234,11.128992000067228,15734,0.0
6699,1774584664.4529502,90.29417118319486,10.665183999662986,11.074912000367476,15734,0.0
6700,1774584664.4640124,90.4627640796352,10.644896000030712,11.05427199991027,15734,0.0
6701,1774584664.475098,90.2641779778245,10.676192000119045,11.07859199964878,15734,0.0
6702,1774584664.4861789,90.30773987715688,10.679712000182917,11.073248000229796,15734,0.0
6703,1774584664.4972446,90.42323862604441,10.666079999737121,11.059104000196385,15734,0.0
6704,1774584664.508294,90.5568740637819,10.644896000030712,11.04278399998293,15734,0.0
6705,1774584664.519374,90.31791907689446,10.663711999768566,11.071999999785476,15734,0.0
6706,1774584664.5304224,90.57209683777135,10.641216000294662,11.040928000056738,15734,0.0
6707,1774584664.541533,90.07528852933146,10.704831999646558,11.101823999979388,15734,0.0
6708,1774584664.5526292,90.17822102306766,10.671072000150161,11.089151999840396,15734,0.0
6709,1774584664.5637307,90.14700452193114,10.678751999876113,11.09299200015812,15734,0.0
6710,1774584664.5748148,90.2785200672482,10.675072000140062,11.07683200007159,15734,0.0
6711,1774584664.585923,90.07996218322765,10.695968000163703,11.101247999704356,15734,0.0
6712,1774584664.5970023,90.31870218616643,10.663487999863719,11.07190399989122,15734,0.0
6713,1774584664.6080976,90.18654907131511,10.68825599986667,11.088128000210418,15734,0.0
6714,1774584664.619152,90.51621760738558,10.652959999788436,11.047744000279636,15734,0.0
6715,1774584664.6302645,90.0469973294384,10.686975999760762,11.105311999926926,15734,0.0
6716,1774584664.6413543,90.23759196896312,10.65920000019105,11.081856000146217,15734,0.0
6717,1774584664.652441,90.2579210374936,10.669408000012481,11.079359999712324,15734,0.0
6718,1774584664.663581,89.83034282147115,10.69558400013193,11.132095999982994,15734,0.0
6719,1774584664.6746716,90.22873344836896,10.680991999834077,11.082944000008865,15734,0.0
6720,1774584664.685806,89.87788112575669,10.714784000356303,11.126207999950566,15734,0.0
6721,1774584664.6969242,90.00213125011227,10.692672000004677,11.110848000043916,15734,0.0
6722,1774584664.7080271,90.1379037843346,10.672672000055172,11.094111999682355,15734,0.0
6723,1774584664.7190893,90.46302594999777,10.64752000002045,11.054240000248683,15734,0.0
6724,1774584664.7313144,81.85192267001284,11.797791999924812,12.217183999837289,15734,0.0
6725,1774584664.7434924,82.17067309027303,11.748032000014064,12.169791999895097,15894,0.0
6726,1774584664.755641,82.36667799954996,11.72889600002236,12.140832000113733,15894,0.0
6727,1774584664.7677789,82.43881720644137,11.730240000360936,12.130208000144194,15894,0.0
6728,1774584664.7799416,82.26801735194638,11.752992000310769,12.155392000295251,15894,0.0
6729,1774584664.7910228,90.30434732044188,10.66233600022315,11.073664000377903,15894,0.0
6730,1774584664.8021321,90.06853855655218,10.697119999804272,11.102655999820854,15894,0.0
6731,1774584664.8132203,90.25166496083678,10.673696000139898,11.080128000230616,15894,0.0
6732,1774584664.8243167,90.17744034797745,10.669536000023072,11.089247999734653,15894,0.0
6733,1774584664.835568,88.9512575555725,10.740415999862307,11.242112000218185,15894,0.0
6734,1774584664.8474078,84.52548071548532,11.347519999617361,11.830751999696076,15894,0.0
6735,1774584664.8586125,89.32220878730938,10.753504000149405,11.195424000106868,15894,0.0
6736,1774584664.8698416,89.12783070197132,10.802880000028381,11.219839999739634,15894,0.0
6737,1774584664.88094,90.16443106888558,10.68844800010993,11.090848000094411,15894,0.0
6738,1774584664.8920066,90.42271534371513,10.647999999946478,11.059167999974306,15894,0.0
6739,1774584664.903107,90.15012519946706,10.687744000279054,11.092608000126347,15894,0.0
6740,1774584664.9142702,89.64686308022672,10.737632000200392,11.154879999594414,15894,0.0
6741,1774584664.9264615,82.08347561404929,11.775232000218239,12.182719999600522,15894,0.0
6742,1774584664.9375472,90.26834974963883,10.677759999907721,11.078080000061163,15894,0.0
6743,1774584664.9486456,90.16443106888558,10.675935999643116,11.090848000094411,15894,0.0
6744,1774584664.9597151,90.40701963386971,10.657920000085142,11.061088000133168,15894,0.0
6745,1774584664.9707897,90.35735248657531,10.649408000062976,11.067167999954108,15894,0.0
6746,1774584664.9819083,90.01146385676928,10.697503999836044,11.109696000403346,15894,0.0
6747,1774584664.9929993,90.21753251432523,10.678751999876113,11.08432000000903,15894,0.0
6748,1774584665.0040562,90.50389673339929,10.649023999576457,11.04924800029039,15894,0.0
6749,1774584665.0151138,90.4962961673766,10.65619200016954,11.050176000026113,15894,0.0
6750,1774584665.0261855,90.38400911350139,10.658432000127505,11.063904000366165,15894,0.0
6751,1774584665.0372314,90.60150703119578,10.64752000002045,11.037343999760196,15894,0.0
6752,1774584665.0482771,90.59152643026006,10.646592000284727,11.038560000088182,15894,0.0
6753,1774584665.0593958,90.00342733118518,10.678495999854931,11.11068799991699,15894,0.0
6754,1774584665.0704367,90.63566781729617,10.645695999755844,11.033184000098117,15894,0.0
6755,1774584665.082191,85.12991505814595,11.338528000123915,11.746752000362903,15894,0.0
6756,1774584665.0932677,90.35395620135021,10.646080000242364,11.067584000102215,15894,0.0
6757,1774584665.1043622,90.20919874318423,10.664063999684004,11.085343999639008,15894,0.0
6758,1774584665.1154718,90.07918320477174,10.669215999769222,11.10134400005336,15894,0.0
6759,1774584665.1265535,90.30747890505874,10.671296000055008,11.073279999891383,15894,0.0
6760,1774584665.1376534,90.16234993284509,10.686431999602064,11.091104000115592,15894,0.0
6761,1774584665.1487267,90.36545234788338,10.653183999693283,11.066175999985717,15894,0.0
6762,1774584665.1601417,87.67007995556146,10.98918399975446,11.406399999941641,15894,0.0
6763,1774584665.171243,90.31844114699703,10.664800000085961,11.071936000007554,15894,0.0
6764,1774584665.182306,90.46747802652247,10.649695999745745,11.053696000089985,15894,0.0
6765,1774584665.193373,90.41800606040906,10.653152000031696,11.059743999794591,15894,0.0
6766,1774584665.2044466,90.3795652520273,10.661503999926936,11.064448000070115,15894,0.0
6767,1774584665.2155693,89.97025943265211,10.673632000361977,11.114783999801148,15894,0.0
6768,1774584665.2266257,90.51700416290227,10.63836799994533,11.047647999930632,15894,0.0
6769,1774584665.2377343,90.09372630612037,10.703263999857882,11.099551999905088,15894,0.0
6770,1774584665.2488081,90.36153287930652,10.661344000254758,11.066655999911745,15854,0.0
6771,1774584665.259895,90.2620922309561,10.663359999853128,11.078848000124708,15854,0.0
6772,1774584665.2709768,90.30747890505874,10.671360000287677,11.073279999891383,15854,0.0
6773,1774584665.2821074,89.91486141856396,10.714944000028481,11.121631999685633,15854,0.0
6774,1774584665.293167,90.47795522729515,10.65318400014803,11.052415999984078,15854,0.0
6775,1774584665.3042376,90.38923775232999,10.664704000191705,11.063263999858464,15854,0.0
6776,1774584665.3153465,90.08541538753643,10.659712000233412,11.100575999989815,15854,0.0
6777,1774584665.3263948,90.57183433555704,10.64838399997825,11.040959999718325,15854,0.0
6778,1774584665.337447,90.54296806898526,10.646847999851161,11.044480000236945,15854,0.0
6779,1774584665.3485277,90.31322069900766,10.679840000193508,11.072576000060508,15854,0.0
6780,1774584665.3596163,90.24124009960032,10.658239999884245,11.081408000336523,15854,0.0
6781,1774584665.3707068,90.23081765011442,10.696128000290628,11.082687999987684,15854,0.0
6782,1774584665.3818,90.2097195571543,10.69151999990936,11.085279999861086,15854,0.0
6783,1774584665.3928642,90.44077214605106,10.66393600012816,11.056960000132676,15854,0.0
6784,1774584665.4038978,90.69195787448044,10.63343999976496,11.026335999758885,15854,0.0
6785,1774584665.4149854,90.24931915613786,10.68451199989795,11.080416000368132,15854,0.0
6786,1774584665.426074,90.24228247734803,10.686239999813552,11.081280000325933,15854,0.0
6787,1774584665.4371426,90.41225093167543,10.67321600021387,11.060448000080214,15854,0.0
6788,1774584665.4482079,90.42559348077378,10.664160000033007,11.058816000058869,15854,0.0
6789,1774584665.4592896,90.29756297905152,10.656096000275284,11.074495999764622,15854,0.0
6790,1774584665.470341,90.55188840596122,10.650304000137112,11.04339199991955,15854,0.0
6791,1774584665.4814177,90.33619518169336,10.673536000012973,11.069760000282258,15854,0.0
6792,1774584665.4924505,90.70511983355016,10.632960000293679,11.024735999853874,15854,0.0
6793,1774584665.5035322,90.30225972420124,10.648768000010023,11.073919999944337,15854,0.0
6794,1774584665.5145812,90.5665845511094,10.648960000253282,11.041600000226026,15854,0.0
6795,1774584665.5256631,90.2926058288857,10.683936000077665,11.075104000155989,15854,0.0
6796,1774584665.536705,90.62751944449431,10.632032000103209,11.034176000066509,15854,0.0
6797,1774584665.5477703,90.43161200054857,10.663360000307875,11.058079999656911,15854,0.0
6798,1774584665.5588179,90.58023524701571,10.646175999681873,11.039936000088346,15854,0.0
6799,1774584665.569927,90.06853855655218,10.714720000123634,11.102655999820854,15854,0.0
6800,1774584665.5809913,90.44391319989145,10.663647999990644,11.056575999646157,15854,0.0
6801,1774584665.5920477,90.50599367044454,10.657503999937035,11.048991999814461,15854,0.0
6802,1774584665.6031258,90.32810056791406,10.657440000159113,11.070751999795903,15854,0.0
6803,1774584665.614227,90.14388406413657,10.687488000257872,11.093375999735144,15854,0.0
6804,1774584665.6253052,90.3388066602677,10.651872000380536,11.069440000028408,15854,0.0
6805,1774584665.636388,90.29443208579998,10.672352000256069,11.074879999796394,15854,0.0
6806,1774584665.6474898,90.13530390422524,10.661664000053861,11.094432000390952,15854,0.0
6807,1774584665.658561,90.38505479584582,10.670048000065435,11.063775999900827,15854,0.0
6808,1774584665.669639,90.33201713668413,10.678879999886703,11.070271999869874,15854,0.0
6809,1774584665.6806996,90.47219246843801,10.659519999990152,11.053119999814953,15854,0.0
6810,1774584665.6917362,90.66433018893514,10.643552000146883,11.029695999695832,15854,0.0
6811,1774584665.7028048,90.40754273826688,10.676831999717251,11.061023999900499,15854,0.0
6812,1774584665.7138996,90.19305643318621,10.695007999856898,11.087328000030539,15854,0.0
6813,1774584665.7249677,90.40911208406281,10.669343999779812,11.060831999657239,15854,0.0
6814,1774584665.736007,90.63750797451296,10.646879999967496,11.03296000019327,15854,0.0
6815,1774584665.7470927,90.25505356028687,10.67936000026748,11.079712000082509,15854,0.0
6816,1774584665.7585557,87.29586734460655,11.047743999824888,11.455295999894588,15894,0.0
6817,1774584665.7697062,89.74314792959228,10.71449599976404,11.142912000195793,15894,0.0
6818,1774584665.7808335,89.9386690236548,10.674848000235215,11.118687999896792,15894,0.0
6819,1774584665.7919488,90.04206765511427,10.694399999920279,11.105919999863545,15894,0.0
6820,1774584665.8030202,90.38949919717895,10.65734399981011,11.063232000196876,15894,0.0
6821,1774584665.8141592,89.84325586146329,10.7209600000715,11.130496000077983,15894,0.0
6822,1774584665.825248,90.24019774963622,10.674399999970774,11.081535999892367,15894,0.0
6823,1774584665.8363256,90.34429125379877,10.655711999788764,11.06876799985912,15894,0.0
6824,1774584665.847416,90.23863426243283,10.65852800002176,11.081728000135627,15894,0.0
6825,1774584665.858503,90.25296823877484,10.677343999759614,11.07996800010369,15894,0.0
6826,1774584665.8695796,90.33567290632296,10.665920000064943,11.06982400006018,15894,0.0
6827,1774584665.8806574,90.32627295254096,10.673471999780304,11.07097599970075,15894,0.0
6828,1774584665.8917525,90.18446691412503,10.684223999760434,11.0883840002316,15894,0.0
6829,1774584665.9028258,90.36728154908788,10.667999999895983,11.06595200008087,15894,0.0
6830,1774584665.9139416,90.0200204545945,10.708831999636459,11.108639999747538,15894,0.0
6831,1774584665.9250188,90.33123379279067,10.676832000171999,11.070368000218878,15894,0.0
6832,1774584665.9360607,90.61963531825793,10.64124799995625,11.035135999918566,15894,0.0
6833,1774584665.9471407,90.31374271479486,10.679327999696397,11.072512000282586,15894,0.0
6834,1774584665.958237,90.1782210193696,10.690015999898606,11.089152000295144,15894,0.0
6835,1774584665.9693038,90.4174828349222,10.67529600004491,11.05980800002726,15894,0.0
6836,1774584665.9803834,90.31400372680602,10.68390399996133,11.072480000166252,15894,0.0
6837,1774584665.9914749,90.21805342452845,10.67049599987513,11.084256000231107,15894,0.0
6838,1774584666.0025322,90.49577203913526,10.656063999704202,11.050239999804035,15894,0.0
6839,1774584666.0136395,90.08983036934006,10.70547200015426,11.100032000285864,15894,0.0
6840,1774584666.0247207,90.29991128869972,10.678336000182753,11.074208000081853,15894,0.0
6841,1774584666.0357957,90.35630744882847,10.672735999833094,11.0672959999647,15894,0.0
6842,1774584666.0468438,90.57445945228868,10.646944000200165,11.040639999919222,15894,0.0
6843,1774584666.0579677,89.95549721588502,10.72336000015639,11.116608000065753,15894,0.0
6844,1774584666.0690136,90.59572851973908,10.648127999957069,11.03804800004582,15894,0.0
6845,1774584666.0800664,90.53037765002443,10.651200000211247,11.046015999909287,15894,0.0
6846,1774584666.09114,90.36336192183502,10.671775999981037,11.066432000006898,15894,0.0
6847,1774584666.102298,89.68056499973089,10.738751999724627,11.150688000270748,15894,0.0
6848,1774584666.1143637,82.93678491883571,11.645600000065315,12.057376000029763,15894,0.0
6849,1774584666.1254878,89.95938153891629,10.699072000079468,11.116128000139724,15894,0.0
6850,1774584666.1395655,71.0771659211445,13.626079999994545,14.069215999825246,15894,0.0
6851,1774584666.1517427,82.17261771884213,11.749247999887302,12.16950399975758,15894,0.0
6852,1774584666.1638675,82.52306684977019,11.715967999862187,12.117823999687971,15894,0.0
6853,1774584666.1760316,82.25978825558413,11.750495999876875,12.15660800016849,15894,0.0
6854,1774584666.187096,90.43789304268964,10.648288000083994,11.057312000048114,15894,0.0
6855,1774584666.2003467,75.51355256642712,12.821247999909247,13.242656000329589,15894,0.0
6856,1774584666.2125437,82.04145390580844,11.768384000333754,12.188960000003135,15894,0.0
6857,1774584666.2236624,90.01353803670872,10.698111999772664,11.109439999927417,15894,0.0
6858,1774584666.2347503,90.25583557977181,10.66473600030804,11.079616000188253,15894,0.0
6859,1774584666.2458916,89.81846609911268,10.737344000062876,11.133568000332161,15894,0.0
6860,1774584666.2569828,90.22117902318033,10.653408000052877,11.083872000199335,15894,0.0
6861,1774584666.2680964,90.04855418297915,10.705023999889818,11.105119999683666,15694,0.0
6862,1774584666.2791648,90.4174828349222,10.64972799986208,11.05980800002726,15694,0.0
6863,1774584666.290258,90.21623025958229,10.676063999653707,11.084480000135954,15694,0.0
6864,1774584666.3013332,90.35238877348738,10.64659199982998,11.067775999890728,15694,0.0
6865,1774584666.3124409,90.10307792268617,10.675135999917984,11.098399999809772,15694,0.0
6866,1774584666.3235598,90.00783428385407,10.653503999947134,11.110143999758293,15694,0.0
6867,1774584666.334678,90.00576037045008,10.693216000163375,11.110399999779474,15694,0.0
6868,1774584666.345802,89.95808672975376,10.70508799966774,11.116287999811902,15694,0.0
6869,1774584666.356951,89.76016085187061,10.7115519999752,11.140799999793671,15694,0.0
6870,1774584666.3680491,90.17874148310254,10.665855999832274,11.089087999607727,15694,0.0
6871,1774584666.3791108,90.46826373520237,10.651551999671938,11.053599999740982,15694,0.0
6872,1774584666.3902225,90.0636065197483,10.698368000248593,11.10326400021222,15694,0.0
6873,1774584666.4012961,90.36466842770955,10.66447999983211,11.066271999879973,15694,0.0
6874,1774584666.4123745,90.32366219854484,10.67241600003399,11.0712959999546,15694,0.0
6875,1774584666.4234598,90.27147883434849,10.63782400024138,11.077696000029391,15694,0.0
6876,1774584666.434509,90.56605960837447,10.649056000147539,11.041664000003948,15694,0.0
6877,1774584666.4456186,90.07061536038012,10.71488000025056,11.10240000025442,15694,0.0
6878,1774584666.4566805,90.45752693493414,10.647456000242528,11.054911999963224,15694,0.0
6879,1774584666.4677594,90.3278394744155,10.657311999693775,11.070783999912237,15694,0.0
6880,1774584666.4788334,90.36440712276959,10.670879999906902,11.066303999996308,15694,0.0
6881,1774584666.489961,89.92288213856635,10.72355200039965,11.120639999717241,15694,0.0
6882,1774584666.5010207,90.48398071575218,10.64524799994615,11.051680000036868,15694,0.0
6883,1774584666.5121055,90.2800849369031,10.68223999982365,11.07663999982833,15694,0.0
6884,1774584666.523162,90.51543106926422,10.652447999746073,11.047840000173892,15694,0.0
6885,1774584666.5342853,89.9671511951085,10.709312000017235,11.11516799983292,15694,0.0
6886,1774584666.5453615,90.35134385055346,10.670688000118389,11.067903999901318,15694,0.0
6887,1774584666.5564477,90.26183152261684,10.680256000341615,11.078879999786295,15694,0.0
6888,1774584666.567533,90.27356501134368,10.662816000149178,11.07744000000821,15694,0.0
6889,1774584666.5786033,90.38871485973864,10.665855999832274,11.063328000091133,15694,0.0
6890,1774584666.5897117,90.08177984463961,10.708384000281512,11.101023999799509,15694,0.0
6891,1774584666.6007605,90.56186027063923,10.652511999978742,11.042176000046311,15694,0.0
6892,1774584666.6118352,90.35865881496834,10.674271999960183,11.06700800028193,15694,0.0
6893,1774584666.622918,90.28686665579487,10.686271999929886,11.075807999986864,15694,0.0
6894,1774584666.6339998,90.29156229196997,10.688672000014776,11.075231999711832,15694,0.0
6895,1774584666.6450806,90.30434732415029,10.675327999706496,11.073663999923156,15694,0.0
6896,1774584666.6561317,90.55188840596122,10.650111999893852,11.04339199991955,15694,0.0
6897,1774584666.6671975,90.42533182336507,10.665759999938018,11.058848000175203,15694,0.0
6898,1774584666.6782765,90.31217668553663,10.645727999872179,11.072703999616351,15694,0.0
6899,1774584666.6893494,90.37198555363567,10.667231999832438,11.065375999805838,15694,0.0
6900,1774584666.700406,90.50127570524936,10.650432000147703,11.049568000089494,15694,0.0
6901,1774584666.7115111,90.10905358212183,10.667103999821848,11.097663999862561,15694,0.0
6902,1774584666.7226052,90.20034579240034,10.675487999833422,11.086431999956403,15694,0.0
6903,1774584666.7337592,89.71377716315655,10.716736000176752,11.146560000270256,15694,0.0
6904,1774584666.7448437,90.27539049438676,10.677056000076846,11.077216000103363,15694,0.0
6905,1774584666.7559361,90.20815712958448,10.678304000066419,11.085471999649599,15694,0.0
6906,1774584666.767005,90.4012659073006,10.660320000170032,11.061791999964043,15694,0.0
6907,1774584666.7781138,90.07347112986967,10.699903999920934,11.102047999884235,15694,0.0
6908,1774584666.789189,90.35552368730991,10.672672000055172,11.067391999858955,15814,0.0
6909,1774584666.8002572,90.40649653552595,10.667968000234396,11.061152000365837,15814,0.0
6910,1774584666.8113642,90.09450553243548,10.679135999907885,11.099456000010832,15814,0.0
6911,1774584666.8224404,90.34115711934004,10.681216000193672,11.069151999890892,15814,0.0
6912,1774584666.8335228,90.28530155103135,10.687072000109765,11.076000000230124,15814,0.0
6913,1774584666.8445988,90.34115711934004,10.667328000181442,11.069151999890892,15814,0.0
6914,1774584666.8556664,90.40597344695225,10.662367999884736,11.061216000143759,15814,0.0
6915,1774584666.8667908,89.95316678528083,10.709152000345057,11.116895999748522,15814,0.0
6916,1774584666.8780096,89.19549940779889,10.77724800006763,11.211328000172216,15814,0.0
6917,1774584666.8891737,89.65046359855272,10.706399999889982,11.154432000239467,15814,0.0
6918,1774584666.9003553,89.51000077168527,10.723200000029465,11.171936000209826,15814,0.0
6919,1774584666.9114919,89.8724530137135,10.681823999675544,11.126880000119854,15814,0.0
6920,1774584666.9225922,90.15896829075051,10.671200000160752,11.0915200002637,15814,0.0
6921,1774584666.933758,89.6296360023859,10.756640000181505,11.15702400011287,15814,0.0
6922,1774584666.9449198,89.64686307657213,10.75126400019144,11.154880000049161,15814,0.0
6923,1774584666.956032,90.05478212445514,10.692383999867161,11.104352000074869,15814,0.0
6924,1774584666.9671218,90.24124010330354,10.671007999917492,11.081407999881776,15814,0.0
6925,1774584666.9782312,90.07528852933146,10.70393600002717,11.101823999979388,15814,0.0
6926,1774584666.989317,90.26313509048875,10.67408000017167,11.078720000114117,15814,0.0
6927,1774584667.0003886,90.38583906976757,10.667296000065107,11.06368000000657,15814,0.0
6928,1774584667.0115128,89.95290785477395,10.67135999983293,11.116927999864856,15814,0.0
6929,1774584667.0226142,90.14102382810408,10.678879999886703,11.09372800010533,15814,0.0
6930,1774584667.0337327,90.00783428016997,10.693631999856734,11.11014400021304,15814,0.0
6931,1774584667.044833,90.14830477890479,10.681408000436932,11.092832000031194,15814,0.0
6932,1774584667.0559502,90.01976113906812,10.683296000024711,11.108671999863873,15814,0.0
6933,1774584667.0670495,90.16182966199773,10.680383999897458,11.091168000348262,15814,0.0
6934,1774584667.0781758,89.940480987367,10.701696000069205,11.118463999991945,15814,0.0
6935,1774584667.0892994,89.9606763890332,10.697760000311973,11.1159680000128,15814,0.0
6936,1774584667.100407,90.09398604426696,10.682527999961167,11.099520000243501,15814,0.0
6937,1774584667.1115477,89.8282770792394,10.701696000069205,11.132352000004175,15814,0.0
6938,1774584667.1226327,90.2722611384958,10.66207999974722,11.077600000135135,15814,0.0
6939,1774584667.133933,88.55651464550664,10.874336000142648,11.292223999589623,15814,0.0
6940,1774584667.1450279,90.20086650415183,10.678111999823159,11.086368000178481,15814,0.0
6941,1774584667.1561594,89.8941693930866,10.702336000122159,11.124191999897448,15814,0.0
6942,1774584667.1672888,89.92598731426605,10.672128000351222,11.120256000140216,15814,0.0
6943,1774584667.178387,90.16651230100226,10.687263999898278,11.09059200007323,15814,0.0
6944,1774584667.1894543,90.41512840260172,10.653215999809618,11.060096000164776,15814,0.0
6945,1774584667.2005293,90.35656870692713,10.671104000266496,11.067263999848365,15814,0.0
6946,1774584667.2116368,90.08905122389338,10.681983999802469,11.10012800018012,15814,0.0
6947,1774584667.222714,90.33932897558569,10.66080000009606,11.069375999795739,15814,0.0
6948,1774584667.2338285,90.03143177276539,10.71248000016567,11.107232000085787,15814,0.0
6949,1774584667.2449017,90.36571365886829,10.66982399970584,11.066143999869382,15814,0.0
6950,1774584667.255997,90.18186435468303,10.687776000395388,11.088704000030702,15814,0.0
6951,1774584667.2670867,90.23941600111382,10.677567999664461,11.081631999786623,15814,0.0
6952,1774584667.2781847,90.16339048885622,10.696447999634984,11.090976000105002,15814,0.0
6953,1774584667.2893004,90.01690877424792,10.723999999754597,11.109024000234058,15854,0.0
6954,1774584667.3003619,90.45464676102186,10.65753600005337,11.055264000333409,15854,0.0
6955,1774584667.3114557,90.19019307960478,10.665568000149506,11.087679999945976,15854,0.0
6956,1774584667.3225424,90.25713897816506,10.674752000340959,11.079456000061327,15854,0.0
6957,1774584667.3336632,89.98761770593012,10.7186879999972,11.11263999973744,15854,0.0
6958,1774584667.344722,90.48214678713042,10.661248000360501,11.051903999941715,15854,0.0
6959,1774584667.355807,90.27017502176317,10.680959999717743,11.077856000156316,15854,0.0
6960,1774584667.3668838,90.3445524424142,10.668991999864375,11.068735999742785,15854,0.0
6961,1774584667.3779893,90.10307792268617,10.704832000101305,11.098399999809772,15854,0.0
6962,1774584667.389079,90.230036064102,10.686271999929886,11.08278399988194,15854,0.0
6963,1774584667.4001591,90.31452575164519,10.677056000076846,11.07241600038833,15854,0.0
6964,1774584667.4112103,90.54664093715861,10.65567999967243,11.044031999972503,15854,0.0
6965,1774584667.4223511,89.82285495696578,10.690975999750663,11.133024000173464,15854,0.0
6966,1774584667.433413,90.46433533943895,10.659680000117078,11.054080000121758,15854,0.0
6967,1774584667.444487,90.35630744882847,10.676351999791223,11.0672959999647,15854,0.0
6968,1774584667.455584,90.17796079530305,10.674048000055336,11.089183999956731,15854,0.0
6969,1774584667.4666631,90.32105159917448,10.675551999611343,11.071615999753703,15854,0.0
6970,1774584667.4777734,90.06724059956531,10.710592000123142,11.10281599994778,15854,0.0
6971,1774584667.4888504,90.33593404510877,10.671712000203115,11.069791999943845,15854,0.0
6972,1774584667.4999256,90.3568299628239,10.667296000065107,11.067232000186777,15854,0.0
6973,1774584667.5109944,90.41120462368237,10.662496000350075,11.060576000090805,15854,0.0
6974,1774584667.5221126,90.00446422218361,10.701855999741383,11.1105599999064,15854,0.0
6975,1774584667.5331848,90.37747417298726,10.656864000338828,11.064704000091297,15854,0.0
6976,1774584667.5442734,90.24306427923966,10.668800000075862,11.081183999976929,15854,0.0
6977,1774584667.5554202,89.77460111268519,10.687936000067566,11.139008000100148,15854,0.0
6978,1774584667.5665348,90.04777574763591,10.684448000120028,11.10521600003267,15854,0.0
6979,1774584667.577666,89.90529017195239,10.705376000260003,11.122815999897284,15854,0.0
6980,1774584667.5887692,90.12828499659253,10.676736000277742,11.095295999894006,15854,0.0
6981,1774584667.5998757,90.11373074063837,10.670432000097207,11.09708799958753,15854,0.0
6982,1774584667.6109838,90.09034981327657,10.670784000012645,11.099967999598448,15854,0.0
6983,1774584667.622147,89.639920026793,10.734847999628983,11.155744000006962,15854,0.0
6984,1774584667.6332424,90.20711554003873,10.665664000043762,11.08559999966019,15854,0.0
6985,1774584667.6443448,90.13920377509139,10.685312000077829,11.093952000010177,15854,0.0
6986,1774584667.6555011,89.70373368259413,10.685728000225936,11.147808000259829,15854,0.0
6987,1774584667.666622,89.99357805996867,10.69692800001576,11.11190399979023,15854,0.0
6988,1774584667.6777802,89.68236658205147,10.708416000397847,11.150463999911153,15854,0.0
6989,1774584667.6888816,90.13608385361854,10.682592000193836,11.094336000041949,15854,0.0
6990,1774584667.699973,90.2151884835963,10.675968000214198,11.084608000146545,15854,0.0
6991,1774584667.7110736,90.14388406044134,10.683391999918967,11.093376000189892,15854,0.0
6992,1774584667.722202,89.92029465105526,10.713471999679314,11.120959999971092,15854,0.0
6993,1774584667.7332957,90.20268904817739,10.677695999675052,11.086144000273634,15854,0.0
6994,1774584667.7443702,90.35238876977502,10.661984000307712,11.067776000345475,15854,0.0
6995,1774584667.7555082,89.84609723164887,10.69712000025902,11.130143999707798,15854,0.0
6996,1774584667.7665758,90.42507017118896,10.649120000380208,11.05887999983679,15854,0.0
6997,1774584667.7777147,89.84170610226379,10.709696000049007,11.130687999866495,15854,0.0
6998,1774584667.7888117,90.18628879918249,10.670176000076026,11.088159999872005,15854,0.0
6999,1774584667.799933,89.98450826892548,10.698112000227411,11.113023999769212,15854,0.0
7000,1774584667.8120785,82.38318064734597,11.718944000222109,12.138400000367255,15854,0.0
7001,1774584667.8243787,81.83241768337184,11.771072000101412,12.220095999964542,15854,0.0
7002,1774584667.8419917,56.81136445419913,17.132192000190116,17.602112000076886,15854,0.0
7003,1774584667.8591852,58.199304216769285,16.718975999992836,17.18233599967789,15854,0.0
7004,1774584667.8725972,74.62062872215901,12.923744000090664,13.401120000253286,15854,0.0
7005,1774584667.8837154,90.02780058566772,10.66560000026584,11.107679999895481,15854,0.0
7006,1774584667.8948553,89.84222268517001,10.700255999836372,11.130623999633826,15854,0.0
7007,1774584667.9060225,89.61061677846817,10.739775999809353,11.159392000081425,15854,0.0
7008,1774584667.9174376,87.66540709103319,10.988192000240815,11.40700799987826,15854,0.0
7009,1774584667.9285483,90.07996217953766,10.69065599995156,11.101248000159103,15854,0.0
7010,1774584667.9396896,89.81924057486404,10.713823999594752,11.133471999983158,15854,0.0
7011,1774584667.9508371,89.78956199793095,10.708159999921918,11.137152000173955,15854,0.0
7012,1774584667.9630008,82.28339718375358,11.747487999855366,12.153120000220952,15854,0.0
7013,1774584667.9751778,82.18169386418121,11.776223999731883,12.168159999873751,15854,0.0
7014,1774584667.9862802,90.13322411624742,10.685599999760598,11.094687999957387,15854,0.0
7015,1774584667.9973698,90.24019774963622,10.669343999779812,11.081535999892367,15854,0.0
7016,1774584668.0084467,90.35813627982107,10.660799999641313,11.067072000059852,15854,0.0
7017,1774584668.019593,89.782854778622,10.710912000376993,11.137984000015422,15854,0.0
7018,1774584668.0306554,90.46171659846051,10.660127999926772,11.054400000375608,15854,0.0
7019,1774584668.04177,90.03661969369576,10.706720000143832,11.106592000032833,15854,0.0
7020,1774584668.0528543,90.28034575440434,10.666111999853456,11.076607999711996,15854,0.0
7021,1774584668.0639415,90.25583558347624,10.669856000276923,11.079615999733505,15854,0.0
7022,1774584668.0750198,90.32992825724672,10.668991999864375,11.070527999891056,15854,0.0
7023,1774584668.0861669,89.77924361487335,10.727616000167473,11.138431999825116,15854,0.0
7024,1774584668.097259,90.22196045945925,10.665887999948609,11.083775999850332,15854,0.0
7025,1774584668.1083515,90.2219604557576,10.677248000320105,11.083776000305079,15854,0.0
7026,1774584668.119419,90.41041990950917,10.651040000084322,11.060671999985061,15854,0.0
7027,1774584668.1305134,90.20607397084582,10.68691199998284,11.085728000125528,15854,0.0
7028,1774584668.141625,90.06698101560818,10.711743999763712,11.102847999609367,15854,0.0
7029,1774584668.1527588,89.88667088463741,10.698783999941952,11.125120000087918,15854,0.0
7030,1774584668.1638908,89.91305048329465,10.668096000244986,11.121856000045227,15854,0.0
7031,1774584668.1749818,90.24202188343098,10.682591999739088,11.08131199998752,15854,0.0
7032,1774584668.1860816,90.15558690600733,10.694688000057795,11.091935999957059,15854,0.0
7033,1774584668.1971781,90.19123427838964,10.673984000277414,11.087551999935386,15854,0.0
7034,1774584668.2082312,90.55005172362937,10.646656000062649,11.043615999824397,15854,0.0
7035,1774584668.2193246,90.20529281343592,10.642400000051566,11.085824000019784,15854,0.0
7036,1774584668.2303498,90.76571408714956,10.620544000175869,11.017375999927026,15854,0.0
7037,1774584668.2414138,90.44103389282466,10.656351999841718,11.056928000016342,15854,0.0
7038,1774584668.2524724,90.4845047074174,10.655776000021433,11.051616000258946,15854,0.0
7039,1774584668.2635434,90.38374770041075,10.651552000126685,11.063936000027752,15854,0.0
7040,1774584668.2745895,90.59100119461753,10.648832000242692,11.038624000320851,15854,0.0
7041,1774584668.2857108,89.98217632758566,10.72396800009301,11.113312000361475,15854,0.0
7042,1774584668.2967741,90.45359947526217,10.653696000190394,11.055391999889252,15854,0.0
7043,1774584668.3078234,90.57892250035697,10.646239999914542,11.040096000215271,15854,0.0
7044,1774584668.3188844,90.4782171893382,10.653951999756828,11.052383999867743,15774,0.0
7045,1774584668.3299963,90.05244654683315,10.69859200015344,11.104639999757637,15774,0.0
7046,1774584668.3410501,90.53982013873988,10.637279999627935,11.04486399981397,15774,0.0
7047,1774584668.3521228,90.38322487133607,10.667168000054517,11.064000000260421,15774,0.0
7048,1774584668.3631957,90.37669004422183,10.654688000158785,11.064799999985553,15774,0.0
7049,1774584668.3743153,90.00187203764033,10.676576000150817,11.11088000016025,15774,0.0
7050,1774584668.385371,90.50809069721201,10.647999999946478,11.048736000248027,15774,0.0
7051,1774584668.3964787,90.08931093877509,10.688672000014776,11.100096000063786,15774,0.0
7052,1774584668.4075663,90.26443869971875,10.65107199974591,11.078559999987192,15774,0.0
7053,1774584668.4186428,90.348731647099,10.676479999801813,11.068224000155169,15774,0.0
7054,1774584668.4297516,90.07996217953766,10.706752000260167,11.101248000159103,15774,0.0
7055,1774584668.4408333,90.30330350840234,10.680191999654198,11.073792000388494,15774,0.0
7056,1774584668.4519079,90.35421744585214,10.668800000075862,11.06755199998588,15774,0.0
7057,1774584668.4629934,90.26261365956272,10.68076799992923,11.078783999892039,15774,0.0
7058,1774584668.4741056,90.04595945821384,10.714879999795812,11.105439999937516,15774,0.0
7059,1774584668.4851854,90.31478676818243,10.67375999991782,11.072384000271995,15774,0.0
7060,1774584668.4962683,90.29286671873732,10.65894399971512,11.075072000039654,15774,0.0
7061,1774584668.5074265,89.68571256565454,10.696383999857062,11.150047999763046,15774,0.0
7062,1774584668.5184987,90.38061082783399,10.66246400023374,11.064320000059524,15774,0.0
7063,1774584668.5296116,90.04647839267913,10.711391999848274,11.105375999704847,15774,0.0
7064,1774584668.5406814,90.39734333145462,10.666367999874637,11.062271999890072,15774,0.0
7065,1774584668.551767,90.26678529048296,10.68096000017249,11.078271999849676,15774,0.0
7066,1774584668.5628293,90.46250220706733,10.642751999967004,11.054304000026605,15774,0.0
7067,1774584668.5739577,89.92546977131607,10.716735999722005,11.120319999918138,15774,0.0
7068,1774584668.5850317,90.36179416762393,10.663872000350239,11.06662399979541,15774,0.0
7069,1774584668.5960968,90.43239708263854,10.666335999758303,11.057983999762655,15774,0.0
7070,1774584668.607179,90.29756297534367,10.673408000002382,11.07449600021937,15774,0.0
7071,1774584668.6182902,90.05763688631502,10.715104000155407,11.10400000015943,15774,0.0
7072,1774584668.6293685,90.3210515954647,10.662784000032843,11.07161600020845,15774,0.0
7073,1774584668.640476,90.08749297343012,10.679968000204099,11.100319999968633,15774,0.0
7074,1774584668.6515303,90.51333369861588,10.653567999725055,11.048096000195073,15774,0.0
7075,1774584668.6626332,90.11892814718388,10.69184000016321,11.096447999989323,15774,0.0
7076,1774584668.6737688,89.85746449514683,10.73558400003094,11.128736000046047,15774,0.0
7077,1774584668.6848576,90.24567037597348,10.695232000216492,11.080863999723078,15774,0.0
7078,1774584668.6959388,90.29834573536316,10.67216000001281,11.074399999870366,15774,0.0
7079,1774584668.7070239,90.27147883434849,10.68390399996133,11.077696000029391,15774,0.0
7080,1774584668.718114,90.22873344836896,10.700096000164194,11.082944000008865,15774,0.0
7081,1774584668.729187,90.36310062445098,10.657887999968807,11.066464000123233,15774,0.0
7082,1774584668.7402859,90.16573182862341,10.6754240000555,11.090687999967486,15774,0.0
7083,1774584668.7514555,89.59263304832761,10.694271999909688,11.16163200003939,15774,0.0
7084,1774584668.7625525,90.18680934864877,10.668863999853784,11.088096000094083,15774,0.0
7085,1774584668.7737103,89.68725694773852,10.732735999681609,11.149855999974534,15774,0.0
7086,1774584668.7848065,90.17639946395231,10.682527999961167,11.08937600019999,15774,0.0
7087,1774584668.7958958,90.23785254099897,10.670304000086617,11.081824000029883,15774,0.0
7088,1774584668.8069742,90.32366219854484,10.67168000008678,11.0712959999546,15774,0.0
7089,1774584668.818136,89.65535048908954,10.743999999704101,11.1538239998481,15774,0.0
7090,1774584668.8292549,90.00913052550291,10.66694400014967,11.109984000086115,15814,0.0
7091,1774584668.8403792,89.9720726694831,10.69932800010065,11.1145599998963,15814,0.0
7092,1774584668.8515103,89.90322098133772,10.670560000107798,11.123071999918466,15814,0.0
7093,1774584668.8626368,89.94643509860794,10.688064000078157,11.117728000044735,15814,0.0
7094,1774584668.8750222,80.79444858116057,11.962175999997271,12.377087999993819,15814,0.0
7095,1774584668.886176,89.71841337655145,10.72617599993464,11.145983999995224,15814,0.0
7096,1774584668.897276,90.15272593097968,10.669440000128816,11.092287999872497,15814,0.0
7097,1774584668.9083984,89.97025942897109,10.7007359997624,11.114784000255895,15814,0.0
7098,1774584668.9195843,89.4582408926506,10.698304000015924,11.178400000062538,15814,0.0
7099,1774584668.9307704,89.46515582599149,10.734943999977986,11.177536000104737,15814,0.0
7100,1774584668.943168,80.7151491351775,11.840287999802968,12.389248000090447,15814,0.0
7101,1774584668.9554293,81.6178352606534,11.791616000209615,12.25222399989434,15814,0.0
7102,1774584668.9676216,82.07722350622366,11.733055999684439,12.183647999790992,15814,0.0
7103,1774584668.97981,82.10245335080276,11.761855999793625,12.17990400027702,15814,0.0
7104,1774584668.9909003,90.23342303955411,10.674464000203443,11.082367999733833,15814,0.0
7105,1774584669.0020552,89.70399118058418,10.747808000360237,11.147776000143494,15814,0.0
7106,1774584669.0131524,90.18238485677358,10.658816000159277,11.088639999798033,15814,0.0
7107,1774584669.0242565,90.12646545426838,10.68156800010911,11.0955200002536,15814,0.0
7108,1774584669.0354238,89.61087374214365,10.686623999845324,11.15935999996509,15814,0.0
7109,1774584669.0465152,90.22352336522397,10.677184000087436,11.083584000061819,15814,0.0
7110,1774584669.0576344,89.99046821104872,10.708671999964281,11.112287999822001,15814,0.0
7111,1774584669.0687299,90.18602852485343,10.68671999973958,11.08819199998834,15814,0.0
7112,1774584669.0798023,90.37146286062914,10.653247999925952,11.065440000038507,15814,0.0
7113,1774584669.0909076,90.10567593665199,10.691359999782435,11.098080000010668,15814,0.0
7114,1774584669.1020665,89.67361672881992,10.736384000210819,11.151552000228548,15814,0.0
7115,1774584669.1131775,90.05893456651687,10.693440000068222,11.103840000032505,15814,0.0
7116,1774584669.1242871,90.0784042434782,10.668352000266168,11.101439999947615,15814,0.0
7117,1774584669.1354218,89.86960997998679,10.698816000058287,11.127232000035292,15814,0.0
7118,1774584669.1465118,90.2368102655875,10.667871999885392,11.081952000040474,15814,0.0
7119,1774584669.157672,89.66126690732524,10.744575999979133,11.15308799990089,15814,0.0
7120,1774584669.1687522,90.30904477881668,10.661920000075042,11.073087999648124,15814,0.0
7121,1774584669.1798165,90.436584422307,10.6574719998207,11.057471999720292,15814,0.0
7122,1774584669.1908774,90.46485910731752,10.669408000012481,11.054015999889089,15814,0.0
7123,1774584669.202007,89.90865280709788,10.721408000335941,11.122400000203925,15814,0.0
7124,1774584669.2131011,90.19591996858462,10.669471999790403,11.0869760001151,15814,0.0
7125,1774584669.2241914,90.23576801425294,10.679263999918476,11.082080000051064,15814,0.0
7126,1774584669.2353334,89.80736679151637,10.683936000077665,11.134943999877578,15814,0.0
7127,1774584669.2464125,90.31870218616643,10.667103999821848,11.07190399989122,15814,0.0
7128,1774584669.2575097,90.17249637764787,10.685920000014448,11.08985600012602,15814,0.0
7129,1774584669.2685816,90.37329230517693,10.67008000018177,11.06521600013366,15814,0.0
7130,1774584669.2808053,81.85814049670259,11.798303999967175,12.216256000101566,15814,0.0
7131,1774584669.291936,89.91796604034316,10.6967359997725,11.121248000108608,15814,0.0
7132,1774584669.3030663,89.90684212558301,10.684736000257544,11.122624000108772,15814,0.0
7133,1774584669.3142202,89.7130045087281,10.737760000210983,11.146656000164512,15814,0.0
7134,1774584669.3252964,90.3586588186812,10.651455999777681,11.067007999827183,15814,0.0
7135,1774584669.3365676,88.78219242073251,10.850432000097499,11.263520000284188,15814,0.0
7136,1774584669.3479128,88.20806377050272,10.91439999981958,11.3368319998699,15814,0.0
7137,1774584669.3589735,90.47847914917543,10.65599999992628,11.052352000206156,15814,0.0
7138,1774584669.370117,89.80504402590306,10.717311999997037,11.135232000015094,15814,0.0
7139,1774584669.3812087,90.2232628796374,10.679359999812732,11.083615999723406,15814,0.0
7140,1774584669.3922553,90.58601178214847,10.64031999976578,11.039231999802723,15814,0.0
7141,1774584669.4033535,90.1659919858141,10.66975999992792,11.090655999851151,15814,0.0
7142,1774584669.4144292,90.35134385055346,10.666047999620787,11.067903999901318,15814,0.0
7143,1774584669.4255629,89.87607168344667,10.72255999997651,11.126431999855413,15814,0.0
7144,1774584669.436655,90.21414673166994,10.670656000002054,11.084736000157136,15814,0.0
7145,1774584669.447738,90.30330351211066,10.673056000086945,11.073791999933746,15814,0.0
7146,1774584669.4587917,90.5356232301948,10.65180799969312,11.04537600031108,15814,0.0
7147,1774584669.4698906,90.16156953252236,10.695712000142521,11.091200000009849,15814,0.0
7148,1774584669.4809387,90.57524701660886,10.645920000115439,11.040544000024965,15814,0.0
7149,1774584669.4919906,90.54086942201506,10.654176000116422,11.044736000258126,15814,0.0
7150,1774584669.5030885,90.16859362920175,10.670399999980873,11.090336000052048,15814,0.0
7151,1774584669.51425,89.66229592949638,10.75523199961026,11.1529599998903,15814,0.0
7152,1774584669.5253298,90.31556982313721,10.670496000329877,11.072288000377739,15814,0.0
7153,1774584669.5364153,90.2800849369031,10.66883199973745,11.07663999982833,15814,0.0
7154,1774584669.5475178,90.13946377922042,10.684224000215181,11.093919999893842,15814,0.0
7155,1774584669.5586016,90.28530155103135,10.688352000215673,11.076000000230124,15814,0.0
7156,1774584669.56971,90.08749297343012,10.683200000130455,11.100319999968633,15814,0.0
7157,1774584669.5808082,90.17509840010683,10.681664000003366,11.089535999872169,15814,0.0
7158,1774584669.5918949,90.27512970922193,10.664064000138751,11.07724799976495,15814,0.0
7159,1774584669.6029701,90.35552368730991,10.669088000213378,11.067391999858955,15814,0.0
7160,1774584669.6140738,90.13764378551025,10.69472000017413,11.094144000253436,15814,0.0
7161,1774584669.625133,90.48869687412241,10.654816000169376,11.051104000216583,15814,0.0
7162,1774584669.6362135,90.3087837954679,10.665728000276431,11.073119999764458,15814,0.0
7163,1774584669.6473548,89.83137572821617,10.683296000024711,11.131967999972403,15814,0.0
7164,1774584669.6584086,90.53588552627863,10.654976000296301,11.045344000194746,15814,0.0
7165,1774584669.6694853,90.3388066602677,10.667744000329549,11.069440000028408,15814,0.0
7166,1774584669.6805704,90.28347566714201,10.666848000255413,11.076224000134971,15814,0.0
7167,1774584669.691666,90.19618030000974,10.675104000256397,11.086943999998766,15814,0.0
7168,1774584669.703112,87.42848350099482,11.026944000150252,11.43791999993482,15814,0.0
7169,1774584669.714229,90.01872389558734,10.708799999974872,11.108799999874464,15814,0.0
7170,1774584669.7253315,90.14128384273303,10.6731519999812,11.093695999988995,15814,0.0
7171,1774584669.7363846,90.53404949306214,10.65545600022233,11.045568000099593,15814,0.0
7172,1774584669.747498,90.05426309427753,10.65567999967243,11.104416000307538,15814,0.0
7173,1774584669.7585728,90.36388451742332,10.661439999694267,11.066368000228977,15814,0.0
7174,1774584669.769698,89.94617620685393,10.702304000005824,11.11776000016107,15814,0.0
7175,1774584669.7807775,90.31295969152244,10.668703999726858,11.072608000176842,15814,0.0
7176,1774584669.7918258,90.57472196971986,10.652383999968151,11.040608000257635,15814,0.0
7177,1774584669.8028815,90.51202289038697,10.664863999863883,11.048256000321999,15814,0.0
7178,1774584669.8140278,89.77150637917737,10.720192000007955,11.13939200013192,15814,0.0
7179,1774584669.8251154,90.25453221902264,10.667968000234396,11.079776000315178,15814,0.0
7180,1774584669.8367183,86.2511523153481,10.665088000223477,11.594048000006296,15814,0.0
7181,1774584669.847964,88.99305426913114,10.748031999810337,11.236832000122376,15814,0.0
7182,1774584669.8590505,90.25896380064262,10.684416000003694,11.079231999701733,15814,0.0
7183,1774584669.8701665,90.02728186645848,10.714015999838011,11.10774400012815,15814,0.0
7184,1774584669.8812137,90.5731468730364,10.656672000095568,11.040800000046147,15814,0.0
7185,1774584669.8923643,89.73902456008464,10.705952000080288,11.143423999783408,15814,0.0
7186,1774584669.9034946,89.9205533938409,10.668255999917164,11.120927999854757,15814,0.0
7187,1774584669.9146001,90.11684911114628,10.68844800010993,11.096704000010504,15814,0.0
7188,1774584669.9257338,89.87658865795517,10.723807999966084,11.126368000077491,15814,0.0
7189,1774584669.9368107,90.3445524424142,10.669952000171179,11.068735999742785,15814,0.0
7190,1774584669.9479008,90.23185978709495,10.66956799968466,11.082559999977093,15814,0.0
7191,1774584669.959008,90.09944095038634,10.678912000003038,11.098848000074213,15814,0.0
7192,1774584669.9701087,90.1566273059204,10.679359999812732,11.091807999946468,15814,0.0
7193,1774584669.9812121,90.12802505694901,10.687263999898278,11.09532800001034,15814,0.0
7194,1774584669.9922867,90.36231674507884,10.663999999906082,11.066560000017489,15814,0.0
7195,1774584670.0034182,89.89597956418655,10.683615999823814,11.123967999992601,15814,0.0
7196,1774584670.014496,90.33175602054341,10.667135999938182,11.070303999986209,15814,0.0
7197,1774584670.0256164,89.98373094048858,10.708927999985463,11.113120000118215,15814,0.0
7198,1774584670.036699,90.2899970244078,10.672544000044581,11.075423999955092,15814,0.0
7199,1774584670.0477734,90.36022646409823,10.668928000086453,11.06681600003867,15814,0.0
7200,1774584670.058878,90.10983307359378,10.662912000043434,11.097567999968305,15814,0.0
7201,1774584670.0700185,89.8210477295544,10.727903999850241,11.13324800007831,15814,0.0
7202,1774584670.081089,90.39786632016518,10.65587199991569,11.06220800011215,15814,0.0
7203,1774584670.092175,90.27095730701821,10.661439999694267,11.077759999807313,15814,0.0
7204,1774584670.1032493,90.35735248657531,10.647999999946478,11.067167999954108,15814,0.0
7205,1774584670.1143289,90.32079054642438,10.67696000018259,11.071647999870038,15814,0.0
7206,1774584670.125406,90.33593404510877,10.667711999758467,11.069791999943845,15814,0.0
7207,1774584670.1364849,90.3220958178457,10.668480000276759,11.07148800019786,15814,0.0
7208,1774584670.1475902,90.09996050146367,10.660831999757647,11.098783999841544,15814,0.0
7209,1774584670.1586905,90.15428643895874,10.685631999876932,11.092096000083984,15814,0.0
7210,1774584670.1698215,89.90503151699777,10.716671999944083,11.122848000013619,15814,0.0
7211,1774584670.1809065,90.27852007095449,10.673088000203279,11.076831999616843,15814,0.0
7212,1774584670.1930444,82.44164450637922,11.738944000171614,12.129791999996087,15814,0.0
7213,1774584670.2051778,82.47515188749324,11.738656000034098,12.124863999815716,15814,0.0
7214,1774584670.2173266,82.35864620921717,11.748639999950683,12.142015999870637,15814,0.0
7215,1774584670.2284377,90.05504164178754,10.695839999698364,11.104319999958534,15814,0.0
7216,1774584670.239526,90.25270757943521,10.669920000054844,11.080000000220025,15814,0.0
7217,1774584670.250602,90.3568299628239,10.66643199965256,11.067232000186777,15814,0.0
7218,1774584670.2617197,90.00083521005041,10.722368000187998,11.111007999716094,15814,0.0
7219,1774584670.2728155,90.19019307590575,10.701056000016251,11.087680000400724,15814,0.0
7220,1774584670.2838945,90.31948530901857,10.679327999696397,11.071807999996963,15814,0.0
7221,1774584670.294966,90.3816564278329,10.678208000172162,11.064192000048934,15814,0.0
7222,1774584670.3060985,89.8892564374115,10.716832000071008,11.124799999834067,15814,0.0
7223,1774584670.3171766,90.3419406316405,10.668991999864375,11.069055999996635,15814,0.0
7224,1774584670.3282351,90.48005095866846,10.658015999979398,11.052159999962896,15814,0.0
7225,1774584670.339344,90.07918320477174,10.673568000129308,11.10134400005336,15814,0.0
7226,1774584670.3504183,90.36074902713369,10.663871999895491,11.066751999806002,15814,0.0
7227,1774584670.3615327,90.04232709917133,10.695583999677183,11.10588799974721,15814,0.0
7228,1774584670.372594,90.47664544355604,10.654879999947298,11.052576000111003,15814,0.0
7229,1774584670.3836377,90.61674481591045,10.63782400024138,11.035487999834004,15814,0.0
7230,1774584670.3946733,90.6766947825465,10.637119999955758,11.028192000139825,15814,0.0
7231,1774584670.4057643,90.22821241112582,10.697119999804272,11.083008000241534,15814,0.0
7232,1774584670.4168036,90.64486935438383,10.644128000421915,11.032064000119135,15814,0.0
7233,1774584670.427867,90.44155739091708,10.665599999811093,11.056863999783673,15814,0.0
7234,1774584670.4389331,90.42140715881168,10.660031999577768,11.059328000101232,15814,0.0
7235,1774584670.4500873,89.72176205050447,10.749120000127732,11.145567999847117,15814,0.0
7236,1774584670.4612527,89.6301501457367,10.757984000065335,11.156960000334948,15814,0.0
7237,1774584670.4758158,68.70985970036591,14.112415999989025,14.553951999914716,15814,0.0
7238,1774584670.487722,84.06480925829311,11.438272000305005,11.895584000285453,15814,0.0
7239,1774584670.5017626,71.27315522422454,13.584831999651215,14.030527999693732,15814,0.0
7240,1774584670.5129364,89.57054863004018,10.710399999879883,11.164384000039718,15814,0.0
7241,1774584670.5241344,89.37969064734585,10.737951999999495,11.188223999852198,15814,0.0
7242,1774584670.5353405,89.31710286630418,10.707295999964117,11.196064000159822,15814,0.0
7243,1774584670.546609,88.81499481547122,10.782944000311545,11.259359999712615,15814,0.0
7244,1774584670.557948,88.25788813860612,10.871200000110548,11.33043199979511,15814,0.0
7245,1774584670.5691535,89.31991104971007,10.739392000232328,11.195712000244384,15814,0.0
7246,1774584670.5803263,89.5831302762234,10.697312000047532,11.162816000251041,15814,0.0
7247,1774584670.591592,88.84125418349865,10.754655999789975,11.256031999892002,15814,0.0
7248,1774584670.6027641,89.58749616491401,10.702047999984643,11.162272000092344,15814,0.0
7249,1774584670.6140363,88.79606740136362,10.798784000144224,11.261759999797505,15814,0.0
7250,1774584670.6284666,69.34843538958997,13.944831999651797,14.419935999740119,15814,0.0
7251,1774584670.6428494,69.57338712258093,13.90086399987922,14.373311999861471,15814,0.0
7252,1774584670.654112,88.87966120539224,10.743008000190457,11.2511679999443,15814,0.0
7253,1774584670.6653135,89.37278891871982,10.736224000083894,11.189087999809999,15814,0.0
7254,1774584670.676496,89.50820611141765,10.700031999931525,11.172160000114673,15814,0.0
7255,1774584670.6879323,87.529620022712,10.942335999970965,11.424704000091879,15814,0.0
7256,1774584670.707726,50.547776141321165,19.31523199982621,19.783263999670453,15814,0.0
7257,1774584670.7231696,64.79517467685359,14.947264000056748,15.43324800013579,15814,0.0
7258,1774584670.7368367,73.22102204730291,13.216800000009243,13.65728000018862,15814,0.0
7259,1774584670.747971,89.88615379046168,10.699295999984315,11.125184000320587,15814,0.0
7260,1774584670.7591014,89.90942883893877,10.69686399978309,11.122303999854921,15814,0.0
7261,1774584670.7702942,89.41523864527477,10.757311999896046,11.183776000052603,15814,0.0
7262,1774584670.7836614,74.85729205880662,12.925152000207163,13.358751999930973,15814,0.0
7263,1774584670.7967393,76.51868157679642,12.628575999769964,13.068704000033904,15814,0.0
7264,1774584670.807881,89.82311313929522,10.70006400004786,11.13299200005713,15814,0.0
7265,1774584670.819038,89.693435015311,10.722944000008283,11.14908799991099,15814,0.0
7266,1774584670.830195,89.701673762869,10.725952000029793,11.148063999826263,15814,0.0
7267,1774584670.8413575,89.65072079080552,10.714944000028481,11.154400000123132,15814,0.0
7268,1774584670.8524902,89.89830703625307,10.692064000068058,11.123679999855085,15814,0.0
7269,1774584670.8636913,89.35030178923607,10.746752000159177,11.191904000042996,15814,0.0
7270,1774584670.8748183,89.94488177779643,10.689279999951395,11.117919999833248,15814,0.0
7271,1774584670.8859665,89.76351264299466,10.727743999723316,11.140383999645564,15814,0.0
7272,1774584670.89709,89.9697413763065,10.691807999592129,11.114848000033817,15814,0.0
7273,1774584670.9081874,90.17770056904033,10.67990399997143,11.089216000073066,15814,0.0
7274,1774584670.9193335,89.77769605957265,10.67468800010829,11.138624000068376,15814,0.0
7275,1774584670.9304717,89.8458389135036,10.699423999994906,11.13017600027888,15814,0.0
7276,1774584670.9416113,89.8362823587401,10.702783999931853,11.131360000035784,15814,0.0
7277,1774584670.952786,89.55232434757455,10.724448000019038,11.166656000114017,15814,0.0
7278,1774584670.9640253,89.04782937006986,10.777760000109993,11.229920000005222,15814,0.0
7279,1774584670.9752047,89.52795134425897,10.716992000197934,11.169695999797113,15814,0.0
7280,1774584670.9864042,89.36461047122744,10.73705599992536,11.190111999894725,15814,0.0
7281,1774584670.9975505,89.78337068130104,10.725088000071992,11.1379200002375,15814,0.0
7282,1774584671.008699,89.7689275994022,10.727487999702134,11.139711999931023,15814,0.0
7283,1774584671.0197964,90.17301676790791,10.696576000100322,11.089792000348098,15814,0.0
7284,1774584671.0308867,90.22456533741888,10.68131199963318,11.083455999596481,15814,0.0
7285,1774584671.0420449,89.68442561877481,10.744895999778237,11.150207999889972,15814,0.0
7286,1774584671.0531569,90.06101093484186,10.684416000003694,11.103583999556577,15814,0.0
7287,1774584671.0642781,89.98139904311881,10.702208000111568,11.113408000255731,15814,0.0
7288,1774584671.075503,89.15096896351795,10.766144000172062,11.216928000067128,15814,0.0
7289,1774584671.0865934,90.23967658368404,10.679423999590654,11.081599999670289,15814,0.0
7290,1774584671.097739,89.78079121986183,10.717183999986446,11.138240000036603,15814,0.0
7291,1774584671.1088572,90.01301948552549,10.693600000195147,11.109503999705339,15814,0.0
7292,1774584671.119927,90.39812781864782,10.654080000222166,11.062175999995816,15814,0.0
7293,1774584671.1310499,89.97077749128276,10.69558400013193,11.114720000023226,15814,0.0
7294,1774584671.1423519,88.5459759047236,10.869023999930505,11.2935679999282,15814,0.0
7295,1774584671.1535087,89.70347618974162,10.714944000028481,11.147839999921416,15814,0.0
7296,1774584671.164847,88.26810908504477,10.904927999945357,11.329120000027615,15814,0.0
7297,1774584671.1759658,90.00601960163601,10.686239999813552,11.110368000117887,15814,0.0
7298,1774584671.1870818,90.03039426032136,10.679424000045401,11.107360000096378,15814,0.0
7299,1774584671.198229,89.78001741069828,10.716992000197934,11.13833599993086,15814,0.0
7300,1774584671.2093346,90.10879375339725,10.670656000002054,11.097695999978896,15814,0.0
7301,1774584671.2204964,89.65586492749603,10.711999999784894,11.153760000070179,15814,0.0
7302,1774584671.231645,89.77021697260233,10.710303999985626,11.139551999804098,15814,0.0
7303,1774584671.2427914,89.77743813826527,10.701119999794173,11.13865600018471,15814,0.0
7304,1774584671.253959,89.61729829111003,10.733120000168128,11.158559999785211,15814,0.0
7305,1774584671.2650912,89.90218642174716,10.70454399996379,11.123199999929057,15814,0.0
7306,1774584671.2775948,80.03544610028263,12.071103999915067,12.49446399970111,15814,0.0
7307,1774584671.2887063,90.06438522882111,10.677023999960511,11.103167999863217,15814,0.0
7308,1774584671.299842,89.87839812108157,10.689151999940805,11.126144000172644,15814,0.0
7309,1774584671.3109763,89.88718798476262,10.695743999804108,11.125055999855249,15814,0.0
7310,1774584671.3221421,89.62655125518725,10.729663999882177,11.157408000144642,15814,0.0
7311,1774584671.3332872,89.79498010139478,10.7007359997624,11.136480000004667,15814,0.0
7312,1774584671.3455734,81.44553443913038,11.84620799995173,12.278143999992608,15814,0.0
7313,1774584671.3566957,89.97129555956063,10.683296000024711,11.114655999790557,15814,0.0
7314,1774584671.3677995,90.12880487668374,10.671455999727186,11.095232000116084,15814,0.0
7315,1774584671.3792205,87.62484788346318,10.991200000262324,11.412287999974069,15854,0.0
7316,1774584671.390344,90.12542575405907,10.671168000044418,11.095647999809444,15854,0.0
7317,1774584671.40147,89.93659829632897,10.696223999730137,11.118943999917974,15854,0.0
7318,1774584671.4125721,90.13842377539869,10.675072000140062,11.094047999904433,15854,0.0
7319,1774584671.4236686,90.17665968270586,10.67843200007701,11.089344000083656,15854,0.0
7320,1774584671.4347737,90.11295117803932,10.680831999707152,11.097183999936533,15854,0.0
7321,1774584671.4459472,89.56053719103197,10.74185600009514,11.16563200002929,15854,0.0
7322,1774584671.4570477,90.15324609676749,10.676768000394077,11.092223999639828,15854,0.0
7323,1774584671.4683194,88.78067905088,10.836576000201603,11.263712000072701,15854,0.0
7324,1774584671.4794524,89.89080783753504,10.676607999812404,11.124608000045555,15854,0.0
7325,1774584671.4905682,90.02157636807154,10.700608000206557,11.108448000413773,15854,0.0
7326,1774584671.5017724,89.31276329511284,10.718592000102944,11.196607999863772,15854,0.0
7327,1774584671.512897,89.95446145281605,10.701504000280693,11.116736000076344,15854,0.0
7328,1774584671.5240293,89.89054926957863,10.691424000015104,11.124639999707142,15854,0.0
7329,1774584671.5351458,90.01924251249731,10.698143999888998,11.108736000096542,15854,0.0
7330,1774584671.546275,89.91641370265457,10.715232000165997,11.12143999989712,15854,0.0
7331,1774584671.5573518,90.33645632720979,10.669536000023072,11.069727999711176,15854,0.0
7332,1774584671.5684142,90.46826373148049,10.65372799985198,11.053600000195729,15854,0.0
7333,1774584671.5795662,89.72974835569177,10.703519999879063,11.144575999878725,15854,0.0
7334,1774584671.5906591,90.20893833660404,10.680576000140718,11.085375999755342,15854,0.0
7335,1774584671.6018205,89.66306771071133,10.729120000178227,11.152863999996043,15854,0.0
7336,1774584671.6129224,90.14258393468353,10.679551999601244,11.09353599986207,15854,0.0
7337,1774584671.6240363,90.04881366073027,10.692832000131602,11.105088000022079,15854,0.0
7338,1774584671.635131,90.19956473419545,10.673568000129308,11.08652799985066,15854,0.0
7339,1774584671.6462913,89.66358224134,10.736032000295381,11.152799999763374,15854,0.0
7340,1774584671.6574798,89.44620633899179,10.763839999981428,11.179903999618546,15854,0.0
7341,1774584671.6685839,90.11347088494004,10.686336000162555,11.097119999703864,15854,0.0
7342,1774584671.6796756,90.2214395041375,10.675200000150653,11.083839999628253,15854,0.0
7343,1774584671.6907732,90.16833345699776,10.683712000172818,11.090368000168382,15854,0.0
7344,1774584671.7019007,89.92546977131607,10.714655999890965,11.120319999918138,15854,0.0
7345,1774584671.7130048,90.12386624133461,10.68470400014121,11.095840000052704,15854,0.0
7346,1774584671.7241058,90.14544426602956,10.68489600038447,11.093183999946632,15854,0.0
7347,1774584671.735201,90.18941219351797,10.684672000024875,11.08777600029498,15854,0.0
7348,1774584671.7463303,89.91098093545804,10.690080000131275,11.122112000066409,15854,0.0
7349,1774584671.757569,89.03666601039185,10.792384000069433,11.23132800012172,15854,0.0
7350,1774584671.7686903,89.98891336534484,10.675456000171835,11.112480000065261,15854,0.0
7351,1774584671.779804,90.04985159775141,10.681056000066746,11.104960000011488,15854,0.0
7352,1774584671.7908826,90.33750090210735,10.671615999854112,11.069600000155333,15854,0.0
7353,1774584671.802002,89.99668812015028,10.702816000048188,11.111520000213204,15854,0.0
7354,1774584671.8130987,90.17822102306766,10.674719999769877,11.089151999840396,15854,0.0
7355,1774584671.8242247,89.94281076438195,10.713088000102289,11.11817599985443,15854,0.0
7356,1774584671.8353431,89.999798398982,10.669440000128816,11.111136000181432,15854,0.0
7357,1774584671.846466,89.9606763890332,10.705184000016743,11.1159680000128,15854,0.0
7358,1774584671.8575897,89.96015844672152,10.71667200039883,11.11603199979072,15854,0.0
7359,1774584671.8686557,90.42664012183312,10.665023999990808,11.058688000048278,15854,0.0
7360,1774584671.8797262,90.3879305359101,10.673247999875457,11.063423999985389,15854,0.0
7361,1774584671.8907843,90.48660074221503,10.661696000170195,11.051360000237764,15814,0.0
7362,1774584671.9018865,90.13244422003815,10.70246400013275,11.094783999851643,15814,0.0
7363,1774584671.9129453,90.49655823191188,10.66233600022315,11.050144000364526,15814,0.0
7364,1774584671.924012,90.41826767170555,10.670399999980873,11.059712000133004,15814,0.0
7365,1774584671.9350946,90.29834573536316,10.686495999834733,11.074399999870366,15814,0.0
7366,1774584671.946196,90.14752462169776,10.70406400003776,11.09292799992545,15814,0.0
7367,1774584671.9572532,90.50179990096909,10.659615999884409,11.049503999856825,15814,0.0
7368,1774584671.9683282,90.35604619224063,10.679583999717579,11.067328000081034,15814,0.0
7369,1774584671.9794104,90.28686665579487,10.668160000022908,11.075807999986864,15814,0.0
7370,1774584671.9904726,90.46564476678567,10.648607999883097,11.053919999994832,15814,0.0
7371,1774584672.0016048,89.89054926590413,10.73184000006222,11.12464000016189,15814,0.0
7372,1774584672.0126657,90.4611928744124,10.663263999958872,11.054463999698783,15814,0.0
7373,1774584672.0237522,90.26209223466104,10.6808320001619,11.07884799966996,15814,0.0
7374,1774584672.0348437,90.21935573190639,10.6754240000555,11.084096000104182,15814,0.0
7375,1774584672.0459976,89.7227924580695,10.735104000104911,11.145440000291273,15814,0.0
7376,1774584672.0570805,90.28608409848381,10.671647999970446,11.07590399988112,15814,0.0
7377,1774584672.068183,90.13374405332026,10.681472000214853,11.094624000179465,15814,0.0
7378,1774584672.079356,89.57208905205425,10.67334400022446,11.164191999796458,15814,0.0
7379,1774584672.0916233,81.58523372565463,11.801983999703225,12.257119999958377,15814,0.0
7380,1774584672.1038115,82.10978801250592,11.73945599975923,12.178815999959625,15814,0.0
7381,1774584672.114952,89.83576584781389,10.693120000269118,11.131423999813705,15814,0.0
7382,1774584672.1261084,89.70630872170157,10.720895999838831,11.147488000005978,15814,0.0
7383,1774584672.137271,89.65560770572716,10.693152000385453,11.153792000186513,15814,0.0
7384,1774584672.1483867,90.03195053979773,10.679487999823323,11.107167999853118,15814,0.0
7385,1774584672.1595387,89.74881818828568,10.696800000005169,11.14220799991017,15814,0.0
7386,1774584672.1706893,89.75448915989107,10.707263999847783,11.141504000079294,15814,0.0
7387,1774584672.1819012,89.26123120741408,10.774335999940376,11.203071999716485,15814,0.0
7388,1774584672.1930008,90.16495136975583,10.669408000012481,11.090783999861742,15814,0.0
7389,1774584672.2041297,89.91977716995106,10.700671999984479,11.12102400020376,15814,0.0
7390,1774584672.2152514,89.97673561462392,10.68544000008842,11.113984000076016,15814,0.0
7391,1774584672.2263427,90.22352336522397,10.674399999970774,11.083584000061819,15814,0.0
7392,1774584672.2374063,90.45019595099886,10.657759999958216,11.05580800003736,15814,0.0
7393,1774584672.2485416,89.86366603512631,10.709440000027826,11.127967999982502,15814,0.0
7394,1774584672.2596297,90.25348956197101,10.670432000097207,11.079903999871021,15814,0.0
7395,1774584672.2707539,89.95730985773119,10.694208000131766,11.116384000160906,15814,0.0
7396,1774584672.2819388,89.46899791716272,10.7494079998105,11.177056000178709,15814,0.0
7397,1774584672.2930622,89.97181363012365,10.692095999729645,11.114592000012635,15814,0.0
7398,1774584672.3041835,89.98269452714541,10.699903999920934,11.113248000128806,15814,0.0
7399,1774584672.3153198,89.86082355729987,10.69036800026879,11.12831999989794,15814,0.0
7400,1774584672.3264034,90.29234494424912,10.668160000022908,11.075135999817576,15814,0.0
7401,1774584672.3375037,90.15350617821633,10.677727999791387,11.09219199997824,15814,0.0
7402,1774584672.3486483,89.79781841516076,10.718240000187507,11.13612800008923,15814,0.0
7403,1774584672.3608522,81.99538726824943,11.781535999944026,12.19580799988762,15814,0.0
7404,1774584672.372019,89.60856112941964,10.736352000094485,11.159648000102607,15814,0.0
7405,1774584672.3831599,89.8282770792394,10.709760000281676,11.132352000004175,15814,0.0
7406,1774584672.3942826,89.96766921794452,10.701472000164358,11.115104000054998,15814,0.0
7407,1774584672.4054294,89.78440250811175,10.725215999627835,11.13779200022691,15734,0.0
7408,1774584672.4165447,90.02831930716873,10.691231999771844,11.10761600011756,15734,0.0
7409,1774584672.4276838,89.8479054672185,10.71187200022905,11.12991999980295,15734,0.0
7410,1774584672.4388127,89.93608062755705,10.68838399987726,11.119008000150643,15734,0.0
7411,1774584672.4499583,89.79549614709737,10.712799999964773,11.136415999771998,15734,0.0
7412,1774584672.4610426,90.28112820853708,10.669088000213378,11.076512000272487,15734,0.0
7413,1774584672.4721622,89.9907273578369,10.679743999844504,11.112255999705667,15734,0.0
7414,1774584672.4833148,89.73103660364717,10.702751999815519,11.1444159997518,15734,0.0
7415,1774584672.4943998,90.27539049438676,10.667967999779648,11.077216000103363,15734,0.0
7416,1774584672.5055742,89.55104122593436,10.754240000096615,11.166816000240942,15734,0.0
7417,1774584672.5166817,90.0924276230875,10.68262400031017,11.099712000032014,15734,0.0
7418,1774584672.5277681,90.27121807178293,10.674847999780468,11.077727999690978,15734,0.0
7419,1774584672.5388703,90.13764378551025,10.683296000024711,11.094144000253436,15734,0.0
7420,1774584672.5500188,89.76016085187061,10.735104000104911,11.140799999793671,15734,0.0
7421,1774584672.5611238,90.12282659739968,10.68857600012052,11.095968000063294,15734,0.0
7422,1774584672.572212,90.2521862689769,10.67603199999212,11.080063999997947,15734,0.0
7423,1774584672.583334,89.97854911250545,10.689983999782271,11.113760000171169,15734,0.0
7424,1774584672.5943992,90.44234264569913,10.653887999978906,11.056767999889416,15734,0.0
7425,1774584672.6055462,89.77718022210506,10.72015999989162,11.138687999846297,15734,0.0
7426,1774584672.616663,90.02053908644413,10.67971199972817,11.108575999969617,15734,0.0
7427,1774584672.627757,90.21596981610602,10.678879999886703,11.084511999797542,15734,0.0
7428,1774584672.6388404,90.2996503618458,10.665183999662986,11.07423999974344,15734,0.0
7429,1774584672.649982,89.81381954340704,10.728640000252199,11.134144000152446,15734,0.0
7430,1774584672.6610425,90.47900308084614,10.654495999915525,11.052287999973487,15734,0.0
7431,1774584672.672133,90.2336835838113,10.683263999908377,11.082336000072246,15734,0.0
7432,1774584672.6832817,89.76454400975581,10.699423999994906,11.140256000089721,15734,0.0
7433,1774584672.6943827,90.1503852666051,10.684959999707644,11.092576000010013,15734,0.0
7434,1774584672.7054753,90.22039760413925,10.674847999780468,11.083968000093591,15734,0.0
7435,1774584672.7166083,89.89753119638988,10.698144000343746,11.123776000204089,15734,0.0
7436,1774584672.7276907,90.30486923736497,10.658432000127505,11.073600000145234,15734,0.0
7437,1774584672.738796,90.12230678258021,10.67648000025656,11.096032000295963,15734,0.0
7438,1774584672.7499223,89.95238999823219,10.70332800009055,11.116992000097525,15734,0.0
7439,1774584672.7610316,90.08074116777632,10.691488000247773,11.101152000264847,15734,0.0
7440,1774584672.7721083,90.3448136288281,10.654591999809782,11.068704000081198,15734,0.0
7441,1774584672.783213,90.11580962909946,10.684991999823978,11.096832000021095,15734,0.0
7442,1774584672.7943103,90.17639946765021,10.665376000360993,11.089375999745243,15734,0.0
7443,1774584672.8054185,90.09060952826393,10.683007999887195,11.099936000391608,15734,0.0
7444,1774584672.8165288,90.0784042434782,10.686208000151964,11.101439999947615,15734,0.0
7445,1774584672.8276508,89.98424915795431,10.699584000121831,11.113055999885546,15734,0.0
7446,1774584672.8387442,90.20867792782671,10.673727999801486,11.085408000326424,15734,0.0
7447,1774584672.8499105,89.61909732873447,10.745440000391682,11.158335999880364,15734,0.0
7448,1774584672.8609788,90.41983738986586,10.658111999873654,11.059519999889744,15734,0.0
7449,1774584672.8720593,90.3176580385422,10.66748799985362,11.072032000356558,15734,0.0
7450,1774584672.883146,90.26313509419377,10.670656000002054,11.07871999965937,15734,0.0
7451,1774584672.895445,81.366223511676,11.85977599971011,12.290112000300724,15734,0.0
7452,1774584672.9065776,89.89494517124925,10.664223999810929,11.124096000003192,15734,0.0
7453,1774584672.9179568,87.9550795838778,10.92473600010635,11.369439999725728,15774,0.0
7454,1774584672.9290552,90.17145561144919,10.672767999949428,11.08998400013661,15774,0.0
7455,1774584672.9401577,90.12230678627368,10.689407999961986,11.096031999841216,15774,0.0
7456,1774584672.9513228,89.62141048168024,10.689311999612983,11.158048000197596,15774,0.0
7457,1774584672.9624155,90.22899396924714,10.667071999705513,11.08291199989253,15774,0.0
7458,1774584672.9741623,85.19187937212244,11.324576000333764,11.738208000224404,15774,0.0
7459,1774584672.9852955,89.89003213077942,10.690304000036122,11.124703999939811,15774,0.0
7460,1774584672.996456,89.6769620595414,10.712640000292595,11.151136000080442,15774,0.0
7461,1774584673.007677,89.19677236091371,10.704383999836864,11.21116800004529,15774,0.0
7462,1774584673.0188327,89.71686792128551,10.724960000061401,11.146175999783736,15774,0.0
7463,1774584673.0299554,89.9806217757624,10.705440000037925,11.11350399969524,15774,0.0
7464,1774584673.0410068,90.54585387022537,10.646879999967496,11.04412799986676,15774,0.0
7465,1774584673.053244,81.77331651781047,11.822336000022915,12.22892799978581,15774,0.0
7466,1774584673.0643077,90.45543224683792,10.651104000316991,11.055167999984405,15774,0.0
7467,1774584673.0754292,89.98165813767633,10.691007999866997,11.113376000139397,15774,0.0
7468,1774584673.0865095,90.30956674262188,10.665536000033171,11.07302400032495,15774,0.0
7469,1774584673.0977206,89.25179860281789,10.796735999974771,11.204255999928137,15774,0.0
7470,1774584673.108799,90.3351506332806,10.668127999906574,11.069888000292849,15774,0.0
7471,1774584673.119894,90.19383737868101,10.680576000140718,11.087232000136282,15774,0.0
7472,1774584673.130978,90.28582324782572,10.674432000087108,11.075935999997455,15774,0.0
7473,1774584673.1421258,89.77460111268519,10.731231999670854,11.139008000100148,15774,0.0
7474,1774584673.153221,90.19565963866225,10.678015999928903,11.087008000231435,15774,0.0
7475,1774584673.1644657,88.99381457570672,10.83619200016983,11.236735999773373,15774,0.0
7476,1774584673.1755414,90.35291124216167,10.65526399997907,11.067712000112806,15774,0.0
7477,1774584673.186633,90.22065807688278,10.678015999928903,11.083935999977257,15774,0.0
7478,1774584673.1977384,90.10957324406631,10.691072000099666,11.097599999629892,15774,0.0
7479,1774584673.208833,90.20529281343592,10.684256000331516,11.085824000019784,15774,0.0
7480,1774584673.2198942,90.47271632358053,10.647615999914706,11.053056000037031,15774,0.0
7481,1774584673.230981,90.26287437242017,10.669408000012481,11.078752000230452,15774,0.0
7482,1774584673.242136,89.71686791762521,10.74239999979909,11.146176000238484,15774,0.0
7483,1774584673.2531998,90.45595590790664,10.657280000032188,11.055104000206484,15774,0.0
7484,1774584673.2643836,89.48257595341344,10.764512000150717,11.175359999924694,15774,0.0
7485,1774584673.275534,89.75629371357319,10.697503999836044,11.1412799997197,15774,0.0
7486,1774584673.286636,90.14700452562664,10.673088000203279,11.092991999703372,15774,0.0
7487,1774584673.2977765,89.83576584414386,10.72470400004022,11.131424000268453,15774,0.0
7488,1774584673.308845,90.40675808394117,10.656767999989825,11.061120000249502,15774,0.0
7489,1774584673.319946,90.1496050733881,10.680991999834077,11.092671999904269,15774,0.0
7490,1774584673.3310301,90.28791008788103,10.659712000233412,11.075679999976273,15774,0.0
7491,1774584673.3421555,89.95808672975376,10.690143999909196,11.116287999811902,15774,0.0
7492,1774584673.3532472,90.22821241112582,10.673119999864866,11.083008000241534,15774,0.0
7493,1774584673.3643568,90.08255886062591,10.67916800002422,11.10092800036,15774,0.0
7494,1774584673.375468,90.07243264829106,10.665759999938018,11.102175999894826,15774,0.0
7495,1774584673.3865905,89.98865423268659,10.700864000227739,11.112511999726848,15774,0.0
7496,1774584673.3977072,90.02027976792976,10.704000000259839,11.108608000085951,15774,0.0
7497,1774584673.4088027,90.19904403377376,10.685120000289317,11.086592000083328,15774,0.0
7498,1774584673.4200583,88.91633044516166,10.686592000183737,11.246527999901446,15894,0.0
7499,1774584673.431168,90.07970252224538,10.692895999909524,11.10127999982069,15894,0.0
7500,1774584673.4422956,89.92779876702097,10.709568000038416,11.12003200023537,15894,0.0
7501,1774584673.453425,89.92003590975865,10.703648000344401,11.120992000087426,15894,0.0
7502,1774584673.4644873,90.47769326676904,10.637119999955758,11.052448000100412,15894,0.0
7503,1774584673.4756029,90.03298808442533,10.67801600038365,11.107040000297275,15894,0.0
7504,1774584673.4866993,90.20008543692913,10.673792000034155,11.086464000072738,15894,0.0
7505,1774584673.4978676,89.61318647423832,10.747104000074614,11.159071999827574,15894,0.0
7506,1774584673.508971,90.13712380344532,10.669215999769222,11.094208000031358,15894,0.0
7507,1774584673.520104,89.90580748265076,10.698111999772664,11.122752000119362,15894,0.0
7508,1774584673.5311863,90.31400372680602,10.661887999958708,11.072480000166252,15894,0.0
7509,1774584673.5422697,90.30121596042116,10.652383999968151,11.074047999954928,15894,0.0
7510,1774584673.553633,88.06885434406885,10.931679999885091,11.354751999988366,15894,0.0
7511,1774584673.5648952,88.86020086822992,10.845055999652686,11.253631999807112,15894,0.0
7512,1774584673.575967,90.39289815500787,10.664863999863883,11.06281600004877,15894,0.0
7513,1774584673.5870843,90.02676315691232,10.698687999592948,11.107807999906072,15894,0.0
7514,1774584673.5981905,90.10879375339725,10.696159999952215,11.097695999978896,15894,0.0
7515,1774584673.6092787,90.25687829473391,10.690079999676527,11.079488000177662,15894,0.0
7516,1774584673.6203635,90.27956331012794,10.678176000055828,11.076703999606252,15894,0.0
7517,1774584673.6314902,89.94125756506834,10.684352000225772,11.11836800009769,15894,0.0
7518,1774584673.6425674,90.3388066602677,10.67449599986503,11.069440000028408,15894,0.0
7519,1774584673.6536756,90.09268735743703,10.70425600028102,11.09967999991568,15894,0.0
7520,1774584673.6647336,90.49603410435911,10.652351999851817,11.0502079996877,15894,0.0
7521,1774584673.675912,89.52359125712213,10.76201600017157,11.170239999955811,15894,0.0
7522,1774584673.6870039,90.22091855113034,10.66614399996979,11.083903999860922,15894,0.0
7523,1774584673.698167,89.65612215074083,10.7314559995757,11.153727999953844,15894,0.0
7524,1774584673.7092588,90.23238086646377,10.666528000001563,11.082495999744424,15894,0.0
7525,1774584673.7203727,90.04336488297682,10.695072000089567,11.105760000191367,15894,0.0
7526,1774584673.7314954,89.97362692960156,10.674496000319778,11.114368000107788,15894,0.0
7527,1774584673.7426078,90.06308739153593,10.67689599994992,11.103327999990142,15894,0.0
7528,1774584673.7537835,89.5536075059854,10.743552000349155,11.166495999987092,15894,0.0
7529,1774584673.7648716,90.26913199955276,10.667359999843029,11.077984000166907,15894,0.0
7530,1774584673.7759593,90.26365653114429,10.665759999938018,11.078655999881448,15894,0.0
7531,1774584673.7870626,90.12854493404144,10.686432000056811,11.095264000232419,15894,0.0
7532,1774584673.798162,90.16781312079111,10.694559999592457,11.090431999946304,15894,0.0
7533,1774584673.8092685,90.09710305206855,10.680064000098355,11.099136000211729,15894,0.0
7534,1774584673.8203645,90.19982508666074,10.670304000086617,11.086495999734325,15894,0.0
7535,1774584673.831496,89.9073594578172,10.682623999855423,11.122559999876103,15894,0.0
7536,1774584673.8426142,90.01224166811058,10.683488000267971,11.109599999599595,15894,0.0
7537,1774584673.8537545,89.82879350405558,10.716927999965264,11.132288000226254,15894,0.0
7538,1774584673.8648567,90.14388406044134,10.676320000129635,11.093376000189892,15894,0.0
7539,1774584673.8759737,90.02365101409802,10.698816000058287,11.108191999937844,15894,0.0
7540,1774584673.887106,89.89261787325495,10.692767999898933,11.124384000140708,15894,0.0
7541,1774584673.8982332,89.92986908915594,10.718527999870275,11.119776000214188,15894,0.0
7542,1774584673.9093301,90.17926194544695,10.687263999898278,11.089023999829806,15894,0.0
7543,1774584673.920444,90.04310543293929,10.69945600011124,11.105792000307702,15894,0.0
7544,1774584673.9315257,90.30017222076962,10.653216000264365,11.074175999965519,15854,0.0
7545,1774584673.9426053,90.31661391876928,10.680800000045565,11.072160000367148,15854,0.0
7546,1774584673.9537196,90.04154877148542,10.715775999869948,11.105984000096214,15854,0.0
7547,1774584673.9647975,90.33410611273446,10.68003199998202,11.070015999848692,15854,0.0
7548,1774584673.9758685,90.39028355194682,10.672735999833094,11.063135999847873,15854,0.0
7549,1774584673.9869308,90.45359947526217,10.665376000360993,11.055391999889252,15854,0.0
7550,1774584673.9980335,90.12490590925617,10.695680000026186,11.095712000042113,15854,0.0
7551,1774584674.009129,90.19357706078033,10.685759999887523,11.087264000252617,15854,0.0
7552,1774584674.020203,90.35892008666477,10.670271999970282,11.066976000165596,15854,0.0
7553,1774584674.0313172,90.03661969369576,10.671711999748368,11.106592000032833,15854,0.0
7554,1774584674.0423856,90.4091120803458,10.667936000118061,11.060832000111986,15854,0.0
7555,1774584674.053466,90.30669599039699,10.681920000024547,11.07337599978564,15854,0.0
7556,1774584674.0645196,90.53090217919717,10.650528000041959,11.045952000131365,15854,0.0
7557,1774584674.0756178,90.1626100705204,10.67081600012898,11.091071999999258,15854,0.0
7558,1774584674.086693,90.34794801700119,10.664032000022416,11.068320000049425,15854,0.0
7559,1774584674.0978162,89.96533815663828,10.721439999997529,11.115391999737767,15854,0.0
7560,1774584674.1088705,90.52539490551894,10.662784000032843,11.046624000300653,15854,0.0
7561,1774584674.1199448,90.36022646409823,10.667359999843029,11.06681600003867,15854,0.0
7562,1774584674.1310172,90.38061082783399,10.672575999706169,11.064320000059524,15854,0.0
7563,1774584674.1421225,90.11321103074036,10.710239999752957,11.097151999820198,15854,0.0
7564,1774584674.1532276,90.10905357842944,10.691424000015104,11.097664000317309,15854,0.0
7565,1774584674.164295,90.43239708263854,10.664639999959036,11.057983999762655,15854,0.0
7566,1774584674.175388,90.21206329999278,10.652832000232593,11.084992000178318,15854,0.0
7567,1774584674.1864853,90.18550798440079,10.681887999908213,11.088255999766261,15854,0.0
7568,1774584674.1975787,90.21701161013735,10.68345599969689,11.08438399978695,15854,0.0
7569,1774584674.208691,90.06049183286255,10.70687999981601,11.103647999789246,15854,0.0
7570,1774584674.2197843,90.20451166955507,10.682655999971757,11.08591999991404,15854,0.0
7571,1774584674.2308772,90.21570937043235,10.67948800027807,11.084543999913876,15854,0.0
7572,1774584674.2419968,89.9992800024058,10.719104000145308,11.111200000414101,15854,0.0
7573,1774584674.2530801,90.28530155473818,10.681792000013957,11.075999999775377,15854,0.0
7574,1774584674.2641165,90.67985224547238,10.636416000124882,11.027807999653305,15854,0.0
7575,1774584674.2751994,90.28321483155602,10.679424000045401,11.076256000251306,15854,0.0
7576,1774584674.2862825,90.29104052885008,10.66140800003268,11.075295999944501,15854,0.0
7577,1774584674.2973855,90.12308650705809,10.683647999940149,11.09593599994696,15854,0.0
7578,1774584674.3084881,90.13426400008612,10.675327999706496,11.094559999946796,15854,0.0
7579,1774584674.3196588,89.58698251079547,10.738559999936115,11.162335999870265,15854,0.0
7580,1774584674.330741,90.31556982684654,10.659487999873818,11.072287999922992,15854,0.0
7581,1774584674.3418887,89.76738039971934,10.726047999924049,11.139904000174283,15854,0.0
7582,1774584674.3529882,90.15948852857572,10.664224000265676,11.09145600003103,15854,0.0
7583,1774584674.3641052,90.02183569774135,10.660960000222985,11.108415999842691,15854,0.0
7584,1774584674.375204,90.17431777538299,10.668032000012317,11.089632000221172,15854,0.0
7585,1774584674.3863385,89.88408548427343,10.664415999599441,11.125439999887021,15854,0.0
7586,1774584674.3974085,90.39080645897243,10.650528000041959,11.063072000069951,15854,0.0
7587,1774584674.4084852,90.33593404139778,10.651551999671938,11.069792000398593,15854,0.0
7588,1774584674.4196005,90.02027977161487,10.677727999791387,11.108607999631204,15854,0.0
7589,1774584674.4306767,90.36153287930652,10.653247999925952,11.066655999911745,15854,0.0
7590,1774584674.4417958,90.00472344958719,10.69705600002635,11.110527999790065,15854,0.0
7591,1774584674.4529233,89.93245712771983,10.68576000034227,11.119455999960337,15854,0.0
7592,1774584674.464027,90.13114441685734,10.673056000086945,11.094944000433316,15854,0.0
7593,1774584674.4751236,90.18759018596484,10.661984000307712,11.088000000199827,15854,0.0
7594,1774584674.4862661,89.82388769518886,10.701184000026842,11.132895999708126,15854,0.0
7595,1774584674.4973545,90.25427155435338,10.666399999990972,11.079807999976765,15854,0.0
7596,1774584674.5084784,89.96637416651849,10.69225599985657,11.115264000181924,15854,0.0
7597,1774584674.5196528,89.56182058481221,10.699616000238166,11.165471999902365,15854,0.0
7598,1774584674.530769,90.03765734962967,10.687296000014612,11.106464000022243,15854,0.0
7599,1774584674.541915,89.78079121986183,10.729695999998512,11.138240000036603,15854,0.0
7600,1774584674.553031,90.03143177276539,10.694336000142357,11.107232000085787,15854,0.0
7601,1774584674.5641382,90.10333771475663,10.692832000131602,11.098368000148184,15854,0.0
7602,1774584674.575217,90.33149490591227,10.66928000000189,11.070336000102543,15854,0.0
7603,1774584674.5863385,89.97621748369502,10.669727999811585,11.114048000308685,15854,0.0
7604,1774584674.5974066,90.40728118531162,10.66380800011757,11.061056000016833,15854,0.0
7605,1774584674.6085093,90.13400402595335,10.694208000131766,11.09459200006313,15854,0.0
7606,1774584674.619627,90.01250093663228,10.708032000366074,11.109567999938008,15854,0.0
7607,1774584674.6307044,90.33384498451672,10.676288000013301,11.070047999965027,15854,0.0
7608,1774584674.6418483,89.79807645358248,10.736031999840634,11.136095999972895,15854,0.0
7609,1774584674.6529655,90.00809352698656,10.713824000049499,11.110112000096706,15854,0.0
7610,1774584674.6640253,90.48057490854306,10.661216000244167,11.052095999730227,15854,0.0
7611,1774584674.6751852,89.66692681974742,10.757791999822075,11.152384000070015,15854,0.0
7612,1774584674.6862907,90.11269132683692,10.697344000163866,11.097216000052867,15854,0.0
7613,1774584674.6973977,90.09658353763626,10.6965120003224,11.09919999998965,15854,0.0
7614,1774584674.708482,90.28086739022135,10.685151999950904,11.076543999934074,15854,0.0
7615,1774584674.7196012,89.99254141978035,10.698591999698692,11.11203199980082,15854,0.0
7616,1774584674.7306724,90.39498994785168,10.665759999938018,11.062560000027588,15854,0.0
7617,1774584674.7417998,89.93504531156913,10.726399999839487,11.119136000161234,15854,0.0
7618,1774584674.7528875,90.25531423317757,10.67888000034145,11.079679999966174,15854,0.0
7619,1774584674.7639806,90.21336543443904,10.684287999993103,11.084832000051392,15854,0.0
7620,1774584674.7752624,88.70054412278826,10.858080000161863,11.273888000232546,15854,0.0
7621,1774584674.7863758,90.05244654314541,10.706303999995725,11.104640000212385,15854,0.0
7622,1774584674.797443,90.41879090255802,10.673215999759122,11.059648000355082,15854,0.0
7623,1774584674.808515,90.37773555350424,10.678720000214525,11.064671999974962,15854,0.0
7624,1774584674.819621,90.09918117709461,10.671519999959855,11.098880000190547,15854,0.0
7625,1774584674.8307154,90.19774231272022,10.695872000269446,11.086752000210254,15854,0.0
7626,1774584674.8418515,89.86444128689384,10.708863999752793,11.127872000088246,15854,0.0
7627,1774584674.8529344,90.29156229196997,10.687135999887687,11.075231999711832,15854,0.0
7628,1774584674.863994,90.47376405578756,10.664032000022416,11.05292800002644,15854,0.0
7629,1774584674.875052,90.48319473777175,10.667904000001727,11.051775999931124,15854,0.0
7630,1774584674.8861542,90.12464598910357,10.712511999827257,11.095744000158447,15854,0.0
7631,1774584674.8972387,90.28138903577288,10.677279999981693,11.076479999701405,15854,0.0
7632,1774584674.908322,90.2905187717603,10.685728000225936,11.07536000017717,15854,0.0
7633,1774584674.9194465,89.95031863904829,10.698848000174621,11.117248000118707,15854,0.0
7634,1774584674.9305375,90.22586782540138,10.690399999930378,11.08329600037905,15854,0.0
7635,1774584674.9427276,82.09102252526249,11.785279999912746,12.181600000076287,15854,0.0
7636,1774584674.95488,82.34215338515861,11.74739199996111,12.144448000071861,15814,0.0
7637,1774584674.967082,81.99990553800275,11.793375999786804,12.195135999718332,15814,0.0
7638,1774584674.9781845,90.1397237811545,10.693440000068222,11.093888000232255,15814,0.0
7639,1774584674.9893155,89.89778980818969,10.723776000304497,11.123744000087754,15814,0.0
7640,1774584675.000389,90.36492973416073,10.667456000192033,11.066239999763638,15814,0.0
7641,1774584675.011506,90.01301948184097,10.669119999874965,11.109504000160086,15814,0.0
7642,1774584675.02263,89.96430216693766,10.70467199997438,11.115519999748358,15814,0.0
7643,1774584675.0349483,81.23339589592668,11.873536000166496,12.310207999689737,15814,0.0
7644,1774584675.0462334,88.68594391517954,10.819520000040939,11.275744000158738,15814,0.0
7645,1774584675.0574238,89.44057425218479,10.735840000052121,11.180607999904169,15814,0.0
7646,1774584675.0685623,89.85255555058389,10.706080000090878,11.129343999982666,15814,0.0
7647,1774584675.079693,89.90839413647048,10.7061439998688,11.122431999865512,15814,0.0
7648,1774584675.090833,89.83318337493053,10.709696000049007,11.131743999612809,15814,0.0
7649,1774584675.101987,89.72098925853177,10.730592000072647,11.145663999741373,15814,0.0
7650,1774584675.1131048,90.00342733118518,10.701279999921098,11.11068799991699,15814,0.0
7651,1774584675.124232,89.93478648905517,10.704575999625376,11.119167999822821,15814,0.0
7652,1774584675.1353545,89.97000040005256,10.690271999919787,11.11481600037223,15814,0.0
7653,1774584675.1464589,90.11113225478559,10.692095999729645,11.097408000296127,15814,0.0
7654,1774584675.157612,89.71686791762521,10.742687999936607,11.146176000238484,15814,0.0
7655,1774584675.1687338,89.96792823343999,10.707712000112224,11.115071999938664,15814,0.0
7656,1774584675.1798403,90.0968432959492,10.697087999687938,11.099167999873316,15814,0.0
7657,1774584675.1909733,89.88020766074204,10.710624000239477,11.12591999981305,15814,0.0
7658,1774584675.2020934,89.98528560711023,10.704576000080124,11.112927999874955,15814,0.0
7659,1774584675.2132103,90.01301948184097,10.696608000216656,11.109504000160086,15814,0.0
7660,1774584675.2243488,89.84997210865926,10.714911999912147,11.129664000236517,15814,0.0
7661,1774584675.2354693,89.97492218984222,10.680320000119536,11.114207999980863,15814,0.0
7662,1774584675.2465854,90.0200204509094,10.702944000058778,11.108640000202286,15814,0.0
7663,1774584675.2577531,89.60393626204655,10.73987199970361,11.160224000377639,15814,0.0
7664,1774584675.2688522,90.1607891420124,10.681472000214853,11.091296000358852,15814,0.0
7665,1774584675.279937,90.27017502176317,10.673312000108126,11.077856000156316,15814,0.0
7666,1774584675.291048,90.06023228411694,10.697728000195639,11.10367999990558,15814,0.0
7667,1774584675.3021903,89.809947780271,10.731551999924704,11.134624000078475,15814,0.0
7668,1774584675.313411,89.17768189651537,10.751360000085697,11.213567999675433,15814,0.0
7669,1774584675.3256743,81.60099853516665,11.840160000247124,12.254751999989821,15814,0.0
7670,1774584675.3379366,81.60696518768302,11.837472000024718,12.253855999915686,15814,0.0
7671,1774584675.3492665,88.32798654707543,10.699007999846799,11.321439999846916,15814,0.0
7672,1774584675.3605597,88.613517460315,10.867552000036085,11.284960000011779,15814,0.0
7673,1774584675.3717034,89.80065690836395,10.719840000092518,11.135776000173792,15814,0.0
7674,1774584675.3827899,90.25687829843842,10.681824000130291,11.079487999722915,15814,0.0
7675,1774584675.3939507,89.65252117423998,10.756768000192096,11.154175999763538,15814,0.0
7676,1774584675.405021,90.38322487133607,10.673568000129308,11.064000000260421,15814,0.0
7677,1774584675.4161131,90.20685514178513,10.692543999994086,11.085632000231271,15814,0.0
7678,1774584675.427296,89.48821333133645,10.747840000021824,11.174655999639072,15814,0.0
7679,1774584675.4383876,90.22248142079721,10.689823999655346,11.08371200007241,15814,0.0
7680,1774584675.449474,90.25974588789028,10.697472000174457,11.079135999807477,15814,0.0
7681,1774584675.4605594,90.26574234660359,10.686080000141374,11.078399999860267,15814,0.0
7682,1774584675.47165,90.22300239185321,10.683199999675708,11.08364799983974,15774,0.0
7683,1774584675.482744,90.20008543692913,10.692224000194983,11.086464000072738,15774,0.0
7684,1774584675.4938653,89.97699468232612,10.71260800017626,11.113951999959681,15774,0.0
7685,1774584675.5049477,90.2996503618458,10.677792000024056,11.07423999974344,15774,0.0
7686,1774584675.5160272,90.31948530901857,10.68371199971807,11.071807999996963,15774,0.0
7687,1774584675.5271168,90.23628913876206,10.691456000131438,11.082015999818395,15774,0.0
7688,1774584675.538242,89.95031863904829,10.71855999998661,11.117248000118707,15774,0.0
7689,1774584675.5493488,90.09398604426696,10.701279999921098,11.099520000243501,15774,0.0
7690,1774584675.5605192,89.58672568412011,10.763967999992019,11.1623679999866,15774,0.0
7691,1774584675.5716145,90.19305643318621,10.694271999909688,11.087328000030539,15774,0.0
7692,1774584675.5827148,90.1444041242017,10.689663999983168,11.093311999957223,15774,0.0
7693,1774584675.5938065,90.21310500380238,10.701791999963461,11.084864000167727,15774,0.0
7694,1774584675.6048667,90.4666923352118,10.664735999853292,11.053791999984242,15774,0.0
7695,1774584675.615949,90.29521478783121,10.68316800001412,11.074783999902138,15774,0.0
7696,1774584675.6270287,90.30747890135008,10.688320000099338,11.07328000034613,15774,0.0
7697,1774584675.6381378,90.06905775129734,10.721119999743678,11.102591999588185,15774,0.0
7698,1774584675.6491845,90.5726218504953,10.666848000255413,11.040864000278816,15774,0.0
7699,1774584675.6602516,90.41198935147749,10.674271999960183,11.060480000196549,15774,0.0
7700,1774584675.6713471,90.18108361651102,10.6606079998528,11.088799999924959,15774,0.0
7701,1774584675.6824436,90.17327697083681,10.706816000038089,11.089759999777016,15774,0.0
7702,1774584675.6935387,90.18967248737778,10.700576000090223,11.087744000178645,15774,0.0
7703,1774584675.7046337,90.19175488494761,10.686816000088584,11.087488000157464,15774,0.0
7704,1774584675.715707,90.36963349014746,10.666496000339976,11.065663999943354,15774,0.0
7705,1774584675.7268112,90.12204688111258,10.689696000099502,11.09606399995755,15774,0.0
7706,1774584675.7379436,89.8949451749241,10.72243199996592,11.124095999548445,15774,0.0
7707,1774584675.7490416,90.16859362920175,10.688864000258036,11.090336000052048,15774,0.0
7708,1774584675.7601402,90.16182966569444,10.684576000130619,11.091167999893514,15774,0.0
7709,1774584675.7713125,89.5684948188697,10.718464000092354,11.1646400000609,15774,0.0
7710,1774584675.7824342,89.97621748737653,10.684544000014284,11.114047999853938,15774,0.0
7711,1774584675.7935884,89.71738306590481,10.73452799982988,11.146112000005814,15774,0.0
7712,1774584675.8046815,90.20945914756723,10.679936000087764,11.08531199997742,15774,0.0
7713,1774584675.815788,90.09580427168432,10.69839999991018,11.099296000338654,15774,0.0
7714,1774584675.8268888,90.14674447429834,10.687263999898278,11.093024000274454,15774,0.0
7715,1774584675.838063,89.54462617653023,10.75910399958957,11.167615999966074,15774,0.0
7716,1774584675.8491523,90.23863426243283,10.674976000245806,11.081728000135627,15774,0.0
7717,1774584675.8602645,90.0527060507045,10.698336000132258,11.104607999641303,15774,0.0
7718,1774584675.8713782,90.03636028252775,10.684320000109437,11.106624000149168,15774,0.0
7719,1774584675.882511,89.89287645678678,10.712639999837847,11.124352000024373,15774,0.0
7720,1774584675.893676,89.6301501457367,10.745247999693675,11.156960000334948,15774,0.0
7721,1774584675.9048038,89.93245712771983,10.71167999998579,11.119455999960337,15774,0.0
7722,1774584675.9159076,90.12568567501565,10.68944000007832,11.095616000147857,15774,0.0
7723,1774584675.9270148,90.10125939798843,10.698368000248593,11.098624000169366,15774,0.0
7724,1774584675.938145,89.90451421522901,10.72022400012429,11.12291199979154,15774,0.0
7725,1774584675.9493294,89.47540213825674,10.73759999962931,11.17625599999883,15774,0.0
7726,1774584675.9604812,89.73953995917817,10.726015999807714,11.143360000005487,15774,0.0
7727,1774584675.9716542,89.56130722142727,10.739968000052613,11.165536000135035,15774,0.0
7728,1774584675.982766,90.06775977565754,10.681279999971593,11.102752000169858,15774,0.0
7729,1774584675.9939165,89.73567459745883,10.72275200021977,11.143839999931515,15774,0.0
7730,1774584676.0050075,90.21909527038412,10.677856000256725,11.08412799976577,15774,0.0
7731,1774584676.0161192,90.05504163809958,10.697087999687938,11.104320000413281,15774,0.0
7732,1774584676.0272574,90.12022759434514,10.688512000342598,11.096287999862398,15774,0.0
7733,1774584676.0383909,89.88589524927896,10.715328000060254,11.125215999982174,15774,0.0
7734,1774584676.049477,90.26756751328234,10.671743999864702,11.07817599995542,15774,0.0
7735,1774584676.0605776,90.15324609307149,10.695680000026186,11.092224000094575,15774,0.0
7736,1774584676.071646,90.4101583399061,10.66768000009688,11.060704000101396,15774,0.0
7737,1774584676.082715,90.40231198526804,10.671807999642624,11.061663999953453,15774,0.0
7738,1774584676.0938063,90.21987666686564,10.698560000037105,11.084031999871513,15774,0.0
7739,1774584676.1048925,90.27095730701821,10.688736000247445,11.077759999807313,15774,0.0
7740,1774584676.115948,90.5138580340284,10.658784000042942,11.048031999962404,15774,0.0
7741,1774584676.1270173,90.39655885787708,10.677023999960511,11.062367999784328,15774,0.0
7742,1774584676.1381278,90.06204914937601,10.719360000166489,11.103456000000733,15774,0.0
7743,1774584676.149205,90.33750090210735,10.677568000119209,11.069600000155333,15774,0.0
7744,1774584676.1602812,90.34246298319881,10.677952000150981,11.068991999763966,15774,0.0
7745,1774584676.1713705,90.23811311083674,10.676064000108454,11.081792000368296,15774,0.0
7746,1774584676.1824448,90.35787501265735,10.678208000172162,11.067104000176187,15774,0.0
7747,1774584676.1935573,90.04440269807874,10.709504000260495,11.105631999726029,15774,0.0
7748,1774584676.2046063,90.5650097374306,10.640544000125374,11.041792000014539,15774,0.0
7749,1774584676.2156768,90.39394403932832,10.66768000009688,11.062688000038179,15774,0.0
7750,1774584676.2267463,90.40283503518857,10.665023999990808,11.061599999720784,15774,0.0
7751,1774584676.237885,89.84428906519041,10.741760000200884,11.130368000067392,15774,0.0
7752,1774584676.2489352,90.55477477213047,10.65327999958754,11.043040000004112,15774,0.0
7753,1774584676.2600105,90.34951529450264,10.653952000211575,11.068127999806165,15774,0.0
7754,1774584676.2710598,90.56369743577694,10.656831999767746,11.041951999686717,15774,0.0
7755,1774584676.2821412,90.29756297905152,10.693696000089403,11.074495999764622,15774,0.0
7756,1774584676.2932084,90.41722122444959,10.669983999832766,11.059840000143595,15774,0.0
7757,1774584676.3042974,90.24280367710399,10.6785600000876,11.081216000093264,15774,0.0
7758,1774584676.3153782,90.30800085818075,10.6392960001358,11.073215999658714,15774,0.0
7759,1774584676.326468,90.24019774593309,10.659231999852636,11.081536000347114,15774,0.0
7760,1774584676.337588,89.99746566878336,10.70112000024892,11.111424000318948,15774,0.0
7761,1774584676.348705,90.01431587652836,10.685279999961494,11.109344000033161,15774,0.0
7762,1774584676.359818,90.06230870859397,10.681664000003366,11.103423999884399,15774,0.0
7763,1774584676.3709104,90.22352336522397,10.673119999864866,11.083584000061819,15774,0.0
7764,1774584676.3831801,81.56032070871564,11.841919999824313,12.260863999927096,15774,0.0
7765,1774584676.3954105,81.81934811419369,11.774336000144103,12.222048000239738,15774,0.0
7766,1774584676.406465,90.52801733464543,10.648223999851325,11.046304000046803,15774,0.0
7767,1774584676.4175851,89.99020906207042,10.700415999963298,11.112320000393083,15774,0.0
7768,1774584676.4286802,90.1980026546651,10.673951999706333,11.08672000009392,15774,0.0
7769,1774584676.4397745,90.20216831908338,10.674751999886212,11.086207999596809,15774,0.0
7770,1774584676.4508812,90.10879375339725,10.684735999802797,11.097695999978896,15774,0.0
7771,1774584676.4620478,89.62012538318616,10.735520000253018,11.158207999869774,15774,0.0
7772,1774584676.4731574,90.07892354828034,10.677887999918312,11.101376000169694,15774,0.0
7773,1774584676.4849432,84.90971040922041,11.353311999755533,11.777216000155022,15814,0.0
7774,1774584676.4960628,89.99720648686831,10.688384000332007,11.111455999980535,15814,0.0
7775,1774584676.507268,89.6815944685694,10.71849599975394,11.15055999980541,15814,0.0
7776,1774584676.5183673,90.18030289185715,10.673823999695742,11.088895999819215,15814,0.0
7777,1774584676.5294836,90.02650380253792,10.693087999698037,11.107840000022406,15814,0.0
7778,1774584676.5405934,90.07918320477174,10.678976000235707,11.10134400005336,15814,0.0
7779,1774584676.5517359,89.81665905197049,10.696671999994578,11.133791999782261,15814,0.0
7780,1774584676.5628397,90.13192429426711,10.672447999695578,11.094848000084312,15814,0.0
7781,1774584676.5740116,89.57414302441323,10.73551999979827,11.163936000230024,15814,0.0
7782,1774584676.5854218,87.71363532814215,10.967936000270129,11.400736000268807,15814,0.0
7783,1774584676.5965633,89.82930993847917,10.696319999624393,11.132223999993585,15814,0.0
7784,1774584676.6076937,89.91848350060168,10.692960000142193,11.121183999875939,15814,0.0
7785,1774584676.6188288,89.88537816770129,10.688672000014776,11.125279999760096,15814,0.0
7786,1774584676.6309893,82.29834929314009,11.727264000001014,12.150911999924574,15814,0.0
7787,1774584676.642194,89.31735814939755,10.773471999982576,11.196032000043488,15814,0.0
7788,1774584676.6533196,89.9456584278169,10.702751999815519,11.117824000393739,15814,0.0
7789,1774584676.66444,89.98735857705137,10.698432000026514,11.112671999853774,15814,0.0
7790,1774584676.6755776,89.84893877789057,10.681599999770697,11.12979199979236,15814,0.0
7791,1774584676.6867185,89.82621143201327,10.705440000037925,11.132608000025357,15814,0.0
7792,1774584676.6979218,89.31940045942395,10.759487999621342,11.195776000022306,15814,0.0
7793,1774584676.7090578,89.86986843116716,10.706368000228395,11.127199999918957,15814,0.0
7794,1774584676.720174,90.02572575206614,10.694975999740564,11.107935999916663,15814,0.0
7795,1774584676.7313008,89.93970442307592,10.69232000008924,11.118559999886202,15814,0.0
7796,1774584676.742438,89.86030676046616,10.684416000003694,11.128384000130609,15814,0.0
7797,1774584676.7536068,89.59545858440022,10.73926399976699,11.161280000123952,15814,0.0
7798,1774584676.7647154,90.08203951759809,10.686495999834733,11.100991999683174,15814,0.0
7799,1774584676.7758467,89.89675537359285,10.699264000322728,11.123872000098345,15814,0.0
7800,1774584676.7869759,89.92961029275652,10.690816000078485,11.119808000330522,15814,0.0
7801,1774584676.7981548,89.52743836907271,10.755392000191932,11.169760000029783,15814,0.0
7802,1774584676.8092697,90.03661969369576,10.682271999939985,11.106592000032833,15814,0.0
7803,1774584676.820444,89.55258097704441,10.67168000008678,11.166623999997682,15814,0.0
7804,1774584676.83162,89.55104122958114,10.70547200015426,11.166815999786195,15814,0.0
7805,1774584676.8427505,89.90968751551998,10.702015999868308,11.122272000193334,15814,0.0
7806,1774584676.8539486,89.364866022331,10.762655999769777,11.190080000233138,15814,0.0
7807,1774584676.8650923,89.80685060936634,10.714559999996709,11.135008000110247,15814,0.0
7808,1774584676.8762324,89.82930993847917,10.695903999931033,11.132223999993585,15814,0.0
7809,1774584676.8873997,89.61884031789378,10.69244800009983,11.158367999996699,15814,0.0
7810,1774584676.89855,89.75268468243196,10.69612799983588,11.141727999984141,15814,0.0
7811,1774584676.9097502,89.36077734011012,10.76483199994982,11.190591999820754,15814,0.0
7812,1774584676.9208627,90.0529655523837,10.684223999760434,11.104575999979716,15814,0.0
7813,1774584676.9319847,89.97388597940254,10.697440000058123,11.114335999991454,15814,0.0
7814,1774584676.9431036,90.01042680817206,10.690399999930378,11.10982399995919,15814,0.0
7815,1774584676.954301,89.3704885781558,10.76035200003389,11.189375999947515,15814,0.0
7816,1774584676.9653986,90.168333460695,10.683808000067074,11.090367999713635,15814,0.0
7817,1774584676.9764895,90.23185978709495,10.670976000255905,11.082559999977093,15814,0.0
7818,1774584676.9876688,89.5182058536314,10.670559999653051,11.1709120001251,15814,0.0
7819,1774584676.999212,86.70415985838142,11.112415999832592,11.53347199988275,15894,0.0
7820,1774584677.010312,90.16547167293398,10.651328000221838,11.09072000008382,15894,0.0
7821,1774584677.0221062,84.84009339001337,11.361792000116111,11.786880000272504,15894,0.0
7822,1774584677.0332482,89.82492044982176,10.691583999687282,11.132768000152282,15894,0.0
7823,1774584677.044421,89.57671062871871,10.719519999838667,11.163615999976173,15894,0.0
7824,1774584677.0555518,89.91589626621811,10.669312000118225,11.12150400012979,15894,0.0
7825,1774584677.066692,89.84170609859328,10.696703999656165,11.130688000321243,15894,0.0
7826,1774584677.0779474,88.92392096118294,10.799648000102025,11.245568000049389,15894,0.0
7827,1774584677.08913,89.51333390572414,10.719039999912638,11.171520000061719,15894,0.0
7828,1774584677.1003625,89.10648296029045,10.761632000139798,11.22252799996204,15894,0.0
7829,1774584677.1115336,89.60213783671006,10.690688000067894,11.160447999827738,15894,0.0
7830,1774584677.1226501,90.03454445357826,10.685407999972085,11.106848000054015,15894,0.0
7831,1774584677.1338644,89.24593609804673,10.778624000067794,11.204991999875347,15894,0.0
7832,1774584677.1449609,90.18993278643906,10.667583999747876,11.087711999607563,15894,0.0
7833,1774584677.1560998,89.84015639285839,10.694080000121176,11.130880000109755,15894,0.0
7834,1774584677.1672094,90.09060952826393,10.6700159999491,11.099936000391608,15894,0.0
7835,1774584677.178363,89.72897542247686,10.684608000246953,11.144672000227729,15894,0.0
7836,1774584677.1894832,89.99435555486217,10.688223999750335,11.111807999895973,15894,0.0
7837,1774584677.2006211,89.85074712784063,10.703295999974216,11.129567999887513,15894,0.0
7838,1774584677.211736,90.0348038542829,10.661792000064452,11.10681599993768,15894,0.0
7839,1774584677.2228568,89.9956514119944,10.692800000015268,11.111647999769048,15894,0.0
7840,1774584677.234132,88.7642875004744,10.833024000021396,11.26579199990374,15894,0.0
7841,1774584677.2452755,89.80659252418408,10.703775999900245,11.135039999771834,15894,0.0
7842,1774584677.256406,89.90968751551998,10.684064000088256,11.122272000193334,15894,0.0
7843,1774584677.267561,89.72356528476642,10.710335999647214,11.14534399994227,15894,0.0
7844,1774584677.2786505,90.24645223286402,10.667455999737285,11.080767999828822,15894,0.0
7845,1774584677.2897975,89.77537482848558,10.731423999914114,11.138912000205892,15894,0.0
7846,1774584677.3008988,90.14024379691234,10.68063999991864,11.093823999999586,15894,0.0
7847,1774584677.3120217,89.96248923961261,10.700576000090223,11.115744000107952,15894,0.0
7848,1774584677.3231127,90.22717035839418,10.66854400005468,11.083136000252125,15894,0.0
7849,1774584677.3342416,89.91486141488747,10.716320000028645,11.12163200014038,15894,0.0
7850,1774584677.345365,89.96248923961261,10.701504000280693,11.115744000107952,15894,0.0
7851,1774584677.356442,90.34768681246398,10.667039999589178,11.068351999711012,15894,0.0
7852,1774584677.3676126,89.58749616856379,10.69151999990936,11.162271999637596,15894,0.0
7853,1774584677.3787506,89.8517805038761,10.702623999804928,11.129439999876922,15894,0.0
7854,1774584677.389884,89.88175874853263,10.712448000049335,11.125728000024537,15894,0.0
7855,1774584677.400987,90.13192429426711,10.679680000066583,11.094848000084312,15894,0.0
7856,1774584677.4120805,90.20373053920294,10.66521599977932,11.086015999808296,15894,0.0
7857,1774584677.4231648,90.27825926029556,10.666623999895819,11.076864000187925,15894,0.0
7858,1774584677.4342906,89.94125756506834,10.706271999879391,11.11836800009769,15894,0.0
7859,1774584677.4454103,89.99331889676188,10.700223999720038,11.111935999906564,15894,0.0
7860,1774584677.456511,90.14128384273303,10.679487999823323,11.093695999988995,15894,0.0
7861,1774584677.4676375,89.93659829632897,10.705440000037925,11.118943999917974,15894,0.0
7862,1774584677.4787395,90.13400402964778,10.674879999896802,11.094591999608383,15894,0.0
7863,1774584677.4899154,89.53641625081045,10.757504000139306,11.1686400000508,15894,0.0
7864,1774584677.5010026,90.25687829473391,10.673375999886048,11.079488000177662,15894,0.0
7865,1774584677.5121174,90.0322099218697,10.701152000365255,11.107136000191531,15894,0.0
7866,1774584677.5231872,90.39786632016518,10.664959999758139,11.06220800011215,15894,0.0
7867,1774584677.5342767,90.22899396924714,10.68703999999343,11.08291199989253,15894,0.0
7868,1774584677.545328,90.54480446768939,10.647584000253119,11.04425599987735,15894,0.0
7869,1774584677.5563874,90.47271632358053,10.654976000296301,11.053056000037031,15894,0.0
7870,1774584677.5675008,90.05114905359802,10.672447999695578,11.104799999884563,15894,0.0
7871,1774584677.5786169,90.01509372979129,10.697952000100486,11.109248000138905,15894,0.0
7872,1774584677.589732,90.02572575206614,10.697503999836044,11.107935999916663,15894,0.0
7873,1774584677.6008368,90.10749463963498,10.686495999834733,11.097855999651074,15894,0.0
7874,1774584677.6119256,90.23837368958533,10.669184000107634,11.081759999797214,15894,0.0
7875,1774584677.6230185,90.20633436088909,10.67382400015049,11.085696000009193,15894,0.0
7876,1774584677.6341565,89.83938156003927,10.714848000134225,11.130976000004011,15894,0.0
7877,1774584677.6452584,90.13998379197835,10.677440000108618,11.093855999661173,15894,0.0
7878,1774584677.65637,90.06412565763398,10.68249600029958,11.103199999979552,15894,0.0
7879,1774584677.6675253,89.70296120115297,10.686655999961658,11.147904000154085,15894,0.0
7880,1774584677.678654,89.91641370265457,10.684255999876768,11.12143999989712,15894,0.0
7881,1774584677.6897976,89.80349558102134,10.72243199996592,11.135424000258354,15894,0.0
7882,1774584677.7009194,89.97103652467591,10.69504000042798,11.114687999906891,15894,0.0
7883,1774584677.7120426,89.96015844672152,10.702336000122159,11.11603199979072,15894,0.0
7884,1774584677.7231457,90.12750518585403,10.681535999992775,11.095391999788262,15894,0.0
7885,1774584677.7343082,89.64660591010762,10.748896000222885,11.154911999710748,15894,0.0
7886,1774584677.7454183,90.07191341463671,10.690208000141865,11.102240000127495,15894,0.0
7887,1774584677.756549,89.89934150288491,10.700896000344073,11.123552000299242,15894,0.0
7888,1774584677.7676861,89.85927319197528,10.712863999742694,11.128511999686452,15894,0.0
7889,1774584677.778796,90.06698101560818,10.68684799975017,11.102847999609367,15894,0.0
7890,1774584677.7899435,89.76480185698142,10.732096000083402,11.140223999973387,15894,0.0
7891,1774584677.8010416,90.16625214450607,10.682527999961167,11.090623999734817,15894,0.0
7892,1774584677.8121495,90.08619447378473,10.689791999993759,11.100479999640811,15894,0.0
7893,1774584677.8232698,89.9865811993693,10.68316800001412,11.112768000202777,15894,0.0
7894,1774584677.8343709,90.14466415833216,10.682495999844832,11.093279999840888,15894,0.0
7895,1774584677.8455143,89.79988275672433,10.719519999838667,11.135872000068048,15894,0.0
7896,1774584677.8565998,90.27043578571397,10.668511999938346,11.077823999585235,15894,0.0
7897,1774584677.8677068,90.09450553612666,10.684448000120028,11.099455999556085,15894,0.0
7898,1774584677.8788173,90.06620226164785,10.686592000183737,11.10294399995837,15894,0.0
7899,1774584677.8899722,89.70682374506808,10.728736000146455,11.147424000228057,15894,0.0
7900,1774584677.901052,90.31322069900766,10.654431999682856,11.072576000060508,15894,0.0
7901,1774584677.9121573,90.10359751201713,10.68451199989795,11.09833600003185,15894,0.0
7902,1774584677.9232552,90.17041487297257,10.65152000001035,11.090111999692454,15894,0.0
7903,1774584677.9343503,90.19930438323313,10.667328000181442,11.086559999966994,15894,0.0
7904,1774584677.9454284,90.33750090210735,10.645664000094257,11.069600000155333,15894,0.0
7905,1774584677.9565227,90.20841752795391,10.68022400022528,11.085439999988012,15894,0.0
7906,1774584677.967637,90.03973273325194,10.68825599986667,11.106208000001061,15894,0.0
7907,1774584677.9787476,90.06490437199524,10.688384000332007,11.103104000085295,15894,0.0
7908,1774584677.9898922,89.79085196395734,10.72230399995533,11.13699200004703,15894,0.0
7909,1774584678.0009832,90.21492804243388,10.678368000299088,11.08464000026288,15894,0.0
7910,1774584678.0120816,90.15948852857572,10.685184000067238,11.09145600003103,15894,0.0
7911,1774584678.0231805,90.16052901854108,10.684383999887359,11.09132800002044,15934,0.0
7912,1774584678.0343096,89.90994619726575,10.707936000017071,11.122240000077,15934,0.0
7913,1774584678.0454187,90.07321150630771,10.685984000247117,11.10208000000057,15934,0.0
7914,1774584678.0565069,90.24071892160828,10.66854400005468,11.081472000114445,15934,0.0
7915,1774584678.0676289,89.96792823343999,10.710047999964445,11.115071999938664,15934,0.0
7916,1774584678.0787108,90.29938943279181,10.666304000096716,11.074271999859775,15934,0.0
7917,1774584678.089864,89.71583764613383,10.73337600018931,11.146303999794327,15934,0.0
7918,1774584678.1009846,89.98502649166232,10.69638400031181,11.11295999999129,15934,0.0
7919,1774584678.1120834,90.16208979667087,10.677087999738433,11.091136000231927,15934,0.0
7920,1774584678.123188,90.11580962909946,10.681472000214853,11.096832000021095,15934,0.0
7921,1774584678.1353884,82.01798359148596,11.776671999996324,12.192447999950673,15934,0.0
7922,1774584678.1475618,82.19617662968828,11.756544000036229,12.166015999810043,15934,0.0
7923,1774584678.1597369,82.18385514552008,11.749600000257487,12.167840000074648,15934,0.0
7924,1774584678.1718981,82.27819772685152,11.744863999865629,12.153887999829749,15934,0.0
7925,1774584678.1829991,90.14830477890479,10.686463999718399,11.092832000031194,15934,0.0
7926,1774584678.1941144,90.02650380253792,10.703104000185704,11.107840000022406,15934,0.0
7927,1774584678.2052338,89.99357805628574,10.707167999953526,11.111904000244976,15934,0.0
7928,1774584678.2163138,90.30956674633073,10.675551999611343,11.073023999870202,15934,0.0
7929,1774584678.227468,89.70939896158805,10.699808000026678,11.147103999974206,15934,0.0
7930,1774584678.2385764,90.08593477318087,10.689151999940805,11.100512000211893,15934,0.0
7931,1774584678.2497256,89.75603591522407,10.730975999649672,11.141311999836034,15934,0.0
7932,1774584678.2608328,90.09138870435625,10.682688000088092,11.099840000042605,15934,0.0
7933,1774584678.2719488,90.02209502153478,10.698751999825618,11.108384000181104,15934,0.0
7934,1774584678.2830477,90.15558690600733,10.68764799993005,11.091935999957059,15934,0.0
7935,1774584678.2941675,89.99305973504777,10.712736000186851,11.111968000022898,15934,0.0
7936,1774584678.3052642,90.18004265207712,10.689984000237018,11.08892799993555,15934,0.0
7937,1774584678.3163605,90.17978241379905,10.694911999962642,11.088960000051884,15934,0.0
7938,1774584678.3274453,90.27330423672554,10.665248000350402,11.077471999669797,15934,0.0
7939,1774584678.3385134,90.41225093167543,10.67248000026666,11.060448000080214,15934,0.0
7940,1774584678.3496275,90.04440269807874,10.712576000059926,11.105631999726029,15934,0.0
7941,1774584678.3606977,90.39655885787708,10.673664000023564,11.062367999784328,15934,0.0
7942,1774584678.3717725,90.35787501637014,10.67510399980165,11.06710399972144,15934,0.0
7943,1774584678.3828547,90.29077964955142,10.679936000087764,11.075328000060836,15934,0.0
7944,1774584678.393963,90.08100083843667,10.696415999973397,11.101119999693765,15934,0.0
7945,1774584678.405109,89.77692230376155,10.737151999819616,11.138719999962632,15934,0.0
7946,1774584678.416183,90.35970391081973,10.666816000139079,11.066879999816592,15934,0.0
7947,1774584678.427329,89.78208093022147,10.688096000194491,11.138080000364425,15934,0.0
7948,1774584678.438413,90.28660580061491,10.665631999927427,11.075840000103199,15934,0.0
7949,1774584678.449531,90.00394577185614,10.697088000142685,11.110624000139069,15934,0.0
7950,1774584678.460657,89.94410513383032,10.703167999963625,11.118016000182251,15934,0.0
7951,1774584678.4717662,90.08879151419983,10.702655999921262,11.100159999841708,15934,0.0
7952,1774584678.4828708,90.12308650705809,10.688287999983004,11.09593599994696,15934,0.0
7953,1774584678.493988,90.01457516068383,10.698495999804436,11.109311999916827,15934,0.0
7954,1774584678.5050917,90.12568567501565,10.702751999815519,11.095616000147857,15934,0.0
7955,1774584678.5161738,90.30486924107342,10.677247999865358,11.073599999690487,15934,0.0
7956,1774584678.5274024,89.11995117523315,10.67388799992841,11.220832000162773,15814,0.0
7957,1774584678.5384874,90.26808900515059,10.683871999844996,11.07811199972275,15814,0.0
7958,1774584678.5495796,90.21128203884832,10.692192000078649,11.085088000072574,15814,0.0
7959,1774584678.5606873,90.08957065146346,10.692256000311318,11.100064000402199,15814,0.0
7960,1774584678.572902,81.92208881668755,11.788960000103543,12.206719999994675,15814,0.0
7961,1774584678.5851266,81.85428104490565,11.786816000039835,12.216831999921851,15814,0.0
7962,1774584678.5973227,82.0492085211355,11.766271999931632,12.187807999907818,15814,0.0
7963,1774584678.6090758,85.14081609930547,11.2619840001571,11.745247999897401,15814,0.0
7964,1774584678.6201906,90.0355820616789,10.68777599994064,11.106720000043424,15814,0.0
7965,1774584678.6313324,89.81794979303363,10.677344000214362,11.133632000110083,15814,0.0
7966,1774584678.64246,89.93090428964894,10.690367999814043,11.11964799974885,15814,0.0
7967,1774584678.6535916,89.89003212710496,10.71583999964787,11.124704000394559,15814,0.0
7968,1774584678.6646814,90.22951501181456,10.667103999821848,11.082848000114609,15814,0.0
7969,1774584678.675785,90.12698531706255,10.68816000042716,11.095456000020931,15814,0.0
7970,1774584678.6868575,90.37172420637661,10.666847999800666,11.065407999922172,15814,0.0
7971,1774584678.6980462,89.42982406103687,10.766144000172062,11.181951999787998,15814,0.0
7972,1774584678.7091172,90.38740766215805,10.662816000149178,11.06348799976331,15814,0.0
7973,1774584678.7202168,90.14674447799382,10.678528000426013,11.093023999819707,15814,0.0
7974,1774584678.7313654,89.76377048063098,10.694688000057795,11.140351999983977,15814,0.0
7975,1774584678.7427716,87.73432082369973,10.983487999965291,11.398048000046401,15814,0.0
7976,1774584678.756104,75.04821097030528,12.910368000120798,13.324768000074982,15814,0.0
7977,1774584678.7682579,82.33239101269123,11.741759999949863,12.145887999849947,15814,0.0
7978,1774584678.7796588,87.77005089255898,10.988063999775477,11.393408000003546,15814,0.0
7979,1774584678.7918277,82.22688832325939,11.758335999729752,12.161472000116191,15814,0.0
7980,1774584678.8039958,82.23337964846174,11.743552000098134,12.160511999809387,15814,0.0
7981,1774584678.8161807,82.12899376827028,11.755839999750606,12.17596800006504,15814,0.0
7982,1774584678.828348,82.23619287445223,11.74873599984494,12.16009599966128,15814,0.0
7983,1774584678.8405201,82.20698798921437,11.757440000110364,12.164415999905032,15814,0.0
7984,1774584678.8526905,82.21520652438389,11.763839999730408,12.163200000031793,15814,0.0
7985,1774584678.864851,82.27624809491638,11.754944000131218,12.154176000422012,15814,0.0
7986,1774584678.8770218,82.20850180595512,11.763871999846742,12.164192000000185,15814,0.0
7987,1774584678.8881152,90.20164758490162,10.686399999940477,11.086272000284225,15814,0.0
7988,1774584678.8992028,90.25870310667035,10.67148799984352,11.079263999818068,15814,0.0
7989,1774584678.9104404,89.04351592471124,10.769023999728233,11.230463999709173,15814,0.0
7990,1774584678.9215598,89.99539223684583,10.695680000026186,11.111679999885382,15814,0.0
7991,1774584678.9326766,90.02105772795495,10.691455999676691,11.108511999736947,15814,0.0
7992,1774584678.9438164,89.83938156003927,10.70601599985821,11.130976000004011,15814,0.0
7993,1774584678.9560633,81.71558270218937,11.804864000168891,12.237568000273313,15814,0.0
7994,1774584678.9686844,79.29177852046631,12.168863999704627,12.611648000074638,15814,0.0
7995,1774584678.9809873,81.34440832026344,11.88086399997701,12.293408000005002,15814,0.0
7996,1774584678.9920843,90.17978241379905,10.671776000435784,11.088960000051884,15814,0.0
7997,1774584679.0031931,90.0908692521305,10.687360000247281,11.099904000275274,15814,0.0
7998,1774584679.0165088,75.14981867816587,12.884832000054303,13.30675200006226,15814,0.0
7999,1774584679.028731,81.87250943800912,11.789600000156497,12.214112000037858,15814,0.0
8000,1774584679.0409462,81.92702857845065,11.778623999816773,12.205984000047465,15600,0.0
8001,1774584679.053297,81.43555906486294,11.833600000045408,12.279648000003363,15600,0.0
8002,1774584679.0730615,50.620649660676584,19.2883200002143,19.754784000269865,15600,0.0
8003,1774584679.0916119,53.93454675996236,18.058080000173504,18.54099199999837,15600,0.0
8004,1774584679.1040914,80.19668075409226,12.005632000182231,12.46934400023747,15600,0.0
8005,1774584679.1153462,88.93758715777717,10.755807999885292,11.243840000133787,15600,0.0
8006,1774584679.1266227,88.76378323918678,10.79961599998569,11.26585600013641,15600,0.0
8007,1774584679.13801,87.89669536632843,10.899679999965883,11.376991999895836,15600,0.0
8008,1774584679.1492014,89.43263933707138,10.71315199988021,11.18159999987256,15600,0.0
8009,1774584679.1603694,89.61344344899967,10.727967999628163,11.159040000165987,15600,0.0
8010,1774584679.1715026,89.88615379413582,10.686015999908705,11.12518399986584,15600,0.0
8011,1774584679.1826177,90.04544052972973,10.682208000162063,11.105504000170185,15600,0.0
8012,1774584679.1937878,89.59288990887451,10.736031999840634,11.161599999923055,15600,0.0
8013,1774584679.2049015,90.04673785846747,10.697024000364763,11.10534400004326,15600,0.0
8014,1774584679.2159889,90.25348956197101,10.680672000034974,11.079903999871021,15600,0.0
8015,1774584679.2271023,90.05037057339099,10.692832000131602,11.104896000233566,15600,0.0
8016,1774584679.238253,89.73850916324918,10.729088000061893,11.143488000016077,15600,0.0
8017,1774584679.2493834,89.91874223296436,10.710720000133733,11.121151999759604,15600,0.0
8018,1774584679.260482,90.16443106888558,10.669503999906738,11.090848000094411,15600,0.0
8019,1774584679.2716227,89.82879350772504,10.699775999910344,11.132287999771506,15600,0.0
8020,1774584679.2827063,90.28582324782572,10.67910399979155,11.075935999997455,15600,0.0
8021,1774584679.293825,89.99798404445856,10.709248000239313,11.111360000086279,15600,0.0
8022,1774584679.3049083,90.2973020583529,10.680928000056156,11.074528000335704,15600,0.0
8023,1774584679.3160338,89.9495419048681,10.723295999923721,11.117344000012963,15600,0.0
8024,1774584679.327116,90.28817095059773,10.68764799993005,11.075647999859939,15600,0.0
8025,1774584679.3382447,89.91951843530937,10.723359999701643,11.121055999865348,15600,0.0
8026,1774584679.3493345,90.22690985174866,10.693535999962478,11.083167999913712,15600,0.0
8027,1774584679.360421,90.26443869971875,10.682848000215017,11.078559999987192,15600,0.0
8028,1774584679.3715005,90.31791907318492,10.67135999983293,11.072000000240223,15600,0.0
8029,1774584679.38259,90.23550745425553,10.687296000014612,11.082112000167399,15600,0.0
8030,1774584679.393719,89.91098093545804,10.72083200006091,11.122112000066409,15600,0.0
8031,1774584679.404805,90.26496015543609,10.685727999771188,11.078495999754523,15600,0.0
8032,1774584679.4158986,90.1998250829609,10.686527999951068,11.086496000189072,15600,0.0
8033,1774584679.4270034,90.1171089826352,10.698080000111077,11.096672000348917,15600,0.0
8034,1774584679.4381056,90.13088446441401,10.70479999998497,11.094976000094903,15600,0.0
8035,1774584679.4491901,90.27930249344125,10.688672000014776,11.076736000177334,15600,0.0
8036,1774584679.460261,90.38976065097118,10.674143999949592,11.063199999625795,15600,0.0
8037,1774584679.4714077,89.77614856128767,10.701791999963461,11.138815999856888,15600,0.0
8038,1774584679.482488,90.3234011344138,10.677344000214362,11.071327999616187,15600,0.0
8039,1774584679.4935884,90.14648443186131,10.695135999867489,11.093055999936041,15600,0.0
8040,1774584679.5046678,90.32340113070383,10.680000000320433,11.071328000070935,15600,0.0
8041,1774584679.515764,90.18108361651102,10.693344000173965,11.088799999924959,15600,0.0
8042,1774584679.5268545,90.22560732627721,10.669056000097044,11.083328000040638,15600,0.0
8043,1774584679.5389926,82.43381553755958,11.733568000181549,12.130944000091404,15600,0.0
8044,1774584679.5511897,82.04080775479397,11.787487999754376,12.189055999897391,15680,0.0
8045,1774584679.5633605,82.21499022528073,11.733759999970061,12.163232000148128,15680,0.0
8046,1774584679.5744243,90.44155738719739,10.667200000170851,11.05686400023842,15680,0.0
8047,1774584679.5855792,89.70527868905008,10.747327999979461,11.14761600001657,15680,0.0
8048,1774584679.5966673,90.25375022582756,10.685600000215345,11.079871999754687,15680,0.0
8049,1774584679.6077464,90.31974635422371,10.682367999834241,11.071775999880629,15680,0.0
8050,1774584679.6188838,89.8435141610849,10.694015999888506,11.130463999961648,15680,0.0
8051,1774584679.6299996,90.02857867200372,10.71676799983834,11.107584000001225,15680,0.0
8052,1774584679.6410801,90.31974635051404,10.674048000055336,11.071776000335376,15680,0.0
8053,1774584679.65219,90.0802218420169,10.71388799982742,11.101216000042768,15680,0.0
8054,1774584679.6632898,90.15558690600733,10.662368000339484,11.091935999957059,15680,0.0
8055,1774584679.6744466,89.68828656656322,10.751488000096288,11.149727999963943,15680,0.0
8056,1774584679.6855547,90.0773656481467,10.706911999932345,11.101567999958206,15680,0.0
8057,1774584679.696632,90.33593404510877,10.679519999939657,11.069791999943845,15680,0.0
8058,1774584679.7077017,90.3952514296933,10.669119999874965,11.062527999911254,15680,0.0
8059,1774584679.7188063,90.10931341234485,10.706816000038089,11.097631999746227,15680,0.0
8060,1774584679.7299392,89.87865662281118,10.737024000263773,11.12611200005631,15680,0.0
8061,1774584679.741049,90.06386608794305,10.70720000006986,11.103232000095886,15680,0.0
8062,1774584679.7521563,90.09814210259852,10.705887999847619,11.099008000201138,15680,0.0
8063,1774584679.7632642,90.09164843271546,10.691808000046876,11.09980799992627,15680,0.0
8064,1774584679.774354,90.2469734770829,10.693952000110585,11.0807040000509,15680,0.0
8065,1774584679.7854881,89.87374536257185,10.724607999691216,11.126719999992929,15680,0.0
8066,1774584679.796614,89.94643509860794,10.7092799999009,11.117728000044735,15680,0.0
8067,1774584679.8077457,89.90632479930233,10.704768000323384,11.12268800034144,15680,0.0
8068,1774584679.8188741,89.93271593682664,10.706848000154423,11.11942400029875,15680,0.0
8069,1774584679.8300638,89.43135964285104,10.763648000192916,11.181759999999485,15680,0.0
8070,1774584679.842128,82.93832573311174,11.653600000045117,12.057152000124916,15680,0.0
8071,1774584679.8543465,81.90104781211599,11.812191999979404,12.209855999572028,15680,0.0
8072,1774584679.8665712,81.84892129601494,11.806143999820051,12.21763200010173,15680,0.0
8073,1774584679.8777287,89.69420733268973,10.732736000136356,11.148992000016733,15680,0.0
8074,1774584679.888836,90.0906095319548,10.69545600012134,11.09993599993686,15680,0.0
8075,1774584679.8999379,90.13608385361854,10.692095999729645,11.094336000041949,15680,0.0
8076,1774584679.911018,90.31061070316913,10.681855999791878,11.072895999859611,15680,0.0
8077,1774584679.922152,89.88460255097839,10.728255999765679,11.1253760001091,15680,0.0
8078,1774584679.9332445,90.20997996454416,10.685759999887523,11.085248000199499,15680,0.0
8079,1774584679.9443526,90.08515569880528,10.701023999899917,11.100607999651402,15680,0.0
8080,1774584679.9554925,89.82414587978616,10.693568000078812,11.132864000046538,15680,0.0
8081,1774584679.966606,90.03973273325194,10.696832000121503,11.106208000001061,15680,0.0
8082,1774584679.9777331,89.9321983164247,10.723615999722824,11.119488000076672,15680,0.0
8083,1774584679.9888425,90.07139418696872,10.693120000269118,11.102304000360164,15680,0.0
8084,1774584679.9999425,90.14284395831291,10.692832000131602,11.093503999745735,15680,0.0
8085,1774584680.0110252,90.29286671873732,10.671840000213706,11.075072000039654,15680,0.0
8086,1774584680.0221455,89.98347183767613,10.703680000005988,11.113151999779802,15680,0.0
8087,1774584680.033246,90.1477846738316,10.682560000077501,11.092895999809116,15680,0.0
8088,1774584680.0443864,89.83111749838561,10.705376000260003,11.132000000088738,15680,0.0
8089,1774584680.0556247,89.05772650573516,10.74700799972561,11.22867200001565,15680,0.0
8090,1774584680.0699663,69.77424403811395,13.874911999664619,14.331935999962298,15694,0.0
8091,1774584680.0811281,89.65483605293137,10.712031999901228,11.15388800008077,15694,0.0
8092,1774584680.0922532,89.96456115936553,10.688287999983004,11.11548800008677,15694,0.0
8093,1774584680.103493,89.04909811169941,10.727456000040547,11.229759999878297,15694,0.0
8094,1774584680.1147485,88.92619837014612,10.80243199976394,11.245279999911872,15694,0.0
8095,1774584680.1262066,87.3458869159972,10.76255999987552,11.448736000147619,15694,0.0
8096,1774584680.1373591,89.74830267894919,10.698464000142849,11.142272000142839,15694,0.0
8097,1774584680.1485243,89.64454860592556,10.721695999563963,11.155168000186677,15694,0.0
8098,1774584680.159688,89.64994922212901,10.72035200013488,11.154496000017389,15694,0.0
8099,1774584680.1708708,89.4912885595095,10.72556799999802,11.174272000062047,15694,0.0
8100,1774584680.1820946,89.18022681840525,10.763711999970837,11.21324799987633,15694,0.0
8101,1774584680.193271,89.56105054194173,10.72483200005081,11.165568000251369,15694,0.0
8102,1774584680.204473,89.33472076219304,10.681535999992775,11.193855999863445,15694,0.0
8103,1774584680.2157037,89.12173029991006,10.705344000143668,11.220608000257926,15694,0.0
8104,1774584680.2268417,89.86754243140274,10.69065599995156,11.127488000056474,15694,0.0
8105,1774584680.2380524,89.2762765068862,10.76723200003471,11.201184000128706,15694,0.0
8106,1774584680.2491715,89.99720648686831,10.683584000162227,11.111455999980535,15694,0.0
8107,1774584680.2602904,90.01535301842797,10.686464000173146,11.10921600002257,15694,0.0
8108,1774584680.2725308,81.76176323039526,11.791039999934583,12.230655999701412,15694,0.0
8109,1774584680.2837012,89.60085328721,10.72691199988185,11.160607999954664,15694,0.0
8110,1774584680.2950683,88.042553430942,10.926784000275802,11.358144000041648,15694,0.0
8111,1774584680.306261,89.41395944897643,10.745120000137831,11.183936000179528,15694,0.0
8112,1774584680.3174253,89.65149237641808,10.716320000028645,11.154303999774129,15694,0.0
8113,1774584680.328587,89.66229592949638,10.717151999870111,11.1529599998903,15694,0.0
8114,1774584680.339713,89.94306963308401,10.689408000416734,11.118144000192842,15694,0.0
8115,1774584680.3508532,89.83963983371372,10.70707200005927,11.130944000342424,15694,0.0
8116,1774584680.362058,89.3091898467921,10.771263999686198,11.197055999673466,15694,0.0
8117,1774584680.3732097,89.73747839100045,10.709952000070189,11.143616000026668,15694,0.0
8118,1774584680.3843415,89.9140852929406,10.69078399996215,11.121728000034636,15694,0.0
8119,1774584680.3954842,89.82130590149471,10.694399999920279,11.133215999961976,15694,0.0
8120,1774584680.4065878,90.12568567870939,10.680864000278234,11.09561599969311,15694,0.0
8121,1774584680.4177616,89.57054863368856,10.743968000042514,11.16438399958497,15694,0.0
8122,1774584680.428877,90.03532265649004,10.691872000279545,11.106752000159759,15694,0.0
8123,1774584680.4400673,89.43340716972783,10.735232000115502,11.181503999978304,15694,0.0
8124,1774584680.4513159,88.9836782587551,10.715743999753613,11.23801599987928,15694,0.0
8125,1774584680.4624815,89.65535048908954,10.70147199970961,11.1538239998481,15694,0.0
8126,1774584680.474353,84.28564878224877,11.438623999765696,11.864416000207711,15694,0.0
8127,1774584680.4855027,89.76402832341269,10.70060799975181,11.140319999867643,15694,0.0
8128,1774584680.4966538,89.75113804626174,10.694496000269282,11.141919999772654,15694,0.0
8129,1774584680.507818,89.64480576424117,10.71321600011288,11.155136000070343,15694,0.0
8130,1774584680.5189695,89.74727168170503,10.708096000143996,11.14240000015343,15694,0.0
8131,1774584680.532372,74.66323892862488,12.96310399993672,13.393471999734174,15694,0.0
8132,1774584680.5435042,89.90813546365555,10.670240000308695,11.122463999981846,15694,0.0
8133,1774584680.554606,90.14232391255426,10.685279999961494,11.093567999978404,15694,0.0
8134,1774584680.5657392,89.8830513613623,10.714911999912147,11.12556800035236,15694,0.0
8135,1774584680.5768268,90.25687829473391,10.670752000351058,11.079488000177662,15694,0.0
8136,1774584680.5879128,90.26756751328234,10.638495999955921,11.07817599995542,15694,0.0
8137,1774584680.5989933,90.31556982684654,10.660639999969135,11.072287999922992,15694,0.0
8138,1774584680.6111777,82.13309503698062,11.76601599991045,12.175360000128421,15694,0.0
8139,1774584680.623412,81.7996445312735,11.770400000386871,12.224992000028578,15694,0.0
8140,1774584680.6345828,89.58929400983966,10.745983999640885,11.16204799973275,15694,0.0
8141,1774584680.645724,89.82440406953678,10.709471999689413,11.132831999930204,15694,0.0
8142,1774584680.657884,82.30962113705397,11.737119999907009,12.149248000241641,15694,0.0
8143,1774584680.670053,82.23662569387912,11.752991999856022,12.160031999883358,15694,0.0
8144,1774584680.6822267,82.20871807091888,11.762752000322507,12.16415999988385,15694,0.0
8145,1774584680.694406,82.16397563305834,11.775039999974979,12.170783999863488,15694,0.0
8146,1774584680.706552,82.384918153178,11.746912000035081,12.138144000346074,15694,0.0
8147,1774584680.7187076,82.31981180876,11.755999999877531,12.147744000230887,15694,0.0
8148,1774584680.7308445,82.44207949423964,11.735648000012588,12.129727999763418,15694,0.0
8149,1774584680.7429953,82.35452238152337,11.752160000014555,12.142624000262003,15694,0.0
8150,1774584680.7552125,81.89933065282877,11.807167999904777,12.210112000047957,15694,0.0
8151,1774584680.7674026,82.08757233783349,11.720255999989604,12.182111999663903,15694,0.0
8152,1774584680.7795594,82.30875396536157,11.733887999980652,12.149375999797485,15694,0.0
8153,1774584680.7916815,82.54246644644763,11.71974399994724,12.114976000248134,15694,0.0
8154,1774584680.8037927,82.6332643176473,11.703264000061608,12.10166400005619,15694,0.0
8155,1774584680.8159158,82.5531510207211,11.71868799974618,12.11340800000471,15694,0.0
8156,1774584680.8280382,82.54878963623389,11.72201600002154,12.114048000057664,15694,0.0
8157,1774584680.8401735,82.45600147728035,11.744192000151088,12.127680000048713,15694,0.0
8158,1774584680.8522782,82.67152025540432,11.705183999765723,12.096064000161277,15694,0.0
8159,1774584680.8644407,82.27646471646625,11.764928000047803,12.154144000305678,15694,0.0
8160,1774584680.876555,82.60093834670533,11.716863999936322,12.1063999999933,15694,0.0
8161,1774584680.8886905,82.45665418497732,11.72294400021201,12.127584000154457,15694,0.0
8162,1774584680.90082,82.49256906897914,11.714463999851432,12.122304000058648,15694,0.0
8163,1774584680.9129512,82.4862544888567,11.732832000234339,12.123232000249118,15694,0.0
8164,1774584680.9250724,82.55118833989717,11.720640000021376,12.113696000142227,15694,0.0
8165,1774584680.9372532,82.15101591217234,11.7646080002487,12.17270400002235,15694,0.0
8166,1774584680.9483683,90.03843560635451,10.681664000003366,11.106368000127986,15694,0.0
8167,1774584680.9605396,82.22256134346506,11.74959999980274,12.162112000169145,15694,0.0
8168,1774584680.971644,90.12282659739968,10.687135999887687,11.095968000063294,15694,0.0
8169,1774584680.982718,90.37067883616992,10.673408000002382,11.065535999932763,15694,0.0
8170,1774584680.9938364,90.00161282666147,10.695519999899261,11.110912000276585,15694,0.0
8171,1774584681.0049555,89.99150479979123,10.697344000163866,11.112160000266158,15694,0.0
8172,1774584681.0160446,90.25296823877484,10.660544000074879,11.07996800010369,15694,0.0
8173,1774584681.027131,90.26574234289835,10.680799999590818,11.078400000315014,15694,0.0
8174,1774584681.0382288,90.1727565738759,10.701600000174949,11.089824000009685,15694,0.0
8175,1774584681.049321,90.21076120683658,10.668255999917164,11.085151999850495,15694,0.0
8176,1774584681.0603971,90.3469031967786,10.657983999863063,11.068448000060016,15694,0.0
8177,1774584681.0715213,89.9547203922671,10.677375999875949,11.11670399996001,15694,0.0
8178,1774584681.0826533,89.9140852929406,10.671296000055008,11.121728000034636,15694,0.0
8179,1774584681.0958269,75.96512167683882,12.746303999847441,13.16393600018273,15520,0.0
8180,1774584681.1075697,85.219060710141,11.295360000076471,11.734463999800937,15520,0.0
8181,1774584681.118677,90.11217162892797,10.676928000066255,11.097280000285537,15520,0.0
8182,1774584681.1298707,89.4057734687501,10.746912000286102,11.184959999809507,15520,0.0
8183,1774584681.141049,89.5433432754805,10.709215999668231,11.167776000093,15520,0.0
8184,1774584681.1522195,89.60727639939513,10.704640000312793,11.159807999774785,15520,0.0
8185,1774584681.166686,69.1714477962862,14.017280000189203,14.45683200017811,15520,0.0
8186,1774584681.1789777,81.4124340888188,11.82905599989681,12.2831359999509,15520,0.0
8187,1774584681.191193,81.93089489664293,11.778816000060033,12.205407999772433,15520,0.0
8188,1774584681.203447,81.67137529200302,11.72908800026562,12.244192000252951,15520,0.0
8189,1774584681.2156303,82.1412988064206,11.726144000022032,12.174143999800435,15520,0.0
8190,1774584681.2278683,81.76967901840223,11.8016000001262,12.229471999944508,15520,0.0
8191,1774584681.239,89.91227439261033,10.690720000184228,11.121951999939483,15520,0.0
8192,1774584681.2501664,89.63092137730278,10.726592000082746,11.156863999985944,15520,0.0
8193,1774584681.2613475,89.52230895872961,10.721952000039892,11.170400000082736,15520,0.0
8194,1774584681.2725482,89.37023299126226,10.675936000097863,11.18940800006385,15520,0.0
8195,1774584681.2836792,89.92728120322026,10.691616000258364,11.120096000013291,15520,0.0
8196,1774584681.2947712,90.2336835838113,10.66092800010665,11.082336000072246,15520,0.0
8197,1774584681.3059337,89.66924244608842,10.729472000093665,11.152095999932499,15520,0.0
8198,1774584681.3170485,90.04855417929173,10.683263999908377,11.105120000138413,15520,0.0
8199,1774584681.328169,89.99331889307898,10.688863999803289,11.111936000361311,15520,0.0
8200,1774584681.339308,89.8435141610849,10.669440000128816,11.130463999961648,15520,0.0
8201,1774584681.3504562,89.78466046943659,10.697760000311973,11.137760000110575,15520,0.0
8202,1774584681.3616002,89.81046399802491,10.704063999583013,11.134559999845806,15520,0.0
8203,1774584681.3727431,89.81640090307373,10.704320000058942,11.133824000353343,15520,0.0
8204,1774584681.3838685,89.96145331552358,10.680352000235871,11.115872000118543,15520,0.0
8205,1774584681.3949988,89.92779877069852,10.685184000067238,11.120031999780622,15520,0.0
8206,1774584681.4061704,89.59982567485811,10.731903999840142,11.160735999965254,15520,0.0
8207,1774584681.4172714,90.1566273059204,10.665152000001399,11.091807999946468,15520,0.0
8208,1774584681.4283862,90.04673786215476,10.678304000066419,11.105343999588513,15520,0.0
8209,1774584681.4395366,89.75629370990966,10.694111999782763,11.141280000174447,15520,0.0
8210,1774584681.450659,89.98787683630125,10.67657599969607,11.112607999621105,15520,0.0
8211,1774584681.4618592,89.36077734011012,10.746400000243739,11.190591999820754,15520,0.0
8212,1774584681.472977,90.02079840276735,10.682495999844832,11.10854400030803,15520,0.0
8213,1774584681.4841022,89.96145331552358,10.692800000015268,11.115872000118543,15520,0.0
8214,1774584681.4951818,90.32366219854484,10.654368000359682,11.0712959999546,15520,0.0
8215,1774584681.5063117,89.9213296274552,10.707711999657477,11.120831999960501,15520,0.0
8216,1774584681.5174053,90.21258415074082,10.66214399997989,11.084927999945648,15520,0.0
8217,1774584681.5285244,90.0166494766485,10.68156800010911,11.109056000350392,15520,0.0
8218,1774584681.5396452,89.99331889307898,10.682623999855423,11.111936000361311,15520,0.0
8219,1774584681.5507696,89.97725375152018,10.692480000216165,11.113919999843347,15520,0.0
8220,1774584681.5619545,89.47309651246402,10.734623999724136,11.176544000136346,15520,0.0
8221,1774584681.5730577,90.13218425640284,10.670336000202951,11.094815999967977,15520,0.0
8222,1774584681.5841534,90.19331674808161,10.663391999969463,11.087295999914204,15520,0.0
8223,1774584681.5953014,89.78749813084688,10.690624000289972,11.137408000195137,15520,0.0
8224,1774584681.6063912,90.23837368588234,10.66633600021305,11.081760000251961,15694,0.0
8225,1774584681.6174986,90.09034980958572,10.676735999822995,11.099968000053195,15694,0.0
8226,1774584681.6285849,90.26678528677763,10.64911999992546,11.078272000304423,15694,0.0
8227,1774584681.6396923,90.11321103074036,10.65900799994779,11.097151999820198,15694,0.0
8228,1774584681.6508021,90.09814210259852,10.664096000255086,11.099008000201138,15694,0.0
8229,1774584681.661971,89.61087374214365,10.723871999744006,11.15935999996509,15694,0.0
8230,1774584681.6730976,89.95860464820996,10.676831999717251,11.11622400003398,15694,0.0
8231,1774584681.6842074,90.08100083843667,10.688159999972413,11.101119999693765,15694,0.0
8232,1774584681.6953323,89.95264892575776,10.675743999854603,11.11695999998119,15694,0.0
8233,1774584681.7064247,90.21675115844852,10.678336000182753,11.084415999903285,15694,0.0
8234,1774584681.7175014,90.34664199457083,10.667967999779648,11.06848000017635,15694,0.0
8235,1774584681.7285895,90.25870310667035,10.676991999844176,11.079263999818068,15694,0.0
8236,1774584681.7396626,90.37721279769654,10.661184000127832,11.064735999752884,15694,0.0
8237,1774584681.750769,90.10905357842944,10.688064000078157,11.097664000317309,15694,0.0
8238,1774584681.761895,89.9453995442128,10.714047999954346,11.117856000055326,15694,0.0
8239,1774584681.7729745,90.32105159917448,10.67449599986503,11.071615999753703,15694,0.0
8240,1774584681.7840378,90.44888697455275,10.65913599995838,11.055967999709537,15694,0.0
8241,1774584681.7951093,90.38976064725576,10.665759999938018,11.063200000080542,15694,0.0
8242,1774584681.8062177,90.08126050321387,10.707584000101633,11.101088000032178,15694,0.0
8243,1774584681.817303,90.27252191079332,10.681727999781288,11.0775680000188,15694,0.0
8244,1774584681.8283696,90.42690178681335,10.647936000168556,11.058655999931943,15694,0.0
8245,1774584681.8395073,89.85203885251684,10.692064000068058,11.129407999760588,15694,0.0
8246,1774584681.850581,90.37642867346655,10.66300799993769,11.06483199964714,15694,0.0
8247,1774584681.8617034,89.96818725042688,10.713856000165833,11.11503999982233,15694,0.0
8248,1774584681.8727775,90.36806551831424,10.666560000117897,11.065855999731866,15694,0.0
8249,1774584681.8838663,90.24019774963622,10.686527999951068,11.081535999892367,15694,0.0
8250,1774584681.8949182,90.54349274779335,10.653600000296137,11.044416000004276,15694,0.0
8251,1774584681.906067,89.76325479951136,10.740480000094976,11.140416000216646,15694,0.0
8252,1774584681.9171667,90.15818795266246,10.695775999920443,11.091615999703208,15694,0.0
8253,1774584681.928247,90.31087169336824,10.675840000203607,11.072864000198024,15694,0.0
8254,1774584681.9393446,90.16859362920175,10.666623999895819,11.090336000052048,15694,0.0
8255,1774584681.9504511,90.09996049777203,10.683552000045893,11.098784000296291,15694,0.0
8256,1774584681.9615874,89.86547497794895,10.704927999995562,11.127744000077655,15694,0.0
8257,1774584681.9726992,90.05841549216137,10.698400000364927,11.103903999810427,15694,0.0
8258,1774584681.9837904,90.2214395004359,10.678143999939493,11.083840000083,15694,0.0
8259,1774584681.9948845,90.19956473419545,10.681440000098519,11.08652799985066,15694,0.0
8260,1774584682.0059893,90.11580962909946,10.700959999667248,11.096832000021095,15694,0.0
8261,1774584682.0170622,90.36884949742945,10.669311999663478,11.06575999983761,15694,0.0
8262,1774584682.0281265,90.43815477279853,10.658464000243839,11.05727999993178,15694,0.0
8263,1774584682.0392535,90.15870817778577,10.664704000191705,11.091551999925287,15694,0.0
8264,1774584682.0503218,90.41643640583251,10.655392000444408,11.059936000037851,15694,0.0
8265,1774584682.061397,90.34977650961262,10.675519999949756,11.068096000144578,15694,0.0
8266,1774584682.0724566,90.47297825528786,10.65785600030722,11.053023999920697,15694,0.0
8267,1774584682.0835612,90.10957324406631,10.687424000025203,11.097599999629892,15694,0.0
8268,1774584682.0946283,90.41643640583251,10.663871999895491,11.059936000037851,15694,0.0
8269,1774584682.105751,89.96507915237551,10.705375999805256,11.115424000308849,15694,0.0
8270,1774584682.1168275,90.3455972045546,10.664383999937854,11.068608000186941,15774,0.0
8271,1774584682.1279128,90.27017502546877,10.678399999960675,11.077855999701569,15774,0.0
8272,1774584682.1389883,90.34716439678479,10.667391999959364,11.068416000398429,15774,0.0
8273,1774584682.1500895,90.14388406044134,10.68825599986667,11.093376000189892,15774,0.0
8274,1774584682.161168,90.32522862986366,10.664192000149342,11.071104000166088,15774,0.0
8275,1774584682.172249,90.31295969523156,10.673312000108126,11.072607999722095,15774,0.0
8276,1774584682.183359,90.06724059956531,10.674048000055336,11.10281599994778,15774,0.0
8277,1774584682.1944506,90.22169997919555,10.680672000034974,11.083807999966666,15774,0.0
8278,1774584682.2055511,90.14700452193114,10.687168000004021,11.09299200015812,15774,0.0
8279,1774584682.216642,90.22560732627721,10.68230400005632,11.083328000040638,15774,0.0
8280,1774584682.2276998,90.49079310314629,10.65132799976709,11.050848000195401,15774,0.0
8281,1774584682.2388,90.14674447799382,10.687424000025203,11.093023999819707,15774,0.0
8282,1774584682.2499125,90.05659876981682,10.707519999868964,11.104128000170022,15774,0.0
8283,1774584682.2609935,90.30121596042116,10.673503999896639,11.074047999954928,15774,0.0
8284,1774584682.2720568,90.44548380491085,10.66067200008547,11.056383999857644,15774,0.0
8285,1774584682.2831252,90.40675808765799,10.671168000044418,11.061119999794755,15774,0.0
8286,1774584682.2942338,90.0784042434782,10.704384000291611,11.101439999947615,15774,0.0
8287,1774584682.3053343,90.15194569355256,10.694399999920279,11.0923840002215,15774,0.0
8288,1774584682.316418,90.28373650423516,10.683647999940149,11.076192000018636,15774,0.0
8289,1774584682.3275692,89.73206722425124,10.703391999868472,11.144288000195957,15774,0.0
8290,1774584682.3386297,90.47847914917543,10.654368000359682,11.052352000206156,15774,0.0
8291,1774584682.3497732,89.79988275672433,10.723231999691052,11.135872000068048,15774,0.0
8292,1774584682.3608608,90.2501010799574,10.686815999633836,11.080320000019128,15774,0.0
8293,1774584682.3719475,90.26026728568353,10.681535999992775,11.079072000029555,15774,0.0
8294,1774584682.3830173,90.39629736847155,10.66380800011757,11.062399999900663,15774,0.0
8295,1774584682.394163,89.77666438689995,10.740608000105567,11.138752000078966,15774,0.0
8296,1774584682.4052358,90.37198555363567,10.66787200034014,11.065375999805838,15774,0.0
8297,1774584682.416343,90.09009008871415,10.701919999974052,11.10000000016953,15774,0.0
8298,1774584682.4274294,90.2649601517309,10.657759999958216,11.07849600020927,15774,0.0
8299,1774584682.4385405,90.0667214257695,10.696224000184884,11.102880000180448,15774,0.0
8300,1774584682.4496624,89.98528560711023,10.709088000112388,11.112927999874955,15774,0.0
8301,1774584682.4607713,90.08567508145525,10.695839999698364,11.10054399987348,15774,0.0
8302,1774584682.47186,90.24436730879171,10.680543999569636,11.081023999850004,15774,0.0
8303,1774584682.482965,90.11477017103284,10.697887999867817,11.096960000031686,15774,0.0
8304,1774584682.4940875,89.97025942897109,10.691071999644919,11.114784000255895,15774,0.0
8305,1774584682.5052366,89.76815399472633,10.706655999911163,11.13980799982528,15774,0.0
8306,1774584682.5163653,89.94488177779643,10.667743999874801,11.117919999833248,15774,0.0
8307,1774584682.5275388,89.57208905205425,10.697152000375354,11.164191999796458,15774,0.0
8308,1774584682.5386405,90.15428643895874,10.669727999811585,11.092096000083984,15774,0.0
8309,1774584682.5498407,89.36614381429968,10.745376000159013,11.189920000106213,15774,0.0
8310,1774584682.5609508,90.09112898118552,10.677279999981693,11.099871999704192,15774,0.0
8311,1774584682.5720992,89.77485901769185,10.706624000249576,11.138975999983813,15774,0.0
8312,1774584682.583219,90.00653807217164,10.677792000024056,11.110304000339966,15774,0.0
8313,1774584682.5943882,89.91149831532364,10.695135999867489,11.12204799983374,15774,0.0
8314,1774584682.6055138,89.95239000191175,10.696351999740727,11.116991999642778,15774,0.0
8315,1774584682.6166344,89.98502649166232,10.692000000290136,11.11295999999129,15774,0.0
8316,1774584682.627746,90.06386608794305,10.682944000109273,11.103232000095886,15774,0.0
8317,1774584682.6388795,89.88150022895859,10.70486400021764,11.125760000140872,15774,0.0
8318,1774584682.6500537,89.56515757932695,10.741759999746137,11.165055999754259,15774,0.0
8319,1774584682.6611743,89.9964289427137,10.681855999791878,11.111551999874791,15774,0.0
8320,1774584682.6722653,90.22977553720604,10.670527999991464,11.082815999998274,15774,0.0
8321,1774584682.6833992,89.8804661728807,10.696895999899425,11.125887999696715,15774,0.0
8322,1774584682.6945248,89.957827770922,10.697600000185048,11.116319999928237,15774,0.0
8323,1774584682.705672,89.77511692418034,10.723967999638262,11.138943999867479,15774,0.0
8324,1774584682.7167578,90.2722611384958,10.667840000223805,11.077600000135135,15774,0.0
8325,1774584682.7278566,90.1626100705204,10.679392000383814,11.091071999999258,15774,0.0
8326,1774584682.7389557,90.1667724626968,10.674304000076518,11.090559999956895,15774,0.0
8327,1774584682.7500842,89.93297475110104,10.69747199971971,11.119392000182415,15774,0.0
8328,1774584682.7612078,89.96689218408714,10.698272000354336,11.115199999949255,15774,0.0
8329,1774584682.772333,89.96248924329299,10.69206399961331,11.115743999653205,15774,0.0
8330,1774584682.7834697,89.86831775372785,10.683391999918967,11.12739199970747,15774,0.0
8331,1774584682.794596,89.95239000191175,10.68463999990854,11.116991999642778,15774,0.0
8332,1774584682.8057356,89.8440307647838,10.711103999710758,11.13039999972898,15774,0.0
8333,1774584682.8168223,90.27173960212627,10.671775999981037,11.077663999913057,15774,0.0
8334,1774584682.8279371,90.03817618472249,10.688960000152292,11.10640000024432,15774,0.0
8335,1774584682.8390815,89.79317399547703,10.709696000049007,11.136703999909514,15774,0.0
8336,1774584682.8502324,89.74881818828568,10.724736000156554,11.14220799991017,15774,0.0
8337,1774584682.8613586,89.94591731659025,10.693888000332663,11.117792000277404,15774,0.0
8338,1774584682.8724442,90.28112820853708,10.65539199998966,11.076512000272487,15774,0.0
8339,1774584682.8835907,89.78259682767295,10.686207999697217,11.138016000131756,15774,0.0
8340,1774584682.8947284,89.86340761961881,10.6965120003224,11.128000000098837,15774,0.0
8341,1774584682.9059086,89.51871872302169,10.734400000274036,11.17084799989243,15774,0.0
8342,1774584682.9170275,90.00887127271264,10.683072000119864,11.11001600020245,15774,0.0
8343,1774584682.9281642,89.86857619380308,10.702495999794337,11.127360000045883,15774,0.0
8344,1774584682.9392815,90.02131704726622,10.667071999705513,11.10848000007536,15774,0.0
8345,1774584682.95039,90.0924276230875,10.673984000277414,11.099712000032014,15774,0.0
8346,1774584682.9615386,89.76248129260533,10.713535999911983,11.140512000110903,15774,0.0
8347,1774584682.9726567,90.01690877424792,10.682848000215017,11.109024000234058,15774,0.0
8348,1774584682.9837804,89.97284979282996,10.663840000233904,11.114464000002044,15774,0.0
8349,1774584682.9949057,89.96326619741605,10.68358399970748,11.115648000213696,15774,0.0
8350,1774584683.0060003,90.20633436088909,10.683456000151637,11.085696000009193,15774,0.0
8351,1774584683.0170925,90.21753251432523,10.668863999853784,11.08432000000903,15774,0.0
8352,1774584683.0281894,90.18602852485343,10.664352000276267,11.08819199998834,15774,0.0
8353,1774584683.039374,89.47796408487118,10.706655999911163,11.17593599974498,15774,0.0
8354,1774584683.0505037,89.91951843530937,10.69065599995156,11.121055999865348,15774,0.0
8355,1774584683.0616689,89.63272096193218,10.720288000356959,11.156640000081097,15774,0.0
8356,1774584683.0728028,89.88434401871929,10.696543999983987,11.125407999770687,15774,0.0
8357,1774584683.083891,90.25479288890189,10.665216000234068,11.079744000198843,15774,0.0
8358,1774584683.0950096,90.00861202509996,10.677664000013465,11.110047999864037,15774,0.0
8359,1774584683.106185,89.56105054558932,10.73539199978768,11.165567999796622,15774,0.0
8360,1774584683.1173112,89.95523827196169,10.680927999601408,11.116640000182088,15774,0.0
8361,1774584683.1306164,75.21258083753891,12.86368000000948,13.295648000166693,15814,0.0
8362,1774584683.1417682,89.73979765911392,10.72588800025187,11.1433280003439,15814,0.0
8363,1774584683.152873,90.12178697745057,10.680991999834077,11.096096000073885,15814,0.0
8364,1774584683.1639445,90.39603588429478,10.656160000053205,11.06243199956225,15814,0.0
8365,1774584683.1750414,90.17665968270586,10.670463999758795,11.089344000083656,15814,0.0
8366,1774584683.1873953,81.01038747522662,11.873024000124133,12.34409600010622,15814,0.0
8367,1774584683.1986234,89.13647436104881,10.760512000160816,11.218751999876986,15814,0.0
8368,1774584683.209833,89.28290825279024,10.74665600026492,11.200351999832492,15814,0.0
8369,1774584683.2210324,89.37534498874462,10.721952000039892,11.188768000010896,15814,0.0
8370,1774584683.2321715,89.84919710651893,10.690944000089075,11.129760000130773,15814,0.0
8371,1774584683.24335,89.52461712155653,10.697887999867817,11.17011199994522,15814,0.0
8372,1774584683.2544794,89.93245712771983,10.688320000099338,11.119455999960337,15814,0.0
8373,1774584683.2656913,89.26735071556593,10.765535999780695,11.202304000107688,15814,0.0
8374,1774584683.2768219,89.91925969847978,10.696415999973397,11.121087999981683,15814,0.0
8375,1774584683.2879708,89.7578405274401,10.720288000356959,11.141087999931187,15814,0.0
8376,1774584683.2990875,90.01976113906812,10.689407999961986,11.108671999863873,15814,0.0
8377,1774584683.3102398,89.73773608275816,10.715007999806403,11.143583999910334,15814,0.0
8378,1774584683.3213255,90.27408657251165,10.65599999992628,11.07737599977554,15814,0.0
8379,1774584683.3324451,89.99902081004052,10.680319999664789,11.111232000075688,15814,0.0
8380,1774584683.3435917,89.78053328443556,10.675360000277578,11.13827199969819,15814,0.0
8381,1774584683.3547072,90.02857867200372,10.679647999950248,11.107584000001225,15814,0.0
8382,1774584683.3658435,89.85798125561674,10.709951999615441,11.128672000268125,15814,0.0
8383,1774584683.3769681,89.95368464708693,10.700832000111404,11.1168319999706,15814,0.0
8384,1774584683.3880641,90.18108361651102,10.678591999749187,11.088799999924959,15814,0.0
8385,1774584683.3992043,89.82311313929522,10.714431999986118,11.13299200005713,15814,0.0
8386,1774584683.410332,89.92650486685068,10.672735999833094,11.120191999907547,15814,0.0
8387,1774584683.4214554,89.96430216325712,10.700767999878735,11.115520000203105,15814,0.0
8388,1774584683.4325762,89.98528560711023,10.691007999866997,11.112927999874955,15814,0.0
8389,1774584683.443691,90.04025159226357,10.683519999929558,11.10614400022314,15814,0.0
8390,1774584683.4548545,89.64814894564556,10.702175999995234,11.154719999922236,15814,0.0
8391,1774584683.466032,89.52487359224992,10.749856000074942,11.170079999828886,15814,0.0
8392,1774584683.4771407,90.08801238303145,10.684448000120028,11.100256000190711,15814,0.0
8393,1774584683.4882631,89.97440408347963,10.693088000152784,11.114271999758785,15814,0.0
8394,1774584683.4994142,89.7426324890549,10.703167999963625,11.142975999973714,15814,0.0
8395,1774584683.5105708,89.701673762869,10.709632000271085,11.148063999826263,15814,0.0
8396,1774584683.5217428,89.57208905205425,10.737152000274364,11.164191999796458,15814,0.0
8397,1774584683.5328686,89.94332850695501,10.703744000238657,11.118112000076508,15814,0.0
8398,1774584683.5439863,90.01950182503573,10.687872000289644,11.108703999980207,15814,0.0
8399,1774584683.5551121,89.9453995442128,10.698336000132258,11.117856000055326,15814,0.0
8400,1774584683.566241,89.91848350060168,10.706527999900572,11.121183999875939,15814,0.0
8401,1774584683.5773704,89.91822476972794,10.709312000017235,11.121215999992273,15814,0.0
8402,1774584683.588468,90.16989450904582,10.677023999960511,11.090175999925123,15814,0.0
8403,1774584683.5996156,89.76712254134435,10.697664000417717,11.13993599983587,15814,0.0
8404,1774584683.6107085,90.20242868287886,10.67971199972817,11.086175999935222,15814,0.0
8405,1774584683.6218684,89.67078626464738,10.738047999893752,11.151903999689239,15814,0.0
8406,1774584683.632989,89.99124565220816,10.691263999888179,11.112191999927745,15814,0.0
8407,1774584683.6440878,90.161049274378,10.674847999780468,11.09126399978777,15814,0.0
8408,1774584683.655199,90.07554816486704,10.677472000224952,11.101791999863053,15814,0.0
8409,1774584683.6663795,89.50282256238042,10.715519999848766,11.172831999829214,15814,0.0
8410,1774584683.6774707,90.22769138360236,10.668480000276759,11.083072000019456,15814,0.0
8411,1774584683.6885793,90.08593477687135,10.678336000182753,11.100511999757146,15814,0.0
8412,1774584683.6996706,90.22769138360236,10.669984000287513,11.083072000019456,15814,0.0
8413,1774584683.7107942,89.96611516365185,10.698143999888998,11.11529599984351,15814,0.0
8414,1774584683.721958,89.65149237641808,10.726208000050974,11.154303999774129,15814,0.0
8415,1774584683.733106,89.77743813826527,10.703456000101141,11.13865600018471,15814,0.0
8416,1774584683.744225,90.01509372979129,10.681759999897622,11.109248000138905,15814,0.0
8417,1774584683.7553701,89.79885057407851,10.694367999803944,11.136000000078639,15814,0.0
8418,1774584683.7664886,90.01042680817206,10.676704000161408,11.10982399995919,15814,0.0
8419,1774584683.777632,89.80504402590306,10.71542399995451,11.135232000015094,15814,0.0
8420,1774584683.7887418,90.08775267932742,10.675007999907393,11.100287999852299,15814,0.0
8421,1774584683.7998662,89.9609353642657,10.69894399961413,11.115935999896465,15814,0.0
8422,1774584683.8109689,90.13010460869268,10.688319999644591,11.095071999989159,15814,0.0
8423,1774584683.8221123,89.80297944703837,10.725919999913458,11.135488000036275,15814,0.0
8424,1774584683.8332245,90.05374407377059,10.678592000203935,11.10448000008546,15814,0.0
8425,1774584683.84433,90.11503003422462,10.672383999917656,11.096927999915351,15814,0.0
8426,1774584683.8554528,89.97414503069523,10.671455999727186,11.11430399987512,15814,0.0
8427,1774584683.8665724,89.999798398982,10.686112000257708,11.111136000181432,15814,0.0
8428,1774584683.8776917,90.00679731520543,10.688928000035958,11.110271999768884,15814,0.0
8429,1774584683.888771,90.32079054642438,10.67430399962177,11.071647999870038,15814,0.0
8430,1774584683.8998566,90.26782825846328,10.668479999822011,11.078143999839085,15814,0.0
8431,1774584683.9109607,90.12204688111258,10.685216000183573,11.09606399995755,15814,0.0
8432,1774584683.9220655,90.11606949459326,10.701568000058614,11.096800000359508,15814,0.0
8433,1774584683.9331727,90.08853180231296,10.673472000235051,11.100191999958042,15814,0.0
8434,1774584683.944246,90.3793038646415,10.657920000085142,11.064479999731702,15814,0.0
8435,1774584683.9553795,89.88486108839874,10.699711999677675,11.125343999992765,15814,0.0
8436,1774584683.966463,90.29077965325872,10.675456000171835,11.075327999606088,15814,0.0
8437,1774584683.9775944,89.90554882839528,10.72463999980755,11.12278399978095,15814,0.0
8438,1774584683.9887333,89.83679887927583,10.73712000015803,11.131295999803115,15814,0.0
8439,1774584683.9998271,90.2055531989694,10.684863999813388,11.08579199990345,15814,0.0
8440,1774584684.010887,90.48214678713042,10.65680000010616,11.051903999941715,15814,0.0
8441,1774584684.0220053,90.00316811124758,10.720127999775286,11.110720000033325,15814,0.0
8442,1774584684.033086,90.30617405235832,10.664959999758139,11.073440000018309,15814,0.0
8443,1774584684.0442011,90.03532265649004,10.695775999920443,11.106752000159759,15814,0.0
8444,1774584684.055332,89.91227438893405,10.67603199999212,11.12195200039423,15814,0.0
8445,1774584684.0664296,90.16911397811401,10.672351999801322,11.090271999819379,15814,0.0
8446,1774584684.077516,90.27121806807725,10.659904000021925,11.077728000145726,15814,0.0
8447,1774584684.0886154,90.15142554646658,10.675999999875785,11.092447999999422,15814,0.0
8448,1774584684.0997126,90.17770057273835,10.673375999886048,11.089215999618318,15814,0.0
8449,1774584684.110833,89.98891336534484,10.700127999825781,11.112480000065261,15814,0.0
8450,1774584684.1220005,89.6057347668802,10.745216000032087,11.160000000018044,15814,0.0
8451,1774584684.1331437,89.80556018728585,10.705248000249412,11.135167999782425,15814,0.0
8452,1774584684.1442592,90.03350686939301,10.684800000035466,11.106976000064606,15814,0.0
8453,1774584684.155376,90.02598509827206,10.6731519999812,11.107904000255076,15814,0.0
8454,1774584684.1664758,90.14310397974725,10.676512000372895,11.093472000084148,15814,0.0
8455,1774584684.177644,89.59828430235031,10.747903999799746,11.160927999753767,15814,0.0
8456,1774584684.1887217,90.34089595035616,10.655328000211739,11.069184000007226,15814,0.0
8457,1774584684.199802,90.31504778622839,10.656672000095568,11.07235200015566,15814,0.0
8458,1774584684.2108715,90.40545036443164,10.652576000211411,11.06127999992168,15814,0.0
8459,1774584684.2219806,90.07710600213353,10.692415999983496,11.10160000007454,15814,0.0
8460,1774584684.2330854,90.11399059414259,10.680128000331024,11.097055999925942,15814,0.0
8461,1774584684.244166,90.31713597749281,10.655808000137768,11.07209600013448,15814,0.0
8462,1774584684.2553062,89.83034282147115,10.672255999907065,11.132095999982994,15814,0.0
8463,1774584684.2664268,89.99228225886134,10.682655999971757,11.112064000371902,15814,0.0
8464,1774584684.2775273,90.15740762068945,10.678112000277906,11.091712000052212,15814,0.0
8465,1774584684.2886271,90.15636720276689,10.670784000012645,11.091840000062803,15814,0.0
8466,1774584684.2997265,90.16000876870818,10.67302399997061,11.091392000253109,15814,0.0
8467,1774584684.3108385,90.06049183286255,10.684192000098847,11.103647999789246,15814,0.0
8468,1774584684.3220305,89.4170295794027,10.760927999854175,11.183552000147756,15814,0.0
8469,1774584684.3331418,90.07580779820972,10.680416000013793,11.101760000201466,15814,0.0
8470,1774584684.3442588,90.01976113538305,10.681376000320597,11.10867200031862,15814,0.0
8471,1774584684.3553867,89.92909270810381,10.682367999834241,11.119872000108444,15814,0.0
8472,1774584684.3664773,90.23498634247768,10.66355199964164,11.08217599994532,15814,0.0
8473,1774584684.377658,89.50794973621318,10.754048000308103,11.172192000231007,15814,0.0
8474,1774584684.388781,89.96533815295766,10.697472000174457,11.115392000192514,15814,0.0
8475,1774584684.3998742,90.20893833660404,10.668511999938346,11.085375999755342,15814,0.0
8476,1774584684.4110136,89.82982637884085,10.688223999750335,11.132159999760916,15814,0.0
8477,1774584684.4221876,89.56079386757503,10.750880000159668,11.165599999912956,15814,0.0
8478,1774584684.433273,90.2722611384958,10.668320000149834,11.077600000135135,15814,0.0
8479,1774584684.4444072,89.8802076570684,10.704991999773483,11.125920000267797,15814,0.0
8480,1774584684.455526,90.00964903556383,10.678783999992447,11.109919999853446,15814,0.0
8481,1774584684.466655,89.91305048329465,10.702047999984643,11.121856000045227,15814,0.0
8482,1774584684.4778214,89.61781229292431,10.737311999946542,11.15849600000729,15814,0.0
8483,1774584684.488938,90.02235435050756,10.700576000090223,11.10835200006477,15814,0.0
8484,1774584684.5000582,89.99668812015028,10.686655999961658,11.111520000213204,15814,0.0
8485,1774584684.5111864,89.93478648905517,10.693663999973069,11.119167999822821,15814,0.0
8486,1774584684.5223086,89.97492218984222,10.670943999684823,11.114207999980863,15814,0.0
8487,1774584684.5334408,89.89727258975302,10.705120000238821,11.123807999865676,15814,0.0
8488,1774584684.5445302,90.24827661582509,10.670496000329877,11.080544000378723,15814,0.0
8489,1774584684.5556536,89.9720726694831,10.707584000101633,11.1145599998963,15814,0.0
8490,1774584684.566727,90.36858816830842,10.655552000116586,11.065791999953944,15814,0.0
8491,1774584684.5778801,89.72949070980722,10.729055999945558,11.14460799999506,15814,0.0
8492,1774584684.588976,90.18941219721695,10.679327999696397,11.087775999840233,15814,0.0
8493,1774584684.600082,90.0968432959492,10.689759999877424,11.099167999873316,15814,0.0
8494,1774584684.6111643,90.29860665838544,10.662400000001071,11.074367999754031,15814,0.0
8495,1774584684.62229,89.94514065842002,10.704384000291611,11.11788800017166,15814,0.0
8496,1774584684.6333845,90.2105007912356,10.681023999950412,11.08518399996683,15814,0.0
8497,1774584684.6444814,90.17613925039844,10.67888000034145,11.089407999861578,15814,0.0
8498,1774584684.6555502,90.4101583399061,10.643103999882442,11.060704000101396,15814,0.0
8499,1774584684.6666157,90.42873347664025,10.654464000253938,11.058432000027096,15854,0.0
8500,1774584684.6777554,89.8210477295544,10.71542399995451,11.13324800007831,15854,0.0
8501,1774584684.6888475,90.22534682495535,10.670367999864538,11.083360000156972,15854,0.0
8502,1774584684.6999032,90.51202289411246,10.648704000232101,11.048255999867251,15854,0.0
8503,1774584684.7109678,90.43867823384161,10.661599999821192,11.057216000153858,15854,0.0
8504,1774584684.7221112,89.79317399181049,10.726495999733743,11.136704000364261,15854,0.0
8505,1774584684.7342975,82.11086675029964,11.778911999954289,12.1786559998327,15854,0.0
8506,1774584684.7465043,81.97215831920451,11.79379199993491,12.19926400017357,15854,0.0
8507,1774584684.7587523,81.69464762910694,11.842784000236861,12.240703999850666,15854,0.0
8508,1774584684.7709315,82.15922325912405,11.774688000059541,12.171488000149111,15854,0.0
8509,1774584684.7831204,82.08714108288126,11.78697600016676,12.182175999896572,15854,0.0
8510,1774584684.7942045,90.27982412090884,10.68470400014121,11.076671999944665,15854,0.0
8511,1774584684.8052938,90.22899396924714,10.686624000300071,11.08291199989253,15854,0.0
8512,1774584684.8163712,90.33776205517304,10.674784000002546,11.069567999584251,15854,0.0
8513,1774584684.8274693,90.17223618661902,10.669568000139407,11.089887999787607,15854,0.0
8514,1774584684.8386588,89.43263933707138,10.776192000321316,11.18159999987256,15854,0.0
8515,1774584684.8497796,89.97777189070231,10.715200000049663,11.113856000065425,15854,0.0
8516,1774584684.8608477,90.4091120803458,10.662847999810765,11.060832000111986,15854,0.0
8517,1774584684.8719306,90.2905187717603,10.675168000034319,11.07536000017717,15854,0.0
8518,1774584684.8830245,90.20216831538336,10.665312000128324,11.086208000051556,15854,0.0
8519,1774584684.8941815,89.69137556122556,10.741408000285446,11.149344000386918,15854,0.0
8520,1774584684.9052682,90.258442414204,10.68537599985575,11.079295999934402,15854,0.0
8521,1774584684.9163392,90.39002209884504,10.669919999600097,11.063167999964207,15854,0.0
8522,1774584684.9274235,90.27617286633372,10.66822399980083,11.077120000209106,15854,0.0
8523,1774584684.9384904,90.41957576576795,10.672063999663806,11.059552000006079,15854,0.0
8524,1774584684.9496167,89.93711597106028,10.725663999892276,11.118879999685305,15854,0.0
8525,1774584684.960701,90.28425818294298,10.680895999939821,11.076127999785967,15854,0.0
8526,1774584684.9717875,90.26000658418154,10.694336000142357,11.07910400014589,15854,0.0
8527,1774584684.9828694,90.29521478783121,10.681632000341779,11.074783999902138,15854,0.0
8528,1774584684.9939601,90.22586782910335,10.69084800019482,11.083295999924303,15854,0.0
8529,1774584685.005045,90.27539049438676,10.684128000320925,11.077216000103363,15854,0.0
8530,1774584685.0161207,90.35160507623686,10.674464000203443,11.067872000239731,15854,0.0
8531,1774584685.0271904,90.39394403932832,10.676672000045073,11.062688000038179,15854,0.0
8532,1774584685.0383196,89.90813546365555,10.722720000103436,11.122463999981846,15854,0.0
8533,1774584685.0494058,90.27512970551592,10.680159999992611,11.077248000219697,15854,0.0
8534,1774584685.0604703,90.44469849558261,10.665375999906246,11.0564799997519,15854,0.0
8535,1774584685.0715644,90.19123427838964,10.68358399970748,11.087551999935386,15854,0.0
8536,1774584685.0826275,90.45019595099886,10.668639999948937,11.05580800003736,15854,0.0
8537,1774584685.0937521,89.95187214765298,10.728384000231017,11.117056000330194,15854,0.0
8538,1774584685.1048024,90.55398756378652,10.66153600004327,11.043135999898368,15854,0.0
8539,1774584685.1158779,90.34768680875202,10.681279999971593,11.06835200016576,15854,0.0
8540,1774584685.1269438,90.43056524439294,10.66067200008547,11.058207999667502,15854,0.0
8541,1774584685.1380985,89.71377716681661,10.748960000000807,11.146559999815508,15854,0.0
8542,1774584685.1491811,90.29547569275962,10.683967999739252,11.074751999785803,15854,0.0
8543,1774584685.1602376,90.50363462635993,10.657216000254266,11.049279999951978,15854,0.0
8544,1774584685.1713543,90.01276021033206,10.669888000393257,11.109535999821674,15854,0.0
8545,1774584685.1824393,90.27643366123162,10.681279999971593,11.077088000092772,15814,0.0
8546,1774584685.1935372,90.17301677160553,10.687871999834897,11.08979199989335,15814,0.0
8547,1774584685.2046502,90.0534845639167,10.688607999782107,11.104512000201794,15814,0.0
8548,1774584685.2159293,88.73127060232318,10.83980800012796,11.269984000136901,15814,0.0
8549,1774584685.2270505,89.99228226254415,10.685151999950904,11.112063999917154,15814,0.0
8550,1774584685.2382421,89.42956813464905,10.732319999988249,11.181983999904332,15814,0.0
8551,1774584685.2494426,89.36997740583058,10.73859200005245,11.189440000180184,15814,0.0
8552,1774584685.2606528,89.27755176668143,10.754176000318694,11.20102400000178,15814,0.0
8553,1774584685.2717998,89.78956199793095,10.693407999951887,11.137152000173955,15814,0.0
8554,1774584685.2829034,90.13998378828343,10.672064000118553,11.09385600011592,15814,0.0
8555,1774584685.2940483,89.79007798136028,10.721439999997529,11.137087999941286,15814,0.0
8556,1774584685.30515,90.14674447799382,10.68304000000353,11.093023999819707,15814,0.0
8557,1774584685.3162506,90.1496050733881,10.683552000045893,11.092671999904269,15814,0.0
8558,1774584685.3273792,89.92184712642812,10.668895999970118,11.120767999727832,15814,0.0
8559,1774584685.3384707,90.21883480666432,10.68009600021469,11.084159999882104,15814,0.0
8560,1774584685.3496883,89.20975854824533,10.760992000086844,11.209536000023945,15814,0.0
8561,1774584685.360782,90.20685514178513,10.677920000034646,11.085632000231271,15814,0.0
8562,1774584685.3718703,90.24749473102675,10.671903999991628,11.080639999818231,15814,0.0
8563,1774584685.382981,90.06594268367589,10.68918400005714,11.102975999619957,15814,0.0
8564,1774584685.3941133,89.8985656525167,10.712127999795484,11.12364799973875,15814,0.0
8565,1774584685.4052064,90.22039760413925,10.674496000319778,11.083968000093591,15814,0.0
8566,1774584685.4163103,90.12412615698962,10.68463999990854,11.095807999936369,15814,0.0
8567,1774584685.4274218,90.06023228042855,10.68723200023669,11.103680000360328,15814,0.0
8568,1774584685.438537,90.03298808811148,10.701472000164358,11.107039999842527,15814,0.0
8569,1774584685.4497218,89.47104717151534,10.769343999982084,11.17679999970278,15814,0.0
8570,1774584685.4608052,90.28582324782572,10.671040000033827,11.075935999997455,15814,0.0
8571,1774584685.4719164,90.0636065197483,10.699200000090059,11.10326400021222,15814,0.0
8572,1774584685.4830182,90.1389437724623,10.680256000341615,11.093984000126511,15814,0.0
8573,1774584685.494151,89.89184213525999,10.712255999806075,11.124480000034964,15814,0.0
8574,1774584685.5052502,90.15714751303351,10.681407999982184,11.091744000168546,15814,0.0
8575,1774584685.5163622,90.05815595538336,10.694751999835717,11.103935999926762,15814,0.0
8576,1774584685.5274732,90.06672142945841,10.665887999948609,11.102879999725701,15814,0.0
8577,1774584685.5385473,90.36702022903515,10.666975999811257,11.065984000197204,15814,0.0
8578,1774584685.549677,89.90761812616688,10.71481600001789,11.122527999759768,15814,0.0
8579,1774584685.560778,90.14076381497517,10.67750399988654,11.093760000221664,15814,0.0
8580,1774584685.5719087,89.91356788697843,10.697184000036941,11.121791999812558,15814,0.0
8581,1774584685.5830543,89.79007798136028,10.714911999912147,11.137087999941286,15814,0.0
8582,1774584685.5942018,89.76712254134435,10.730144000262953,11.13993599983587,15814,0.0
8583,1774584685.6053169,90.03428505436835,10.697375999825454,11.10688000017035,15814,0.0
8584,1774584685.616411,90.20034579240034,10.676127999886376,11.086431999956403,15814,0.0
8585,1774584685.6275237,90.04829470303599,10.68524799984516,11.1051519998,15814,0.0
8586,1774584685.6386275,90.11996769748302,10.68230400005632,11.09632000043348,15814,0.0
8587,1774584685.649782,89.71686792128551,10.744223999608948,11.146175999783736,15814,0.0
8588,1774584685.6608667,90.2759120766487,10.671647999970446,11.077151999870694,15814,0.0
8589,1774584685.6719425,90.35291124216167,10.661247999905754,11.067712000112806,15814,0.0
8590,1774584685.6829956,90.53614782388229,10.65152000001035,11.045312000078411,15814,0.0
8591,1774584685.6941276,89.89132498158506,10.714047999954346,11.124544000267633,15814,0.0
8592,1774584685.705229,90.14882489367511,10.672832000182098,11.092767999798525,15814,0.0
8593,1774584685.7163217,90.20867793152728,10.67468800010829,11.085407999871677,15814,0.0
8594,1774584685.7274506,89.9213296274552,10.670399999980873,11.120831999960501,15814,0.0
8595,1774584685.7385325,90.30147689632297,10.66822399980083,11.07401600029334,15814,0.0
8596,1774584685.7496626,89.90529017195239,10.702432000016415,11.122815999897284,15814,0.0
8597,1774584685.760765,90.13764378551025,10.684991999823978,11.094144000253436,15814,0.0
8598,1774584685.7718434,90.32627294883076,10.663103999831947,11.070976000155497,15814,0.0
8599,1774584685.7829235,90.31791907689446,10.667647999980545,11.071999999785476,15814,0.0
8600,1774584685.7940416,90.00498267480015,10.712416000387748,11.110496000128478,15814,0.0
8601,1774584685.8051322,90.23759197266604,10.669855999822175,11.08185599969147,15814,0.0
8602,1774584685.8162384,90.10177897003788,10.679775999960839,11.098559999936697,15814,0.0
8603,1774584685.8274238,89.46694876032059,10.712576000059926,11.17731200019989,15814,0.0
8604,1774584685.8385153,90.22508632513772,10.664511999948445,11.083392000273307,15814,0.0
8605,1774584685.8496835,89.60367934180768,10.734016000242264,11.160256000039226,15814,0.0
8606,1774584685.8607872,90.125165830908,10.680000000320433,11.095679999925778,15814,0.0
8607,1774584685.87199,89.3232300415639,10.771967999971821,11.195296000096278,15814,0.0
8608,1774584685.883108,90.0161308896159,10.686879999866505,11.109120000128314,15814,0.0
8609,1774584685.8942497,89.8202732226381,10.717247999764368,11.133344000427314,15814,0.0
8610,1774584685.9053602,90.08229918836348,10.681983999802469,11.100960000021587,15814,0.0
8611,1774584685.9164953,89.87245301738652,10.704639999858045,11.126879999665107,15814,0.0
8612,1774584685.9276216,89.94358738231621,10.670527999991464,11.118079999960173,15814,0.0
8613,1774584685.9387162,90.2013872256153,10.666367999874637,11.086303999945812,15814,0.0
8614,1774584685.9498413,89.94125756874698,10.703295999974216,11.118367999642942,15814,0.0
8615,1774584685.9609582,90.01535301842797,10.688031999961822,11.10921600002257,15814,0.0
8616,1774584685.9720504,90.21779297052557,10.665728000276431,11.084287999892695,15814,0.0
8617,1774584685.9831486,90.161049274378,10.679327999696397,11.09126399978777,15814,0.0
8618,1774584685.9942708,89.97025943265211,10.700095999709447,11.114783999801148,15814,0.0
8619,1774584686.0053663,90.18915190485957,10.677887999918312,11.087807999956567,15814,0.0
8620,1774584686.016467,90.14050380704126,10.67743999965387,11.093791999883251,15814,0.0
8621,1774584686.0275693,90.13036456033169,10.675456000171835,11.095039999872824,15814,0.0
8622,1774584686.0386503,90.30408636795103,10.668895999970118,11.07369600003949,15814,0.0
8623,1774584686.0498085,89.68005027783197,10.738880000189965,11.15075200004867,15814,0.0
8624,1774584686.0608869,90.32575078818377,10.669631999917328,11.071039999933419,15814,0.0
8625,1774584686.0719814,90.19956473419545,10.677887999918312,11.08652799985066,15814,0.0
8626,1774584686.08309,90.07814459147755,10.694816000068386,11.10147200006395,15814,0.0
8627,1774584686.0942147,89.9547203922671,10.714559999996709,11.11670399996001,15814,0.0
8628,1774584686.1053052,90.22873344836896,10.671135999928083,11.082944000008865,15814,0.0
8629,1774584686.1163883,90.28451902085088,10.670912000023236,11.07609600012438,15814,0.0
8630,1774584686.1274712,90.2939102895126,10.654272000010678,11.074944000029063,15814,0.0
8631,1774584686.1385722,90.14102382810408,10.682560000077501,11.09372800010533,15814,0.0
8632,1774584686.149704,89.89830703625307,10.719904000325187,11.123679999855085,15814,0.0
8633,1774584686.1607778,90.36780419001379,10.67596799975945,11.065888000302948,15814,0.0
8634,1774584686.1718328,90.5141202002871,10.655327999756992,11.048000000300817,15814,0.0
8635,1774584686.1829183,90.27695525554783,10.67548800028817,11.077023999860103,15814,0.0
8636,1774584686.1940112,90.21596981240486,10.68870400013111,11.084512000252289,15894,0.0
8637,1774584686.205103,90.2183138837365,10.679200000140554,11.084224000114773,15894,0.0
8638,1774584686.216202,90.16651230100226,10.686432000056811,11.09059200007323,15894,0.0
8639,1774584686.2273107,90.08100083474658,10.670592000224133,11.101120000148512,15894,0.0
8640,1774584686.238386,90.3403736169185,10.672672000055172,11.069248000239895,15894,0.0
8641,1774584686.2494779,90.21492804613496,10.68377599995074,11.084639999808132,15894,0.0
8642,1774584686.260549,90.38322487505096,10.673727999801486,11.063999999805674,15894,0.0
8643,1774584686.271665,90.02313234639061,10.69526399987808,11.108255999715766,15894,0.0
8644,1774584686.2827606,90.19123427469052,10.689535999972577,11.087552000390133,15894,0.0
8645,1774584686.293899,89.84428906519041,10.738080000010086,11.130368000067392,15894,0.0
8646,1774584686.3049684,90.39838931864335,10.66854400005468,11.062143999879481,15894,0.0
8647,1774584686.3160663,90.16443106888558,10.677023999960511,11.090848000094411,15894,0.0
8648,1774584686.3271203,90.52591938068011,10.657952000201476,11.046560000067984,15894,0.0
8649,1774584686.3382318,90.06412565763398,10.710016000302858,11.103199999979552,15894,0.0
8650,1774584686.3493004,90.39577439419892,10.663231999842537,11.062464000133332,15894,0.0
8651,1774584686.3603978,90.1737973701066,10.68451199989795,11.089695999999094,15894,0.0
8652,1774584686.3715236,89.94125756874698,10.679040000013629,11.118367999642942,15894,0.0
8653,1774584686.3826473,89.96663317823787,10.698464000142849,11.115231999610842,15894,0.0
8654,1774584686.393809,89.66100965455905,10.737024000263773,11.153120000017225,15894,0.0
8655,1774584686.404961,89.7261414589286,10.721408000335941,11.145024000143167,15894,0.0
8656,1774584686.4160643,90.12620552881405,10.687712000162719,11.095551999915187,15894,0.0
8657,1774584686.4271598,90.19670096736839,10.681279999971593,11.086879999766097,15894,0.0
8658,1774584686.4382873,89.92857512573131,10.710560000006808,11.119936000341113,15894,0.0
8659,1774584686.4494112,89.96300720876361,10.705375999805256,11.11568000033003,15894,0.0
8660,1774584686.4604797,90.41198935519473,10.657152000021597,11.060479999741801,15894,0.0
8661,1774584686.4715955,90.01976113906812,10.680800000045565,11.108671999863873,15894,0.0
8662,1774584686.482683,90.25687829843842,10.668511999938346,11.079487999722915,15894,0.0
8663,1774584686.493883,89.35362304006331,10.752383999715676,11.191487999894889,15894,0.0
8664,1774584686.5050118,89.92728120322026,10.701600000174949,11.120096000013291,15894,0.0
8665,1774584686.5183191,75.18760812062871,12.878880000243953,13.300063999849954,15894,0.0
8666,1774584686.530508,82.09684537865961,11.772096000186139,12.180736000118486,15894,0.0
8667,1774584686.5427134,81.98506166578511,11.785696000060852,12.19734400001471,15894,0.0
8668,1774584686.5549479,81.78786974619675,11.80934400008482,12.226752000060515,15894,0.0
8669,1774584686.5671644,81.91221107694203,11.79347199968106,12.208192000343843,15894,0.0
8670,1774584686.5794442,81.48949763345887,11.819647999800509,12.27152000001297,15894,0.0
8671,1774584686.5916214,82.18234223633975,11.758591999750934,12.168063999979495,15894,0.0
8672,1774584686.6037586,82.44099203319523,11.729184000159876,12.12988800034509,15894,0.0
8673,1774584686.6158981,82.42359662218043,11.737152000023343,12.132448000102158,15894,0.0
8674,1774584686.6269531,90.51543106926422,10.66185600029712,11.047840000173892,15894,0.0
8675,1774584686.6381521,89.35490050690139,10.780351999983395,11.191328000222711,15894,0.0
8676,1774584686.649263,90.07632707307502,10.67529600004491,11.101696000423544,15894,0.0
8677,1774584686.660353,90.24358548432296,10.682688000088092,11.081120000199007,15894,0.0
8678,1774584686.6714787,89.9438462591676,10.689599999750499,11.118047999843839,15894,0.0
8679,1774584686.6825666,90.25270757943521,10.680288000003202,11.080000000220025,15894,0.0
8680,1774584686.6937053,89.84506398266319,10.741823999978806,11.130272000173136,15894,0.0
8681,1774584686.704768,90.45071955144165,10.672032000002218,11.055744000259438,15734,0.0
8682,1774584686.715817,90.57603459835597,10.65420799977801,11.040447999675962,15734,0.0
8683,1774584686.7268894,90.381133622952,10.66153600004327,11.064256000281603,15734,0.0
8684,1774584686.738007,90.01509373347598,10.706112000207213,11.109247999684158,15734,0.0
8685,1774584686.7491155,90.08645416850489,10.672672000055172,11.100447999979224,15734,0.0
8686,1774584686.7613845,81.5664943099532,11.832096000034653,12.259936000191374,15734,0.0
8687,1774584686.773611,81.84913567322513,11.798208000072918,12.217599999985396,15734,0.0
8688,1774584686.7858636,81.66753343093303,11.800352000136627,12.244768000073236,15734,0.0
8689,1774584686.7969818,90.00342733118518,10.697952000100486,11.11068799991699,15734,0.0
8690,1774584686.8080778,90.18394639169894,10.673855999812076,11.088448000009521,15734,0.0
8691,1774584686.8191564,90.32731729565677,10.66787200034014,11.070847999690159,15734,0.0
8692,1774584686.83031,89.72923306906358,10.72150399977545,11.144639999656647,15734,0.0
8693,1774584686.8414214,90.06178959534266,10.684928000046057,11.10348799966232,15734,0.0
8694,1774584686.8525136,90.2151884835963,10.674111999833258,11.084608000146545,15734,0.0
8695,1774584686.8636327,90.00524190519019,10.707232000186195,11.110464000012144,15734,0.0
8696,1774584686.874749,90.02287300925013,10.701696000069205,11.108288000286848,15734,0.0
8697,1774584686.8859162,89.61138767391581,10.751616000106878,11.159295999732421,15734,0.0
8698,1774584686.8970149,90.1659919858141,10.682559999622754,11.090655999851151,15734,0.0
8699,1774584686.908131,90.02728186645848,10.69599999982529,11.10774400012815,15734,0.0
8700,1774584686.9192646,89.88227578846832,10.693952000110585,11.125664000246616,15734,0.0
8701,1774584686.9303977,89.89649676774458,10.703903999910835,11.12390400021468,15734,0.0
8702,1774584686.9416192,89.1840444717911,10.72108800008209,11.212768000405049,15734,0.0
8703,1774584686.95272,90.15194569724846,10.671647999970446,11.092383999766753,15734,0.0
8704,1774584686.9638257,90.10411711103266,10.681664000003366,11.09827199979918,15734,0.0
8705,1774584686.9749637,89.8486804434055,10.70006400004786,11.129824000363442,15734,0.0
8706,1774584686.9861069,89.80633443681758,10.71615999990172,11.135071999888169,15734,0.0
8707,1774584686.9972196,90.05607972238664,10.68537599985575,11.104191999947943,15734,0.0
8708,1774584687.008338,90.00601960163601,10.682655999971757,11.110368000117887,15734,0.0
8709,1774584687.0194569,89.99876161548481,10.661823999726039,11.111264000192023,15734,0.0
8710,1774584687.0305438,90.25870310667035,10.676927999611507,11.079263999818068,15734,0.0
8711,1774584687.0416806,89.85126381105151,10.721983999701479,11.129504000109591,15734,0.0
8712,1774584687.0527792,90.16521152244279,10.674720000224625,11.090751999745407,15734,0.0
8713,1774584687.0639036,89.96223025911397,10.696256000301219,11.11577599976954,15734,0.0
8714,1774584687.0749779,90.36231674507884,10.65785600030722,11.066560000017489,15734,0.0
8715,1774584687.086138,89.6664122507327,10.74406399993677,11.152448000302684,15734,0.0
8716,1774584687.0972426,90.1124314808258,10.68870400013111,11.097247999714455,15734,0.0
8717,1774584687.108366,89.96015844304134,10.702624000259675,11.116032000245468,15734,0.0
8718,1774584687.119504,89.84273927034631,10.690464000163047,11.130559999855905,15734,0.0
8719,1774584687.1306286,89.9596405066937,10.684831999697053,11.11609600002339,15734,0.0
8720,1774584687.1417665,89.84558060418537,10.720543999923393,11.130207999940467,15734,0.0
8721,1774584687.1528847,90.0055011370735,10.705952000080288,11.110431999895809,15734,0.0
8722,1774584687.1639838,90.1490849533109,10.683712000172818,11.09273599968219,15734,0.0
8723,1774584687.1751082,89.95446145281605,10.708480000175769,11.116736000076344,15734,0.0
8724,1774584687.186214,90.09554452305385,10.690207999687118,11.099328000000241,15734,0.0
8725,1774584687.1973321,90.00239046407734,10.702495999794337,11.110815999927581,15734,0.0
8726,1774584687.2084188,90.2607886932055,10.659455999757483,11.079007999796886,15734,0.0
8727,1774584687.2195616,89.80530210585279,10.696096000174293,11.13519999989876,15774,0.0
8728,1774584687.2306383,90.33201713668413,10.66547200025525,11.070271999869874,15774,0.0
8729,1774584687.2417464,90.09138870435625,10.691007999866997,11.099840000042605,15774,0.0
8730,1774584687.2528281,90.29886757920768,10.648479999872507,11.074336000092444,15774,0.0
8731,1774584687.263962,89.87684714927637,10.706047999974544,11.126335999961157,15774,0.0
8732,1774584687.2762532,81.4158277555694,11.847808000311488,12.282624000363285,15774,0.0
8733,1774584687.2875144,88.87410024038498,10.747455999990052,11.251871999775176,15774,0.0
8734,1774584687.2987766,88.86500197738036,10.822688000189373,11.253023999870493,15774,0.0
8735,1774584687.3110576,81.48376061263906,11.851679999836051,12.27238399997077,15774,0.0
8736,1774584687.3221962,89.84093123904294,10.714976000144816,11.130784000215499,15774,0.0
8737,1774584687.3333135,90.01198239371358,10.69974399979401,11.109632000170677,15774,0.0
8738,1774584687.3444207,90.09814210259852,10.689695999644755,11.099008000201138,15774,0.0
8739,1774584687.3555727,89.73258254709295,10.69590400038578,11.144223999963287,15774,0.0
8740,1774584687.3666744,90.13920377509139,10.687616000268463,11.093952000010177,15774,0.0
8741,1774584687.377805,89.90115188596666,10.714879999795812,11.123327999939647,15774,0.0
8742,1774584687.3889015,90.18785046930782,10.678688000098191,11.087968000083492,15774,0.0
8743,1774584687.3999655,90.43972517782647,10.655776000021433,11.057088000143267,15774,0.0
8744,1774584687.411033,90.40937364389494,10.667743999874801,11.060799999995652,15774,0.0
8745,1774584687.4221685,89.85953158003299,10.730687999966904,11.128480000024865,15774,0.0
8746,1774584687.4332252,90.49891691082762,10.656288000063796,11.049855999772262,15774,0.0
8747,1774584687.4443274,90.13010460869268,10.698944000068877,11.095071999989159,15774,0.0
8748,1774584687.4554596,89.8830513613623,10.679519999939657,11.12556800035236,15774,0.0
8749,1774584687.4665573,90.1727565738759,10.688544000004185,11.089824000009685,15774,0.0
8750,1774584687.4776974,89.83189218866147,10.726208000050974,11.131904000194481,15774,0.0
8751,1774584687.4887948,90.17327697083681,10.68336000025738,11.089759999777016,15774,0.0
8752,1774584687.499869,90.3568299628239,10.669119999874965,11.067232000186777,15774,0.0
8753,1774584687.510961,90.21284457837025,10.685023999940313,11.084895999829314,15774,0.0
8754,1774584687.522101,89.82311313929522,10.73465599984047,11.13299200005713,15774,0.0
8755,1774584687.5331786,90.3354117690469,10.67388799992841,11.069856000176514,15774,0.0
8756,1774584687.544239,90.47612154291188,10.661216000244167,11.052639999888925,15774,0.0
8757,1774584687.555347,90.09034980958572,10.693023999920115,11.099968000053195,15774,0.0
8758,1774584687.5664105,90.44914876457887,10.668864000308531,11.05593600004795,15774,0.0
8759,1774584687.5775068,90.18108361281273,10.702015999868308,11.088800000379706,15774,0.0
8760,1774584687.5885882,90.29991129240776,10.685087999718235,11.074207999627106,15774,0.0
8761,1774584687.5996559,90.41539000096384,10.668960000202787,11.060064000048442,15774,0.0
8762,1774584687.610725,90.40283503147208,10.669119999874965,11.061600000175531,15774,0.0
8763,1774584687.6218407,90.01768667600935,10.721439999997529,11.108927999885054,15774,0.0
8764,1774584687.6329145,90.35865881496834,10.678399999960675,11.06700800028193,15774,0.0
8765,1774584687.6440103,90.18264510637358,10.674720000224625,11.088608000136446,15774,0.0
8766,1774584687.656175,82.25827254945757,11.759359999814478,12.156832000073337,15774,0.0
8767,1774584687.6683228,82.37123728225791,11.741503999928682,12.140159999944444,15774,0.0
8768,1774584687.6794088,90.27147883434849,10.669664000033663,11.077696000029391,15774,0.0
8769,1774584687.6904895,90.30826183329559,10.673823999695742,11.073183999997127,15774,0.0
8770,1774584687.7016313,89.81227079956116,10.741984000105731,11.134335999940959,15774,0.0
8771,1774584687.712732,90.14622439092453,10.681792000013957,11.093087999597628,15774,0.0
8772,1774584687.7238998,89.61421439308243,10.734687999956805,11.158943999816984,15774,0.0
8773,1774584687.7350264,89.94850627893476,10.68931200006773,11.117472000023554,15814,0.0
8774,1774584687.7461405,90.03636028252775,10.70521599967833,11.106624000149168,15814,0.0
8775,1774584687.757211,90.38871486345398,10.662208000212559,11.063327999636385,15814,0.0
8776,1774584687.7682824,90.38400911721635,10.667711999758467,11.063903999911417,15814,0.0
8777,1774584687.7794151,89.8866708883116,10.701184000026842,11.12511999963317,15814,0.0
8778,1774584687.7904859,90.39054500656113,10.665152000001399,11.063103999731538,15814,0.0
8779,1774584687.801765,88.72018647012398,10.86310400023649,11.271391999798652,15814,0.0
8780,1774584687.812843,90.33201713668413,10.664959999758139,11.070271999869874,15814,0.0
8781,1774584687.8239539,90.07606743673882,10.684287999993103,11.101728000085131,15814,0.0
8782,1774584687.8350494,90.19331674808161,10.682911999992939,11.087295999914204,15814,0.0
8783,1774584687.8472478,82.03757714626543,11.773023999921861,12.189536000278167,15814,0.0
8784,1774584687.859436,82.10008065382199,11.746720000246569,12.180256000192458,15814,0.0
8785,1774584687.8715186,82.81985026120252,11.65024000010817,12.074400000074093,15814,0.0
8786,1774584687.8837082,82.0862785865705,11.760992000290571,12.18230400036191,15814,0.0
8787,1774584687.8959093,82.01798359148596,11.776736000228993,12.192447999950673,15814,0.0
8788,1774584687.9081616,81.66902744489691,11.804320000010193,12.24454400016839,15814,0.0
8789,1774584687.9192944,89.89649676774458,10.676064000108454,11.12390400021468,15814,0.0
8790,1774584687.9303663,90.39080645897243,10.653024000021105,11.063072000069951,15814,0.0
8791,1774584687.941441,90.35473993567555,10.665664000043762,11.067488000207959,15814,0.0
8792,1774584687.9525337,90.20737593239481,10.674879999896802,11.085567999998602,15814,0.0
8793,1774584687.963633,90.16130940085134,10.677632000351878,11.091232000126183,15814,0.0
8794,1774584687.9747157,90.30252066984349,10.665056000107143,11.073887999828003,15814,0.0
8795,1774584687.9858353,89.99331889676188,10.700575999635475,11.111935999906564,15814,0.0
8796,1774584687.9969103,90.36623628165846,10.666111999853456,11.06608000009146,15814,0.0
8797,1774584688.0079868,90.342985337086,10.67043199964246,11.068927999986045,15814,0.0
8798,1774584688.0190444,90.49603410063494,10.6566079998629,11.050208000142447,15814,0.0
8799,1774584688.0301852,89.81769164038575,10.729984000136028,11.133664000226418,15814,0.0
8800,1774584688.0412533,90.41146619933957,10.653344000274956,11.06054399997447,15814,0.0
8801,1774584688.0523462,90.2105007875349,10.677727999791387,11.085184000421577,15814,0.0
8802,1774584688.0634599,90.04673785846747,10.678848000225116,11.10534400004326,15814,0.0
8803,1774584688.0745466,90.26131010304667,10.672896000414767,11.078944000018964,15814,0.0
8804,1774584688.0856855,89.83705714177103,10.721760000251379,11.13126399968678,15814,0.0
8805,1774584688.0967815,90.17822102306766,10.682176000045729,11.089151999840396,15814,0.0
8806,1774584688.1078818,90.14726457106428,10.675903999981529,11.092960000041785,15814,0.0
8807,1774584688.118991,90.07944286276008,10.681664000003366,11.101311999937025,15814,0.0
8808,1774584688.1301212,89.91486141856396,10.703584000111732,11.121631999685633,15814,0.0
8809,1774584688.1412587,89.85229719897185,10.715647999859357,11.129376000099,15814,0.0
8810,1774584688.152341,90.30095502231923,10.661024000000907,11.074080000071262,15814,0.0
8811,1774584688.1635003,89.68313870882868,10.69151999990936,11.150368000016897,15814,0.0
8812,1774584688.1746006,90.15740762068945,10.675679999621934,11.091712000052212,15814,0.0
8813,1774584688.185712,90.06075138310419,10.695295999994414,11.103615999672911,15814,0.0
8814,1774584688.1967678,90.50992568140379,10.64745599978778,11.048511999888433,15814,0.0
8815,1774584688.2078743,90.09606402919516,10.680255999886867,11.099263999767572,15814,0.0
8816,1774584688.2190049,89.91175700381311,10.674112000288005,11.122016000172152,15814,0.0
8817,1774584688.2302296,89.1598714949597,10.751616000106878,11.215808000088145,15814,0.0
8818,1774584688.2414246,89.39707750124578,10.776736000025267,11.186048000126902,15814,0.0
8819,1774584688.252538,90.05037057339099,10.686463999718399,11.104896000233566,15814,0.0
8820,1774584688.263662,89.97025942897109,10.684576000130619,11.114784000255895,15814,0.0
8821,1774584688.2747753,90.05322505924629,10.676448000140226,11.104543999863381,15814,0.0
8822,1774584688.2859075,89.90477286353143,10.707584000101633,11.122880000129953,15814,0.0
8823,1774584688.2970169,90.07710600213353,10.689216000173474,11.10160000007454,15814,0.0
8824,1774584688.3081067,90.23837368588234,10.670176000076026,11.081760000251961,15814,0.0
8825,1774584688.3191974,90.23055711870501,10.685631999876932,11.082720000104018,15814,0.0
8826,1774584688.3303103,90.04284598808385,10.666880000371748,11.105823999969289,15814,0.0
8827,1774584688.341411,90.14570430246556,10.697216000153276,11.093152000285045,15814,0.0
8828,1774584688.3524797,90.40649653552595,10.674879999896802,11.061152000365837,15814,0.0
8829,1774584688.3635914,90.05867502674704,10.687552000035794,11.10387200014884,15814,0.0
8830,1774584688.374658,90.42402356275358,10.669951999716432,11.059008000302128,15814,0.0
8831,1774584688.3858058,89.75835614268878,10.74652800025433,11.141024000153266,15814,0.0
8832,1774584688.3968647,90.48083688203302,10.663455999747384,11.05206400006864,15814,0.0
8833,1774584688.4079363,90.38244064278003,10.678176000055828,11.064096000154677,15814,0.0
8834,1774584688.4190104,90.36153287930652,10.6731519999812,11.066655999911745,15814,0.0
8835,1774584688.43012,90.0667214257695,10.714911999912147,11.102880000180448,15814,0.0
8836,1774584688.4411669,90.57708472119648,10.6469760003165,11.040320000120118,15814,0.0
8837,1774584688.452242,90.35029894807609,10.679359999812732,11.068032000366657,15814,0.0
8838,1774584688.4633255,90.28164985710266,10.65558400023292,11.076448000039818,15814,0.0
8839,1774584688.4744158,90.22508632883962,10.687456000141538,11.08339199981856,15814,0.0
8840,1774584688.485506,90.23238086646377,10.686655999961658,11.082495999744424,15814,0.0
8841,1774584688.4965794,90.36571365515483,10.67548800028817,11.06614400032413,15814,0.0
8842,1774584688.507637,90.49655823563609,10.663103999831947,11.050143999909778,15814,0.0
8843,1774584688.5187144,90.33280049045314,10.672544000044581,11.070175999975618,15814,0.0
8844,1774584688.529838,89.96430216325712,10.7178240000394,11.115520000203105,15814,0.0
8845,1774584688.5409262,90.24358548802638,10.68857600012052,11.08111999974426,15814,0.0
8846,1774584688.5519805,90.5214615541453,10.657952000201476,11.047103999771934,15814,0.0
8847,1774584688.5630715,90.22690985174866,10.69452799993087,11.083167999913712,15814,0.0
8848,1774584688.5741675,90.18186435468303,10.700128000280529,11.088704000030702,15814,0.0
8849,1774584688.5852509,90.28869267684618,10.690496000279381,11.075584000082017,15814,0.0
8850,1774584688.5963244,90.36649759717722,10.676959999727842,11.066047999975126,15814,0.0
8851,1774584688.6074412,90.01483444633304,10.682271999939985,11.109279999800492,15814,0.0
8852,1774584688.6185167,90.34925407719098,10.682048000035138,11.0681599999225,15814,0.0
8853,1774584688.6296575,89.8156264799605,10.718527999870275,11.133920000247599,15814,0.0
8854,1774584688.6407402,90.29860665838544,10.663327999736794,11.074367999754031,15814,0.0
8855,1774584688.651845,90.11840837733465,10.686592000183737,11.096512000221992,15814,0.0
8856,1774584688.6629066,90.46250220706733,10.652479999862408,11.054304000026605,15814,0.0
8857,1774584688.6740625,89.69935646122843,10.728159999871423,11.14835199996378,15814,0.0
8858,1774584688.6872144,76.08386023899536,12.691039999936038,13.143392000074527,15814,0.0
8859,1774584688.698321,90.10879375339725,10.67990399997143,11.097695999978896,15814,0.0
8860,1774584688.709404,90.29495388811817,10.656032000042615,11.074815999563725,15814,0.0
8861,1774584688.7204924,90.24905852157944,10.688192000088748,11.080448000029719,15814,0.0
8862,1774584688.731608,90.01768667600935,10.678879999886703,11.108927999885054,15814,0.0
8863,1774584688.7427115,90.12360632717876,10.689696000099502,11.095872000169038,15814,0.0
8864,1774584688.75384,89.93064548729137,10.708511999837356,11.119679999865184,15774,0.0
8865,1774584688.764936,90.19461833769971,10.676447999685479,11.087136000242026,15774,0.0
8866,1774584688.77602,90.28947528308514,10.6543359997886,11.075487999733014,15774,0.0
8867,1774584688.788202,82.15468741569632,11.765920000016195,12.1721600003184,15774,0.0
8868,1774584688.7993314,89.93219832010261,10.683328000141046,11.119487999621924,15774,0.0
8869,1774584688.8104267,90.19279611979346,10.679519999939657,11.087360000146873,15774,0.0
8870,1774584688.8215568,89.91770731612401,10.714368000208196,11.121279999770195,15774,0.0
8871,1774584688.8326492,90.21492804243388,10.684864000268135,11.08464000026288,15774,0.0
8872,1774584688.843825,89.53744240919468,10.754399999768793,11.16851200004021,15774,0.0
8873,1774584688.854947,89.98761770593012,10.692992000258528,11.11263999973744,15774,0.0
8874,1774584688.866099,89.73876686092689,10.735647999808862,11.143455999899743,15774,0.0
8875,1774584688.8772042,90.11425045283826,10.681151999961003,11.097023999809608,15774,0.0
8876,1774584688.8882766,90.38296346278185,10.664032000022416,11.064031999922008,15774,0.0
8877,1774584688.899403,89.94617620685393,10.690688000067894,11.11776000016107,15774,0.0
8878,1774584688.910491,90.25296823877484,10.662975999821356,11.07996800010369,15774,0.0
8879,1774584688.9216728,89.49846492242648,10.76630399984424,11.173375999987911,15774,0.0
8880,1774584688.9327729,90.15506671320728,10.682176000045729,11.092000000189728,15774,0.0
8881,1774584688.943869,90.19071367414267,10.672832000182098,11.087616000168055,15774,0.0
8882,1774584688.9549613,90.22091855113034,10.67676799993933,11.083903999860922,15774,0.0
8883,1774584688.9661026,89.82466225710257,10.718720000113535,11.132800000268617,15774,0.0
8884,1774584688.9771945,90.22717036209626,10.662719999800174,11.083135999797378,15774,0.0
8885,1774584688.988276,90.30513019808883,10.671615999854112,11.0735680000289,15774,0.0
8886,1774584688.999388,90.05685829761964,10.675359999822831,11.104096000053687,15774,0.0
8887,1774584689.0106022,89.23523263811744,10.714271999859193,11.206336000213923,15774,0.0
8888,1774584689.0217252,89.97829003585193,10.706399999889982,11.113792000287503,15774,0.0
8889,1774584689.032811,90.26574234660359,10.679583999717579,11.078399999860267,15774,0.0
8890,1774584689.043905,90.21180288057495,10.663168000064616,11.085023999839905,15774,0.0
8891,1774584689.0549905,90.2855623986749,10.672992000309023,11.07596800011379,15774,0.0
8892,1774584689.0660892,90.17093523920786,10.708224000154587,11.090047999914532,15774,0.0
8893,1774584689.0771775,90.24984044088269,10.67750399988654,11.080351999680715,15774,0.0
8894,1774584689.0882466,90.41041990950917,10.668767999959528,11.060671999985061,15774,0.0
8895,1774584689.0993166,90.39054500284563,10.67075199989631,11.063104000186286,15774,0.0
8896,1774584689.110387,90.38322487133607,10.665759999938018,11.064000000260421,15774,0.0
8897,1774584689.1214697,90.29912850524578,10.683840000183409,11.07430399997611,15774,0.0
8898,1774584689.132533,90.45595591162751,10.670079999727022,11.055103999751736,15774,0.0
8899,1774584689.1436303,90.1717158016709,10.693440000068222,11.089952000020276,15774,0.0
8900,1774584689.1547666,89.86289079673472,10.669920000054844,11.128063999876758,15774,0.0
8901,1774584689.1659102,89.80839916994998,10.727072000008775,11.134815999866987,15774,0.0
8902,1774584689.177015,90.12568567501565,10.672032000002218,11.095616000147857,15774,0.0
8903,1774584689.1881392,89.96792823343999,10.70227199988949,11.115071999938664,15774,0.0
8904,1774584689.1992202,90.3106106994602,10.672448000150325,11.072896000314358,15774,0.0
8905,1774584689.2103271,90.2336835838113,10.677632000351878,11.082336000072246,15774,0.0
8906,1774584689.221425,90.17978241379905,10.681952000140882,11.088960000051884,15774,0.0
8907,1774584689.2325158,90.23290194814844,10.677567999664461,11.082431999966502,15774,0.0
8908,1774584689.2436495,89.88072468283274,10.708927999985463,11.125856000035128,15774,0.0
8909,1774584689.254757,90.09892140899238,10.687808000056975,11.098911999852135,15774,0.0
8910,1774584689.2658904,89.89235929488542,10.729376000199409,11.124415999802295,15814,0.0
8911,1774584689.2770143,89.96223025911397,10.688319999644591,11.11577599976954,15814,0.0
8912,1774584689.288098,90.30043315063944,10.666912000033335,11.074144000303932,15814,0.0
8913,1774584689.2991703,90.38845341571162,10.678688000098191,11.063360000207467,15814,0.0
8914,1774584689.3103302,89.6700143468948,10.747423999873718,11.152000000038242,15814,0.0
8915,1774584689.321463,89.89882426659308,10.711103999710758,11.123616000077163,15814,0.0
8916,1774584689.3326192,89.7227924617303,10.695007999856898,11.145439999836526,15814,0.0
8917,1774584689.3437595,89.85152215672099,10.706591999678494,11.129471999993257,15814,0.0
8918,1774584689.354874,90.04128933560044,10.697344000163866,11.106015999757801,15814,0.0
8919,1774584689.366025,89.74108619930509,10.738976000084222,11.143167999762227,15814,0.0
8920,1774584689.3770936,90.40675808765799,10.652288000073895,11.061119999794755,15814,0.0
8921,1774584689.3881853,90.22222093752536,10.68992000000435,11.083744000188744,15814,0.0
8922,1774584689.3992383,90.66959130420122,10.657216000254266,11.029056000097626,15814,0.0
8923,1774584689.4102712,90.70827927266264,10.6489279996822,11.024351999822102,15814,0.0
8924,1774584689.4213328,90.46224033601561,10.671616000308859,11.05433600014294,15814,0.0
8925,1774584689.4324522,89.99668812383347,10.697023999910016,11.111519999758457,15814,0.0
8926,1774584689.4435642,90.0563392435098,10.69484800018472,11.104160000286356,15814,0.0
8927,1774584689.454654,90.23238086276127,10.697184000036941,11.082496000199171,15814,0.0
8928,1774584689.4658008,89.773827410221,10.748575999969034,11.139103999994404,15814,0.0
8929,1774584689.4768493,90.57419693264862,10.651904000042123,11.040672000035556,15814,0.0
8930,1774584689.4879043,90.51674197621118,10.667839999769058,11.047680000046967,15814,0.0
8931,1774584689.499007,90.13114442055154,10.69097600020541,11.094943999978568,15814,0.0
8932,1774584689.5101268,89.98787683630125,10.70969599959426,11.112607999621105,15814,0.0
8933,1774584689.5211864,90.4782171893382,10.669727999811585,11.052383999867743,15814,0.0
8934,1774584689.532235,90.56763445856572,10.647392000009859,11.041472000215435,15814,0.0
8935,1774584689.5433466,90.04466215190511,10.678143999939493,11.105600000064442,15814,0.0
8936,1774584689.554412,90.43056524439294,10.679647999950248,11.058207999667502,15814,0.0
8937,1774584689.5655255,90.02805994382815,10.711775999880047,11.107648000233894,15814,0.0
8938,1774584689.5766323,90.08645416850489,10.68931200006773,11.100447999979224,15814,0.0
8939,1774584689.5877182,90.27304345990817,10.683968000194,11.077503999786131,15814,0.0
8940,1774584689.5987928,90.35186631085543,10.676607999812404,11.06783999966865,15814,0.0
8941,1774584689.6099737,89.49743965725828,10.772671999802697,11.173503999998502,15814,0.0
8942,1774584689.6210632,90.2373313984321,10.679135999907885,11.081888000262552,15814,0.0
8943,1774584689.6322587,89.37969064734585,10.760415999811812,11.188223999852198,15814,0.0
8944,1774584689.6433733,90.04336488666382,10.682463999728498,11.10575999973662,15814,0.0
8945,1774584689.6544876,90.04362433450953,10.702847999709775,11.105728000075032,15814,0.0
8946,1774584689.6655874,90.16000877240474,10.688607999782107,11.091391999798361,15814,0.0
8947,1774584689.6766784,90.22821241482798,10.684575999675872,11.083007999786787,15814,0.0
8948,1774584689.68776,90.30617405606687,10.664383999937854,11.073439999563561,15814,0.0
8949,1774584689.6988447,90.27878087570774,10.676511999918148,11.076799999955256,15814,0.0
8950,1774584689.7100053,89.65766551389413,10.74412800016944,11.153536000165332,15814,0.0
8951,1774584689.7211266,89.99150479979123,10.686271999929886,11.112160000266158,15814,0.0
8952,1774584689.7322004,90.37329230889101,10.665056000107143,11.065215999678912,15814,0.0
8953,1774584689.743317,90.01768667600935,10.670239999853948,11.108927999885054,15814,0.0
8954,1774584689.754439,89.98243542661947,10.693759999867325,11.11328000024514,15814,0.0
8955,1774584689.7658334,87.83246344312464,10.703968000143504,11.385311999674741,15814,0.0
8956,1774584689.7770116,89.53410747953065,10.751648000223213,11.168928000188316,15814,0.0
8957,1774584689.7881017,90.23941599741075,10.672672000055172,11.08163200024137,15814,0.0
8958,1774584689.799174,90.3779969355331,10.664415999599441,11.064639999858628,15814,0.0
8959,1774584689.8102777,90.11892814718388,10.693759999867325,11.096447999989323,15814,0.0
8960,1774584689.821351,90.36884949742945,10.670048000065435,11.06575999983761,15814,0.0
8961,1774584689.8324234,90.3735536615057,10.677728000246134,11.065184000017325,15814,0.0
8962,1774584689.8434956,90.37486045839641,10.63155200017718,11.065024000345147,15814,0.0
8963,1774584689.8545623,90.42507017118896,10.653855999862571,11.05887999983679,15814,0.0
8964,1774584689.8656576,90.19591997228412,10.695487999782927,11.086975999660353,15814,0.0
8965,1774584689.8767254,90.41146619933957,10.665119999885064,11.06054399997447,15814,0.0
8966,1774584689.8877666,90.6369822092847,10.64879999967161,11.033023999971192,15814,0.0
8967,1774584689.89883,90.43920170466389,10.671871999875293,11.057151999921189,15814,0.0
8968,1774584689.9099512,89.96818725042688,10.715360000176588,11.11503999982233,15814,0.0
8969,1774584689.9210413,90.23498633877497,10.681727999781288,11.082176000400068,15814,0.0
8970,1774584689.9321444,90.12334641821565,10.6848320001518,11.095903999830625,15814,0.0
8971,1774584689.9432697,89.9518721513325,10.67081600012898,11.117055999875447,15814,0.0
8972,1774584689.9543579,90.2532288996201,10.665023999990808,11.079935999987356,15814,0.0
8973,1774584689.9654245,90.42821013071143,10.666720000244823,11.058495999805018,15814,0.0
8974,1774584689.976497,90.3743377358479,10.668255999917164,11.065088000123069,15814,0.0
8975,1774584689.9875941,90.17405757014511,10.681728000236035,11.089664000337507,15814,0.0
8976,1774584689.998661,90.41669800804596,10.65840000001117,11.059904000376264,15814,0.0
8977,1774584690.0098047,89.80246331532089,10.725759999786533,11.135552000268945,15814,0.0
8978,1774584690.0208547,90.55871102289042,10.649600000306236,11.042560000078083,15814,0.0
8979,1774584690.0319095,90.51700416290227,10.662015999969299,11.047647999930632,15814,0.0
8980,1774584690.0429692,90.47140669523768,10.66153600004327,11.05321599970921,15814,0.0
8981,1774584690.0540922,89.96326620109649,10.724480000135372,11.115647999758949,15814,0.0
8982,1774584690.0651402,90.57787233490298,10.647615999914706,11.040223999771115,15814,0.0
8983,1774584690.0762074,90.41879090627582,10.66153600004327,11.059647999900335,15814,0.0
8984,1774584690.08726,90.5398201350121,10.639040000114619,11.044864000268717,15814,0.0
8985,1774584690.0983784,90.00005759950957,10.692223999740236,11.111104000065097,15814,0.0
8986,1774584690.1105924,81.9300356836256,11.763040000005276,12.205535999783024,15814,0.0
8987,1774584690.1227968,81.99000902500644,11.784159999933763,12.1966080000675,15814,0.0
8988,1774584690.1349528,82.32198036405829,11.744575999728113,12.147423999977036,15814,0.0
8989,1774584690.147119,82.24333499763085,11.756416000025638,12.159040000369714,15814,0.0
8990,1774584690.1593094,82.08994431187682,11.751647999972192,12.181759999748465,15814,0.0
8991,1774584690.170406,90.18420665031162,10.683199999675708,11.088416000347934,15814,0.0
8992,1774584690.1815486,89.81252892104895,10.718879999785713,11.134303999824624,15814,0.0
8993,1774584690.1926537,90.11788861717415,10.681759999897622,11.096575999999914,15814,0.0
8994,1774584690.2037723,90.00498267480015,10.701151999910508,11.110496000128478,15814,0.0
8995,1774584690.214915,89.81304516480743,10.704832000101305,11.134240000046702,15814,0.0
8996,1774584690.2261353,89.2046654783748,10.75855999988562,11.210175999622152,15814,0.0
8997,1774584690.2372758,89.83705714177103,10.703167999963625,11.13126399968678,15814,0.0
8998,1774584690.24838,90.12750518585403,10.69065599995156,11.095391999788262,15814,0.0
8999,1774584690.2595356,89.71223186760841,10.700000000269938,11.146752000058768,15814,0.0
